2026-08-01 10:16:55,118 - INFO - ============================================================
2026-08-01 10:16:55,118 - INFO - Maker-only Guardian V7.0 启动
2026-08-01 10:16:55,118 - INFO - 地址: 0x304bf40e9e50c265f6dd86417707d5b41d8ea619 | 档: 2 | 量: 30 | 冷却: 120s | 心跳: 7.0s
2026-08-01 10:16:55,118 - INFO - 筛选器: keyword=temp top1=100 top2=500 top3=1200 existing=3000 rewards>=10
2026-08-01 10:16:55,118 - INFO - 实例: wss | midpoint=[0.15, 0.85]
2026-08-01 10:16:55,118 - INFO - ============================================================
2026-08-01 10:16:55,118 - INFO - [WssBot] 市场WS初始化完成 url=wss://ws-subscriptions-clob.polymarket.com/ws/market ping=10s reconnect=5s
2026-08-01 10:16:55,118 - INFO - [WssBot] 启动市场WS...
2026-08-01 10:16:55,122 - INFO - [MarketWS] 启动，URL=wss://ws-subscriptions-clob.polymarket.com/ws/market
2026-08-01 10:16:55,122 - INFO - [HEARTBEAT] 已启动 interval=7.0s
2026-08-01 10:16:55,796 - INFO - [MarketWS] 已连接（暂无市场，等待动态订阅）
2026-08-01 10:17:06,043 - ERROR - [MarketWS] 错误: Connection to remote host was lost.
2026-08-01 10:17:06,043 - ERROR - Connection to remote host was lost. - goodbye
2026-08-01 10:17:06,044 - WARNING - [MarketWS] 连接断开 code=None msg=None
2026-08-01 10:17:06,044 - WARNING - [WssBot] 市场WS断线，立即取消全部挂单
2026-08-01 10:17:06,048 - INFO - [MarketWS] 5.0s 后重连...
2026-08-01 10:17:06,307 - INFO - [CANCEL ALL] 0 已取消 | 市场WS断线
2026-08-01 10:17:11,753 - INFO - [MarketWS] 已连接（暂无市场，等待动态订阅）
2026-08-01 10:17:11,753 - INFO - [WssBot] 市场WS重连成功，将在下一个tick同步订阅
2026-08-01 10:17:22,006 - ERROR - [MarketWS] 错误: Connection to remote host was lost.
2026-08-01 10:17:22,007 - ERROR - Connection to remote host was lost. - goodbye
2026-08-01 10:17:22,007 - WARNING - [MarketWS] 连接断开 code=None msg=None
2026-08-01 10:17:22,007 - WARNING - [WssBot] 市场WS断线，立即取消全部挂单
2026-08-01 10:17:22,008 - INFO - [MarketWS] 5.0s 后重连...
2026-08-01 10:17:22,264 - INFO - [CANCEL ALL] 0 已取消 | 市场WS断线
2026-08-01 10:17:27,637 - INFO - [MarketWS] 已连接（暂无市场，等待动态订阅）
2026-08-01 10:17:27,637 - INFO - [WssBot] 市场WS重连成功，将在下一个tick同步订阅
2026-08-01 10:17:33,346 - INFO - [SCREENER] 90 markets in 7.6s | yes:38 no:29 | next in 30s
2026-08-01 10:17:52,027 - ERROR - [py_clob_client_v2] request error: Server disconnected
2026-08-01 10:17:52,028 - ERROR - [py_clob_client_v2] request error: Server disconnected
2026-08-01 10:17:52,028 - ERROR - [PLACE FAIL] 4006286855099857... price=0.32 attempt=1/2 | PolyApiException[status_code=None, error_message=Request exception!]
2026-08-01 10:17:52,029 - ERROR - [PLACE FAIL] 6667594363719954... price=0.38 attempt=1/2 | PolyApiException[status_code=None, error_message=Request exception!]
2026-08-01 10:17:55,919 - ERROR - [py_clob_client_v2] request error: Server disconnected
2026-08-01 10:17:55,919 - ERROR - [py_clob_client_v2] request error: Server disconnected
2026-08-01 10:17:55,919 - ERROR - [PLACE FAIL] 6667594363719954... price=0.38 attempt=2/2 | PolyApiException[status_code=None, error_message=Request exception!]
2026-08-01 10:17:55,920 - ERROR - [py_clob_client_v2] request error: Server disconnected
2026-08-01 10:17:55,920 - ERROR - [PLACE FAIL] 1517966020520749... price=0.30 attempt=1/2 | PolyApiException[status_code=None, error_message=Request exception!]
2026-08-01 10:17:55,920 - ERROR - [py_clob_client_v2] request error: Server disconnected
2026-08-01 10:17:55,921 - ERROR - [PLACE FAIL] 8893513413399712... price=0.52 attempt=1/2 | PolyApiException[status_code=None, error_message=Request exception!]
2026-08-01 10:17:55,922 - ERROR - [PLACE FAIL] 5818864341577174... price=0.25 attempt=1/2 | PolyApiException[status_code=None, error_message=Request exception!]
2026-08-01 10:17:56,609 - INFO - [PLACE RECOVERY] 6667594363719954... price=0.38 响应丢失但订单已挂 id=0xc85750e67b7d451787
2026-08-01 10:18:11,853 - INFO - [SCREENER] 89 markets in 7.5s | yes:39 no:25 | next in 30s
2026-08-01 10:18:13,705 - ERROR - [py_clob_client_v2] request error: Server disconnected
2026-08-01 10:18:13,706 - ERROR - [py_clob_client_v2] request error: Server disconnected
2026-08-01 10:18:13,706 - ERROR - [PLACE FAIL] 7459288652660563... price=0.64 attempt=1/2 | PolyApiException[status_code=None, error_message=Request exception!]
2026-08-01 10:18:13,706 - ERROR - [PLACE FAIL] 4947794685101802... price=0.24 attempt=1/2 | PolyApiException[status_code=None, error_message=Request exception!]
2026-08-01 10:18:29,836 - ERROR - [py_clob_client_v2] request error: Server disconnected
2026-08-01 10:18:29,837 - ERROR - [py_clob_client_v2] request error: Server disconnected
2026-08-01 10:18:29,837 - ERROR - 获取订单簿失败: 35754880256192940395... | PolyApiException[status_code=None, error_message=Request exception!]
2026-08-01 10:18:29,837 - ERROR - [PLACE FAIL] 1704221507215468... price=0.18 attempt=1/2 | PolyApiException[status_code=None, error_message=Request exception!]
2026-08-01 10:18:30,836 - WARNING - [RETRY] 3575488025619294 bids不足2档，10s后重试
2026-08-01 10:18:51,126 - INFO - [SCREENER] 90 markets in 8.3s | yes:40 no:24 | next in 30s
2026-08-01 10:19:22,092 - INFO - [SCREENER] 88 markets in 7.2s | yes:40 no:26 | next in 30s
2026-08-01 10:20:00,540 - INFO - [SCREENER] 87 markets in 7.3s | yes:40 no:26 | next in 30s
2026-08-01 10:20:40,026 - INFO - [SCREENER] 89 markets in 8.5s | yes:41 no:25 | next in 30s
2026-08-01 10:21:18,251 - INFO - [SCREENER] 88 markets in 7.2s | yes:41 no:25 | next in 30s
2026-08-01 10:21:49,694 - INFO - [SCREENER] 88 markets in 7.9s | yes:41 no:24 | next in 30s
2026-08-01 10:22:28,476 - INFO - [SCREENER] 89 markets in 7.8s | yes:40 no:22 | next in 30s
2026-08-01 10:23:07,488 - INFO - [SCREENER] 93 markets in 8.0s | yes:40 no:25 | next in 30s
2026-08-01 10:23:37,576 - INFO - [SCREENER] 92 markets in 7.4s | yes:43 no:26 | next in 30s
2026-08-01 10:24:16,831 - INFO - [SCREENER] 91 markets in 8.3s | yes:44 no:28 | next in 30s
2026-08-01 10:24:55,585 - INFO - [SCREENER] 92 markets in 7.4s | yes:48 no:27 | next in 30s
2026-08-01 10:25:33,880 - INFO - [SCREENER] 91 markets in 7.5s | yes:49 no:28 | next in 30s
2026-08-01 10:26:06,132 - INFO - [SCREENER] 93 markets in 8.5s | yes:49 no:27 | next in 30s
2026-08-01 10:26:44,988 - INFO - [SCREENER] 93 markets in 7.9s | yes:50 no:28 | next in 30s
2026-08-01 10:27:24,081 - INFO - [SCREENER] 95 markets in 7.7s | yes:51 no:31 | next in 30s
2026-08-01 10:27:55,391 - INFO - [SCREENER] 95 markets in 7.4s | yes:48 no:30 | next in 30s
2026-08-01 10:28:34,485 - INFO - [SCREENER] 91 markets in 8.0s | yes:49 no:28 | next in 30s
2026-08-01 10:29:12,995 - INFO - [SCREENER] 94 markets in 7.5s | yes:49 no:28 | next in 30s
2026-08-01 10:29:52,649 - INFO - [SCREENER] 90 markets in 8.4s | yes:44 no:28 | next in 30s
2026-08-01 10:30:24,345 - INFO - [SCREENER] 88 markets in 8.0s | yes:44 no:28 | next in 30s
2026-08-01 10:31:02,834 - INFO - [SCREENER] 88 markets in 7.7s | yes:44 no:26 | next in 30s
2026-08-01 10:31:41,511 - INFO - [SCREENER] 89 markets in 7.7s | yes:46 no:25 | next in 30s
2026-08-01 10:32:19,371 - INFO - [SCREENER] 89 markets in 14.4s | yes:46 no:25 | next in 30s
2026-08-01 10:32:48,601 - INFO - [SCREENER] 88 markets in 8.2s | yes:46 no:21 | next in 30s
2026-08-01 10:32:48,882 - ERROR - [py_clob_client_v2] request error: Server disconnected
2026-08-01 10:32:48,883 - ERROR - [py_clob_client_v2] request error: Server disconnected
2026-08-01 10:32:48,883 - ERROR - [py_clob_client_v2] request error: Server disconnected
2026-08-01 10:32:48,883 - ERROR - [CANCEL FAIL] 0x4d4e65aa9e5d60e360... | PolyApiException[status_code=None, error_message=Request exception!]
2026-08-01 10:32:48,883 - ERROR - [py_clob_client_v2] request error: Server disconnected
2026-08-01 10:32:48,883 - ERROR - 查询订单失败: PolyApiException[status_code=None, error_message=Request exception!]
2026-08-01 10:32:48,883 - ERROR - [CANCEL FAIL] 0x9da32e434249688df0... | PolyApiException[status_code=None, error_message=Request exception!]
2026-08-01 10:32:48,884 - ERROR - [DISCOVER] 订单查询失败，跳过本周期
2026-08-01 10:32:48,885 - ERROR - [CANCEL FAIL] 0x4d4e65aa9e5d60e360 订单仍存活在交易所！保持 RESTING
2026-08-01 10:32:48,885 - ERROR - [CANCEL FAIL] 0x9da32e434249688df0 订单仍存活在交易所！保持 RESTING
2026-08-01 10:32:49,416 - ERROR - [HEARTBEAT] 失败 (连续 1 次): 401 Client Error: Unauthorized for url: https://clob.polymarket.com/v1/heartbeats
2026-08-01 10:32:50,667 - ERROR - [py_clob_client_v2] request error status=400 url=https://clob.polymarket.com/v1/heartbeats body={"heartbeat_id":"dc6386d6-deb0-4b49-84a0-583aee2a90bf","error_msg":"Invalid Heartbeat ID"}
2026-08-01 10:32:50,667 - INFO - [HEARTBEAT] 从 SDK 错误恢复 heartbeat_id: dc6386d6-deb0-4b (旧: 3953832e-53f6-46)
2026-08-01 10:32:50,917 - INFO - [HEARTBEAT] OK (recovered) id=bf7c7757-e810-48
2026-08-01 10:33:27,199 - INFO - [SCREENER] 87 markets in 7.6s | yes:46 no:20 | next in 30s
2026-08-01 10:33:27,861 - INFO - [DISCOVER] 跳过已移除市场 88935134133997127063 (order=0x73618119ef96417d67)，等待 audit() 清理
2026-08-01 10:34:06,423 - INFO - [SCREENER] 88 markets in 7.7s | yes:42 no:22 | next in 30s
2026-08-01 10:34:06,891 - INFO - [DISCOVER] 跳过已移除市场 88935134133997127063 (order=0x73618119ef96417d67)，等待 audit() 清理
2026-08-01 10:34:07,837 - WARNING - [AUDIT] 7409333872056805 订单丢失纠偏
2026-08-01 10:34:07,837 - WARNING - [AUDIT] 1110943058988662 订单丢失纠偏
2026-08-01 10:34:37,719 - INFO - [SCREENER] 88 markets in 7.7s | yes:40 no:22 | next in 30s
2026-08-01 10:34:38,010 - INFO - [DISCOVER] 跳过已移除市场 88935134133997127063 (order=0x73618119ef96417d67)，等待 audit() 清理
2026-08-01 10:35:16,019 - INFO - [SCREENER] 90 markets in 7.3s | yes:41 no:23 | next in 30s
2026-08-01 10:35:16,280 - INFO - [DISCOVER] 跳过已移除市场 88935134133997127063 (order=0x73618119ef96417d67)，等待 audit() 清理
2026-08-01 10:35:54,330 - INFO - [SCREENER] 90 markets in 7.5s | yes:42 no:20 | next in 30s
2026-08-01 10:35:54,938 - INFO - [DISCOVER] 跳过已移除市场 88935134133997127063 (order=0x73618119ef96417d67)，等待 audit() 清理
2026-08-01 10:36:24,587 - INFO - [SCREENER] 91 markets in 7.3s | yes:42 no:20 | next in 30s
2026-08-01 10:36:25,150 - INFO - [DISCOVER] 跳过已移除市场 88935134133997127063 (order=0x73618119ef96417d67)，等待 audit() 清理
2026-08-01 10:36:39,467 - INFO - 收到停止信号，优雅退出...
2026-08-01 10:36:39,644 - INFO - 开始优雅关闭...
2026-08-01 10:36:40,260 - INFO - [CANCEL ALL] 61 已取消 | 系统关闭
2026-08-01 10:36:40,261 - WARNING - [USER WS] close code=None reason=None
2026-08-01 10:36:45,655 - INFO - [HEARTBEAT] 已停止
2026-08-01 10:36:45,656 - INFO - ============================================================
系统已停止
============================================================
2026-08-01 10:36:45,657 - INFO - [WssBot] 停止市场WS...
2026-08-01 10:36:45,677 - WARNING - [MarketWS] 连接断开 code=None msg=None
2026-08-01 10:36:45,926 - INFO - [MarketWS] 已停止
2026-08-01 10:46:00,469 - INFO - ============================================================
2026-08-01 10:46:00,469 - INFO - Maker-only Guardian V7.0 启动
2026-08-01 10:46:00,469 - INFO - 地址: 0x304bf40e9e50c265f6dd86417707d5b41d8ea619 | 档: 2 | 量: 30 | 冷却: 120s | 心跳: 7.0s
2026-08-01 10:46:00,469 - INFO - 筛选器: keyword=temp top1=100 top2=500 top3=1200 existing=3000 rewards>=10
2026-08-01 10:46:00,471 - INFO - 实例: wss | midpoint=[0.15, 0.85]
2026-08-01 10:46:00,471 - INFO - ============================================================
2026-08-01 10:46:00,471 - INFO - [WssBot] 市场WS初始化完成 url=wss://ws-subscriptions-clob.polymarket.com/ws/market ping=10s reconnect=5s
2026-08-01 10:46:00,471 - INFO - [WssBot] 启动市场WS...
2026-08-01 10:46:00,471 - INFO - [MarketWS] 启动，URL=wss://ws-subscriptions-clob.polymarket.com/ws/market
2026-08-01 10:46:00,472 - INFO - [HEARTBEAT] 已启动 interval=7.0s
2026-08-01 10:46:01,260 - INFO - [MarketWS] 已连接（暂无市场，等待动态订阅）
2026-08-01 10:46:10,004 - INFO - [SCREENER] 97 markets in 8.9s | yes:47 no:28 | next in 30s
2026-08-01 10:46:23,557 - ERROR - [py_clob_client_v2] request error: Server disconnected
2026-08-01 10:46:23,557 - ERROR - [py_clob_client_v2] request error: Server disconnected
2026-08-01 10:46:23,557 - ERROR - [py_clob_client_v2] request error: Server disconnected
2026-08-01 10:46:23,557 - ERROR - [PLACE FAIL] 1114281857168452... price=0.20 attempt=1/2 | PolyApiException[status_code=None, error_message=Request exception!]
2026-08-01 10:46:23,558 - ERROR - [PLACE FAIL] 6956789409017011... price=0.39 attempt=1/2 | PolyApiException[status_code=None, error_message=Request exception!]
2026-08-01 10:46:23,558 - ERROR - [PLACE FAIL] 3830969088927744... price=0.17 attempt=1/2 | PolyApiException[status_code=None, error_message=Request exception!]
2026-08-01 10:46:28,207 - ERROR - [py_clob_client_v2] request error: Server disconnected
2026-08-01 10:46:28,207 - ERROR - [py_clob_client_v2] request error: Server disconnected
2026-08-01 10:46:28,208 - ERROR - [PLACE FAIL] 6392490082663187... price=0.53 attempt=1/2 | PolyApiException[status_code=None, error_message=Request exception!]
2026-08-01 10:46:28,208 - ERROR - [PLACE FAIL] 1140680956372675... price=0.33 attempt=1/2 | PolyApiException[status_code=None, error_message=Request exception!]
2026-08-01 10:46:29,329 - ERROR - [py_clob_client_v2] request error: Server disconnected
2026-08-01 10:46:29,329 - ERROR - [py_clob_client_v2] request error: Server disconnected
2026-08-01 10:46:29,329 - ERROR - [PLACE FAIL] 6392490082663187... price=0.53 attempt=2/2 | PolyApiException[status_code=None, error_message=Request exception!]
2026-08-01 10:46:29,329 - ERROR - [PLACE FAIL] 7257016095697239... price=0.34 attempt=1/2 | PolyApiException[status_code=None, error_message=Request exception!]
2026-08-01 10:46:30,077 - INFO - [PLACE RECOVERY] 6392490082663187... price=0.53 响应丢失但订单已挂 id=0xedb8a08708226ef05a
2026-08-01 10:46:35,012 - ERROR - [py_clob_client_v2] request error: Server disconnected
2026-08-01 10:46:35,012 - ERROR - [py_clob_client_v2] request error: Server disconnected
2026-08-01 10:46:35,013 - ERROR - [PLACE FAIL] 5178805241630498... price=0.27 attempt=1/2 | PolyApiException[status_code=None, error_message=Request exception!]
2026-08-01 10:46:35,014 - ERROR - [PLACE FAIL] 1043733025524486... price=0.47 attempt=1/2 | PolyApiException[status_code=None, error_message=Request exception!]
2026-08-01 10:46:49,367 - INFO - [SCREENER] 102 markets in 8.6s | yes:48 no:28 | next in 30s
2026-08-01 10:47:27,954 - INFO - [SCREENER] 101 markets in 7.6s | yes:43 no:28 | next in 30s
2026-08-01 10:48:06,880 - INFO - [SCREENER] 99 markets in 7.5s | yes:42 no:26 | next in 30s
2026-08-01 10:48:18,885 - WARNING - [AUDIT] 6956789409017011 检测到 2 份重复买单，撤销 1 份 (keep=0x213722760d0d741d00)
2026-08-01 10:48:20,490 - INFO - [LIMIT SELL] Will the highest temperature in Karachi  | 30.0000 shares @ 0.23
2026-08-01 10:48:20,492 - INFO - [POSITION] 限价卖出 1 个持仓
2026-08-01 10:48:20,494 - INFO - [AUDIT] 重复买单撤销完成: 1 成功 / 1 请求
2026-08-01 10:48:38,450 - INFO - [SCREENER] 101 markets in 7.9s | yes:41 no:22 | next in 30s
2026-08-01 10:49:17,209 - INFO - [SCREENER] 98 markets in 7.5s | yes:38 no:22 | next in 30s
2026-08-01 10:49:56,509 - INFO - [SCREENER] 101 markets in 8.3s | yes:41 no:23 | next in 30s
2026-08-01 10:50:20,173 - WARNING - [POSITION] 4050068850869704 best_bid=0.22 < 成本0.2500-0.02=0.2300，取消卖单等待
2026-08-01 10:50:38,272 - INFO - [SCREENER] 101 markets in 8.1s | yes:41 no:24 | next in 30s
2026-08-01 10:51:17,394 - INFO - [SCREENER] 99 markets in 8.1s | yes:40 no:24 | next in 30s
2026-08-01 10:51:55,613 - INFO - [SCREENER] 101 markets in 7.2s | yes:46 no:23 | next in 30s
2026-08-01 10:52:34,576 - INFO - [SCREENER] 102 markets in 7.9s | yes:48 no:26 | next in 30s
2026-08-01 10:53:07,063 - INFO - [SCREENER] 99 markets in 9.2s | yes:46 no:24 | next in 30s
2026-08-01 10:53:36,535 - INFO - [SCREENER] 97 markets in 8.2s | yes:46 no:22 | next in 30s
2026-08-01 10:54:15,764 - INFO - [SCREENER] 98 markets in 7.9s | yes:44 no:23 | next in 30s
2026-08-01 10:54:57,225 - INFO - [SCREENER] 98 markets in 7.7s | yes:44 no:24 | next in 30s
2026-08-01 10:55:36,837 - INFO - [SCREENER] 96 markets in 8.3s | yes:42 no:21 | next in 30s
2026-08-01 10:56:16,135 - INFO - [SCREENER] 96 markets in 8.1s | yes:42 no:20 | next in 30s
2026-08-01 10:56:58,769 - INFO - [SCREENER] 97 markets in 9.3s | yes:43 no:19 | next in 30s
2026-08-01 10:57:27,351 - INFO - [SCREENER] 96 markets in 7.7s | yes:40 no:20 | next in 30s
2026-08-01 10:57:57,213 - INFO - [SCREENER] 97 markets in 7.6s | yes:42 no:18 | next in 30s
2026-08-01 10:58:36,739 - INFO - [SCREENER] 94 markets in 8.3s | yes:45 no:19 | next in 30s
2026-08-01 10:59:06,823 - INFO - [SCREENER] 97 markets in 7.3s | yes:46 no:22 | next in 30s
2026-08-01 10:59:46,298 - INFO - [SCREENER] 96 markets in 8.5s | yes:46 no:19 | next in 30s
2026-08-01 11:00:25,181 - INFO - [SCREENER] 95 markets in 7.8s | yes:43 no:17 | next in 30s
2026-08-01 11:01:04,562 - INFO - [SCREENER] 94 markets in 8.4s | yes:44 no:16 | next in 30s
2026-08-01 11:01:36,044 - INFO - [SCREENER] 94 markets in 8.2s | yes:42 no:18 | next in 30s
2026-08-01 11:02:14,805 - INFO - [SCREENER] 94 markets in 7.5s | yes:42 no:17 | next in 30s
2026-08-01 11:02:54,037 - INFO - [SCREENER] 93 markets in 8.2s | yes:41 no:18 | next in 30s
2026-08-01 11:03:25,529 - INFO - [SCREENER] 92 markets in 7.6s | yes:38 no:17 | next in 30s
2026-08-01 11:04:04,515 - INFO - [SCREENER] 93 markets in 7.9s | yes:39 no:18 | next in 30s
2026-08-01 11:04:44,887 - INFO - [SCREENER] 94 markets in 9.2s | yes:41 no:18 | next in 30s
2026-08-01 11:05:14,744 - INFO - [SCREENER] 96 markets in 8.9s | yes:44 no:21 | next in 30s
2026-08-01 11:05:46,572 - INFO - [SCREENER] 97 markets in 8.5s | yes:42 no:21 | next in 30s
2026-08-01 11:06:25,765 - INFO - [SCREENER] 96 markets in 8.1s | yes:43 no:21 | next in 30s
2026-08-01 11:07:05,205 - INFO - [SCREENER] 96 markets in 8.2s | yes:41 no:17 | next in 30s
2026-08-01 11:07:18,411 - INFO - [LIMIT SELL] Will the highest temperature in Karachi  | 16.0000 shares @ 0.23
2026-08-01 11:07:18,412 - INFO - [POSITION] 限价卖出 1 个持仓
2026-08-01 11:07:36,354 - INFO - [SCREENER] 96 markets in 7.9s | yes:40 no:17 | next in 30s
2026-08-01 11:08:15,453 - INFO - [SCREENER] 99 markets in 8.2s | yes:41 no:17 | next in 30s
2026-08-01 11:08:54,548 - INFO - [SCREENER] 101 markets in 8.0s | yes:45 no:20 | next in 30s
2026-08-01 11:09:17,986 - WARNING - [POSITION] 4050068850869704 best_bid=0.21 < 成本0.2500-0.02=0.2300，取消卖单等待
2026-08-01 11:09:35,841 - INFO - [SCREENER] 107 markets in 7.8s | yes:44 no:23 | next in 30s
2026-08-01 11:10:14,657 - INFO - [SCREENER] 105 markets in 7.4s | yes:45 no:22 | next in 30s
2026-08-01 11:10:54,084 - INFO - [SCREENER] 104 markets in 8.3s | yes:43 no:21 | next in 30s
2026-08-01 11:11:33,506 - INFO - [SCREENER] 101 markets in 8.4s | yes:45 no:18 | next in 30s
2026-08-01 11:12:04,662 - INFO - [SCREENER] 101 markets in 7.8s | yes:45 no:18 | next in 30s
2026-08-01 11:12:43,867 - INFO - [SCREENER] 103 markets in 8.0s | yes:45 no:22 | next in 30s
2026-08-01 11:13:23,427 - INFO - [SCREENER] 103 markets in 8.7s | yes:47 no:22 | next in 30s
2026-08-01 11:13:54,610 - INFO - [SCREENER] 100 markets in 7.7s | yes:43 no:20 | next in 30s
2026-08-01 11:14:33,877 - INFO - [SCREENER] 101 markets in 8.1s | yes:44 no:21 | next in 30s
2026-08-01 11:15:13,691 - INFO - [SCREENER] 104 markets in 8.6s | yes:42 no:21 | next in 30s
2026-08-01 11:15:54,993 - INFO - [SCREENER] 105 markets in 7.9s | yes:40 no:22 | next in 30s
2026-08-01 11:16:34,474 - INFO - [SCREENER] 106 markets in 8.2s | yes:39 no:24 | next in 30s
2026-08-01 11:17:14,280 - INFO - [SCREENER] 108 markets in 8.8s | yes:40 no:24 | next in 30s
2026-08-01 11:17:56,844 - INFO - [SCREENER] 108 markets in 9.3s | yes:45 no:23 | next in 30s
2026-08-01 11:18:25,641 - INFO - [SCREENER] 106 markets in 7.8s | yes:44 no:23 | next in 30s
2026-08-01 11:19:03,903 - INFO - [SCREENER] 105 markets in 7.4s | yes:46 no:25 | next in 30s
2026-08-01 11:19:42,966 - INFO - [SCREENER] 105 markets in 8.1s | yes:46 no:25 | next in 30s
2026-08-01 11:20:14,636 - INFO - [SCREENER] 105 markets in 7.9s | yes:41 no:22 | next in 30s
2026-08-01 11:20:53,895 - INFO - [SCREENER] 106 markets in 8.1s | yes:41 no:21 | next in 30s
2026-08-01 11:21:32,248 - INFO - [SCREENER] 109 markets in 7.4s | yes:43 no:20 | next in 30s
2026-08-01 11:22:12,190 - INFO - [SCREENER] 110 markets in 8.9s | yes:41 no:20 | next in 30s
2026-08-01 11:22:44,771 - INFO - [SCREENER] 111 markets in 9.0s | yes:40 no:23 | next in 30s
2026-08-01 11:23:23,829 - INFO - [SCREENER] 110 markets in 8.1s | yes:46 no:23 | next in 30s
2026-08-01 11:24:02,363 - INFO - [SCREENER] 110 markets in 7.5s | yes:48 no:19 | next in 30s
2026-08-01 11:24:33,788 - INFO - [SCREENER] 110 markets in 7.8s | yes:49 no:18 | next in 30s
2026-08-01 11:25:12,915 - INFO - [SCREENER] 110 markets in 8.2s | yes:47 no:20 | next in 30s
2026-08-01 11:25:52,935 - INFO - [SCREENER] 110 markets in 8.8s | yes:46 no:20 | next in 30s
2026-08-01 11:26:34,343 - INFO - [SCREENER] 111 markets in 7.8s | yes:46 no:22 | next in 30s
2026-08-01 11:27:13,138 - INFO - [SCREENER] 110 markets in 7.7s | yes:47 no:20 | next in 30s
2026-08-01 11:27:52,480 - INFO - [SCREENER] 109 markets in 8.3s | yes:44 no:21 | next in 30s
2026-08-01 11:28:31,454 - INFO - [SCREENER] 107 markets in 7.7s | yes:43 no:23 | next in 30s
2026-08-01 11:29:02,524 - INFO - [SCREENER] 109 markets in 7.8s | yes:44 no:24 | next in 30s
2026-08-01 11:29:40,947 - INFO - [SCREENER] 108 markets in 7.4s | yes:45 no:23 | next in 30s
2026-08-01 11:30:20,200 - INFO - [SCREENER] 105 markets in 8.3s | yes:48 no:21 | next in 30s
2026-08-01 11:30:52,516 - INFO - [SCREENER] 103 markets in 8.7s | yes:50 no:23 | next in 30s
2026-08-01 11:31:31,152 - INFO - [SCREENER] 102 markets in 7.6s | yes:46 no:23 | next in 30s
2026-08-01 11:32:10,143 - INFO - [SCREENER] 102 markets in 7.6s | yes:46 no:23 | next in 30s
2026-08-01 11:32:49,335 - INFO - [SCREENER] 103 markets in 7.9s | yes:41 no:19 | next in 30s
2026-08-01 11:33:21,540 - INFO - [SCREENER] 104 markets in 8.5s | yes:41 no:19 | next in 30s
2026-08-01 11:34:00,842 - INFO - [SCREENER] 104 markets in 8.4s | yes:39 no:23 | next in 30s
2026-08-01 11:34:39,255 - INFO - [SCREENER] 104 markets in 7.6s | yes:37 no:25 | next in 30s
2026-08-01 11:35:11,148 - INFO - [SCREENER] 107 markets in 8.0s | yes:37 no:23 | next in 30s
2026-08-01 11:35:49,987 - INFO - [SCREENER] 108 markets in 8.0s | yes:39 no:21 | next in 30s
2026-08-01 11:36:29,144 - INFO - [SCREENER] 108 markets in 8.0s | yes:39 no:18 | next in 30s
2026-08-01 11:37:08,029 - INFO - [SCREENER] 108 markets in 7.7s | yes:46 no:17 | next in 30s
2026-08-01 11:37:39,041 - INFO - [SCREENER] 106 markets in 7.6s | yes:46 no:19 | next in 30s
2026-08-01 11:38:17,491 - INFO - [SCREENER] 111 markets in 7.6s | yes:45 no:21 | next in 30s
2026-08-01 11:38:56,196 - INFO - [SCREENER] 112 markets in 7.5s | yes:46 no:21 | next in 30s
2026-08-01 11:39:27,742 - INFO - [SCREENER] 110 markets in 8.4s | yes:31 no:18 | next in 30s
2026-08-01 11:40:06,391 - INFO - [SCREENER] 112 markets in 7.2s | yes:31 no:18 | next in 30s
2026-08-01 11:40:45,739 - INFO - [SCREENER] 113 markets in 8.2s | yes:32 no:21 | next in 30s
2026-08-01 11:41:26,303 - INFO - [SCREENER] 116 markets in 9.6s | yes:34 no:20 | next in 30s
2026-08-01 11:41:58,921 - INFO - [SCREENER] 114 markets in 8.8s | yes:34 no:21 | next in 30s
2026-08-01 11:42:38,098 - INFO - [SCREENER] 114 markets in 8.2s | yes:33 no:21 | next in 30s
2026-08-01 11:43:24,084 - INFO - [SCREENER] 114 markets in 14.8s | yes:41 no:21 | next in 30s
2026-08-01 11:43:55,021 - INFO - [SCREENER] 114 markets in 7.9s | yes:44 no:21 | next in 30s
2026-08-01 11:44:34,815 - INFO - [SCREENER] 116 markets in 8.6s | yes:43 no:21 | next in 30s
2026-08-01 11:45:14,002 - INFO - [SCREENER] 114 markets in 8.2s | yes:44 no:22 | next in 30s
2026-08-01 11:45:54,664 - INFO - [SCREENER] 118 markets in 7.4s | yes:45 no:23 | next in 30s
2026-08-01 11:46:34,622 - INFO - [SCREENER] 119 markets in 8.9s | yes:42 no:22 | next in 30s
2026-08-01 11:47:13,559 - INFO - [SCREENER] 118 markets in 7.9s | yes:41 no:21 | next in 30s
2026-08-01 11:47:38,330 - ERROR - [BATCH CANCEL FAIL] 0xc817b7c5be48c4c812... | order can't be found - already canceled or matched
2026-08-01 11:47:38,895 - ERROR - [BATCH CANCEL] 3209624476173662 取消结果不明，回退 RESTING 等 audit 确认 | oid=0xc817b7c5be48c4c812
2026-08-01 11:47:53,015 - INFO - [SCREENER] 120 markets in 8.1s | yes:42 no:21 | next in 30s
2026-08-01 11:47:56,423 - INFO - [LIMIT SELL] Will the highest temperature in Paris be | 30.0000 shares @ 0.2
2026-08-01 11:47:56,425 - INFO - [POSITION] 限价卖出 1 个持仓
2026-08-01 11:48:24,051 - INFO - [SCREENER] 118 markets in 7.6s | yes:43 no:21 | next in 30s
2026-08-01 11:49:03,867 - INFO - [SCREENER] 115 markets in 8.8s | yes:43 no:21 | next in 30s
2026-08-01 11:49:33,415 - INFO - [SCREENER] 114 markets in 8.4s | yes:45 no:22 | next in 30s
2026-08-01 11:50:14,877 - INFO - [SCREENER] 111 markets in 8.2s | yes:48 no:20 | next in 30s
2026-08-01 11:50:54,034 - INFO - [SCREENER] 111 markets in 8.1s | yes:46 no:21 | next in 30s
2026-08-01 11:51:33,511 - INFO - [SCREENER] 109 markets in 8.0s | yes:47 no:21 | next in 30s
2026-08-01 11:52:15,967 - INFO - [SCREENER] 110 markets in 8.9s | yes:45 no:20 | next in 30s
2026-08-01 11:52:44,906 - INFO - [SCREENER] 111 markets in 7.6s | yes:41 no:23 | next in 30s
2026-08-01 11:53:23,940 - INFO - [SCREENER] 113 markets in 7.7s | yes:44 no:21 | next in 30s
2026-08-01 11:54:02,884 - INFO - [SCREENER] 111 markets in 7.7s | yes:43 no:21 | next in 30s
2026-08-01 11:54:34,132 - INFO - [SCREENER] 110 markets in 7.7s | yes:47 no:21 | next in 30s
2026-08-01 11:55:13,221 - INFO - [SCREENER] 111 markets in 8.2s | yes:46 no:20 | next in 30s
2026-08-01 11:55:52,986 - INFO - [SCREENER] 111 markets in 8.5s | yes:45 no:19 | next in 30s
2026-08-01 11:55:54,055 - ERROR - [BATCH CANCEL FAIL] 0x72fdfbef1e8aff6580... | order can't be found - already canceled or matched
2026-08-01 11:55:54,260 - ERROR - [BATCH CANCEL] 6656020664091746 取消结果不明，回退 RESTING 等 audit 确认 | oid=0x72fdfbef1e8aff6580
2026-08-01 11:56:04,298 - WARNING - [AUDIT] 6656020664091746 订单丢失纠偏
2026-08-01 11:56:05,898 - INFO - [LIMIT SELL] Will the highest temperature in Los Ange | 30.0000 shares @ 0.63
2026-08-01 11:56:05,898 - INFO - [POSITION] 限价卖出 1 个持仓
2026-08-01 11:56:24,051 - INFO - [SCREENER] 114 markets in 8.1s | yes:45 no:16 | next in 30s
2026-08-01 11:57:02,609 - INFO - [SCREENER] 109 markets in 7.3s | yes:48 no:16 | next in 30s
2026-08-01 11:57:40,948 - INFO - [SCREENER] 108 markets in 7.1s | yes:46 no:19 | next in 30s
2026-08-01 11:58:19,943 - INFO - [SCREENER] 98 markets in 7.9s | yes:44 no:20 | next in 30s
2026-08-01 11:58:51,078 - INFO - [SCREENER] 97 markets in 7.6s | yes:44 no:19 | next in 30s
2026-08-01 11:59:29,856 - INFO - [SCREENER] 99 markets in 7.9s | yes:42 no:15 | next in 30s
2026-08-01 12:00:08,379 - INFO - [SCREENER] 99 markets in 7.5s | yes:38 no:14 | next in 30s
2026-08-01 12:00:39,426 - INFO - [SCREENER] 97 markets in 7.5s | yes:35 no:11 | next in 30s
2026-08-01 12:01:20,873 - INFO - [SCREENER] 97 markets in 9.4s | yes:38 no:10 | next in 30s
2026-08-01 12:01:50,068 - INFO - [SCREENER] 94 markets in 8.2s | yes:35 no:10 | next in 30s
2026-08-01 12:02:29,384 - INFO - [SCREENER] 95 markets in 7.7s | yes:37 no:10 | next in 30s
2026-08-01 12:02:32,371 - INFO - [LIMIT SELL] Will the highest temperature in Buenos A | 30.0000 shares @ 0.23
2026-08-01 12:02:32,372 - INFO - [POSITION] 限价卖出 1 个持仓
2026-08-01 12:03:01,068 - INFO - [SCREENER] 93 markets in 7.9s | yes:36 no:14 | next in 30s
2026-08-01 12:03:39,701 - INFO - [SCREENER] 90 markets in 7.4s | yes:42 no:18 | next in 30s
2026-08-01 12:04:19,485 - INFO - [SCREENER] 93 markets in 8.7s | yes:41 no:19 | next in 30s
2026-08-01 12:04:32,498 - WARNING - [POSITION] 1889814977798764 best_bid=0.21 < 成本0.2400-0.02=0.2200，取消卖单等待
2026-08-01 12:04:50,589 - INFO - [SCREENER] 94 markets in 8.1s | yes:42 no:19 | next in 30s
2026-08-01 12:05:30,118 - INFO - [SCREENER] 95 markets in 8.0s | yes:45 no:23 | next in 30s
2026-08-01 12:06:09,611 - INFO - [SCREENER] 96 markets in 8.5s | yes:42 no:21 | next in 30s
2026-08-01 12:06:50,834 - INFO - [SCREENER] 99 markets in 7.7s | yes:43 no:25 | next in 30s
2026-08-01 12:07:03,108 - ERROR - [py_clob_client_v2] request error: Server disconnected
2026-08-01 12:07:03,108 - ERROR - [py_clob_client_v2] request error: Server disconnected
2026-08-01 12:07:03,108 - ERROR - 获取订单簿失败: 63452533128046195439... | PolyApiException[status_code=None, error_message=Request exception!]
2026-08-01 12:07:03,108 - ERROR - 获取订单簿失败: 35754880256192940395... | PolyApiException[status_code=None, error_message=Request exception!]
2026-08-01 12:07:04,104 - WARNING - [RETRY] 6345253312804619 bids不足2档，10s后重试
2026-08-01 12:07:04,105 - WARNING - [RETRY] 3575488025619294 bids不足2档，10s后重试
2026-08-01 12:07:30,425 - INFO - [SCREENER] 101 markets in 8.3s | yes:39 no:26 | next in 30s
2026-08-01 12:08:09,162 - INFO - [SCREENER] 101 markets in 7.5s | yes:38 no:25 | next in 30s
2026-08-01 12:08:48,755 - INFO - [SCREENER] 109 markets in 8.3s | yes:42 no:28 | next in 30s
2026-08-01 12:09:19,676 - INFO - [SCREENER] 110 markets in 7.6s | yes:43 no:29 | next in 30s
2026-08-01 12:09:58,726 - INFO - [SCREENER] 112 markets in 8.2s | yes:44 no:27 | next in 30s
2026-08-01 12:10:37,318 - INFO - [SCREENER] 110 markets in 7.7s | yes:44 no:29 | next in 30s
2026-08-01 12:11:09,157 - INFO - [SCREENER] 111 markets in 7.8s | yes:46 no:32 | next in 30s
2026-08-01 12:11:48,414 - INFO - [SCREENER] 113 markets in 8.1s | yes:43 no:31 | next in 30s
2026-08-01 12:12:35,199 - INFO - [SCREENER] 112 markets in 15.6s | yes:44 no:34 | next in 30s
2026-08-01 12:13:04,625 - INFO - [SCREENER] 112 markets in 8.0s | yes:39 no:26 | next in 30s
2026-08-01 12:13:08,088 - INFO - [LIMIT SELL] Will the highest temperature in Buenos A | 8.4800 shares @ 0.22
2026-08-01 12:13:08,089 - INFO - [POSITION] 限价卖出 1 个持仓
2026-08-01 12:13:37,263 - INFO - [SCREENER] 116 markets in 8.5s | yes:44 no:28 | next in 30s
2026-08-01 12:14:16,550 - INFO - [SCREENER] 114 markets in 8.0s | yes:44 no:28 | next in 30s
2026-08-01 12:14:55,449 - INFO - [SCREENER] 116 markets in 7.9s | yes:46 no:31 | next in 30s
2026-08-01 12:15:26,224 - INFO - [SCREENER] 116 markets in 7.6s | yes:48 no:33 | next in 30s
2026-08-01 12:16:05,903 - INFO - [SCREENER] 118 markets in 8.4s | yes:46 no:32 | next in 30s
2026-08-01 12:16:45,347 - INFO - [SCREENER] 119 markets in 8.5s | yes:46 no:33 | next in 30s
2026-08-01 12:17:28,068 - INFO - [SCREENER] 115 markets in 8.8s | yes:50 no:30 | next in 30s
2026-08-01 12:18:07,341 - INFO - [SCREENER] 114 markets in 8.1s | yes:49 no:28 | next in 30s
2026-08-01 12:18:46,107 - INFO - [SCREENER] 114 markets in 7.5s | yes:49 no:28 | next in 30s
2026-08-01 12:19:28,452 - INFO - [SCREENER] 111 markets in 8.3s | yes:46 no:28 | next in 30s
2026-08-01 12:20:07,645 - INFO - [SCREENER] 112 markets in 7.6s | yes:46 no:30 | next in 30s
2026-08-01 12:20:47,654 - INFO - [SCREENER] 112 markets in 9.0s | yes:45 no:32 | next in 30s
2026-08-01 12:21:17,198 - INFO - [SCREENER] 113 markets in 8.0s | yes:44 no:33 | next in 30s
2026-08-01 12:21:49,404 - INFO - [SCREENER] 115 markets in 8.8s | yes:45 no:33 | next in 30s
2026-08-01 12:22:18,348 - INFO - [SCREENER] 113 markets in 7.6s | yes:44 no:33 | next in 30s
2026-08-01 12:22:59,180 - INFO - [SCREENER] 114 markets in 9.4s | yes:45 no:34 | next in 30s
2026-08-01 12:23:30,643 - INFO - [SCREENER] 114 markets in 7.9s | yes:50 no:36 | next in 30s
2026-08-01 12:24:08,941 - INFO - [SCREENER] 113 markets in 7.2s | yes:49 no:34 | next in 30s
2026-08-01 12:24:47,777 - INFO - [SCREENER] 113 markets in 7.7s | yes:47 no:29 | next in 30s
2026-08-01 12:25:26,911 - INFO - [SCREENER] 112 markets in 7.9s | yes:47 no:26 | next in 30s
2026-08-01 12:25:30,575 - INFO - [LIMIT SELL] Will the highest temperature in Beijing  | 5.0000 shares @ 0.3
2026-08-01 12:25:30,575 - INFO - [POSITION] 限价卖出 1 个持仓
2026-08-01 12:25:59,383 - INFO - [SCREENER] 113 markets in 8.1s | yes:48 no:29 | next in 30s
2026-08-01 12:26:38,298 - INFO - [SCREENER] 111 markets in 7.9s | yes:45 no:27 | next in 30s
2026-08-01 12:27:24,503 - INFO - [SCREENER] 112 markets in 14.8s | yes:46 no:30 | next in 30s
2026-08-01 12:27:55,715 - INFO - [SCREENER] 111 markets in 8.0s | yes:44 no:29 | next in 30s
2026-08-01 12:28:35,563 - INFO - [SCREENER] 108 markets in 8.3s | yes:43 no:30 | next in 30s
2026-08-01 12:29:14,613 - INFO - [SCREENER] 108 markets in 7.5s | yes:43 no:30 | next in 30s
2026-08-01 12:29:56,520 - INFO - [SCREENER] 108 markets in 7.8s | yes:44 no:29 | next in 30s
2026-08-01 12:30:36,187 - INFO - [SCREENER] 108 markets in 8.1s | yes:46 no:25 | next in 30s
2026-08-01 12:31:15,895 - INFO - [SCREENER] 107 markets in 8.3s | yes:47 no:25 | next in 30s
2026-08-01 12:31:57,209 - INFO - [SCREENER] 104 markets in 7.7s | yes:47 no:26 | next in 30s
2026-08-01 12:32:36,323 - INFO - [SCREENER] 105 markets in 7.9s | yes:41 no:26 | next in 30s
2026-08-01 12:33:14,861 - INFO - [SCREENER] 106 markets in 7.4s | yes:41 no:25 | next in 30s
2026-08-01 12:33:54,179 - INFO - [SCREENER] 108 markets in 8.3s | yes:41 no:23 | next in 30s
2026-08-01 12:34:25,242 - INFO - [SCREENER] 107 markets in 7.6s | yes:41 no:23 | next in 30s
2026-08-01 12:35:04,400 - INFO - [SCREENER] 108 markets in 8.1s | yes:44 no:25 | next in 30s
2026-08-01 12:35:43,573 - INFO - [SCREENER] 109 markets in 8.3s | yes:44 no:25 | next in 30s
2026-08-01 12:36:15,518 - INFO - [SCREENER] 109 markets in 8.3s | yes:45 no:27 | next in 30s
2026-08-01 12:36:54,238 - INFO - [SCREENER] 110 markets in 7.5s | yes:50 no:27 | next in 30s
2026-08-01 12:37:34,020 - INFO - [SCREENER] 109 markets in 8.9s | yes:54 no:25 | next in 30s
2026-08-01 12:38:03,938 - INFO - [SCREENER] 109 markets in 8.7s | yes:52 no:25 | next in 30s
2026-08-01 12:38:35,728 - INFO - [SCREENER] 116 markets in 8.2s | yes:53 no:25 | next in 30s
2026-08-01 12:39:14,843 - INFO - [SCREENER] 118 markets in 7.7s | yes:51 no:25 | next in 30s
2026-08-01 12:39:54,059 - INFO - [SCREENER] 119 markets in 8.1s | yes:46 no:24 | next in 30s
2026-08-01 12:40:24,914 - INFO - [SCREENER] 119 markets in 7.8s | yes:49 no:24 | next in 30s
2026-08-01 12:41:04,620 - INFO - [SCREENER] 119 markets in 8.5s | yes:49 no:25 | next in 30s
2026-08-01 12:41:43,883 - INFO - [SCREENER] 121 markets in 8.0s | yes:49 no:27 | next in 30s
2026-08-01 12:42:26,108 - INFO - [SCREENER] 121 markets in 8.4s | yes:51 no:27 | next in 30s
2026-08-01 12:43:04,546 - INFO - [SCREENER] 120 markets in 7.4s | yes:55 no:28 | next in 30s
2026-08-01 12:43:43,840 - INFO - [SCREENER] 117 markets in 8.0s | yes:63 no:31 | next in 30s
2026-08-01 12:44:26,002 - INFO - [SCREENER] 118 markets in 8.4s | yes:63 no:28 | next in 30s
2026-08-01 12:45:05,215 - INFO - [SCREENER] 121 markets in 8.2s | yes:64 no:28 | next in 30s
2026-08-01 12:45:43,982 - INFO - [SCREENER] 117 markets in 7.6s | yes:60 no:28 | next in 30s
2026-08-01 12:46:23,092 - INFO - [SCREENER] 122 markets in 8.2s | yes:62 no:29 | next in 30s
2026-08-01 12:46:54,339 - INFO - [SCREENER] 122 markets in 7.9s | yes:58 no:31 | next in 30s
2026-08-01 12:47:32,897 - INFO - [SCREENER] 125 markets in 7.5s | yes:59 no:26 | next in 30s
2026-08-01 12:48:12,208 - INFO - [SCREENER] 127 markets in 7.5s | yes:60 no:31 | next in 30s
2026-08-01 12:48:43,640 - INFO - [SCREENER] 125 markets in 7.8s | yes:61 no:28 | next in 30s
2026-08-01 12:49:22,797 - INFO - [SCREENER] 128 markets in 7.8s | yes:60 no:27 | next in 30s
2026-08-01 12:50:02,257 - INFO - [SCREENER] 125 markets in 8.1s | yes:59 no:27 | next in 30s
2026-08-01 12:50:41,489 - INFO - [SCREENER] 125 markets in 8.4s | yes:61 no:25 | next in 30s
2026-08-01 12:51:13,121 - INFO - [SCREENER] 124 markets in 8.1s | yes:63 no:24 | next in 30s
2026-08-01 12:51:52,329 - INFO - [SCREENER] 127 markets in 7.9s | yes:65 no:26 | next in 30s
2026-08-01 12:52:31,572 - INFO - [SCREENER] 127 markets in 7.9s | yes:64 no:28 | next in 30s
2026-08-01 12:53:03,750 - INFO - [SCREENER] 127 markets in 8.5s | yes:62 no:27 | next in 30s
2026-08-01 12:53:43,512 - INFO - [SCREENER] 125 markets in 8.3s | yes:63 no:25 | next in 30s
2026-08-01 12:53:43,791 - ERROR - [py_clob_client_v2] request error: Server disconnected
2026-08-01 12:53:43,792 - ERROR - [py_clob_client_v2] request error: Server disconnected
2026-08-01 12:53:43,793 - ERROR - 查询订单失败: PolyApiException[status_code=None, error_message=Request exception!]
2026-08-01 12:53:43,794 - ERROR - [py_clob_client_v2] request error: Server disconnected
2026-08-01 12:53:43,794 - ERROR - [DISCOVER] 订单查询失败，跳过本周期
2026-08-01 12:53:43,795 - ERROR - [CANCEL FAIL] 0x49de09ebe77f919d47... | PolyApiException[status_code=None, error_message=Request exception!]
2026-08-01 12:53:43,795 - ERROR - [py_clob_client_v2] request error: Server disconnected
2026-08-01 12:53:43,796 - ERROR - [CANCEL FAIL] 0x1f593a299008f7017b... | PolyApiException[status_code=None, error_message=Request exception!]
2026-08-01 12:53:44,286 - ERROR - [HEARTBEAT] 失败 (连续 1 次): 401 Client Error: Unauthorized for url: https://clob.polymarket.com/v1/heartbeats
2026-08-01 12:53:44,567 - ERROR - [CANCEL FAIL] 0x49de09ebe77f919d47 订单仍存活在交易所！保持 RESTING
2026-08-01 12:53:44,567 - ERROR - [CANCEL FAIL] 0x1f593a299008f7017b 订单仍存活在交易所！保持 RESTING
2026-08-01 12:53:45,552 - ERROR - [py_clob_client_v2] request error status=400 url=https://clob.polymarket.com/v1/heartbeats body={"heartbeat_id":"875c636b-45e3-4305-ae60-34647a2f3858","error_msg":"Invalid Heartbeat ID"}
2026-08-01 12:53:45,552 - INFO - [HEARTBEAT] 从 SDK 错误恢复 heartbeat_id: 875c636b-45e3-43 (旧: ac9ec234-5a9e-45)
2026-08-01 12:53:45,807 - INFO - [HEARTBEAT] OK (recovered) id=4ef61388-a59f-4f
2026-08-01 12:54:22,194 - INFO - [SCREENER] 127 markets in 7.6s | yes:64 no:26 | next in 30s
2026-08-01 12:54:45,203 - WARNING - [AUDIT] 1893550080456983 订单丢失纠偏
2026-08-01 12:54:45,203 - WARNING - [AUDIT] 2279513684148975 订单丢失纠偏
2026-08-01 12:55:05,063 - INFO - [SCREENER] 126 markets in 8.5s | yes:64 no:25 | next in 30s
2026-08-01 12:55:44,683 - INFO - [SCREENER] 123 markets in 8.3s | yes:64 no:27 | next in 30s
2026-08-01 12:56:23,808 - INFO - [SCREENER] 122 markets in 8.0s | yes:60 no:26 | next in 30s
2026-08-01 12:57:05,610 - INFO - [SCREENER] 121 markets in 7.7s | yes:61 no:26 | next in 30s
2026-08-01 12:57:44,539 - INFO - [SCREENER] 121 markets in 7.7s | yes:61 no:26 | next in 30s
2026-08-01 12:58:23,655 - INFO - [SCREENER] 120 markets in 8.1s | yes:61 no:24 | next in 30s
2026-08-01 12:59:03,233 - INFO - [SCREENER] 117 markets in 8.5s | yes:63 no:24 | next in 30s
2026-08-01 12:59:35,510 - INFO - [SCREENER] 116 markets in 8.7s | yes:57 no:22 | next in 30s
2026-08-01 13:00:14,283 - INFO - [SCREENER] 112 markets in 7.7s | yes:54 no:22 | next in 30s
2026-08-01 13:00:53,671 - INFO - [SCREENER] 114 markets in 8.1s | yes:53 no:22 | next in 30s
2026-08-01 13:01:25,332 - INFO - [SCREENER] 111 markets in 8.2s | yes:54 no:20 | next in 30s
2026-08-01 13:02:04,322 - INFO - [SCREENER] 112 markets in 7.5s | yes:53 no:19 | next in 30s
2026-08-01 13:02:44,001 - INFO - [SCREENER] 114 markets in 8.6s | yes:55 no:19 | next in 30s
2026-08-01 13:03:27,509 - INFO - [SCREENER] 112 markets in 9.4s | yes:55 no:18 | next in 30s
2026-08-01 13:03:56,829 - INFO - [SCREENER] 113 markets in 7.9s | yes:58 no:20 | next in 30s
2026-08-01 13:04:37,027 - INFO - [SCREENER] 114 markets in 8.9s | yes:56 no:21 | next in 30s
2026-08-01 13:05:07,976 - INFO - [SCREENER] 116 markets in 9.8s | yes:57 no:21 | next in 30s
2026-08-01 13:05:41,429 - INFO - [SCREENER] 118 markets in 9.5s | yes:61 no:23 | next in 30s
2026-08-01 13:06:11,481 - INFO - [SCREENER] 120 markets in 8.7s | yes:58 no:23 | next in 30s
2026-08-01 13:06:51,937 - INFO - [SCREENER] 115 markets in 9.3s | yes:60 no:22 | next in 30s
2026-08-01 13:07:21,722 - INFO - [SCREENER] 119 markets in 8.6s | yes:60 no:23 | next in 30s
2026-08-01 13:07:52,765 - INFO - [SCREENER] 121 markets in 7.9s | yes:61 no:21 | next in 30s
2026-08-01 13:08:32,872 - INFO - [SCREENER] 126 markets in 8.9s | yes:60 no:21 | next in 30s
2026-08-01 13:09:12,682 - INFO - [SCREENER] 125 markets in 8.8s | yes:61 no:24 | next in 30s
2026-08-01 13:09:42,685 - INFO - [SCREENER] 123 markets in 8.8s | yes:61 no:24 | next in 30s
2026-08-01 13:10:15,966 - INFO - [SCREENER] 125 markets in 9.4s | yes:65 no:25 | next in 30s
2026-08-01 13:10:45,828 - INFO - [SCREENER] 129 markets in 8.6s | yes:66 no:27 | next in 30s
2026-08-01 13:11:15,644 - INFO - [SCREENER] 129 markets in 8.1s | yes:65 no:29 | next in 30s
2026-08-01 13:11:57,460 - INFO - [SCREENER] 130 markets in 7.7s | yes:68 no:28 | next in 30s
2026-08-01 13:12:36,595 - INFO - [SCREENER] 125 markets in 7.9s | yes:68 no:26 | next in 30s
2026-08-01 13:13:16,813 - INFO - [SCREENER] 126 markets in 9.1s | yes:61 no:25 | next in 30s
2026-08-01 13:13:46,149 - INFO - [SCREENER] 126 markets in 8.3s | yes:61 no:26 | next in 30s
2026-08-01 13:14:17,881 - INFO - [SCREENER] 127 markets in 8.3s | yes:61 no:27 | next in 30s
2026-08-01 13:14:56,591 - INFO - [SCREENER] 125 markets in 7.4s | yes:59 no:26 | next in 30s
2026-08-01 13:15:35,858 - INFO - [SCREENER] 127 markets in 7.7s | yes:59 no:24 | next in 30s
2026-08-01 13:16:06,923 - INFO - [SCREENER] 127 markets in 8.1s | yes:57 no:25 | next in 30s
2026-08-01 13:16:46,253 - INFO - [SCREENER] 126 markets in 8.1s | yes:60 no:27 | next in 30s
2026-08-01 13:17:24,999 - INFO - [SCREENER] 125 markets in 7.4s | yes:64 no:26 | next in 30s
2026-08-01 13:18:04,002 - INFO - [SCREENER] 121 markets in 7.8s | yes:64 no:23 | next in 30s
2026-08-01 13:18:36,105 - INFO - [SCREENER] 118 markets in 8.1s | yes:62 no:21 | next in 30s
2026-08-01 13:19:16,177 - INFO - [SCREENER] 118 markets in 9.0s | yes:62 no:21 | next in 30s
2026-08-01 13:19:45,188 - INFO - [SCREENER] 116 markets in 7.9s | yes:55 no:21 | next in 30s
2026-08-01 13:20:27,399 - INFO - [SCREENER] 117 markets in 8.2s | yes:53 no:23 | next in 30s
2026-08-01 13:21:06,514 - INFO - [SCREENER] 117 markets in 8.1s | yes:54 no:21 | next in 30s
2026-08-01 13:21:46,299 - INFO - [SCREENER] 117 markets in 8.5s | yes:52 no:21 | next in 30s
2026-08-01 13:22:28,106 - INFO - [SCREENER] 119 markets in 8.5s | yes:51 no:21 | next in 30s
2026-08-01 13:23:08,126 - INFO - [SCREENER] 121 markets in 8.5s | yes:51 no:20 | next in 30s
2026-08-01 13:23:47,465 - INFO - [SCREENER] 118 markets in 8.1s | yes:56 no:21 | next in 30s
2026-08-01 13:24:30,381 - INFO - [SCREENER] 119 markets in 9.6s | yes:54 no:23 | next in 30s
2026-08-01 13:25:00,276 - INFO - [SCREENER] 119 markets in 8.6s | yes:54 no:26 | next in 30s
2026-08-01 13:25:39,505 - INFO - [SCREENER] 123 markets in 8.2s | yes:57 no:26 | next in 30s
2026-08-01 13:26:19,770 - INFO - [SCREENER] 120 markets in 8.8s | yes:54 no:24 | next in 30s
2026-08-01 13:26:52,354 - INFO - [SCREENER] 120 markets in 9.0s | yes:54 no:25 | next in 30s
2026-08-01 13:27:21,280 - INFO - [SCREENER] 122 markets in 7.8s | yes:56 no:24 | next in 30s
2026-08-01 13:28:01,102 - INFO - [SCREENER] 122 markets in 9.0s | yes:56 no:26 | next in 30s
2026-08-01 13:28:32,983 - INFO - [SCREENER] 121 markets in 8.0s | yes:57 no:27 | next in 30s
2026-08-01 13:29:11,762 - INFO - [SCREENER] 130 markets in 7.6s | yes:59 no:28 | next in 30s
2026-08-01 13:29:51,812 - INFO - [SCREENER] 126 markets in 9.0s | yes:60 no:25 | next in 30s
2026-08-01 13:30:21,119 - INFO - [SCREENER] 123 markets in 7.7s | yes:63 no:24 | next in 30s
2026-08-01 13:30:53,159 - INFO - [SCREENER] 124 markets in 7.9s | yes:61 no:22 | next in 30s
2026-08-01 13:31:31,643 - INFO - [SCREENER] 126 markets in 7.4s | yes:64 no:21 | next in 30s
2026-08-01 13:32:10,121 - INFO - [SCREENER] 126 markets in 7.5s | yes:61 no:21 | next in 30s
2026-08-01 13:32:41,402 - INFO - [SCREENER] 125 markets in 8.4s | yes:60 no:23 | next in 30s
2026-08-01 13:33:20,562 - INFO - [SCREENER] 127 markets in 7.7s | yes:61 no:22 | next in 30s
2026-08-01 13:34:00,165 - INFO - [SCREENER] 128 markets in 8.5s | yes:59 no:20 | next in 30s
2026-08-01 13:34:42,502 - INFO - [SCREENER] 132 markets in 8.1s | yes:59 no:21 | next in 30s
2026-08-01 13:35:22,506 - INFO - [SCREENER] 132 markets in 8.8s | yes:61 no:23 | next in 30s
2026-08-01 13:35:58,030 - INFO - [SCREENER] 131 markets in 14.2s | yes:60 no:23 | next in 30s
2026-08-01 13:36:26,658 - INFO - [SCREENER] 130 markets in 7.7s | yes:62 no:20 | next in 30s
2026-08-01 13:36:57,375 - INFO - [SCREENER] 131 markets in 7.7s | yes:60 no:21 | next in 30s
2026-08-01 13:37:36,691 - INFO - [SCREENER] 129 markets in 8.0s | yes:60 no:20 | next in 30s
2026-08-01 13:38:16,086 - INFO - [SCREENER] 132 markets in 8.2s | yes:60 no:21 | next in 30s
2026-08-01 13:38:57,774 - INFO - [SCREENER] 129 markets in 7.9s | yes:56 no:21 | next in 30s
2026-08-01 13:39:36,810 - INFO - [SCREENER] 133 markets in 7.8s | yes:57 no:22 | next in 30s
2026-08-01 13:40:16,348 - INFO - [SCREENER] 134 markets in 8.3s | yes:59 no:23 | next in 30s
2026-08-01 13:40:58,866 - INFO - [SCREENER] 134 markets in 8.6s | yes:57 no:25 | next in 30s
2026-08-01 13:41:38,210 - INFO - [SCREENER] 131 markets in 8.0s | yes:58 no:27 | next in 30s
2026-08-01 13:42:17,811 - INFO - [SCREENER] 132 markets in 8.2s | yes:63 no:28 | next in 30s
2026-08-01 13:42:59,739 - INFO - [SCREENER] 127 markets in 8.0s | yes:63 no:25 | next in 30s
2026-08-01 13:43:38,875 - INFO - [SCREENER] 126 markets in 8.0s | yes:63 no:23 | next in 30s
2026-08-01 13:44:18,591 - INFO - [SCREENER] 125 markets in 8.5s | yes:64 no:23 | next in 30s
2026-08-01 13:44:59,876 - INFO - [SCREENER] 122 markets in 7.7s | yes:60 no:23 | next in 30s
2026-08-01 13:45:40,111 - INFO - [SCREENER] 127 markets in 8.9s | yes:57 no:20 | next in 30s
2026-08-01 13:46:19,121 - INFO - [SCREENER] 130 markets in 8.0s | yes:55 no:20 | next in 30s
2026-08-01 13:47:00,718 - INFO - [SCREENER] 133 markets in 7.9s | yes:59 no:20 | next in 30s
2026-08-01 13:47:39,997 - INFO - [SCREENER] 132 markets in 8.3s | yes:59 no:17 | next in 30s
2026-08-01 13:48:22,047 - INFO - [SCREENER] 131 markets in 10.9s | yes:59 no:15 | next in 30s
2026-08-01 13:48:54,153 - INFO - [SCREENER] 123 markets in 10.6s | yes:59 no:15 | next in 30s
2026-08-01 13:49:26,670 - INFO - [SCREENER] 124 markets in 7.9s | yes:59 no:14 | next in 30s
2026-08-01 13:50:08,453 - INFO - [SCREENER] 129 markets in 10.4s | yes:62 no:16 | next in 30s
2026-08-01 13:50:37,384 - INFO - [SCREENER] 131 markets in 7.9s | yes:61 no:16 | next in 30s
2026-08-01 13:51:09,215 - INFO - [SCREENER] 128 markets in 8.0s | yes:57 no:14 | next in 30s
2026-08-01 13:51:48,625 - INFO - [SCREENER] 128 markets in 8.4s | yes:56 no:17 | next in 30s
2026-08-01 13:52:27,884 - INFO - [SCREENER] 137 markets in 8.1s | yes:64 no:22 | next in 30s
2026-08-01 13:53:12,107 - INFO - [SCREENER] 145 markets in 10.3s | yes:68 no:25 | next in 30s
2026-08-01 13:53:40,953 - INFO - [SCREENER] 138 markets in 7.8s | yes:61 no:24 | next in 30s
2026-08-01 13:54:20,410 - INFO - [SCREENER] 135 markets in 8.5s | yes:59 no:21 | next in 30s
2026-08-01 13:55:00,568 - INFO - [SCREENER] 136 markets in 8.9s | yes:60 no:22 | next in 30s
2026-08-01 13:55:31,842 - INFO - [SCREENER] 139 markets in 7.7s | yes:55 no:19 | next in 30s
2026-08-01 13:56:11,483 - INFO - [SCREENER] 138 markets in 8.2s | yes:57 no:21 | next in 30s
2026-08-01 13:56:50,914 - INFO - [SCREENER] 138 markets in 8.1s | yes:55 no:16 | next in 30s
2026-08-01 13:57:22,412 - INFO - [SCREENER] 140 markets in 7.9s | yes:57 no:17 | next in 30s
2026-08-01 13:58:02,009 - INFO - [SCREENER] 140 markets in 8.4s | yes:63 no:15 | next in 30s
2026-08-01 13:58:32,790 - INFO - [SCREENER] 133 markets in 9.2s | yes:56 no:15 | next in 30s
2026-08-01 13:59:02,820 - INFO - [SCREENER] 136 markets in 8.4s | yes:53 no:16 | next in 30s
2026-08-01 13:59:35,031 - INFO - [SCREENER] 130 markets in 8.5s | yes:56 no:17 | next in 30s
2026-08-01 14:00:13,874 - INFO - [SCREENER] 129 markets in 7.6s | yes:50 no:19 | next in 30s
2026-08-01 14:00:53,200 - INFO - [SCREENER] 131 markets in 7.8s | yes:48 no:18 | next in 30s
2026-08-01 14:01:34,754 - INFO - [SCREENER] 129 markets in 8.0s | yes:47 no:19 | next in 30s
2026-08-01 14:02:14,103 - INFO - [SCREENER] 129 markets in 8.1s | yes:48 no:22 | next in 30s
2026-08-01 14:02:53,791 - INFO - [SCREENER] 128 markets in 8.6s | yes:47 no:20 | next in 30s
2026-08-01 14:03:36,219 - INFO - [SCREENER] 129 markets in 8.9s | yes:52 no:22 | next in 30s
2026-08-01 14:04:15,631 - INFO - [SCREENER] 130 markets in 8.5s | yes:46 no:19 | next in 30s
2026-08-01 14:04:44,991 - INFO - [SCREENER] 127 markets in 7.7s | yes:42 no:16 | next in 30s
2026-08-01 14:05:24,303 - INFO - [SCREENER] 129 markets in 8.0s | yes:45 no:20 | next in 30s
2026-08-01 14:05:56,438 - INFO - [SCREENER] 132 markets in 8.5s | yes:49 no:21 | next in 30s
2026-08-01 14:06:35,807 - INFO - [SCREENER] 134 markets in 8.3s | yes:50 no:29 | next in 30s
2026-08-01 14:07:15,237 - INFO - [SCREENER] 135 markets in 8.2s | yes:52 no:30 | next in 30s
2026-08-01 14:07:45,829 - INFO - [SCREENER] 135 markets in 7.6s | yes:50 no:31 | next in 30s
2026-08-01 14:08:24,759 - INFO - [SCREENER] 135 markets in 7.8s | yes:52 no:31 | next in 30s
2026-08-01 14:09:05,355 - INFO - [SCREENER] 147 markets in 9.4s | yes:51 no:34 | next in 30s
2026-08-01 14:09:35,261 - INFO - [SCREENER] 147 markets in 8.3s | yes:55 no:31 | next in 30s
2026-08-01 14:10:09,786 - INFO - [SCREENER] 148 markets in 10.8s | yes:53 no:30 | next in 30s
2026-08-01 14:10:39,937 - INFO - [SCREENER] 148 markets in 8.7s | yes:55 no:31 | next in 30s
2026-08-01 14:11:10,134 - INFO - [SCREENER] 151 markets in 8.8s | yes:55 no:31 | next in 30s
2026-08-01 14:11:52,384 - INFO - [SCREENER] 148 markets in 8.1s | yes:55 no:31 | next in 30s
2026-08-01 14:12:31,972 - INFO - [SCREENER] 150 markets in 8.2s | yes:53 no:31 | next in 30s
2026-08-01 14:13:11,552 - INFO - [SCREENER] 146 markets in 8.1s | yes:51 no:30 | next in 30s
2026-08-01 14:13:54,731 - INFO - [SCREENER] 147 markets in 7.6s | yes:56 no:32 | next in 30s
2026-08-01 14:14:33,277 - INFO - [SCREENER] 148 markets in 7.5s | yes:55 no:26 | next in 30s
2026-08-01 14:15:13,228 - INFO - [SCREENER] 151 markets in 8.4s | yes:57 no:27 | next in 30s
2026-08-01 14:15:55,080 - INFO - [SCREENER] 146 markets in 7.9s | yes:56 no:26 | next in 30s
2026-08-01 14:16:01,599 - ERROR - [py_clob_client_v2] request error: Server disconnected
2026-08-01 14:16:01,600 - ERROR - [py_clob_client_v2] request error: Server disconnected
2026-08-01 14:16:01,601 - ERROR - 获取订单簿失败: 52675416478278082433... | PolyApiException[status_code=None, error_message=Request exception!]
2026-08-01 14:16:01,601 - ERROR - 获取订单簿失败: 66560206640917465200... | PolyApiException[status_code=None, error_message=Request exception!]
2026-08-01 14:16:02,597 - WARNING - [RETRY] 5267541647827808 bids不足2档，10s后重试
2026-08-01 14:16:02,597 - WARNING - [RETRY] 6656020664091746 bids不足2档，10s后重试
2026-08-01 14:16:34,555 - INFO - [SCREENER] 144 markets in 7.9s | yes:53 no:27 | next in 30s
2026-08-01 14:17:15,186 - INFO - [SCREENER] 145 markets in 9.2s | yes:54 no:25 | next in 30s
2026-08-01 14:17:44,521 - INFO - [SCREENER] 148 markets in 7.9s | yes:56 no:25 | next in 30s
2026-08-01 14:18:17,337 - INFO - [SCREENER] 144 markets in 8.9s | yes:56 no:27 | next in 30s
2026-08-01 14:18:47,624 - INFO - [SCREENER] 143 markets in 8.6s | yes:51 no:24 | next in 30s
2026-08-01 14:19:26,282 - INFO - [SCREENER] 140 markets in 7.6s | yes:51 no:21 | next in 30s
2026-08-01 14:20:05,651 - INFO - [SCREENER] 141 markets in 16.0s | yes:52 no:20 | next in 30s
2026-08-01 14:20:34,955 - INFO - [SCREENER] 139 markets in 8.1s | yes:51 no:22 | next in 30s
2026-08-01 14:21:13,723 - INFO - [SCREENER] 141 markets in 7.7s | yes:50 no:21 | next in 30s
2026-08-01 14:21:53,416 - INFO - [SCREENER] 138 markets in 8.3s | yes:47 no:19 | next in 30s
2026-08-01 14:22:24,901 - INFO - [SCREENER] 134 markets in 8.1s | yes:45 no:23 | next in 30s
2026-08-01 14:23:04,244 - INFO - [SCREENER] 139 markets in 8.3s | yes:44 no:20 | next in 30s
2026-08-01 14:23:43,438 - INFO - [SCREENER] 128 markets in 7.9s | yes:42 no:19 | next in 30s
2026-08-01 14:24:14,182 - INFO - [SCREENER] 121 markets in 7.8s | yes:41 no:18 | next in 30s
2026-08-01 14:24:53,393 - INFO - [SCREENER] 119 markets in 8.0s | yes:43 no:19 | next in 30s
2026-08-01 14:25:32,943 - INFO - [SCREENER] 118 markets in 8.2s | yes:44 no:14 | next in 30s
2026-08-01 14:26:14,824 - INFO - [SCREENER] 121 markets in 8.0s | yes:42 no:16 | next in 30s
2026-08-01 14:26:54,488 - INFO - [SCREENER] 125 markets in 8.3s | yes:43 no:16 | next in 30s
2026-08-01 14:27:34,034 - INFO - [SCREENER] 124 markets in 8.5s | yes:44 no:17 | next in 30s
2026-08-01 14:28:15,649 - INFO - [SCREENER] 124 markets in 8.2s | yes:44 no:14 | next in 30s
2026-08-01 14:28:54,877 - INFO - [SCREENER] 130 markets in 8.0s | yes:43 no:14 | next in 30s
2026-08-01 14:29:34,645 - INFO - [SCREENER] 128 markets in 8.8s | yes:47 no:15 | next in 30s
2026-08-01 14:30:04,127 - INFO - [SCREENER] 130 markets in 8.1s | yes:43 no:16 | next in 30s
2026-08-01 14:30:36,046 - INFO - [SCREENER] 124 markets in 8.2s | yes:39 no:16 | next in 30s
2026-08-01 14:31:15,456 - INFO - [SCREENER] 124 markets in 8.4s | yes:40 no:17 | next in 30s
2026-08-01 14:31:54,206 - INFO - [SCREENER] 122 markets in 7.7s | yes:44 no:16 | next in 30s
2026-08-01 14:32:25,612 - INFO - [SCREENER] 126 markets in 8.3s | yes:43 no:16 | next in 30s
2026-08-01 14:33:04,920 - INFO - [SCREENER] 131 markets in 8.3s | yes:44 no:17 | next in 30s
2026-08-01 14:33:43,573 - INFO - [SCREENER] 132 markets in 7.7s | yes:44 no:18 | next in 30s
2026-08-01 14:34:23,188 - INFO - [SCREENER] 136 markets in 8.5s | yes:45 no:20 | next in 30s
2026-08-01 14:34:54,511 - INFO - [SCREENER] 134 markets in 8.0s | yes:45 no:19 | next in 30s
2026-08-01 14:35:33,631 - INFO - [SCREENER] 135 markets in 8.1s | yes:47 no:19 | next in 30s
2026-08-01 14:36:13,795 - INFO - [SCREENER] 138 markets in 9.2s | yes:47 no:19 | next in 30s
2026-08-01 14:36:44,705 - INFO - [SCREENER] 136 markets in 7.2s | yes:44 no:19 | next in 30s
2026-08-01 14:37:23,909 - INFO - [SCREENER] 138 markets in 8.0s | yes:45 no:19 | next in 30s
2026-08-01 14:38:04,254 - INFO - [SCREENER] 140 markets in 9.3s | yes:47 no:19 | next in 30s
2026-08-01 14:38:33,564 - INFO - [SCREENER] 146 markets in 8.4s | yes:47 no:20 | next in 30s
2026-08-01 14:39:05,356 - INFO - [SCREENER] 145 markets in 8.4s | yes:46 no:19 | next in 30s
2026-08-01 14:39:44,618 - INFO - [SCREENER] 141 markets in 8.1s | yes:45 no:19 | next in 30s
2026-08-01 14:40:24,141 - INFO - [SCREENER] 137 markets in 7.8s | yes:41 no:17 | next in 30s
2026-08-01 14:40:55,411 - INFO - [SCREENER] 133 markets in 8.6s | yes:42 no:20 | next in 30s
2026-08-01 14:41:34,636 - INFO - [SCREENER] 128 markets in 8.3s | yes:42 no:22 | next in 30s
2026-08-01 14:42:13,586 - INFO - [SCREENER] 127 markets in 8.1s | yes:43 no:21 | next in 30s
2026-08-01 14:42:55,752 - INFO - [SCREENER] 129 markets in 8.3s | yes:42 no:23 | next in 30s
2026-08-01 14:43:34,602 - INFO - [SCREENER] 125 markets in 7.6s | yes:41 no:21 | next in 30s
2026-08-01 14:44:14,344 - INFO - [SCREENER] 122 markets in 8.5s | yes:41 no:22 | next in 30s
2026-08-01 14:44:56,698 - INFO - [SCREENER] 132 markets in 8.6s | yes:47 no:18 | next in 30s
2026-08-01 14:45:35,367 - INFO - [SCREENER] 127 markets in 7.7s | yes:41 no:18 | next in 30s
2026-08-01 14:46:14,403 - INFO - [SCREENER] 134 markets in 7.9s | yes:45 no:21 | next in 30s
2026-08-01 14:46:56,515 - INFO - [SCREENER] 137 markets in 8.5s | yes:42 no:22 | next in 30s
2026-08-01 14:47:34,818 - INFO - [SCREENER] 142 markets in 7.3s | yes:45 no:19 | next in 30s
2026-08-01 14:48:14,272 - INFO - [SCREENER] 136 markets in 8.1s | yes:40 no:21 | next in 30s
2026-08-01 14:48:53,280 - INFO - [SCREENER] 136 markets in 8.0s | yes:45 no:21 | next in 30s
2026-08-01 14:49:27,325 - INFO - [SCREENER] 139 markets in 10.5s | yes:46 no:16 | next in 30s
2026-08-01 14:49:56,775 - INFO - [SCREENER] 138 markets in 8.5s | yes:48 no:13 | next in 30s
2026-08-01 14:50:36,237 - INFO - [SCREENER] 137 markets in 8.6s | yes:46 no:15 | next in 30s
2026-08-01 14:51:07,886 - INFO - [SCREENER] 136 markets in 8.3s | yes:49 no:16 | next in 30s
2026-08-01 14:51:47,784 - INFO - [SCREENER] 137 markets in 8.7s | yes:49 no:14 | next in 30s
2026-08-01 14:52:27,786 - INFO - [SCREENER] 134 markets in 9.0s | yes:45 no:14 | next in 30s
2026-08-01 14:52:56,725 - INFO - [SCREENER] 135 markets in 7.9s | yes:45 no:13 | next in 30s
2026-08-01 14:53:28,147 - INFO - [SCREENER] 139 markets in 8.1s | yes:44 no:10 | next in 30s
2026-08-01 14:54:07,748 - INFO - [SCREENER] 139 markets in 8.6s | yes:48 no:11 | next in 30s
2026-08-01 14:54:46,520 - INFO - [SCREENER] 140 markets in 7.7s | yes:43 no:14 | next in 30s
2026-08-01 14:55:17,173 - INFO - [SCREENER] 142 markets in 8.0s | yes:42 no:13 | next in 30s
2026-08-01 14:55:56,037 - INFO - [SCREENER] 131 markets in 7.9s | yes:43 no:13 | next in 30s
2026-08-01 14:56:36,698 - INFO - [SCREENER] 134 markets in 9.2s | yes:42 no:12 | next in 30s
2026-08-01 14:57:05,918 - INFO - [SCREENER] 133 markets in 8.4s | yes:42 no:13 | next in 30s
2026-08-01 14:57:36,684 - INFO - [SCREENER] 134 markets in 7.4s | yes:42 no:12 | next in 30s
2026-08-01 14:58:15,977 - INFO - [SCREENER] 118 markets in 8.3s | yes:41 no:11 | next in 30s
2026-08-01 14:58:56,592 - INFO - [SCREENER] 125 markets in 8.7s | yes:37 no:11 | next in 30s
2026-08-01 14:59:27,789 - INFO - [SCREENER] 128 markets in 7.9s | yes:41 no:12 | next in 30s
2026-08-01 15:00:07,028 - INFO - [SCREENER] 123 markets in 8.1s | yes:34 no:11 | next in 30s
2026-08-01 15:00:45,701 - INFO - [SCREENER] 120 markets in 7.8s | yes:33 no:11 | next in 30s
2026-08-01 15:01:27,516 - INFO - [SCREENER] 121 markets in 7.9s | yes:34 no:9 | next in 30s
2026-08-01 15:02:07,261 - INFO - [SCREENER] 122 markets in 8.7s | yes:34 no:7 | next in 30s
2026-08-01 15:02:48,206 - INFO - [SCREENER] 116 markets in 9.7s | yes:36 no:11 | next in 30s
2026-08-01 15:03:16,958 - INFO - [SCREENER] 114 markets in 7.9s | yes:33 no:10 | next in 30s
2026-08-01 15:03:20,158 - INFO - [LIMIT SELL] Will the highest temperature in Karachi  | 9.9300 shares @ 0.23
2026-08-01 15:03:20,158 - INFO - [POSITION] 限价卖出 1 个持仓
2026-08-01 15:03:48,869 - INFO - [SCREENER] 111 markets in 8.0s | yes:34 no:11 | next in 30s
2026-08-01 15:04:29,489 - INFO - [SCREENER] 108 markets in 9.5s | yes:32 no:12 | next in 30s
2026-08-01 15:04:58,415 - INFO - [SCREENER] 109 markets in 8.0s | yes:37 no:13 | next in 30s
2026-08-01 15:05:40,701 - INFO - [SCREENER] 115 markets in 9.2s | yes:41 no:12 | next in 30s
2026-08-01 15:06:10,891 - INFO - [SCREENER] 120 markets in 8.9s | yes:38 no:16 | next in 30s
2026-08-01 15:06:50,311 - INFO - [SCREENER] 124 markets in 8.4s | yes:35 no:15 | next in 30s
2026-08-01 15:07:29,760 - INFO - [SCREENER] 126 markets in 8.3s | yes:37 no:14 | next in 30s
2026-08-01 15:08:01,282 - INFO - [SCREENER] 125 markets in 7.9s | yes:36 no:15 | next in 30s
2026-08-01 15:08:41,477 - INFO - [SCREENER] 135 markets in 8.8s | yes:40 no:18 | next in 30s
2026-08-01 15:09:20,486 - INFO - [SCREENER] 143 markets in 8.2s | yes:40 no:16 | next in 30s
2026-08-01 15:09:51,333 - INFO - [SCREENER] 146 markets in 7.9s | yes:41 no:18 | next in 30s
2026-08-01 15:10:30,506 - INFO - [SCREENER] 144 markets in 8.0s | yes:41 no:17 | next in 30s
2026-08-01 15:11:09,273 - INFO - [SCREENER] 140 markets in 7.9s | yes:46 no:18 | next in 30s
2026-08-01 15:11:48,388 - INFO - [SCREENER] 142 markets in 8.2s | yes:41 no:15 | next in 30s
2026-08-01 15:12:19,964 - INFO - [SCREENER] 142 markets in 8.1s | yes:47 no:15 | next in 30s
2026-08-01 15:12:59,539 - INFO - [SCREENER] 143 markets in 8.3s | yes:50 no:17 | next in 30s
2026-08-01 15:13:29,883 - INFO - [SCREENER] 144 markets in 7.9s | yes:49 no:18 | next in 30s
2026-08-01 15:14:01,655 - INFO - [SCREENER] 144 markets in 8.1s | yes:48 no:19 | next in 30s
2026-08-01 15:14:41,330 - INFO - [SCREENER] 145 markets in 8.5s | yes:52 no:17 | next in 30s
2026-08-01 15:15:20,054 - INFO - [SCREENER] 144 markets in 7.6s | yes:50 no:20 | next in 30s
2026-08-01 15:16:01,369 - INFO - [SCREENER] 147 markets in 7.5s | yes:50 no:17 | next in 30s
2026-08-01 15:16:41,272 - INFO - [SCREENER] 147 markets in 8.6s | yes:50 no:19 | next in 30s
2026-08-01 15:17:20,323 - INFO - [SCREENER] 148 markets in 8.1s | yes:52 no:18 | next in 30s
2026-08-01 15:18:02,667 - INFO - [SCREENER] 136 markets in 8.8s | yes:52 no:16 | next in 30s
2026-08-01 15:18:32,964 - INFO - [SCREENER] 140 markets in 8.9s | yes:51 no:18 | next in 30s
2026-08-01 15:19:11,952 - INFO - [SCREENER] 142 markets in 8.0s | yes:48 no:17 | next in 30s
2026-08-01 15:19:58,549 - INFO - [SCREENER] 138 markets in 15.4s | yes:49 no:19 | next in 30s
2026-08-01 15:20:20,424 - INFO - [SCREENER] 139 markets in 7.1s | yes:49 no:18 | next in 30s
2026-08-01 15:20:59,511 - INFO - [SCREENER] 140 markets in 7.8s | yes:51 no:19 | next in 30s
2026-08-01 15:21:38,023 - INFO - [SCREENER] 142 markets in 7.5s | yes:49 no:19 | next in 30s
2026-08-01 15:22:09,213 - INFO - [SCREENER] 140 markets in 7.6s | yes:48 no:18 | next in 30s
2026-08-01 15:22:50,263 - INFO - [SCREENER] 135 markets in 9.8s | yes:48 no:20 | next in 30s
2026-08-01 15:23:19,417 - INFO - [SCREENER] 139 markets in 8.1s | yes:49 no:18 | next in 30s
2026-08-01 15:23:58,239 - INFO - [SCREENER] 143 markets in 7.6s | yes:47 no:15 | next in 30s
2026-08-01 15:24:29,952 - INFO - [SCREENER] 141 markets in 8.0s | yes:48 no:15 | next in 30s
2026-08-01 15:25:08,891 - INFO - [SCREENER] 142 markets in 7.9s | yes:48 no:14 | next in 30s
2026-08-01 15:25:47,898 - INFO - [SCREENER] 142 markets in 8.1s | yes:52 no:16 | next in 30s
2026-08-01 15:26:18,215 - INFO - [SCREENER] 141 markets in 7.7s | yes:50 no:18 | next in 30s
2026-08-01 15:26:57,604 - INFO - [SCREENER] 148 markets in 8.2s | yes:49 no:16 | next in 30s
2026-08-01 15:27:27,029 - ERROR - [py_clob_client_v2] request error: _ssl.c:983: The handshake operation timed out
2026-08-01 15:27:27,538 - ERROR - [HEARTBEAT] 失败 (连续 1 次): 401 Client Error: Unauthorized for url: https://clob.polymarket.com/v1/heartbeats
2026-08-01 15:27:37,392 - INFO - [SCREENER] 143 markets in 8.4s | yes:50 no:18 | next in 30s
2026-08-01 15:28:19,092 - INFO - [SCREENER] 139 markets in 8.1s | yes:53 no:17 | next in 30s
2026-08-01 15:28:59,072 - INFO - [SCREENER] 137 markets in 8.7s | yes:54 no:16 | next in 30s
2026-08-01 15:29:38,355 - INFO - [SCREENER] 144 markets in 8.1s | yes:55 no:15 | next in 30s
2026-08-01 15:30:19,581 - INFO - [SCREENER] 148 markets in 7.7s | yes:57 no:13 | next in 30s
2026-08-01 15:30:58,466 - INFO - [SCREENER] 147 markets in 7.9s | yes:57 no:14 | next in 30s
2026-08-01 15:31:37,055 - INFO - [SCREENER] 145 markets in 7.6s | yes:59 no:15 | next in 30s
2026-08-01 15:32:15,757 - INFO - [SCREENER] 145 markets in 7.3s | yes:58 no:16 | next in 30s
2026-08-01 15:32:48,132 - INFO - [SCREENER] 141 markets in 8.4s | yes:57 no:18 | next in 30s
2026-08-01 15:33:27,480 - INFO - [SCREENER] 140 markets in 7.9s | yes:55 no:11 | next in 30s
2026-08-01 15:34:06,451 - INFO - [SCREENER] 142 markets in 7.8s | yes:58 no:12 | next in 30s
2026-08-01 15:34:39,179 - INFO - [SCREENER] 149 markets in 9.4s | yes:60 no:12 | next in 30s
2026-08-01 15:35:08,491 - INFO - [SCREENER] 149 markets in 8.1s | yes:59 no:10 | next in 30s
2026-08-01 15:35:48,155 - INFO - [SCREENER] 152 markets in 8.2s | yes:57 no:10 | next in 30s
2026-08-01 15:36:27,331 - INFO - [SCREENER] 154 markets in 7.9s | yes:54 no:15 | next in 30s
2026-08-01 15:36:57,866 - INFO - [SCREENER] 155 markets in 7.2s | yes:53 no:15 | next in 30s
2026-08-01 15:37:36,527 - INFO - [SCREENER] 150 markets in 7.7s | yes:53 no:16 | next in 30s
2026-08-01 15:38:16,290 - INFO - [SCREENER] 153 markets in 8.8s | yes:49 no:15 | next in 30s
2026-08-01 15:38:48,301 - INFO - [SCREENER] 150 markets in 8.2s | yes:49 no:13 | next in 30s
2026-08-01 15:39:27,676 - INFO - [SCREENER] 150 markets in 8.1s | yes:52 no:12 | next in 30s
2026-08-01 15:40:07,093 - INFO - [SCREENER] 146 markets in 8.2s | yes:55 no:13 | next in 30s
2026-08-01 15:40:49,295 - INFO - [SCREENER] 147 markets in 8.4s | yes:58 no:14 | next in 30s
2026-08-01 15:41:28,654 - INFO - [SCREENER] 149 markets in 8.1s | yes:62 no:15 | next in 30s
2026-08-01 15:42:07,628 - INFO - [SCREENER] 144 markets in 7.9s | yes:60 no:13 | next in 30s
2026-08-01 15:42:57,164 - INFO - [SCREENER] 145 markets in 15.4s | yes:57 no:17 | next in 30s
2026-08-01 15:43:26,459 - INFO - [SCREENER] 145 markets in 7.9s | yes:58 no:16 | next in 30s
2026-08-01 15:44:05,733 - INFO - [SCREENER] 148 markets in 8.0s | yes:56 no:17 | next in 30s
2026-08-01 15:44:45,390 - INFO - [SCREENER] 149 markets in 8.3s | yes:56 no:17 | next in 30s
2026-08-01 15:44:52,740 - ERROR - [POSITION] 批量查询 best_bid 失败: HTTPSConnectionPool(host='clob.polymarket.com', port=443): Max retries exceeded with url: /books (Caused by SSLError(SSLEOFError(8, '[SSL: UNEXPECTED_EOF_WHILE_READING] EOF occurred in violation of protocol (_ssl.c:1000)')))
2026-08-01 15:45:21,704 - INFO - [SCREENER] 147 markets in 7.8s | yes:57 no:16 | next in 30s
2026-08-01 15:46:01,333 - INFO - [SCREENER] 147 markets in 7.6s | yes:57 no:18 | next in 30s
2026-08-01 15:46:40,368 - INFO - [SCREENER] 155 markets in 7.9s | yes:58 no:16 | next in 30s
2026-08-01 15:47:11,398 - INFO - [SCREENER] 152 markets in 7.4s | yes:58 no:16 | next in 30s
2026-08-01 15:47:42,278 - INFO - [SCREENER] 157 markets in 7.5s | yes:55 no:16 | next in 30s
2026-08-01 15:48:22,017 - INFO - [SCREENER] 154 markets in 8.4s | yes:56 no:13 | next in 30s
2026-08-01 15:49:01,234 - INFO - [SCREENER] 148 markets in 8.0s | yes:55 no:15 | next in 30s
2026-08-01 15:49:33,094 - INFO - [SCREENER] 142 markets in 8.4s | yes:53 no:13 | next in 30s
2026-08-01 15:50:12,275 - INFO - [SCREENER] 145 markets in 7.7s | yes:54 no:15 | next in 30s
2026-08-01 15:50:52,005 - INFO - [SCREENER] 148 markets in 8.6s | yes:53 no:15 | next in 30s
2026-08-01 15:51:23,297 - INFO - [SCREENER] 144 markets in 8.2s | yes:53 no:14 | next in 30s
2026-08-01 15:51:53,413 - INFO - [SCREENER] 148 markets in 8.2s | yes:52 no:14 | next in 30s
2026-08-01 15:52:34,923 - INFO - [SCREENER] 145 markets in 10.5s | yes:54 no:13 | next in 30s
2026-08-01 15:53:04,109 - INFO - [SCREENER] 144 markets in 8.2s | yes:55 no:12 | next in 30s
2026-08-01 15:53:35,661 - INFO - [SCREENER] 140 markets in 8.0s | yes:56 no:13 | next in 30s
2026-08-01 15:53:41,307 - ERROR - [USER WS ERR] Connection to remote host was lost.
2026-08-01 15:53:41,307 - ERROR - Connection to remote host was lost. - goodbye
2026-08-01 15:53:41,308 - WARNING - [USER WS] close code=None reason=None
2026-08-01 15:53:41,312 - WARNING - [USER WS] 断开，5s 后重连...
2026-08-01 15:54:15,210 - INFO - [SCREENER] 140 markets in 8.6s | yes:53 no:13 | next in 30s
2026-08-01 15:54:44,650 - INFO - [SCREENER] 138 markets in 8.0s | yes:56 no:11 | next in 30s
2026-08-01 15:55:22,936 - INFO - [SCREENER] 134 markets in 7.2s | yes:56 no:12 | next in 30s
2026-08-01 15:55:54,313 - INFO - [SCREENER] 133 markets in 7.7s | yes:52 no:11 | next in 30s
2026-08-01 15:56:34,585 - INFO - [SCREENER] 137 markets in 8.9s | yes:50 no:11 | next in 30s
2026-08-01 15:57:04,439 - INFO - [SCREENER] 138 markets in 8.7s | yes:50 no:13 | next in 30s
2026-08-01 15:57:45,891 - INFO - [SCREENER] 146 markets in 8.3s | yes:50 no:15 | next in 30s
2026-08-01 15:58:25,389 - INFO - [SCREENER] 137 markets in 8.1s | yes:46 no:13 | next in 30s
2026-08-01 15:59:05,109 - INFO - [SCREENER] 133 markets in 8.6s | yes:45 no:12 | next in 30s
2026-08-01 15:59:46,367 - INFO - [SCREENER] 132 markets in 7.6s | yes:41 no:13 | next in 30s
2026-08-01 16:00:25,678 - INFO - [SCREENER] 133 markets in 8.1s | yes:38 no:14 | next in 30s
2026-08-01 16:01:04,602 - INFO - [SCREENER] 130 markets in 7.5s | yes:37 no:14 | next in 30s
2026-08-01 16:01:44,043 - INFO - [SCREENER] 131 markets in 8.2s | yes:40 no:14 | next in 30s
2026-08-01 16:02:15,264 - INFO - [SCREENER] 132 markets in 7.6s | yes:38 no:13 | next in 30s
2026-08-01 16:02:55,531 - INFO - [SCREENER] 130 markets in 9.3s | yes:40 no:13 | next in 30s
2026-08-01 16:03:24,519 - INFO - [SCREENER] 131 markets in 7.8s | yes:41 no:13 | next in 30s
2026-08-01 16:04:05,920 - INFO - [SCREENER] 129 markets in 7.7s | yes:40 no:13 | next in 30s
2026-08-01 16:04:44,284 - INFO - [SCREENER] 129 markets in 7.5s | yes:36 no:14 | next in 30s
2026-08-01 16:05:23,682 - INFO - [SCREENER] 130 markets in 8.2s | yes:39 no:13 | next in 30s
2026-08-01 16:06:02,606 - INFO - [SCREENER] 137 markets in 7.9s | yes:39 no:13 | next in 30s
2026-08-01 16:06:33,951 - INFO - [SCREENER] 140 markets in 7.9s | yes:45 no:11 | next in 30s
2026-08-01 16:07:13,727 - INFO - [SCREENER] 142 markets in 8.5s | yes:47 no:7 | next in 30s
2026-08-01 16:07:54,008 - INFO - [SCREENER] 140 markets in 9.2s | yes:53 no:7 | next in 30s
2026-08-01 16:08:25,820 - INFO - [SCREENER] 144 markets in 8.2s | yes:56 no:8 | next in 30s
2026-08-01 16:09:05,501 - INFO - [SCREENER] 155 markets in 8.3s | yes:61 no:7 | next in 30s
2026-08-01 16:09:45,412 - INFO - [SCREENER] 156 markets in 8.9s | yes:61 no:11 | next in 30s
2026-08-01 16:10:15,753 - INFO - [SCREENER] 147 markets in 9.0s | yes:51 no:9 | next in 30s
2026-08-01 16:10:48,533 - INFO - [SCREENER] 145 markets in 9.0s | yes:53 no:9 | next in 30s
2026-08-01 16:11:27,864 - INFO - [SCREENER] 142 markets in 8.3s | yes:52 no:10 | next in 30s
2026-08-01 16:12:07,120 - INFO - [SCREENER] 145 markets in 8.1s | yes:57 no:12 | next in 30s
2026-08-01 16:12:39,131 - INFO - [SCREENER] 147 markets in 8.3s | yes:55 no:10 | next in 30s
2026-08-01 16:13:17,765 - INFO - [SCREENER] 149 markets in 7.8s | yes:55 no:10 | next in 30s
2026-08-01 16:13:56,482 - INFO - [SCREENER] 148 markets in 7.7s | yes:54 no:11 | next in 30s
2026-08-01 16:14:35,522 - INFO - [SCREENER] 146 markets in 7.8s | yes:60 no:10 | next in 30s
2026-08-01 16:15:06,704 - INFO - [SCREENER] 144 markets in 7.9s | yes:59 no:12 | next in 30s
2026-08-01 16:15:45,299 - INFO - [SCREENER] 141 markets in 7.7s | yes:57 no:14 | next in 30s
2026-08-01 16:16:24,107 - INFO - [SCREENER] 146 markets in 7.7s | yes:60 no:14 | next in 30s
2026-08-01 16:16:56,888 - INFO - [SCREENER] 149 markets in 8.9s | yes:61 no:16 | next in 30s
2026-08-01 16:17:26,090 - INFO - [SCREENER] 148 markets in 8.0s | yes:60 no:16 | next in 30s
2026-08-01 16:18:05,813 - INFO - [SCREENER] 148 markets in 8.5s | yes:56 no:15 | next in 30s
2026-08-01 16:18:35,842 - INFO - [SCREENER] 150 markets in 8.4s | yes:61 no:15 | next in 30s
2026-08-01 16:19:07,361 - INFO - [SCREENER] 150 markets in 8.1s | yes:57 no:15 | next in 30s
2026-08-01 16:19:46,511 - INFO - [SCREENER] 152 markets in 7.9s | yes:60 no:18 | next in 30s
2026-08-01 16:20:25,280 - INFO - [SCREENER] 149 markets in 7.7s | yes:62 no:20 | next in 30s
2026-08-01 16:21:04,847 - INFO - [SCREENER] 147 markets in 8.5s | yes:62 no:19 | next in 30s
2026-08-01 16:21:37,208 - INFO - [SCREENER] 143 markets in 8.8s | yes:65 no:18 | next in 30s
2026-08-01 16:22:16,838 - INFO - [SCREENER] 143 markets in 8.6s | yes:60 no:12 | next in 30s
2026-08-01 16:22:46,151 - INFO - [SCREENER] 143 markets in 7.6s | yes:63 no:12 | next in 30s
2026-08-01 16:23:18,131 - INFO - [SCREENER] 141 markets in 7.8s | yes:63 no:11 | next in 30s
2026-08-01 16:23:57,128 - INFO - [SCREENER] 145 markets in 7.8s | yes:62 no:11 | next in 30s
2026-08-01 16:24:37,620 - INFO - [SCREENER] 145 markets in 9.3s | yes:57 no:11 | next in 30s
2026-08-01 16:25:07,881 - INFO - [SCREENER] 145 markets in 8.7s | yes:52 no:12 | next in 30s
2026-08-01 16:25:39,926 - INFO - [SCREENER] 145 markets in 8.3s | yes:47 no:10 | next in 30s
2026-08-01 16:26:19,335 - INFO - [SCREENER] 143 markets in 8.5s | yes:48 no:10 | next in 30s
2026-08-01 16:26:57,619 - INFO - [SCREENER] 142 markets in 7.1s | yes:49 no:9 | next in 30s
2026-08-01 16:27:29,177 - INFO - [SCREENER] 147 markets in 8.0s | yes:50 no:9 | next in 30s
2026-08-01 16:28:07,937 - INFO - [SCREENER] 143 markets in 7.7s | yes:53 no:9 | next in 30s
2026-08-01 16:28:46,772 - INFO - [SCREENER] 146 markets in 7.9s | yes:57 no:10 | next in 30s
2026-08-01 16:29:25,458 - INFO - [SCREENER] 144 markets in 7.7s | yes:59 no:12 | next in 30s
2026-08-01 16:29:56,746 - INFO - [SCREENER] 141 markets in 7.7s | yes:57 no:12 | next in 30s
2026-08-01 16:30:35,807 - INFO - [SCREENER] 139 markets in 7.9s | yes:55 no:11 | next in 30s
2026-08-01 16:31:15,207 - INFO - [SCREENER] 143 markets in 8.2s | yes:57 no:11 | next in 30s
2026-08-01 16:31:46,666 - INFO - [SCREENER] 140 markets in 7.7s | yes:56 no:12 | next in 30s
2026-08-01 16:32:26,432 - INFO - [SCREENER] 140 markets in 8.8s | yes:54 no:11 | next in 30s
2026-08-01 16:33:05,651 - INFO - [SCREENER] 135 markets in 8.0s | yes:52 no:20 | next in 30s
2026-08-01 16:33:14,070 - ERROR - [py_clob_client_v2] request error: Server disconnected
2026-08-01 16:33:14,070 - ERROR - [py_clob_client_v2] request error: Server disconnected
2026-08-01 16:33:14,070 - ERROR - 获取订单簿失败: 10060954312292725550... | PolyApiException[status_code=None, error_message=Request exception!]
2026-08-01 16:33:14,070 - ERROR - 获取订单簿失败: 73739096711807044312... | PolyApiException[status_code=None, error_message=Request exception!]
2026-08-01 16:33:15,069 - WARNING - [RETRY] 1006095431229272 bids不足2档，10s后重试
2026-08-01 16:33:15,070 - WARNING - [RETRY] 7373909671180704 bids不足2档，10s后重试
2026-08-01 16:33:47,942 - INFO - [SCREENER] 134 markets in 8.4s | yes:54 no:20 | next in 30s
2026-08-01 16:34:27,239 - INFO - [SCREENER] 132 markets in 8.2s | yes:52 no:21 | next in 30s
2026-08-01 16:35:07,125 - INFO - [SCREENER] 134 markets in 8.4s | yes:53 no:18 | next in 30s
2026-08-01 16:35:48,700 - INFO - [SCREENER] 139 markets in 8.0s | yes:54 no:22 | next in 30s
2026-08-01 16:36:28,425 - INFO - [SCREENER] 132 markets in 8.4s | yes:56 no:20 | next in 30s
2026-08-01 16:37:07,617 - INFO - [SCREENER] 135 markets in 8.2s | yes:54 no:20 | next in 30s
2026-08-01 16:37:48,573 - INFO - [SCREENER] 134 markets in 7.3s | yes:53 no:21 | next in 30s
2026-08-01 16:38:27,770 - INFO - [SCREENER] 134 markets in 7.9s | yes:50 no:15 | next in 30s
2026-08-01 16:39:07,357 - INFO - [SCREENER] 137 markets in 8.3s | yes:50 no:15 | next in 30s
2026-08-01 16:39:45,768 - INFO - [SCREENER] 140 markets in 7.4s | yes:46 no:15 | next in 30s
2026-08-01 16:40:16,832 - INFO - [SCREENER] 144 markets in 7.4s | yes:47 no:13 | next in 30s
2026-08-01 16:40:56,180 - INFO - [SCREENER] 147 markets in 8.2s | yes:49 no:13 | next in 30s
2026-08-01 16:41:35,063 - INFO - [SCREENER] 155 markets in 7.9s | yes:55 no:13 | next in 30s
2026-08-01 16:42:06,139 - INFO - [SCREENER] 157 markets in 7.4s | yes:53 no:13 | next in 30s
2026-08-01 16:42:45,114 - INFO - [SCREENER] 149 markets in 7.8s | yes:55 no:13 | next in 30s
2026-08-01 16:43:24,208 - INFO - [SCREENER] 145 markets in 8.1s | yes:54 no:14 | next in 30s
2026-08-01 16:44:04,046 - INFO - [SCREENER] 151 markets in 8.7s | yes:60 no:14 | next in 30s
2026-08-01 16:44:07,502 - WARNING - [POSITION] 2085389024154181 best_bid=0.23 < 成本0.3500-0.02=0.3300，取消卖单等待
2026-08-01 16:44:35,192 - INFO - [SCREENER] 156 markets in 7.7s | yes:64 no:15 | next in 30s
2026-08-01 16:45:14,460 - INFO - [SCREENER] 154 markets in 8.3s | yes:64 no:21 | next in 30s
2026-08-01 16:45:53,266 - INFO - [SCREENER] 154 markets in 7.6s | yes:63 no:18 | next in 30s
2026-08-01 16:46:24,715 - INFO - [SCREENER] 151 markets in 8.0s | yes:61 no:18 | next in 30s
2026-08-01 16:47:04,298 - INFO - [SCREENER] 159 markets in 8.4s | yes:62 no:18 | next in 30s
2026-08-01 16:47:43,396 - INFO - [SCREENER] 162 markets in 7.9s | yes:65 no:18 | next in 30s
2026-08-01 16:48:25,520 - INFO - [SCREENER] 160 markets in 8.0s | yes:65 no:18 | next in 30s
2026-08-01 16:49:04,326 - INFO - [SCREENER] 159 markets in 7.6s | yes:63 no:19 | next in 30s
2026-08-01 16:49:35,148 - INFO - [SCREENER] 159 markets in 7.9s | yes:59 no:17 | next in 30s
2026-08-01 16:50:14,437 - INFO - [SCREENER] 158 markets in 8.0s | yes:64 no:18 | next in 30s
2026-08-01 16:50:46,134 - INFO - [SCREENER] 154 markets in 8.4s | yes:65 no:19 | next in 30s
2026-08-01 16:51:25,167 - INFO - [SCREENER] 151 markets in 7.8s | yes:65 no:18 | next in 30s
2026-08-01 16:52:05,004 - INFO - [SCREENER] 154 markets in 8.3s | yes:65 no:18 | next in 30s
2026-08-01 16:52:35,261 - INFO - [SCREENER] 152 markets in 7.4s | yes:64 no:18 | next in 30s
2026-08-01 16:53:14,294 - INFO - [SCREENER] 153 markets in 7.5s | yes:63 no:18 | next in 30s
2026-08-01 16:53:53,405 - INFO - [SCREENER] 152 markets in 7.9s | yes:65 no:18 | next in 30s
2026-08-01 16:54:33,301 - INFO - [SCREENER] 152 markets in 8.2s | yes:64 no:19 | next in 30s
2026-08-01 16:55:04,373 - INFO - [SCREENER] 157 markets in 7.4s | yes:66 no:20 | next in 30s
2026-08-01 16:55:43,293 - INFO - [SCREENER] 153 markets in 7.8s | yes:60 no:21 | next in 30s
2026-08-01 16:56:22,090 - INFO - [SCREENER] 152 markets in 7.7s | yes:60 no:23 | next in 30s
2026-08-01 16:56:54,339 - INFO - [SCREENER] 153 markets in 8.4s | yes:62 no:24 | next in 30s
2026-08-01 16:57:32,780 - INFO - [SCREENER] 154 markets in 7.6s | yes:61 no:26 | next in 30s
2026-08-01 16:58:12,285 - INFO - [SCREENER] 145 markets in 8.7s | yes:62 no:23 | next in 30s
2026-08-01 16:58:54,353 - INFO - [SCREENER] 146 markets in 8.3s | yes:60 no:18 | next in 30s
2026-08-01 16:59:33,234 - INFO - [SCREENER] 139 markets in 7.7s | yes:60 no:16 | next in 30s
2026-08-01 17:00:12,548 - INFO - [SCREENER] 138 markets in 8.0s | yes:59 no:18 | next in 30s
2026-08-01 17:00:54,361 - INFO - [SCREENER] 134 markets in 8.0s | yes:52 no:13 | next in 30s
2026-08-01 17:01:33,428 - INFO - [SCREENER] 131 markets in 7.7s | yes:51 no:12 | next in 30s
2026-08-01 17:02:12,049 - INFO - [SCREENER] 132 markets in 7.8s | yes:49 no:15 | next in 30s
2026-08-01 17:02:52,307 - INFO - [SCREENER] 137 markets in 9.4s | yes:50 no:16 | next in 30s
2026-08-01 17:03:24,217 - INFO - [SCREENER] 136 markets in 8.5s | yes:45 no:17 | next in 30s
2026-08-01 17:04:03,422 - INFO - [SCREENER] 139 markets in 8.2s | yes:45 no:16 | next in 30s
2026-08-01 17:04:41,963 - INFO - [SCREENER] 133 markets in 7.6s | yes:49 no:18 | next in 30s
2026-08-01 17:05:13,242 - INFO - [SCREENER] 137 markets in 7.4s | yes:59 no:18 | next in 30s
2026-08-01 17:05:21,417 - ERROR - [py_clob_client_v2] request error: Server disconnected
2026-08-01 17:05:21,418 - ERROR - [py_clob_client_v2] request error: Server disconnected
2026-08-01 17:05:21,418 - ERROR - 获取订单簿失败: 23231874456371920224... | PolyApiException[status_code=None, error_message=Request exception!]
2026-08-01 17:05:21,418 - ERROR - [py_clob_client_v2] request error: Server disconnected
2026-08-01 17:05:21,418 - ERROR - 获取订单簿失败: 35754880256192940395... | PolyApiException[status_code=None, error_message=Request exception!]
2026-08-01 17:05:21,418 - ERROR - 获取订单簿失败: 25040491739226081199... | PolyApiException[status_code=None, error_message=Request exception!]
2026-08-01 17:05:22,414 - WARNING - [RETRY] 2323187445637192 bids不足2档，10s后重试
2026-08-01 17:05:22,415 - WARNING - [RETRY] 3575488025619294 bids不足2档，10s后重试
2026-08-01 17:05:22,415 - WARNING - [RETRY] 2504049173922608 bids不足2档，10s后重试
2026-08-01 17:05:52,331 - INFO - [SCREENER] 135 markets in 7.9s | yes:57 no:17 | next in 30s
2026-08-01 17:06:31,250 - INFO - [SCREENER] 137 markets in 7.7s | yes:60 no:18 | next in 30s
2026-08-01 17:06:31,550 - ERROR - [py_clob_client_v2] request error: Server disconnected
2026-08-01 17:06:31,550 - ERROR - [py_clob_client_v2] request error: Server disconnected
2026-08-01 17:06:31,550 - ERROR - [py_clob_client_v2] request error: Server disconnected
2026-08-01 17:06:31,550 - ERROR - [CANCEL FAIL] 0xbac27ebdd67dea64e9... | PolyApiException[status_code=None, error_message=Request exception!]
2026-08-01 17:06:31,550 - ERROR - 查询订单失败: PolyApiException[status_code=None, error_message=Request exception!]
2026-08-01 17:06:31,551 - ERROR - [CANCEL FAIL] 0x116934f5e0026a1adc... | PolyApiException[status_code=None, error_message=Request exception!]
2026-08-01 17:06:31,551 - ERROR - [DISCOVER] 订单查询失败，跳过本周期
2026-08-01 17:06:32,260 - ERROR - [CANCEL FAIL] 0xbac27ebdd67dea64e9 订单仍存活在交易所！保持 RESTING
2026-08-01 17:06:32,261 - ERROR - [CANCEL FAIL] 0x116934f5e0026a1adc 订单仍存活在交易所！保持 RESTING
2026-08-01 17:07:10,107 - INFO - [SCREENER] 140 markets in 7.8s | yes:58 no:18 | next in 30s
2026-08-01 17:07:12,453 - WARNING - [AUDIT] 1040070068925496 订单丢失纠偏
2026-08-01 17:07:12,453 - WARNING - [AUDIT] 9630186204426031 订单丢失纠偏
2026-08-01 17:07:41,605 - INFO - [SCREENER] 142 markets in 7.7s | yes:60 no:18 | next in 30s
2026-08-01 17:08:20,528 - INFO - [SCREENER] 148 markets in 7.7s | yes:57 no:19 | next in 30s
2026-08-01 17:08:59,603 - INFO - [SCREENER] 155 markets in 7.6s | yes:58 no:21 | next in 30s
2026-08-01 17:09:30,465 - INFO - [SCREENER] 153 markets in 7.7s | yes:62 no:21 | next in 30s
2026-08-01 17:10:10,643 - INFO - [SCREENER] 151 markets in 8.8s | yes:65 no:25 | next in 30s
2026-08-01 17:10:40,185 - INFO - [SCREENER] 156 markets in 7.9s | yes:68 no:23 | next in 30s
2026-08-01 17:11:19,334 - INFO - [SCREENER] 153 markets in 7.9s | yes:63 no:20 | next in 30s
2026-08-01 17:11:51,015 - INFO - [SCREENER] 147 markets in 7.6s | yes:68 no:21 | next in 30s
2026-08-01 17:12:30,937 - INFO - [SCREENER] 151 markets in 8.6s | yes:68 no:19 | next in 30s
2026-08-01 17:13:01,501 - INFO - [SCREENER] 156 markets in 8.7s | yes:69 no:23 | next in 30s
2026-08-01 17:13:32,598 - INFO - [SCREENER] 157 markets in 8.0s | yes:71 no:21 | next in 30s
2026-08-01 17:13:55,969 - ERROR - [py_clob_client_v2] request error: Server disconnected
2026-08-01 17:13:55,969 - ERROR - [py_clob_client_v2] request error: Server disconnected
2026-08-01 17:13:55,970 - ERROR - 获取订单簿失败: 80621309205152225977... | PolyApiException[status_code=None, error_message=Request exception!]
2026-08-01 17:13:55,970 - ERROR - 获取订单簿失败: 68158521471555035851... | PolyApiException[status_code=None, error_message=Request exception!]
2026-08-01 17:13:56,968 - WARNING - [RETRY] 8062130920515222 bids不足2档，10s后重试
2026-08-01 17:13:56,968 - WARNING - [RETRY] 6815852147155503 bids不足2档，10s后重试
2026-08-01 17:14:11,825 - INFO - [SCREENER] 155 markets in 7.9s | yes:72 no:22 | next in 30s
2026-08-01 17:14:50,877 - INFO - [SCREENER] 156 markets in 7.9s | yes:71 no:23 | next in 30s
2026-08-01 17:15:34,378 - INFO - [SCREENER] 161 markets in 9.2s | yes:68 no:20 | next in 30s
2026-08-01 17:15:43,245 - ERROR - [BATCH CANCEL FAIL] 0x2152bd31987248f386... | order can't be found - already canceled or matched
2026-08-01 17:15:43,985 - ERROR - [BATCH CANCEL] 5871258914307391 取消结果不明，回退 RESTING 等 audit 确认 | oid=0x2152bd31987248f386
2026-08-01 17:15:48,237 - ERROR - [BATCH CANCEL FAIL] 0x2152bd31987248f386... | order can't be found - already canceled or matched
2026-08-01 17:15:48,989 - ERROR - [BATCH CANCEL] 5871258914307391 取消结果不明，回退 RESTING 等 audit 确认 | oid=0x2152bd31987248f386
2026-08-01 17:15:52,272 - ERROR - [BATCH CANCEL FAIL] 0x2152bd31987248f386... | order can't be found - already canceled or matched
2026-08-01 17:15:52,991 - ERROR - [BATCH CANCEL] 5871258914307391 取消结果不明，回退 RESTING 等 audit 确认 | oid=0x2152bd31987248f386
2026-08-01 17:16:03,156 - INFO - [SCREENER] 161 markets in 7.2s | yes:65 no:22 | next in 30s
2026-08-01 17:16:42,235 - INFO - [SCREENER] 162 markets in 7.4s | yes:68 no:22 | next in 30s
2026-08-01 17:17:20,347 - INFO - [SCREENER] 166 markets in 7.1s | yes:71 no:21 | next in 30s
2026-08-01 17:17:51,668 - INFO - [SCREENER] 156 markets in 7.8s | yes:69 no:20 | next in 30s
2026-08-01 17:18:30,308 - INFO - [SCREENER] 157 markets in 7.4s | yes:70 no:22 | next in 30s
2026-08-01 17:19:10,923 - INFO - [SCREENER] 157 markets in 9.4s | yes:71 no:21 | next in 30s
2026-08-01 17:19:42,867 - INFO - [SCREENER] 150 markets in 7.9s | yes:71 no:22 | next in 30s
2026-08-01 17:20:21,780 - INFO - [SCREENER] 149 markets in 7.7s | yes:70 no:23 | next in 30s
2026-08-01 17:21:00,918 - INFO - [SCREENER] 144 markets in 7.7s | yes:69 no:21 | next in 30s
2026-08-01 17:21:42,628 - INFO - [SCREENER] 147 markets in 7.9s | yes:68 no:22 | next in 30s
2026-08-01 17:22:21,363 - INFO - [SCREENER] 151 markets in 7.4s | yes:65 no:22 | next in 30s
2026-08-01 17:23:00,282 - INFO - [SCREENER] 158 markets in 7.6s | yes:69 no:24 | next in 30s
2026-08-01 17:23:39,734 - INFO - [SCREENER] 158 markets in 8.1s | yes:66 no:23 | next in 30s
2026-08-01 17:24:11,639 - INFO - [SCREENER] 157 markets in 7.9s | yes:70 no:22 | next in 30s
2026-08-01 17:24:50,897 - INFO - [SCREENER] 157 markets in 7.9s | yes:70 no:22 | next in 30s
2026-08-01 17:25:29,361 - INFO - [SCREENER] 156 markets in 7.5s | yes:69 no:23 | next in 30s
2026-08-01 17:26:01,544 - INFO - [SCREENER] 157 markets in 8.2s | yes:69 no:23 | next in 30s
2026-08-01 17:26:40,993 - INFO - [SCREENER] 153 markets in 7.8s | yes:75 no:24 | next in 30s
2026-08-01 17:27:19,912 - INFO - [SCREENER] 154 markets in 7.8s | yes:73 no:23 | next in 30s
2026-08-01 17:28:02,083 - INFO - [SCREENER] 156 markets in 8.5s | yes:71 no:23 | next in 30s
2026-08-01 17:28:41,099 - INFO - [SCREENER] 155 markets in 7.7s | yes:70 no:22 | next in 30s
2026-08-01 17:29:20,857 - INFO - [SCREENER] 152 markets in 8.7s | yes:65 no:23 | next in 30s
2026-08-01 17:29:49,333 - INFO - [SCREENER] 151 markets in 7.2s | yes:64 no:20 | next in 30s
2026-08-01 17:30:20,650 - INFO - [SCREENER] 149 markets in 7.5s | yes:65 no:21 | next in 30s
2026-08-01 17:31:00,426 - INFO - [SCREENER] 146 markets in 8.3s | yes:65 no:23 | next in 30s
2026-08-01 17:31:39,429 - INFO - [SCREENER] 150 markets in 7.7s | yes:63 no:24 | next in 30s
2026-08-01 17:32:10,717 - INFO - [SCREENER] 156 markets in 8.2s | yes:65 no:22 | next in 30s
2026-08-01 17:32:50,099 - INFO - [SCREENER] 152 markets in 8.1s | yes:66 no:22 | next in 30s
2026-08-01 17:33:28,980 - INFO - [SCREENER] 154 markets in 7.7s | yes:66 no:20 | next in 30s
2026-08-01 17:34:10,143 - INFO - [SCREENER] 155 markets in 7.4s | yes:69 no:18 | next in 30s
2026-08-01 17:34:10,348 - ERROR - [py_clob_client_v2] request error: Server disconnected
2026-08-01 17:34:10,348 - ERROR - [py_clob_client_v2] request error: Server disconnected
2026-08-01 17:34:10,349 - ERROR - 查询订单失败: PolyApiException[status_code=None, error_message=Request exception!]
2026-08-01 17:34:10,350 - ERROR - [DISCOVER] 订单查询失败，跳过本周期
2026-08-01 17:34:10,351 - ERROR - [py_clob_client_v2] request error: Server disconnected
2026-08-01 17:34:10,352 - ERROR - [py_clob_client_v2] request error: Server disconnected
2026-08-01 17:34:10,352 - ERROR - [CANCEL FAIL] 0x6cef87f2602b87706c... | PolyApiException[status_code=None, error_message=Request exception!]
2026-08-01 17:34:10,352 - ERROR - [CANCEL FAIL] 0xda371689a24c406af8... | PolyApiException[status_code=None, error_message=Request exception!]
2026-08-01 17:34:10,838 - ERROR - [HEARTBEAT] 失败 (连续 1 次): 401 Client Error: Unauthorized for url: https://clob.polymarket.com/v1/heartbeats
2026-08-01 17:34:10,917 - ERROR - [CANCEL FAIL] 0x6cef87f2602b87706c 订单仍存活在交易所！保持 RESTING
2026-08-01 17:34:10,918 - ERROR - [CANCEL FAIL] 0xda371689a24c406af8 订单仍存活在交易所！保持 RESTING
2026-08-01 17:34:12,092 - ERROR - [py_clob_client_v2] request error status=400 url=https://clob.polymarket.com/v1/heartbeats body={"heartbeat_id":"c01a2a0c-c72d-47ae-86a8-0a7c653dc240","error_msg":"Invalid Heartbeat ID"}
2026-08-01 17:34:12,093 - INFO - [HEARTBEAT] 从 SDK 错误恢复 heartbeat_id: c01a2a0c-c72d-47 (旧: 78d2a0d0-0fbf-4a)
2026-08-01 17:34:12,348 - INFO - [HEARTBEAT] OK (recovered) id=01a6b6c5-a7d0-4e
2026-08-01 17:34:48,553 - INFO - [SCREENER] 156 markets in 7.6s | yes:71 no:18 | next in 30s
2026-08-01 17:35:27,209 - INFO - [SCREENER] 159 markets in 7.2s | yes:72 no:18 | next in 30s
2026-08-01 17:36:05,974 - INFO - [SCREENER] 161 markets in 7.7s | yes:72 no:19 | next in 30s
2026-08-01 17:36:07,991 - WARNING - [AUDIT] 7082936088025310 订单丢失纠偏
2026-08-01 17:36:07,991 - WARNING - [AUDIT] 1121984966634020 订单丢失纠偏
2026-08-01 17:36:38,136 - INFO - [SCREENER] 160 markets in 8.8s | yes:70 no:19 | next in 30s
2026-08-01 17:37:07,069 - INFO - [SCREENER] 159 markets in 7.4s | yes:73 no:21 | next in 30s
2026-08-01 17:37:46,262 - INFO - [SCREENER] 159 markets in 8.0s | yes:67 no:21 | next in 30s
2026-08-01 17:38:10,750 - INFO - [LIMIT SELL] Will the highest temperature in Munich b | 30.0000 shares @ 0.26
2026-08-01 17:38:10,751 - INFO - [POSITION] 限价卖出 1 个持仓
2026-08-01 17:38:28,228 - INFO - [SCREENER] 166 markets in 7.5s | yes:69 no:21 | next in 30s
2026-08-01 17:39:07,847 - INFO - [SCREENER] 164 markets in 8.3s | yes:68 no:21 | next in 30s
2026-08-01 17:39:46,236 - INFO - [SCREENER] 167 markets in 7.3s | yes:68 no:20 | next in 30s
2026-08-01 17:40:24,763 - INFO - [SCREENER] 167 markets in 7.3s | yes:69 no:22 | next in 30s
2026-08-01 17:40:56,405 - INFO - [SCREENER] 169 markets in 7.9s | yes:70 no:21 | next in 30s
2026-08-01 17:41:36,079 - INFO - [SCREENER] 168 markets in 8.2s | yes:69 no:23 | next in 30s
2026-08-01 17:42:14,414 - INFO - [SCREENER] 169 markets in 7.2s | yes:80 no:22 | next in 30s
2026-08-01 17:42:45,473 - INFO - [SCREENER] 167 markets in 7.5s | yes:78 no:25 | next in 30s
2026-08-01 17:43:24,327 - INFO - [SCREENER] 167 markets in 7.7s | yes:79 no:27 | next in 30s
2026-08-01 17:44:03,858 - INFO - [SCREENER] 167 markets in 8.3s | yes:81 no:24 | next in 30s
2026-08-01 17:44:43,175 - INFO - [SCREENER] 166 markets in 7.9s | yes:76 no:24 | next in 30s
2026-08-01 17:45:14,549 - INFO - [SCREENER] 165 markets in 7.8s | yes:74 no:21 | next in 30s
2026-08-01 17:45:53,520 - INFO - [SCREENER] 166 markets in 7.5s | yes:74 no:22 | next in 30s
2026-08-01 17:46:32,216 - INFO - [SCREENER] 167 markets in 7.5s | yes:68 no:24 | next in 30s
2026-08-01 17:47:02,926 - INFO - [SCREENER] 169 markets in 7.2s | yes:68 no:20 | next in 30s
2026-08-01 17:47:42,653 - INFO - [SCREENER] 173 markets in 8.4s | yes:66 no:23 | next in 30s
2026-08-01 17:48:21,863 - INFO - [SCREENER] 173 markets in 7.8s | yes:74 no:19 | next in 30s
2026-08-01 17:49:00,788 - INFO - [SCREENER] 170 markets in 7.9s | yes:76 no:18 | next in 30s
2026-08-01 17:49:04,505 - WARNING - [POSITION] 7391922537017002 best_bid=0.43 < 成本0.5600-0.02=0.5400，取消卖单等待
2026-08-01 17:49:32,205 - INFO - [SCREENER] 170 markets in 7.7s | yes:73 no:25 | next in 30s
2026-08-01 17:50:11,546 - INFO - [SCREENER] 171 markets in 7.8s | yes:80 no:24 | next in 30s
2026-08-01 17:50:51,223 - INFO - [SCREENER] 168 markets in 8.4s | yes:80 no:23 | next in 30s
2026-08-01 17:51:23,508 - INFO - [SCREENER] 169 markets in 8.5s | yes:80 no:18 | next in 30s
2026-08-01 17:51:53,819 - INFO - [SCREENER] 172 markets in 8.6s | yes:77 no:16 | next in 30s
2026-08-01 17:52:31,985 - INFO - [SCREENER] 169 markets in 7.1s | yes:79 no:20 | next in 30s
2026-08-01 17:53:11,068 - INFO - [SCREENER] 168 markets in 7.9s | yes:78 no:22 | next in 30s
2026-08-01 17:53:42,499 - INFO - [SCREENER] 171 markets in 7.6s | yes:78 no:21 | next in 30s
2026-08-01 17:54:20,987 - INFO - [SCREENER] 173 markets in 7.6s | yes:76 no:22 | next in 30s
2026-08-01 17:55:00,160 - INFO - [SCREENER] 175 markets in 8.1s | yes:78 no:23 | next in 30s
2026-08-01 17:55:31,636 - INFO - [SCREENER] 165 markets in 7.8s | yes:74 no:21 | next in 30s
2026-08-01 17:56:11,680 - INFO - [SCREENER] 170 markets in 8.6s | yes:77 no:21 | next in 30s
2026-08-01 17:56:41,215 - INFO - [SCREENER] 169 markets in 8.1s | yes:78 no:22 | next in 30s
2026-08-01 17:57:21,075 - INFO - [SCREENER] 165 markets in 8.7s | yes:78 no:22 | next in 30s
2026-08-01 17:57:22,502 - WARNING - [AUDIT] 7391922537017002 订单丢失纠偏
2026-08-01 17:57:53,177 - INFO - [SCREENER] 166 markets in 8.7s | yes:79 no:22 | next in 30s
2026-08-01 17:58:31,806 - INFO - [SCREENER] 161 markets in 7.6s | yes:74 no:16 | next in 30s
2026-08-01 17:59:09,968 - INFO - [SCREENER] 163 markets in 7.3s | yes:74 no:16 | next in 30s
2026-08-01 17:59:40,526 - INFO - [SCREENER] 164 markets in 7.4s | yes:69 no:15 | next in 30s
2026-08-01 18:00:19,247 - INFO - [SCREENER] 159 markets in 7.3s | yes:63 no:13 | next in 30s
2026-08-01 18:00:19,524 - ERROR - [py_clob_client_v2] request error: Server disconnected
2026-08-01 18:00:19,524 - ERROR - [py_clob_client_v2] request error: Server disconnected
2026-08-01 18:00:19,524 - ERROR - [py_clob_client_v2] request error: Server disconnected
2026-08-01 18:00:19,524 - ERROR - [CANCEL FAIL] 0x4067561abe6a411899... | PolyApiException[status_code=None, error_message=Request exception!]
2026-08-01 18:00:19,525 - ERROR - [py_clob_client_v2] request error: Server disconnected
2026-08-01 18:00:19,525 - ERROR - 查询订单失败: PolyApiException[status_code=None, error_message=Request exception!]
2026-08-01 18:00:19,525 - ERROR - [CANCEL FAIL] 0x86a70a0cbc1993fcbe... | PolyApiException[status_code=None, error_message=Request exception!]
2026-08-01 18:00:19,526 - ERROR - [DISCOVER] 订单查询失败，跳过本周期
2026-08-01 18:00:20,033 - ERROR - [HEARTBEAT] 失败 (连续 1 次): 401 Client Error: Unauthorized for url: https://clob.polymarket.com/v1/heartbeats
2026-08-01 18:00:20,219 - ERROR - [CANCEL FAIL] 0x4067561abe6a411899 订单仍存活在交易所！保持 RESTING
2026-08-01 18:00:20,219 - ERROR - [CANCEL FAIL] 0x86a70a0cbc1993fcbe 订单仍存活在交易所！保持 RESTING
2026-08-01 18:00:21,274 - ERROR - [py_clob_client_v2] request error status=400 url=https://clob.polymarket.com/v1/heartbeats body={"heartbeat_id":"20dc743f-7279-435f-bd61-a564ee9ddda8","error_msg":"Invalid Heartbeat ID"}
2026-08-01 18:00:21,274 - INFO - [HEARTBEAT] 从 SDK 错误恢复 heartbeat_id: 20dc743f-7279-43 (旧: 07f4073f-1a39-4e)
2026-08-01 18:00:21,517 - INFO - [HEARTBEAT] OK (recovered) id=7d116366-6817-47
2026-08-01 18:00:58,246 - INFO - [SCREENER] 157 markets in 8.0s | yes:61 no:13 | next in 30s
2026-08-01 18:01:37,085 - INFO - [SCREENER] 155 markets in 7.8s | yes:60 no:15 | next in 30s
2026-08-01 18:01:38,471 - INFO - 收到停止信号，优雅退出...
2026-08-01 18:01:39,186 - WARNING - [AUDIT] 3053519174831460 订单丢失纠偏
2026-08-01 18:01:39,186 - WARNING - [AUDIT] 7411795248673169 订单丢失纠偏
2026-08-01 18:01:40,645 - INFO - 开始优雅关闭...
2026-08-01 18:01:40,924 - INFO - [CANCEL ALL] 72 已取消 | 系统关闭
2026-08-01 18:01:41,110 - WARNING - [USER WS] close code=None reason=None
2026-08-01 18:01:42,474 - INFO - [HEARTBEAT] 已停止
2026-08-01 18:01:42,474 - INFO - ============================================================
系统已停止
============================================================
2026-08-01 18:01:42,475 - INFO - [WssBot] 停止市场WS...
2026-08-01 18:01:42,720 - WARNING - [MarketWS] 连接断开 code=None msg=None
2026-08-01 18:01:42,721 - INFO - [MarketWS] 已停止
2026-08-01 18:02:11,127 - INFO - ============================================================
2026-08-01 18:02:11,128 - INFO - Maker-only Guardian V7.0 启动
2026-08-01 18:02:11,128 - INFO - 地址: 0x304bf40e9e50c265f6dd86417707d5b41d8ea619 | 档: 2 | 量: 50 | 冷却: 120s | 心跳: 7.0s
2026-08-01 18:02:11,128 - INFO - 筛选器: keyword=temp top1=100 top2=500 top3=1200 existing=3000 rewards>=10
2026-08-01 18:02:11,128 - INFO - 实例: wss | midpoint=[0.15, 0.85]
2026-08-01 18:02:11,128 - INFO - ============================================================
2026-08-01 18:02:11,128 - INFO - [WssBot] 市场WS初始化完成 url=wss://ws-subscriptions-clob.polymarket.com/ws/market ping=10s reconnect=5s
2026-08-01 18:02:11,128 - INFO - [WssBot] 启动市场WS...
2026-08-01 18:02:11,129 - INFO - [MarketWS] 启动，URL=wss://ws-subscriptions-clob.polymarket.com/ws/market
2026-08-01 18:02:11,130 - INFO - [HEARTBEAT] 已启动 interval=7.0s
2026-08-01 18:02:11,665 - INFO - [MarketWS] 已连接（暂无市场，等待动态订阅）
2026-08-01 18:02:20,038 - INFO - [SCREENER] 157 markets in 8.3s | yes:59 no:15 | next in 30s
2026-08-01 18:02:30,808 - ERROR - [py_clob_client_v2] request error: Server disconnected
2026-08-01 18:02:30,809 - ERROR - [py_clob_client_v2] request error: Server disconnected
2026-08-01 18:02:30,809 - ERROR - [py_clob_client_v2] request error: Server disconnected
2026-08-01 18:02:30,810 - ERROR - 获取订单簿失败: 60504045264172887920... | PolyApiException[status_code=None, error_message=Request exception!]
2026-08-01 18:02:30,810 - ERROR - 获取订单簿失败: 73739096711807044312... | PolyApiException[status_code=None, error_message=Request exception!]
2026-08-01 18:02:30,811 - ERROR - 获取订单簿失败: 38309690889277441191... | PolyApiException[status_code=None, error_message=Request exception!]
2026-08-01 18:02:31,804 - WARNING - [RETRY] 6050404526417288 bids不足2档，10s后重试
2026-08-01 18:02:31,808 - WARNING - [RETRY] 7373909671180704 bids不足2档，10s后重试
2026-08-01 18:02:31,809 - WARNING - [RETRY] 3830969088927744 bids不足2档，10s后重试
2026-08-01 18:02:58,235 - INFO - [SCREENER] 149 markets in 7.4s | yes:61 no:17 | next in 30s
2026-08-01 18:03:44,062 - INFO - [SCREENER] 148 markets in 14.8s | yes:66 no:18 | next in 30s
2026-08-01 18:04:12,637 - INFO - [SCREENER] 149 markets in 7.6s | yes:63 no:18 | next in 30s
2026-08-01 18:04:43,542 - INFO - [SCREENER] 149 markets in 7.3s | yes:63 no:19 | next in 30s
2026-08-01 18:05:23,249 - INFO - [SCREENER] 155 markets in 8.4s | yes:67 no:19 | next in 30s
2026-08-01 18:06:02,136 - INFO - [SCREENER] 157 markets in 7.6s | yes:68 no:17 | next in 30s
2026-08-01 18:06:42,988 - INFO - [SCREENER] 163 markets in 7.2s | yes:69 no:19 | next in 30s
2026-08-01 18:07:21,490 - INFO - [SCREENER] 165 markets in 7.2s | yes:67 no:21 | next in 30s
2026-08-01 18:07:59,891 - INFO - [SCREENER] 165 markets in 7.3s | yes:69 no:23 | next in 30s
2026-08-01 18:08:38,704 - INFO - [SCREENER] 172 markets in 7.9s | yes:80 no:23 | next in 30s
2026-08-01 18:09:10,760 - INFO - [SCREENER] 170 markets in 8.1s | yes:79 no:22 | next in 30s
2026-08-01 18:09:50,278 - INFO - [SCREENER] 170 markets in 8.1s | yes:82 no:25 | next in 30s
2026-08-01 18:10:30,019 - INFO - [SCREENER] 170 markets in 8.5s | yes:86 no:25 | next in 30s
2026-08-01 18:11:02,327 - INFO - [SCREENER] 172 markets in 7.9s | yes:88 no:22 | next in 30s
2026-08-01 18:11:44,297 - INFO - [SCREENER] 172 markets in 11.0s | yes:85 no:23 | next in 30s
2026-08-01 18:12:14,365 - INFO - [SCREENER] 171 markets in 8.4s | yes:86 no:24 | next in 30s
2026-08-01 18:12:53,356 - INFO - [SCREENER] 170 markets in 7.9s | yes:84 no:21 | next in 30s
2026-08-01 18:13:25,527 - INFO - [SCREENER] 164 markets in 8.0s | yes:86 no:19 | next in 30s
2026-08-01 18:14:04,480 - INFO - [SCREENER] 169 markets in 7.5s | yes:88 no:21 | next in 30s
2026-08-01 18:14:44,525 - INFO - [SCREENER] 169 markets in 8.7s | yes:89 no:20 | next in 30s
2026-08-01 18:15:16,941 - INFO - [SCREENER] 168 markets in 9.4s | yes:89 no:19 | next in 30s
2026-08-01 18:15:46,937 - INFO - [SCREENER] 164 markets in 8.6s | yes:87 no:22 | next in 30s
2026-08-01 18:16:16,604 - INFO - [SCREENER] 167 markets in 8.0s | yes:87 no:22 | next in 30s
2026-08-01 18:16:56,551 - INFO - [SCREENER] 164 markets in 8.5s | yes:84 no:23 | next in 30s
2026-08-01 18:17:10,384 - INFO - [LIMIT SELL] Will the highest temperature in Busan be | 6.7856 shares @ 0.13
2026-08-01 18:17:10,385 - INFO - [POSITION] 限价卖出 1 个持仓
2026-08-01 18:17:28,019 - INFO - [SCREENER] 164 markets in 7.6s | yes:82 no:25 | next in 30s
2026-08-01 18:17:29,013 - ERROR - [BATCH CANCEL FAIL] 0x6c9491306131b3b9a6... | order can't be found - already canceled or matched
2026-08-01 18:17:29,754 - ERROR - [BATCH CANCEL] 7391922537017002 取消结果不明，回退 RESTING 等 audit 确认 | oid=0x6c9491306131b3b9a6
2026-08-01 18:17:39,576 - ERROR - [BATCH CANCEL FAIL] 0xf300846ca9b0d9d49c... | order can't be found - already canceled or matched
2026-08-01 18:17:40,328 - ERROR - [BATCH CANCEL] 2519122441484087 取消结果不明，回退 RESTING 等 audit 确认 | oid=0xf300846ca9b0d9d49c
2026-08-01 18:18:06,987 - INFO - [SCREENER] 160 markets in 7.6s | yes:78 no:21 | next in 30s
2026-08-01 18:18:45,445 - INFO - [SCREENER] 155 markets in 7.3s | yes:65 no:22 | next in 30s
2026-08-01 18:19:24,715 - INFO - [SCREENER] 154 markets in 8.0s | yes:64 no:20 | next in 30s
2026-08-01 18:19:28,568 - INFO - [LIMIT SELL] Will the highest temperature in Mexico C | 50.0000 shares @ 0.47
2026-08-01 18:19:29,002 - INFO - [LIMIT SELL] Will the highest temperature in Helsinki | 50.0000 shares @ 0.4
2026-08-01 18:19:29,002 - INFO - [POSITION] 限价卖出 2 个持仓
2026-08-01 18:19:57,399 - INFO - [SCREENER] 155 markets in 7.8s | yes:68 no:24 | next in 30s
2026-08-01 18:20:36,329 - INFO - [SCREENER] 154 markets in 7.6s | yes:70 no:25 | next in 30s
2026-08-01 18:21:15,026 - INFO - [SCREENER] 156 markets in 7.8s | yes:69 no:28 | next in 30s
2026-08-01 18:21:45,462 - INFO - [SCREENER] 155 markets in 7.2s | yes:70 no:31 | next in 30s
2026-08-01 18:22:24,423 - INFO - [SCREENER] 153 markets in 7.7s | yes:69 no:27 | next in 30s
2026-08-01 18:23:05,196 - INFO - [SCREENER] 155 markets in 9.6s | yes:70 no:27 | next in 30s
2026-08-01 18:23:33,973 - INFO - [SCREENER] 159 markets in 7.5s | yes:72 no:27 | next in 30s
2026-08-01 18:24:05,763 - INFO - [SCREENER] 161 markets in 7.7s | yes:77 no:32 | next in 30s
2026-08-01 18:24:45,587 - INFO - [SCREENER] 162 markets in 8.3s | yes:75 no:30 | next in 30s
2026-08-01 18:25:24,463 - INFO - [SCREENER] 160 markets in 7.4s | yes:74 no:30 | next in 30s
2026-08-01 18:25:55,499 - INFO - [SCREENER] 163 markets in 8.0s | yes:76 no:31 | next in 30s
2026-08-01 18:26:36,034 - INFO - [SCREENER] 162 markets in 9.0s | yes:75 no:32 | next in 30s
2026-08-01 18:26:52,467 - ERROR - [py_clob_client_v2] request error: Server disconnected
2026-08-01 18:26:52,468 - ERROR - [py_clob_client_v2] request error: Server disconnected
2026-08-01 18:26:52,468 - ERROR - 获取订单簿失败: 63924900826631871102... | PolyApiException[status_code=None, error_message=Request exception!]
2026-08-01 18:26:52,468 - ERROR - 获取订单簿失败: 59224853984982388137... | PolyApiException[status_code=None, error_message=Request exception!]
2026-08-01 18:26:53,464 - WARNING - [RETRY] 6392490082663187 bids不足2档，10s后重试
2026-08-01 18:26:53,465 - WARNING - [RETRY] 5922485398498238 bids不足2档，10s后重试
2026-08-01 18:27:05,112 - INFO - [SCREENER] 164 markets in 7.6s | yes:79 no:32 | next in 30s
2026-08-01 18:27:43,764 - INFO - [SCREENER] 160 markets in 7.3s | yes:74 no:32 | next in 30s
2026-08-01 18:28:15,606 - INFO - [SCREENER] 158 markets in 8.0s | yes:70 no:30 | next in 30s
2026-08-01 18:28:55,536 - INFO - [SCREENER] 158 markets in 8.6s | yes:68 no:31 | next in 30s
2026-08-01 18:29:35,268 - INFO - [SCREENER] 164 markets in 8.4s | yes:72 no:33 | next in 30s
2026-08-01 18:30:07,353 - INFO - [SCREENER] 160 markets in 8.7s | yes:73 no:30 | next in 30s
2026-08-01 18:30:45,672 - INFO - [SCREENER] 159 markets in 7.2s | yes:70 no:30 | next in 30s
2026-08-01 18:31:24,031 - INFO - [SCREENER] 159 markets in 7.3s | yes:72 no:29 | next in 30s
2026-08-01 18:32:04,755 - INFO - [SCREENER] 157 markets in 9.5s | yes:66 no:29 | next in 30s
2026-08-01 18:32:37,421 - INFO - [SCREENER] 157 markets in 8.8s | yes:65 no:28 | next in 30s
2026-08-01 18:33:07,351 - INFO - [SCREENER] 158 markets in 8.5s | yes:69 no:28 | next in 30s
2026-08-01 18:33:45,750 - INFO - [SCREENER] 159 markets in 7.3s | yes:68 no:28 | next in 30s
2026-08-01 18:34:17,286 - INFO - [SCREENER] 159 markets in 7.6s | yes:71 no:28 | next in 30s
2026-08-01 18:34:56,569 - INFO - [SCREENER] 159 markets in 7.9s | yes:66 no:26 | next in 30s
2026-08-01 18:35:35,667 - INFO - [SCREENER] 160 markets in 7.6s | yes:64 no:25 | next in 30s
2026-08-01 18:36:17,810 - INFO - [SCREENER] 162 markets in 8.7s | yes:66 no:25 | next in 30s
2026-08-01 18:36:56,513 - INFO - [SCREENER] 163 markets in 7.8s | yes:64 no:27 | next in 30s
2026-08-01 18:37:35,224 - INFO - [SCREENER] 161 markets in 7.7s | yes:62 no:29 | next in 30s
2026-08-01 18:38:17,220 - INFO - [SCREENER] 171 markets in 8.0s | yes:68 no:29 | next in 30s
2026-08-01 18:38:56,670 - INFO - [SCREENER] 156 markets in 8.6s | yes:73 no:25 | next in 30s
2026-08-01 18:39:35,736 - INFO - [SCREENER] 157 markets in 8.2s | yes:72 no:28 | next in 30s
2026-08-01 18:40:17,462 - INFO - [SCREENER] 161 markets in 8.2s | yes:72 no:23 | next in 30s
2026-08-01 18:40:57,073 - INFO - [SCREENER] 163 markets in 8.2s | yes:72 no:24 | next in 30s
2026-08-01 18:41:35,943 - INFO - [SCREENER] 164 markets in 7.8s | yes:63 no:26 | next in 30s
2026-08-01 18:42:16,847 - INFO - [SCREENER] 164 markets in 7.4s | yes:67 no:27 | next in 30s
2026-08-01 18:42:55,739 - INFO - [SCREENER] 165 markets in 7.8s | yes:64 no:27 | next in 30s
2026-08-01 18:43:34,382 - INFO - [SCREENER] 166 markets in 7.7s | yes:62 no:27 | next in 30s
2026-08-01 18:44:13,280 - INFO - [SCREENER] 165 markets in 7.8s | yes:64 no:26 | next in 30s
2026-08-01 18:44:45,704 - INFO - [SCREENER] 163 markets in 8.1s | yes:63 no:26 | next in 30s
2026-08-01 18:45:24,232 - INFO - [SCREENER] 159 markets in 7.4s | yes:67 no:25 | next in 30s
2026-08-01 18:46:03,012 - INFO - [SCREENER] 158 markets in 7.7s | yes:65 no:22 | next in 30s
2026-08-01 18:46:34,941 - INFO - [SCREENER] 157 markets in 8.3s | yes:64 no:22 | next in 30s
2026-08-01 18:47:14,171 - INFO - [SCREENER] 157 markets in 8.1s | yes:62 no:27 | next in 30s
2026-08-01 18:47:52,274 - INFO - [SCREENER] 156 markets in 7.2s | yes:65 no:23 | next in 30s
2026-08-01 18:48:32,055 - INFO - [SCREENER] 153 markets in 7.9s | yes:66 no:26 | next in 30s
2026-08-01 18:48:35,807 - INFO - [LIMIT SELL] Will the highest temperature in Wellingt | 3.0300 shares @ 0.35
2026-08-01 18:48:35,809 - INFO - [POSITION] 限价卖出 1 个持仓
2026-08-01 18:49:03,591 - INFO - [SCREENER] 155 markets in 7.8s | yes:67 no:21 | next in 30s
2026-08-01 18:49:42,132 - INFO - [SCREENER] 152 markets in 7.7s | yes:68 no:22 | next in 30s
2026-08-01 18:50:20,976 - INFO - [SCREENER] 150 markets in 7.8s | yes:66 no:29 | next in 30s
2026-08-01 18:50:52,766 - INFO - [SCREENER] 153 markets in 7.8s | yes:67 no:29 | next in 30s
2026-08-01 18:51:31,980 - INFO - [SCREENER] 151 markets in 8.2s | yes:66 no:29 | next in 30s
2026-08-01 18:52:10,129 - INFO - [SCREENER] 151 markets in 7.1s | yes:68 no:26 | next in 30s
2026-08-01 18:52:49,504 - INFO - [SCREENER] 147 markets in 8.0s | yes:66 no:28 | next in 30s
2026-08-01 18:53:21,167 - INFO - [SCREENER] 150 markets in 7.7s | yes:68 no:28 | next in 30s
2026-08-01 18:54:00,283 - INFO - [SCREENER] 146 markets in 8.0s | yes:68 no:25 | next in 30s
2026-08-01 18:54:39,286 - INFO - [SCREENER] 148 markets in 8.0s | yes:70 no:27 | next in 30s
2026-08-01 18:55:11,023 - INFO - [SCREENER] 146 markets in 7.9s | yes:66 no:25 | next in 30s
2026-08-01 18:55:50,243 - INFO - [SCREENER] 143 markets in 8.0s | yes:61 no:18 | next in 30s
2026-08-01 18:56:28,856 - INFO - [SCREENER] 146 markets in 7.7s | yes:61 no:22 | next in 30s
2026-08-01 18:57:07,424 - INFO - [SCREENER] 142 markets in 7.5s | yes:63 no:22 | next in 30s
2026-08-01 18:57:39,460 - INFO - [SCREENER] 143 markets in 7.8s | yes:63 no:19 | next in 30s
2026-08-01 18:58:19,607 - INFO - [SCREENER] 134 markets in 8.7s | yes:60 no:18 | next in 30s
2026-08-01 18:58:48,938 - INFO - [SCREENER] 134 markets in 7.7s | yes:60 no:18 | next in 30s
2026-08-01 18:59:30,208 - INFO - [SCREENER] 119 markets in 7.5s | yes:50 no:10 | next in 30s
2026-08-01 19:00:08,512 - INFO - [SCREENER] 130 markets in 7.3s | yes:57 no:10 | next in 30s
2026-08-01 19:00:49,409 - INFO - [SCREENER] 128 markets in 9.9s | yes:56 no:10 | next in 30s
2026-08-01 19:01:18,919 - INFO - [SCREENER] 127 markets in 8.6s | yes:56 no:11 | next in 30s
2026-08-01 19:01:50,138 - INFO - [SCREENER] 124 markets in 7.8s | yes:56 no:13 | next in 30s
2026-08-01 19:02:28,387 - INFO - [SCREENER] 128 markets in 7.4s | yes:51 no:13 | next in 30s
2026-08-01 19:03:06,890 - INFO - [SCREENER] 126 markets in 7.7s | yes:51 no:15 | next in 30s
2026-08-01 19:03:37,352 - INFO - [SCREENER] 126 markets in 7.9s | yes:50 no:16 | next in 30s
2026-08-01 19:04:17,468 - INFO - [SCREENER] 124 markets in 9.0s | yes:50 no:14 | next in 30s
2026-08-01 19:04:46,628 - INFO - [SCREENER] 126 markets in 8.0s | yes:52 no:14 | next in 30s
2026-08-01 19:05:25,315 - INFO - [SCREENER] 131 markets in 7.7s | yes:59 no:15 | next in 30s
2026-08-01 19:05:56,462 - INFO - [SCREENER] 135 markets in 8.0s | yes:57 no:15 | next in 30s
2026-08-01 19:06:35,234 - INFO - [SCREENER] 138 markets in 7.9s | yes:63 no:16 | next in 30s
2026-08-01 19:07:14,743 - INFO - [SCREENER] 140 markets in 8.2s | yes:62 no:17 | next in 30s
2026-08-01 19:07:46,192 - INFO - [SCREENER] 137 markets in 8.5s | yes:62 no:15 | next in 30s
2026-08-01 19:08:24,474 - INFO - [SCREENER] 138 markets in 7.3s | yes:63 no:17 | next in 30s
2026-08-01 19:09:03,190 - INFO - [SCREENER] 148 markets in 7.3s | yes:67 no:17 | next in 30s
2026-08-01 19:09:41,209 - INFO - [SCREENER] 149 markets in 7.0s | yes:63 no:19 | next in 30s
2026-08-01 19:10:12,565 - INFO - [SCREENER] 148 markets in 7.8s | yes:64 no:17 | next in 30s
2026-08-01 19:10:51,343 - INFO - [SCREENER] 149 markets in 7.8s | yes:62 no:16 | next in 30s
2026-08-01 19:11:30,159 - INFO - [SCREENER] 146 markets in 7.6s | yes:60 no:17 | next in 30s
2026-08-01 19:12:02,181 - INFO - [SCREENER] 149 markets in 7.7s | yes:62 no:18 | next in 30s
2026-08-01 19:12:41,856 - INFO - [SCREENER] 145 markets in 8.7s | yes:61 no:20 | next in 30s
2026-08-01 19:13:04,716 - ERROR - [py_clob_client_v2] request error: [SSL: UNEXPECTED_EOF_WHILE_READING] EOF occurred in violation of protocol (_ssl.c:1000)
2026-08-01 19:13:05,292 - ERROR - [HEARTBEAT] 失败 (连续 1 次): 401 Client Error: Unauthorized for url: https://clob.polymarket.com/v1/heartbeats
2026-08-01 19:13:20,612 - INFO - [SCREENER] 145 markets in 7.7s | yes:66 no:18 | next in 30s
2026-08-01 19:13:43,099 - WARNING - [AUDIT] 6503655071704336 订单丢失纠偏
2026-08-01 19:13:43,101 - WARNING - [AUDIT] 8027808051614500 订单丢失纠偏
2026-08-01 19:13:43,101 - WARNING - [AUDIT] 6548346102761346 订单丢失纠偏
2026-08-01 19:13:43,101 - WARNING - [AUDIT] 5788667258485827 订单丢失纠偏
2026-08-01 19:13:43,102 - WARNING - [AUDIT] 8973252493302230 订单丢失纠偏
2026-08-01 19:13:43,102 - WARNING - [AUDIT] 5975717853141116 订单丢失纠偏
2026-08-01 19:13:43,102 - WARNING - [AUDIT] 1131349159365005 订单丢失纠偏
2026-08-01 19:13:43,102 - WARNING - [AUDIT] 1436216773944936 订单丢失纠偏
2026-08-01 19:13:43,102 - WARNING - [AUDIT] 2388198791363280 订单丢失纠偏
2026-08-01 19:13:43,102 - WARNING - [AUDIT] 1088454822142387 订单丢失纠偏
2026-08-01 19:13:43,102 - WARNING - [AUDIT] 1034988960310638 订单丢失纠偏
2026-08-01 19:13:43,102 - WARNING - [AUDIT] 9227788675574654 订单丢失纠偏
2026-08-01 19:13:43,102 - WARNING - [AUDIT] 7257016095697239 订单丢失纠偏
2026-08-01 19:13:43,102 - WARNING - [AUDIT] 1156262876308715 订单丢失纠偏
2026-08-01 19:13:43,102 - WARNING - [AUDIT] 3209624476173662 订单丢失纠偏
2026-08-01 19:13:43,102 - WARNING - [AUDIT] 5519263598339571 订单丢失纠偏
2026-08-01 19:13:43,102 - WARNING - [AUDIT] 7472634829501831 订单丢失纠偏
2026-08-01 19:13:43,102 - WARNING - [AUDIT] 9098766676952057 订单丢失纠偏
2026-08-01 19:13:43,102 - WARNING - [AUDIT] 3819089658003181 订单丢失纠偏
2026-08-01 19:13:43,102 - WARNING - [AUDIT] 6667594363719954 订单丢失纠偏
2026-08-01 19:13:43,102 - WARNING - [AUDIT] 1096273928181717 订单丢失纠偏
2026-08-01 19:13:43,103 - WARNING - [AUDIT] 6156300323543334 订单丢失纠偏
2026-08-01 19:13:43,103 - WARNING - [AUDIT] 4509625010772837 订单丢失纠偏
2026-08-01 19:13:43,103 - WARNING - [AUDIT] 6264442192607507 订单丢失纠偏
2026-08-01 19:13:43,103 - WARNING - [AUDIT] 1794996136590096 订单丢失纠偏
2026-08-01 19:13:43,103 - WARNING - [AUDIT] 4109461157583376 订单丢失纠偏
2026-08-01 19:13:43,103 - WARNING - [AUDIT] 3830969088927744 订单丢失纠偏
2026-08-01 19:13:43,103 - WARNING - [AUDIT] 6956789409017011 订单丢失纠偏
2026-08-01 19:13:43,104 - WARNING - [AUDIT] 8577971597134022 订单丢失纠偏
2026-08-01 19:13:43,104 - WARNING - [AUDIT] 1037331251891394 订单丢失纠偏
2026-08-01 19:13:43,104 - WARNING - [AUDIT] 1043733025524486 订单丢失纠偏
2026-08-01 19:13:43,104 - WARNING - [AUDIT] 1965648286691718 订单丢失纠偏
2026-08-01 19:13:43,104 - WARNING - [AUDIT] 1593649549210478 订单丢失纠偏
2026-08-01 19:13:43,104 - WARNING - [AUDIT] 2351441975377553 订单丢失纠偏
2026-08-01 19:13:43,104 - WARNING - [AUDIT] 5354332571921001 订单丢失纠偏
2026-08-01 19:13:43,104 - WARNING - [AUDIT] 8040693071715244 订单丢失纠偏
2026-08-01 19:13:43,104 - WARNING - [AUDIT] 7611883358323054 订单丢失纠偏
2026-08-01 19:13:43,104 - WARNING - [AUDIT] 7145506748393481 订单丢失纠偏
2026-08-01 19:13:43,104 - WARNING - [AUDIT] 1138600151590930 订单丢失纠偏
2026-08-01 19:13:43,104 - WARNING - [AUDIT] 4229198325288700 订单丢失纠偏
2026-08-01 19:13:43,104 - WARNING - [AUDIT] 1067524213121640 订单丢失纠偏
2026-08-01 19:13:43,104 - WARNING - [AUDIT] 5818864341577174 订单丢失纠偏
2026-08-01 19:13:43,105 - WARNING - [AUDIT] 3429168519566413 订单丢失纠偏
2026-08-01 19:13:43,105 - WARNING - [AUDIT] 1032006299324973 订单丢失纠偏
2026-08-01 19:13:43,105 - WARNING - [AUDIT] 1114281857168452 订单丢失纠偏
2026-08-01 19:13:43,105 - WARNING - [AUDIT] 1072612513038138 订单丢失纠偏
2026-08-01 19:13:43,105 - WARNING - [AUDIT] 6729075146352657 订单丢失纠偏
2026-08-01 19:13:43,105 - WARNING - [AUDIT] 2011341284551955 订单丢失纠偏
2026-08-01 19:13:43,105 - WARNING - [AUDIT] 8062130920515222 订单丢失纠偏
2026-08-01 19:13:43,105 - WARNING - [AUDIT] 1045988534739228 订单丢失纠偏
2026-08-01 19:13:43,105 - WARNING - [AUDIT] 3629662601715816 订单丢失纠偏
2026-08-01 19:13:43,105 - WARNING - [AUDIT] 7799116196473050 订单丢失纠偏
2026-08-01 19:13:43,105 - WARNING - [AUDIT] 4050068850869704 订单丢失纠偏
2026-08-01 19:13:43,105 - WARNING - [AUDIT] 1265034593328029 订单丢失纠偏
2026-08-01 19:13:43,105 - WARNING - [AUDIT] 8942840177536718 订单丢失纠偏
2026-08-01 19:13:43,105 - WARNING - [AUDIT] 2011501897704417 订单丢失纠偏
2026-08-01 19:13:43,105 - WARNING - [AUDIT] 1006095431229272 订单丢失纠偏
2026-08-01 19:13:43,105 - WARNING - [AUDIT] 4934882975839677 订单丢失纠偏
2026-08-01 19:13:43,105 - WARNING - [AUDIT] 2314096010071466 订单丢失纠偏
2026-08-01 19:13:43,105 - WARNING - [AUDIT] 2248037221399619 订单丢失纠偏
2026-08-01 19:13:43,105 - WARNING - [AUDIT] 1804286856407954 订单丢失纠偏
2026-08-01 19:13:43,105 - WARNING - [AUDIT] 1110943058988662 订单丢失纠偏
2026-08-01 19:13:43,105 - WARNING - [AUDIT] 9260530141413096 订单丢失纠偏
2026-08-01 19:13:43,106 - WARNING - [AUDIT] 8912714906367095 订单丢失纠偏
2026-08-01 19:13:43,106 - WARNING - [AUDIT] 2504049173922608 订单丢失纠偏
2026-08-01 19:13:43,106 - WARNING - [AUDIT] 2540412876613684 订单丢失纠偏
2026-08-01 19:13:43,106 - WARNING - [AUDIT] 7409333872056805 订单丢失纠偏
2026-08-01 19:13:43,106 - WARNING - [AUDIT] 1030437601221276 订单丢失纠偏
2026-08-01 19:13:43,106 - WARNING - [AUDIT] 9273255037284990 订单丢失纠偏
2026-08-01 19:13:43,106 - WARNING - [AUDIT] 7593421375006756 订单丢失纠偏
2026-08-01 19:13:43,106 - WARNING - [AUDIT] 1061641959633225 订单丢失纠偏
2026-08-01 19:13:43,106 - WARNING - [AUDIT] 9237895826239872 订单丢失纠偏
2026-08-01 19:13:43,106 - WARNING - [AUDIT] 3922496585031103 订单丢失纠偏
2026-08-01 19:13:43,106 - WARNING - [AUDIT] 8220996810259137 订单丢失纠偏
2026-08-01 19:13:43,106 - WARNING - [AUDIT] 7731740578096876 订单丢失纠偏
2026-08-01 19:13:43,106 - WARNING - [AUDIT] 8010042636530198 订单丢失纠偏
2026-08-01 19:13:43,107 - WARNING - [AUDIT] 7856456720682009 订单丢失纠偏
2026-08-01 19:14:02,435 - INFO - [SCREENER] 144 markets in 8.0s | yes:72 no:20 | next in 30s
2026-08-01 19:14:41,738 - INFO - [SCREENER] 148 markets in 8.3s | yes:78 no:20 | next in 30s
2026-08-01 19:15:19,747 - INFO - [SCREENER] 149 markets in 7.2s | yes:74 no:20 | next in 30s
2026-08-01 19:15:45,456 - ERROR - [py_clob_client_v2] request error: Server disconnected
2026-08-01 19:15:45,456 - ERROR - [py_clob_client_v2] request error: Server disconnected
2026-08-01 19:15:45,456 - ERROR - [py_clob_client_v2] request error: Server disconnected
2026-08-01 19:15:45,456 - ERROR - 获取订单簿失败: 12650345933280295098... | PolyApiException[status_code=None, error_message=Request exception!]
2026-08-01 19:15:45,457 - ERROR - 获取订单簿失败: 36296626017158160298... | PolyApiException[status_code=None, error_message=Request exception!]
2026-08-01 19:15:45,457 - ERROR - [py_clob_client_v2] request error: Server disconnected
2026-08-01 19:15:45,457 - ERROR - 获取订单簿失败: 77991161964730505486... | PolyApiException[status_code=None, error_message=Request exception!]
2026-08-01 19:15:45,457 - ERROR - [py_clob_client_v2] request error: Server disconnected
2026-08-01 19:15:45,457 - ERROR - [py_clob_client_v2] request error: Server disconnected
2026-08-01 19:15:45,459 - ERROR - 获取订单簿失败: 40500688508697041967... | PolyApiException[status_code=None, error_message=Request exception!]
2026-08-01 19:15:45,460 - ERROR - 获取订单簿失败: 89428401775367181557... | PolyApiException[status_code=None, error_message=Request exception!]
2026-08-01 19:15:45,460 - ERROR - 获取订单簿失败: 10459885347392285522... | PolyApiException[status_code=None, error_message=Request exception!]
2026-08-01 19:15:45,925 - WARNING - [RETRY] 1045988534739228 bids不足2档，10s后重试
2026-08-01 19:15:45,925 - WARNING - [RETRY] 3629662601715816 bids不足2档，10s后重试
2026-08-01 19:15:45,925 - WARNING - [RETRY] 7799116196473050 bids不足2档，10s后重试
2026-08-01 19:15:45,925 - WARNING - [RETRY] 4050068850869704 bids不足2档，10s后重试
2026-08-01 19:15:45,925 - WARNING - [RETRY] 1265034593328029 bids不足2档，10s后重试
2026-08-01 19:15:45,925 - WARNING - [RETRY] 8942840177536718 bids不足2档，10s后重试
2026-08-01 19:15:58,706 - INFO - [SCREENER] 151 markets in 7.8s | yes:75 no:19 | next in 30s
2026-08-01 19:16:02,277 - ERROR - [py_clob_client_v2] request error: Server disconnected
2026-08-01 19:16:02,277 - ERROR - [py_clob_client_v2] request error: Server disconnected
2026-08-01 19:16:02,278 - ERROR - [py_clob_client_v2] request error: Server disconnected
2026-08-01 19:16:02,278 - ERROR - 获取订单簿失败: 10459885347392285522... | PolyApiException[status_code=None, error_message=Request exception!]
2026-08-01 19:16:02,279 - ERROR - 获取订单簿失败: 36296626017158160298... | PolyApiException[status_code=None, error_message=Request exception!]
2026-08-01 19:16:02,279 - ERROR - 获取订单簿失败: 77991161964730505486... | PolyApiException[status_code=None, error_message=Request exception!]
2026-08-01 19:16:02,562 - ERROR - [py_clob_client_v2] request error: Server disconnected
2026-08-01 19:16:02,562 - ERROR - [py_clob_client_v2] request error: Server disconnected
2026-08-01 19:16:02,563 - ERROR - 获取订单簿失败: 89428401775367181557... | PolyApiException[status_code=None, error_message=Request exception!]
2026-08-01 19:16:02,563 - ERROR - [PLACE FAIL] 1111315964843763... price=0.50 attempt=1/2 | PolyApiException[status_code=None, error_message=Request exception!]
2026-08-01 19:16:02,563 - ERROR - [py_clob_client_v2] request error: Server disconnected
2026-08-01 19:16:02,563 - ERROR - [py_clob_client_v2] request error: Server disconnected
2026-08-01 19:16:02,563 - ERROR - [py_clob_client_v2] request error: Server disconnected
2026-08-01 19:16:02,564 - ERROR - 获取订单簿失败: 40500688508697041967... | PolyApiException[status_code=None, error_message=Request exception!]
2026-08-01 19:16:02,564 - ERROR - 获取订单簿失败: 12650345933280295098... | PolyApiException[status_code=None, error_message=Request exception!]
2026-08-01 19:16:03,070 - ERROR - [HEARTBEAT] 失败 (连续 1 次): 401 Client Error: Unauthorized for url: https://clob.polymarket.com/v1/heartbeats
2026-08-01 19:16:03,278 - WARNING - [RETRY] 1045988534739228 bids不足2档，10s后重试
2026-08-01 19:16:03,278 - WARNING - [RETRY] 3629662601715816 bids不足2档，10s后重试
2026-08-01 19:16:03,278 - WARNING - [RETRY] 7799116196473050 bids不足2档，10s后重试
2026-08-01 19:16:03,278 - WARNING - [RETRY] 4050068850869704 bids不足2档，10s后重试
2026-08-01 19:16:03,278 - WARNING - [RETRY] 1265034593328029 bids不足2档，10s后重试
2026-08-01 19:16:03,279 - WARNING - [RETRY] 8942840177536718 bids不足2档，10s后重试
2026-08-01 19:16:04,386 - ERROR - [py_clob_client_v2] request error status=400 url=https://clob.polymarket.com/v1/heartbeats body={"heartbeat_id":"d422df90-14d7-433a-b5cc-a36c469d078a","error_msg":"Invalid Heartbeat ID"}
2026-08-01 19:16:04,387 - INFO - [HEARTBEAT] 从 SDK 错误恢复 heartbeat_id: d422df90-14d7-43 (旧: e655a7bf-358e-49)
2026-08-01 19:16:04,644 - INFO - [HEARTBEAT] OK (recovered) id=15893278-5ad6-4d
2026-08-01 19:16:29,227 - INFO - [SCREENER] 152 markets in 6.9s | yes:72 no:18 | next in 30s
2026-08-01 19:17:08,439 - INFO - [SCREENER] 149 markets in 8.0s | yes:65 no:23 | next in 30s
2026-08-01 19:17:47,348 - INFO - [SCREENER] 153 markets in 7.6s | yes:60 no:21 | next in 30s
2026-08-01 19:18:18,408 - INFO - [SCREENER] 152 markets in 7.3s | yes:61 no:22 | next in 30s
2026-08-01 19:18:57,681 - INFO - [SCREENER] 158 markets in 8.2s | yes:60 no:22 | next in 30s
2026-08-01 19:19:35,794 - INFO - [SCREENER] 152 markets in 7.1s | yes:60 no:22 | next in 30s
2026-08-01 19:20:14,587 - INFO - [SCREENER] 152 markets in 7.6s | yes:62 no:22 | next in 30s
2026-08-01 19:20:46,938 - INFO - [SCREENER] 148 markets in 8.6s | yes:64 no:22 | next in 30s
2026-08-01 19:21:25,386 - INFO - [SCREENER] 150 markets in 7.4s | yes:67 no:23 | next in 30s
2026-08-01 19:22:05,206 - INFO - [SCREENER] 152 markets in 8.9s | yes:66 no:22 | next in 30s
2026-08-01 19:22:36,581 - INFO - [SCREENER] 150 markets in 7.5s | yes:65 no:21 | next in 30s
2026-08-01 19:23:15,217 - INFO - [SCREENER] 149 markets in 7.6s | yes:66 no:21 | next in 30s
2026-08-01 19:23:54,515 - INFO - [SCREENER] 154 markets in 8.2s | yes:65 no:20 | next in 30s
2026-08-01 19:24:33,919 - INFO - [SCREENER] 153 markets in 8.4s | yes:60 no:20 | next in 30s
2026-08-01 19:25:07,475 - INFO - [SCREENER] 151 markets in 9.1s | yes:59 no:20 | next in 30s
2026-08-01 19:25:38,491 - INFO - [SCREENER] 150 markets in 9.8s | yes:58 no:19 | next in 30s
2026-08-01 19:26:12,162 - INFO - [SCREENER] 151 markets in 12.4s | yes:58 no:22 | next in 30s
2026-08-01 19:26:40,556 - INFO - [SCREENER] 147 markets in 7.2s | yes:62 no:22 | next in 30s
2026-08-01 19:27:11,951 - INFO - [SCREENER] 146 markets in 8.0s | yes:62 no:22 | next in 30s
2026-08-01 19:27:50,343 - INFO - [SCREENER] 148 markets in 7.4s | yes:61 no:23 | next in 30s
2026-08-01 19:28:28,992 - INFO - [SCREENER] 150 markets in 7.6s | yes:68 no:22 | next in 30s
2026-08-01 19:28:59,583 - INFO - [SCREENER] 150 markets in 7.6s | yes:69 no:22 | next in 30s
2026-08-01 19:29:39,549 - INFO - [SCREENER] 141 markets in 8.5s | yes:66 no:20 | next in 30s
2026-08-01 19:30:18,919 - INFO - [SCREENER] 145 markets in 8.2s | yes:63 no:19 | next in 30s
2026-08-01 19:31:01,050 - INFO - [SCREENER] 146 markets in 8.5s | yes:65 no:21 | next in 30s
2026-08-01 19:31:40,208 - INFO - [SCREENER] 148 markets in 8.3s | yes:66 no:20 | next in 30s
2026-08-01 19:32:19,242 - INFO - [SCREENER] 139 markets in 7.9s | yes:60 no:18 | next in 30s
2026-08-01 19:33:00,241 - INFO - [SCREENER] 146 markets in 7.3s | yes:61 no:21 | next in 30s
2026-08-01 19:33:39,879 - INFO - [SCREENER] 153 markets in 8.8s | yes:63 no:21 | next in 30s
2026-08-01 19:34:18,363 - INFO - [SCREENER] 154 markets in 7.4s | yes:62 no:20 | next in 30s
2026-08-01 19:35:00,030 - INFO - [SCREENER] 157 markets in 10.0s | yes:61 no:21 | next in 30s
2026-08-01 19:35:30,573 - INFO - [SCREENER] 157 markets in 7.3s | yes:64 no:22 | next in 30s
2026-08-01 19:36:10,134 - INFO - [SCREENER] 156 markets in 8.7s | yes:67 no:21 | next in 30s
2026-08-01 19:36:15,878 - ERROR - [POLL] 批量查询异常: HTTPSConnectionPool(host='clob.polymarket.com', port=443): Max retries exceeded with url: /books (Caused by SSLError(SSLEOFError(8, '[SSL: UNEXPECTED_EOF_WHILE_READING] EOF occurred in violation of protocol (_ssl.c:1000)')))
2026-08-01 19:36:43,740 - INFO - [SCREENER] 159 markets in 7.8s | yes:67 no:21 | next in 30s
2026-08-01 19:37:15,521 - INFO - [SCREENER] 156 markets in 7.8s | yes:68 no:21 | next in 30s
2026-08-01 19:37:54,750 - INFO - [SCREENER] 160 markets in 7.8s | yes:69 no:19 | next in 30s
2026-08-01 19:38:33,364 - INFO - [SCREENER] 155 markets in 7.4s | yes:70 no:20 | next in 30s
2026-08-01 19:39:19,696 - INFO - [SCREENER] 156 markets in 15.3s | yes:63 no:23 | next in 30s
2026-08-01 19:39:23,628 - INFO - [LIMIT SELL] Will the highest temperature in Busan be | 50.0000 shares @ 0.62
2026-08-01 19:39:23,628 - INFO - [POSITION] 限价卖出 1 个持仓
2026-08-01 19:39:51,499 - INFO - [SCREENER] 159 markets in 7.9s | yes:61 no:21 | next in 30s
2026-08-01 19:40:30,611 - INFO - [SCREENER] 157 markets in 7.5s | yes:60 no:22 | next in 30s
2026-08-01 19:41:09,641 - INFO - [SCREENER] 157 markets in 8.0s | yes:62 no:20 | next in 30s
2026-08-01 19:41:41,603 - INFO - [SCREENER] 155 markets in 7.8s | yes:58 no:21 | next in 30s
2026-08-01 19:42:20,764 - INFO - [SCREENER] 158 markets in 7.9s | yes:57 no:22 | next in 30s
2026-08-01 19:42:59,925 - INFO - [SCREENER] 156 markets in 7.7s | yes:53 no:24 | next in 30s
2026-08-01 19:43:42,376 - INFO - [SCREENER] 150 markets in 8.8s | yes:63 no:21 | next in 30s
2026-08-01 19:44:12,728 - INFO - [SCREENER] 157 markets in 9.0s | yes:66 no:23 | next in 30s
2026-08-01 19:44:41,722 - INFO - [SCREENER] 158 markets in 8.0s | yes:66 no:21 | next in 30s
2026-08-01 19:45:21,386 - INFO - [SCREENER] 162 markets in 8.5s | yes:64 no:17 | next in 30s
2026-08-01 19:45:52,055 - INFO - [SCREENER] 160 markets in 7.8s | yes:64 no:18 | next in 30s
2026-08-01 19:46:30,838 - INFO - [SCREENER] 158 markets in 7.5s | yes:65 no:18 | next in 30s
2026-08-01 19:47:10,423 - INFO - [SCREENER] 155 markets in 8.3s | yes:60 no:22 | next in 30s
2026-08-01 19:47:50,218 - INFO - [SCREENER] 152 markets in 8.4s | yes:60 no:22 | next in 30s
2026-08-01 19:48:22,503 - INFO - [SCREENER] 152 markets in 8.5s | yes:58 no:23 | next in 30s
2026-08-01 19:48:22,618 - ERROR - [py_clob_client_v2] request error: Server disconnected
2026-08-01 19:48:22,618 - ERROR - [py_clob_client_v2] request error: Server disconnected
2026-08-01 19:48:22,619 - ERROR - [py_clob_client_v2] request error: Server disconnected
2026-08-01 19:48:22,619 - ERROR - 查询订单失败: PolyApiException[status_code=None, error_message=Request exception!]
2026-08-01 19:48:22,619 - ERROR - [CANCEL FAIL] 0x4c34eec87f6ed7e973... | PolyApiException[status_code=None, error_message=Request exception!]
2026-08-01 19:48:22,619 - ERROR - [DISCOVER] 订单查询失败，跳过本周期
2026-08-01 19:48:23,107 - ERROR - [HEARTBEAT] 失败 (连续 1 次): 401 Client Error: Unauthorized for url: https://clob.polymarket.com/v1/heartbeats
2026-08-01 19:48:23,493 - ERROR - [CANCEL FAIL] 0x4c34eec87f6ed7e973 订单仍存活在交易所！保持 RESTING
2026-08-01 19:48:24,364 - ERROR - [py_clob_client_v2] request error status=400 url=https://clob.polymarket.com/v1/heartbeats body={"heartbeat_id":"ac112174-a6d8-4325-8dfc-fbe1abe9d551","error_msg":"Invalid Heartbeat ID"}
2026-08-01 19:48:24,364 - INFO - [HEARTBEAT] 从 SDK 错误恢复 heartbeat_id: ac112174-a6d8-43 (旧: 42a87ad4-32ab-43)
2026-08-01 19:48:24,752 - INFO - [HEARTBEAT] OK (recovered) id=e1d9db49-8ec4-49
2026-08-01 19:49:01,219 - INFO - [SCREENER] 157 markets in 7.7s | yes:57 no:22 | next in 30s
2026-08-01 19:49:40,723 - INFO - [SCREENER] 152 markets in 8.1s | yes:58 no:21 | next in 30s
2026-08-01 19:49:52,441 - WARNING - [AUDIT] 3138215689598095 订单丢失纠偏
2026-08-01 19:50:11,236 - INFO - [SCREENER] 151 markets in 7.4s | yes:57 no:22 | next in 30s
2026-08-01 19:50:50,580 - INFO - [SCREENER] 152 markets in 8.4s | yes:65 no:23 | next in 30s
2026-08-01 19:51:11,871 - INFO - 收到停止信号，优雅退出...
2026-08-01 19:51:11,929 - INFO - 开始优雅关闭...
2026-08-01 19:51:12,196 - INFO - [CANCEL ALL] 80 已取消 | 系统关闭
2026-08-01 19:51:12,202 - WARNING - [USER WS] close code=None reason=None
2026-08-01 19:51:17,807 - INFO - [HEARTBEAT] 已停止
2026-08-01 19:51:17,807 - INFO - ============================================================
系统已停止
============================================================
2026-08-01 19:51:17,808 - INFO - [WssBot] 停止市场WS...
2026-08-01 19:51:18,066 - WARNING - [MarketWS] 连接断开 code=None msg=None
2026-08-01 19:51:18,067 - INFO - [MarketWS] 已停止
2026-08-01 20:53:47,826 - INFO - ============================================================
2026-08-01 20:53:47,827 - INFO - Maker-only Guardian V7.0 启动
2026-08-01 20:53:47,827 - INFO - 地址: 0x304bf40e9e50c265f6dd86417707d5b41d8ea619 | 档: 2 | 量: 50 | 冷却: 120s | 心跳: 7.0s
2026-08-01 20:53:47,827 - INFO - 筛选器: keyword=temp top1=100 top2=500 top3=1200 existing=3000 rewards>=10
2026-08-01 20:53:47,827 - INFO - 实例: wss | midpoint=[0.15, 0.85]
2026-08-01 20:53:47,827 - INFO - ============================================================
2026-08-01 20:53:47,827 - INFO - [WssBot] 市场WS初始化完成 url=wss://ws-subscriptions-clob.polymarket.com/ws/market ping=10s reconnect=5s
2026-08-01 20:53:47,827 - INFO - [WssBot] 启动市场WS...
2026-08-01 20:53:47,828 - INFO - [MarketWS] 启动，URL=wss://ws-subscriptions-clob.polymarket.com/ws/market
2026-08-01 20:53:47,829 - INFO - [HEARTBEAT] 已启动 interval=7.0s
2026-08-01 20:53:48,551 - INFO - [MarketWS] 已连接（暂无市场，等待动态订阅）
2026-08-01 20:53:56,424 - INFO - [SCREENER] 131 markets in 8.0s | yes:40 no:10 | next in 30s
2026-08-01 20:54:08,256 - ERROR - [py_clob_client_v2] request error: Server disconnected
2026-08-01 20:54:08,256 - ERROR - [py_clob_client_v2] request error: Server disconnected
2026-08-01 20:54:08,256 - ERROR - [PLACE FAIL] 2011341284551955... price=0.35 attempt=1/2 | PolyApiException[status_code=None, error_message=Request exception!]
2026-08-01 20:54:08,256 - ERROR - [PLACE FAIL] 7731740578096876... price=0.24 attempt=1/2 | PolyApiException[status_code=None, error_message=Request exception!]
2026-08-01 20:54:35,157 - INFO - [SCREENER] 135 markets in 8.1s | yes:44 no:12 | next in 30s
2026-08-01 20:55:13,486 - INFO - [SCREENER] 136 markets in 7.3s | yes:45 no:8 | next in 30s
2026-08-01 20:55:53,019 - INFO - [SCREENER] 135 markets in 8.3s | yes:46 no:8 | next in 30s
2026-08-01 20:56:24,193 - INFO - [SCREENER] 135 markets in 8.0s | yes:44 no:9 | next in 30s
2026-08-01 20:57:02,716 - INFO - [SCREENER] 129 markets in 7.6s | yes:46 no:11 | next in 30s
2026-08-01 20:57:42,584 - INFO - [SCREENER] 136 markets in 8.7s | yes:45 no:12 | next in 30s
2026-08-01 20:58:24,385 - INFO - [SCREENER] 120 markets in 8.2s | yes:45 no:14 | next in 30s
2026-08-01 20:59:03,666 - INFO - [SCREENER] 111 markets in 8.1s | yes:43 no:14 | next in 30s
2026-08-01 20:59:43,524 - INFO - [SCREENER] 110 markets in 8.6s | yes:45 no:15 | next in 30s
2026-08-01 21:00:25,893 - INFO - [SCREENER] 113 markets in 9.0s | yes:37 no:14 | next in 30s
2026-08-01 21:00:54,826 - INFO - [SCREENER] 107 markets in 7.7s | yes:36 no:14 | next in 30s
2026-08-01 21:01:34,030 - INFO - [SCREENER] 123 markets in 7.5s | yes:38 no:15 | next in 30s
2026-08-01 21:02:15,982 - INFO - [SCREENER] 114 markets in 10.9s | yes:39 no:15 | next in 30s
2026-08-01 21:02:47,262 - INFO - [SCREENER] 122 markets in 7.6s | yes:43 no:15 | next in 30s
2026-08-01 21:03:25,778 - INFO - [SCREENER] 124 markets in 7.4s | yes:41 no:15 | next in 30s
2026-08-01 21:04:04,206 - INFO - [SCREENER] 118 markets in 6.9s | yes:44 no:15 | next in 30s
2026-08-01 21:04:36,376 - INFO - [SCREENER] 120 markets in 8.8s | yes:48 no:12 | next in 30s
2026-08-01 21:05:05,128 - INFO - [SCREENER] 119 markets in 7.5s | yes:47 no:12 | next in 30s
2026-08-01 21:05:42,971 - INFO - [SCREENER] 124 markets in 6.7s | yes:50 no:11 | next in 30s
2026-08-01 21:06:21,528 - INFO - [SCREENER] 124 markets in 7.7s | yes:48 no:12 | next in 30s
2026-08-01 21:06:52,446 - INFO - [SCREENER] 128 markets in 7.2s | yes:50 no:11 | next in 30s
2026-08-01 21:07:30,609 - INFO - [SCREENER] 130 markets in 7.2s | yes:51 no:12 | next in 30s
2026-08-01 21:08:09,822 - INFO - [SCREENER] 134 markets in 8.1s | yes:49 no:13 | next in 30s
2026-08-01 21:08:48,811 - INFO - [SCREENER] 140 markets in 8.0s | yes:54 no:13 | next in 30s
2026-08-01 21:09:22,196 - INFO - [SCREENER] 145 markets in 9.3s | yes:54 no:14 | next in 30s
2026-08-01 21:09:51,058 - INFO - [SCREENER] 151 markets in 7.8s | yes:58 no:14 | next in 30s
2026-08-01 21:10:29,119 - INFO - [SCREENER] 148 markets in 7.0s | yes:58 no:13 | next in 30s
2026-08-01 21:11:10,701 - INFO - [SCREENER] 152 markets in 7.7s | yes:59 no:12 | next in 30s
2026-08-01 21:11:49,551 - INFO - [SCREENER] 147 markets in 7.9s | yes:58 no:14 | next in 30s
2026-08-01 21:12:30,322 - INFO - [SCREENER] 154 markets in 9.5s | yes:55 no:13 | next in 30s
2026-08-01 21:12:58,982 - INFO - [SCREENER] 154 markets in 7.5s | yes:54 no:16 | next in 30s
2026-08-01 21:13:36,269 - INFO - [SCREENER] 153 markets in 14.0s | yes:57 no:16 | next in 30s
2026-08-01 21:14:04,675 - INFO - [SCREENER] 154 markets in 7.6s | yes:59 no:16 | next in 30s
2026-08-01 21:14:42,968 - INFO - [SCREENER] 151 markets in 7.2s | yes:56 no:15 | next in 30s
2026-08-01 21:15:24,106 - INFO - [SCREENER] 153 markets in 7.7s | yes:50 no:16 | next in 30s
2026-08-01 21:16:03,120 - INFO - [SCREENER] 157 markets in 7.7s | yes:49 no:17 | next in 30s
2026-08-01 21:16:41,377 - INFO - [SCREENER] 160 markets in 7.4s | yes:52 no:16 | next in 30s
2026-08-01 21:17:22,455 - INFO - [SCREENER] 153 markets in 7.8s | yes:48 no:17 | next in 30s
2026-08-01 21:17:22,845 - ERROR - [py_clob_client_v2] request error: Server disconnected
2026-08-01 21:17:22,845 - ERROR - [py_clob_client_v2] request error: Server disconnected
2026-08-01 21:17:22,845 - ERROR - 查询订单失败: PolyApiException[status_code=None, error_message=Request exception!]
2026-08-01 21:17:22,846 - ERROR - [py_clob_client_v2] request error: Server disconnected
2026-08-01 21:17:22,846 - ERROR - [py_clob_client_v2] request error: Server disconnected
2026-08-01 21:17:22,847 - ERROR - [DISCOVER] 订单查询失败，跳过本周期
2026-08-01 21:17:22,848 - ERROR - [CANCEL FAIL] 0xa1b1a7e39e9e721d9a... | PolyApiException[status_code=None, error_message=Request exception!]
2026-08-01 21:17:22,848 - ERROR - [CANCEL FAIL] 0x0f6304b22e1ccb8285... | PolyApiException[status_code=None, error_message=Request exception!]
2026-08-01 21:17:23,327 - ERROR - [HEARTBEAT] 失败 (连续 1 次): 401 Client Error: Unauthorized for url: https://clob.polymarket.com/v1/heartbeats
2026-08-01 21:17:23,849 - ERROR - [CANCEL FAIL] 0xa1b1a7e39e9e721d9a 订单仍存活在交易所！保持 RESTING
2026-08-01 21:17:23,850 - ERROR - [CANCEL FAIL] 0x0f6304b22e1ccb8285 订单仍存活在交易所！保持 RESTING
2026-08-01 21:17:24,586 - ERROR - [py_clob_client_v2] request error status=400 url=https://clob.polymarket.com/v1/heartbeats body={"heartbeat_id":"d5332930-4571-4759-a516-5cf02ce2aa57","error_msg":"Invalid Heartbeat ID"}
2026-08-01 21:17:24,586 - INFO - [HEARTBEAT] 从 SDK 错误恢复 heartbeat_id: d5332930-4571-47 (旧: 22bfc916-725e-4b)
2026-08-01 21:17:24,843 - INFO - [HEARTBEAT] OK (recovered) id=5658a01c-4da1-46
2026-08-01 21:18:01,086 - INFO - [SCREENER] 147 markets in 7.7s | yes:49 no:14 | next in 30s
2026-08-01 21:18:40,750 - INFO - [SCREENER] 151 markets in 8.2s | yes:50 no:18 | next in 30s
2026-08-01 21:19:02,804 - WARNING - [AUDIT] 3429168519566413 订单丢失纠偏
2026-08-01 21:19:02,805 - WARNING - [AUDIT] 3678275121283001 订单丢失纠偏
2026-08-01 21:19:22,524 - INFO - [SCREENER] 147 markets in 8.4s | yes:52 no:18 | next in 30s
2026-08-01 21:20:01,328 - INFO - [SCREENER] 143 markets in 7.6s | yes:53 no:17 | next in 30s
2026-08-01 21:20:40,443 - INFO - [SCREENER] 143 markets in 7.9s | yes:54 no:16 | next in 30s
2026-08-01 21:21:18,686 - INFO - [SCREENER] 147 markets in 7.3s | yes:54 no:16 | next in 30s
2026-08-01 21:21:50,876 - INFO - [SCREENER] 144 markets in 8.8s | yes:53 no:16 | next in 30s
2026-08-01 21:22:28,902 - INFO - [SCREENER] 134 markets in 7.2s | yes:50 no:13 | next in 30s
2026-08-01 21:23:08,643 - INFO - [SCREENER] 141 markets in 8.7s | yes:50 no:15 | next in 30s
2026-08-01 21:23:39,434 - INFO - [SCREENER] 147 markets in 7.2s | yes:47 no:14 | next in 30s
2026-08-01 21:24:18,070 - INFO - [SCREENER] 150 markets in 7.2s | yes:48 no:16 | next in 30s
2026-08-01 21:24:56,788 - INFO - [SCREENER] 146 markets in 7.9s | yes:51 no:15 | next in 30s
2026-08-01 21:25:35,145 - INFO - [SCREENER] 149 markets in 7.4s | yes:52 no:17 | next in 30s
2026-08-01 21:26:06,016 - INFO - [SCREENER] 149 markets in 7.6s | yes:54 no:16 | next in 30s
2026-08-01 21:26:44,790 - INFO - [SCREENER] 147 markets in 7.5s | yes:58 no:16 | next in 30s
2026-08-01 21:27:23,956 - INFO - [SCREENER] 148 markets in 8.0s | yes:54 no:17 | next in 30s
2026-08-01 21:27:54,974 - INFO - [SCREENER] 147 markets in 7.5s | yes:54 no:15 | next in 30s
2026-08-01 21:28:33,085 - INFO - [SCREENER] 143 markets in 6.8s | yes:48 no:15 | next in 30s
2026-08-01 21:29:13,641 - INFO - [SCREENER] 149 markets in 9.5s | yes:44 no:15 | next in 30s
2026-08-01 21:29:43,911 - INFO - [SCREENER] 154 markets in 9.1s | yes:45 no:15 | next in 30s
2026-08-01 21:30:14,605 - INFO - [SCREENER] 157 markets in 7.6s | yes:49 no:15 | next in 30s
2026-08-01 21:30:53,029 - INFO - [SCREENER] 152 markets in 7.5s | yes:45 no:15 | next in 30s
2026-08-01 21:31:24,448 - INFO - [SCREENER] 147 markets in 7.6s | yes:46 no:16 | next in 30s
2026-08-01 21:32:05,305 - INFO - [SCREENER] 147 markets in 7.7s | yes:48 no:16 | next in 30s
2026-08-01 21:32:44,464 - INFO - [SCREENER] 153 markets in 8.2s | yes:49 no:17 | next in 30s
2026-08-01 21:33:23,117 - INFO - [SCREENER] 148 markets in 7.6s | yes:53 no:16 | next in 30s
2026-08-01 21:34:01,341 - INFO - [SCREENER] 151 markets in 7.0s | yes:55 no:16 | next in 30s
2026-08-01 21:34:32,857 - INFO - [SCREENER] 152 markets in 8.0s | yes:57 no:15 | next in 30s
2026-08-01 21:35:12,850 - INFO - [SCREENER] 148 markets in 9.0s | yes:58 no:15 | next in 30s
2026-08-01 21:35:18,330 - ERROR - [POLL] 批量查询异常: HTTPSConnectionPool(host='clob.polymarket.com', port=443): Max retries exceeded with url: /books (Caused by SSLError(SSLEOFError(8, '[SSL: UNEXPECTED_EOF_WHILE_READING] EOF occurred in violation of protocol (_ssl.c:1000)')))
2026-08-01 21:35:46,355 - INFO - [SCREENER] 154 markets in 8.0s | yes:57 no:14 | next in 30s
2026-08-01 21:36:17,832 - INFO - [SCREENER] 153 markets in 8.1s | yes:61 no:17 | next in 30s
2026-08-01 21:36:57,388 - INFO - [SCREENER] 152 markets in 8.6s | yes:56 no:16 | next in 30s
2026-08-01 21:37:26,106 - INFO - [SCREENER] 149 markets in 7.1s | yes:57 no:17 | next in 30s
2026-08-01 21:38:04,202 - INFO - [SCREENER] 142 markets in 7.0s | yes:59 no:14 | next in 30s
2026-08-01 21:38:35,388 - INFO - [SCREENER] 141 markets in 7.4s | yes:60 no:15 | next in 30s
2026-08-01 21:39:14,893 - INFO - [SCREENER] 142 markets in 8.4s | yes:61 no:15 | next in 30s
2026-08-01 21:40:07,541 - INFO - [SCREENER] 147 markets in 21.4s | yes:58 no:16 | next in 30s
2026-08-01 21:40:27,389 - INFO - [SCREENER] 143 markets in 8.7s | yes:55 no:19 | next in 30s
2026-08-01 21:40:57,802 - INFO - [SCREENER] 152 markets in 7.2s | yes:54 no:20 | next in 30s
2026-08-01 21:41:36,001 - INFO - [SCREENER] 144 markets in 7.4s | yes:54 no:16 | next in 30s
2026-08-01 21:42:15,172 - INFO - [SCREENER] 145 markets in 8.3s | yes:54 no:15 | next in 30s
2026-08-01 21:42:45,553 - INFO - [SCREENER] 146 markets in 7.5s | yes:52 no:16 | next in 30s
2026-08-01 21:43:25,605 - INFO - [SCREENER] 152 markets in 8.8s | yes:53 no:14 | next in 30s
2026-08-01 21:44:03,773 - INFO - [SCREENER] 148 markets in 7.1s | yes:57 no:12 | next in 30s
2026-08-01 21:44:42,236 - INFO - [SCREENER] 153 markets in 7.2s | yes:58 no:14 | next in 30s
2026-08-01 21:45:12,860 - INFO - [SCREENER] 152 markets in 7.0s | yes:57 no:15 | next in 30s
2026-08-01 21:45:52,237 - INFO - [SCREENER] 154 markets in 8.1s | yes:56 no:16 | next in 30s
2026-08-01 21:46:31,995 - INFO - [SCREENER] 149 markets in 8.7s | yes:54 no:18 | next in 30s
2026-08-01 21:47:02,760 - INFO - [SCREENER] 151 markets in 7.4s | yes:54 no:18 | next in 30s
2026-08-01 21:47:42,400 - INFO - [SCREENER] 147 markets in 8.2s | yes:55 no:16 | next in 30s
2026-08-01 21:48:20,563 - INFO - [SCREENER] 146 markets in 7.3s | yes:57 no:15 | next in 30s
2026-08-01 21:49:01,105 - INFO - [SCREENER] 152 markets in 8.9s | yes:57 no:16 | next in 30s
2026-08-01 21:49:31,934 - INFO - [SCREENER] 154 markets in 7.3s | yes:55 no:18 | next in 30s
2026-08-01 21:50:13,779 - INFO - [SCREENER] 154 markets in 11.0s | yes:54 no:14 | next in 30s
2026-08-01 21:50:42,525 - INFO - [SCREENER] 165 markets in 7.5s | yes:58 no:17 | next in 30s
2026-08-01 21:51:14,387 - INFO - [SCREENER] 160 markets in 8.2s | yes:55 no:14 | next in 30s
2026-08-01 21:51:52,888 - INFO - [SCREENER] 157 markets in 7.1s | yes:56 no:16 | next in 30s
2026-08-01 21:52:31,516 - INFO - [SCREENER] 155 markets in 7.6s | yes:53 no:17 | next in 30s
2026-08-01 21:53:11,618 - INFO - [SCREENER] 152 markets in 8.8s | yes:51 no:16 | next in 30s
2026-08-01 21:53:42,379 - INFO - [SCREENER] 158 markets in 6.9s | yes:55 no:19 | next in 30s
2026-08-01 21:54:21,519 - INFO - [SCREENER] 152 markets in 7.8s | yes:61 no:17 | next in 30s
2026-08-01 21:55:01,130 - INFO - [SCREENER] 154 markets in 7.9s | yes:60 no:19 | next in 30s
2026-08-01 21:55:33,082 - INFO - [SCREENER] 143 markets in 8.0s | yes:57 no:19 | next in 30s
2026-08-01 21:56:13,338 - INFO - [SCREENER] 140 markets in 8.9s | yes:54 no:13 | next in 30s
2026-08-01 21:56:42,998 - INFO - [SCREENER] 139 markets in 8.5s | yes:54 no:13 | next in 30s
2026-08-01 21:57:22,310 - INFO - [SCREENER] 139 markets in 8.3s | yes:54 no:15 | next in 30s
2026-08-01 21:57:24,766 - WARNING - [POSITION] 8912714906367095 best_bid=0.77 < 成本0.8300-0.02=0.8100，取消卖单等待
2026-08-01 21:57:52,542 - INFO - [SCREENER] 139 markets in 7.1s | yes:53 no:15 | next in 30s
2026-08-01 21:58:31,173 - INFO - [SCREENER] 133 markets in 7.3s | yes:54 no:13 | next in 30s
2026-08-01 21:59:09,923 - INFO - [SCREENER] 131 markets in 7.3s | yes:55 no:15 | next in 30s
2026-08-01 21:59:22,743 - WARNING - [POSITION] 8912714906367095 best_bid=0.79 < 成本0.8300-0.02=0.8100，取消卖单等待
2026-08-01 21:59:41,854 - INFO - [SCREENER] 128 markets in 9.1s | yes:56 no:14 | next in 30s
2026-08-01 22:00:10,732 - INFO - [SCREENER] 133 markets in 7.7s | yes:52 no:14 | next in 30s
2026-08-01 22:00:49,496 - INFO - [SCREENER] 136 markets in 7.5s | yes:52 no:16 | next in 30s
2026-08-01 22:01:27,857 - INFO - [SCREENER] 134 markets in 7.5s | yes:50 no:12 | next in 30s
2026-08-01 22:02:00,280 - INFO - [SCREENER] 135 markets in 8.9s | yes:46 no:12 | next in 30s
2026-08-01 22:02:38,855 - INFO - [SCREENER] 135 markets in 7.7s | yes:45 no:13 | next in 30s
2026-08-01 22:03:28,798 - INFO - [SCREENER] 137 markets in 18.8s | yes:49 no:11 | next in 30s
2026-08-01 22:03:47,558 - INFO - [SCREENER] 139 markets in 7.6s | yes:49 no:11 | next in 30s
2026-08-01 22:03:50,037 - WARNING - [POSITION] 8912714906367095 best_bid=0.77 < 成本0.8300-0.02=0.8100，取消卖单等待
2026-08-01 22:04:18,144 - INFO - [SCREENER] 143 markets in 7.4s | yes:49 no:15 | next in 30s
2026-08-01 22:04:56,798 - INFO - [SCREENER] 142 markets in 7.5s | yes:53 no:15 | next in 30s
2026-08-01 22:05:36,972 - INFO - [SCREENER] 146 markets in 8.9s | yes:57 no:14 | next in 30s
2026-08-01 22:06:07,036 - INFO - [SCREENER] 149 markets in 6.8s | yes:56 no:13 | next in 30s
2026-08-01 22:06:45,760 - INFO - [SCREENER] 148 markets in 7.6s | yes:56 no:14 | next in 30s
2026-08-01 22:07:25,999 - INFO - [SCREENER] 148 markets in 8.9s | yes:59 no:12 | next in 30s
2026-08-01 22:08:05,056 - INFO - [SCREENER] 151 markets in 8.1s | yes:61 no:13 | next in 30s
2026-08-01 22:08:35,117 - INFO - [SCREENER] 164 markets in 7.0s | yes:63 no:16 | next in 30s
2026-08-01 22:09:14,296 - INFO - [SCREENER] 160 markets in 8.3s | yes:66 no:16 | next in 30s
2026-08-01 22:09:54,519 - INFO - [SCREENER] 155 markets in 8.3s | yes:66 no:14 | next in 30s
2026-08-01 22:10:26,081 - INFO - [SCREENER] 163 markets in 7.6s | yes:66 no:13 | next in 30s
2026-08-01 22:11:04,969 - INFO - [SCREENER] 162 markets in 7.6s | yes:67 no:13 | next in 30s
2026-08-01 22:11:43,889 - INFO - [SCREENER] 161 markets in 7.5s | yes:67 no:17 | next in 30s
2026-08-01 22:12:24,302 - INFO - [SCREENER] 158 markets in 9.4s | yes:66 no:15 | next in 30s
2026-08-01 22:12:56,122 - INFO - [SCREENER] 162 markets in 8.5s | yes:65 no:16 | next in 30s
2026-08-01 22:13:34,847 - INFO - [SCREENER] 162 markets in 7.4s | yes:68 no:17 | next in 30s
2026-08-01 22:14:13,665 - INFO - [SCREENER] 163 markets in 7.7s | yes:67 no:18 | next in 30s
2026-08-01 22:14:55,686 - INFO - [SCREENER] 161 markets in 17.8s | yes:63 no:20 | next in 30s
2026-08-01 22:15:24,562 - INFO - [SCREENER] 162 markets in 8.0s | yes:63 no:20 | next in 30s
2026-08-01 22:16:02,815 - INFO - [SCREENER] 163 markets in 7.1s | yes:62 no:22 | next in 30s
2026-08-01 22:16:44,396 - INFO - [SCREENER] 163 markets in 9.9s | yes:67 no:22 | next in 30s
2026-08-01 22:17:15,093 - INFO - [SCREENER] 158 markets in 7.2s | yes:65 no:22 | next in 30s
2026-08-01 22:17:54,947 - INFO - [SCREENER] 162 markets in 8.5s | yes:66 no:22 | next in 30s
2026-08-01 22:18:34,121 - INFO - [SCREENER] 159 markets in 7.9s | yes:65 no:17 | next in 30s
2026-08-01 22:19:08,048 - INFO - [SCREENER] 161 markets in 10.2s | yes:66 no:17 | next in 30s
2026-08-01 22:19:36,566 - INFO - [SCREENER] 159 markets in 7.4s | yes:64 no:16 | next in 30s
2026-08-01 22:20:16,216 - INFO - [SCREENER] 161 markets in 7.4s | yes:64 no:20 | next in 30s
2026-08-01 22:20:56,058 - INFO - [SCREENER] 159 markets in 8.6s | yes:60 no:19 | next in 30s
2026-08-01 22:21:27,389 - INFO - [SCREENER] 158 markets in 7.5s | yes:59 no:23 | next in 30s
2026-08-01 22:22:05,890 - INFO - [SCREENER] 162 markets in 7.0s | yes:62 no:22 | next in 30s
2026-08-01 22:22:44,449 - INFO - [SCREENER] 163 markets in 7.2s | yes:62 no:24 | next in 30s
2026-08-01 22:23:14,398 - INFO - [SCREENER] 162 markets in 7.2s | yes:63 no:22 | next in 30s
2026-08-01 22:23:55,284 - INFO - [SCREENER] 163 markets in 9.5s | yes:62 no:22 | next in 30s
2026-08-01 22:24:25,327 - INFO - [SCREENER] 162 markets in 8.4s | yes:64 no:21 | next in 30s
2026-08-01 22:25:11,804 - INFO - [SCREENER] 163 markets in 15.6s | yes:64 no:21 | next in 30s
2026-08-01 22:25:42,610 - INFO - [SCREENER] 158 markets in 7.6s | yes:63 no:18 | next in 30s
2026-08-01 22:26:21,593 - INFO - [SCREENER] 161 markets in 7.8s | yes:62 no:21 | next in 30s
2026-08-01 22:27:09,137 - INFO - [SCREENER] 165 markets in 16.2s | yes:59 no:20 | next in 30s
2026-08-01 22:27:41,034 - INFO - [SCREENER] 159 markets in 8.4s | yes:62 no:22 | next in 30s
2026-08-01 22:28:20,181 - INFO - [SCREENER] 158 markets in 8.0s | yes:62 no:23 | next in 30s
2026-08-01 22:28:59,086 - INFO - [SCREENER] 155 markets in 7.6s | yes:63 no:24 | next in 30s
2026-08-01 22:29:40,536 - INFO - [SCREENER] 156 markets in 7.8s | yes:63 no:21 | next in 30s
2026-08-01 22:30:19,625 - INFO - [SCREENER] 153 markets in 7.5s | yes:59 no:21 | next in 30s
2026-08-01 22:30:59,363 - INFO - [SCREENER] 150 markets in 8.9s | yes:61 no:22 | next in 30s
2026-08-01 22:31:27,686 - INFO - [SCREENER] 151 markets in 7.1s | yes:61 no:23 | next in 30s
2026-08-01 22:31:59,598 - INFO - [SCREENER] 148 markets in 8.5s | yes:60 no:23 | next in 30s
2026-08-01 22:32:39,770 - INFO - [SCREENER] 147 markets in 9.0s | yes:57 no:22 | next in 30s
2026-08-01 22:33:10,990 - INFO - [SCREENER] 146 markets in 10.0s | yes:57 no:22 | next in 30s
2026-08-01 22:33:41,412 - INFO - [SCREENER] 151 markets in 7.1s | yes:56 no:22 | next in 30s
2026-08-01 22:34:20,475 - INFO - [SCREENER] 151 markets in 7.9s | yes:56 no:19 | next in 30s
2026-08-01 22:35:00,820 - INFO - [SCREENER] 152 markets in 8.8s | yes:53 no:18 | next in 30s
2026-08-01 22:35:45,320 - INFO - [SCREENER] 151 markets in 10.7s | yes:55 no:22 | next in 30s
2026-08-01 22:36:13,545 - INFO - [SCREENER] 159 markets in 7.2s | yes:57 no:22 | next in 30s
2026-08-01 22:36:53,353 - INFO - [SCREENER] 162 markets in 8.7s | yes:58 no:23 | next in 30s
2026-08-01 22:37:32,520 - INFO - [SCREENER] 157 markets in 8.3s | yes:56 no:24 | next in 30s
2026-08-01 22:38:06,416 - INFO - [SCREENER] 153 markets in 9.2s | yes:58 no:23 | next in 30s
2026-08-01 22:38:36,394 - INFO - [SCREENER] 158 markets in 8.3s | yes:57 no:25 | next in 30s
2026-08-01 22:39:15,217 - INFO - [SCREENER] 159 markets in 7.8s | yes:57 no:25 | next in 30s
2026-08-01 22:39:47,811 - INFO - [SCREENER] 157 markets in 8.6s | yes:56 no:25 | next in 30s
2026-08-01 22:40:30,551 - INFO - [SCREENER] 159 markets in 11.5s | yes:59 no:23 | next in 30s
2026-08-01 22:41:00,325 - INFO - [SCREENER] 159 markets in 8.4s | yes:54 no:24 | next in 30s
2026-08-01 22:41:38,673 - INFO - [SCREENER] 157 markets in 7.1s | yes:56 no:20 | next in 30s
2026-08-01 22:42:10,608 - INFO - [SCREENER] 155 markets in 8.3s | yes:57 no:19 | next in 30s
2026-08-01 22:42:48,640 - INFO - [SCREENER] 158 markets in 7.2s | yes:59 no:20 | next in 30s
2026-08-01 22:43:26,777 - INFO - [SCREENER] 161 markets in 7.3s | yes:58 no:22 | next in 30s
2026-08-01 22:43:58,718 - INFO - [SCREENER] 155 markets in 8.3s | yes:57 no:24 | next in 30s
2026-08-01 22:44:38,341 - INFO - [SCREENER] 156 markets in 8.4s | yes:60 no:25 | next in 30s
2026-08-01 22:45:16,651 - INFO - [SCREENER] 159 markets in 7.3s | yes:58 no:23 | next in 30s
2026-08-01 22:45:59,151 - INFO - [SCREENER] 156 markets in 9.0s | yes:58 no:18 | next in 30s
2026-08-01 22:46:39,825 - INFO - [SCREENER] 156 markets in 9.6s | yes:56 no:17 | next in 30s
2026-08-01 22:47:09,588 - INFO - [SCREENER] 154 markets in 8.6s | yes:54 no:18 | next in 30s
2026-08-01 22:47:49,742 - INFO - [SCREENER] 150 markets in 8.9s | yes:52 no:18 | next in 30s
2026-08-01 22:47:53,016 - INFO - [LIMIT SELL] Will the highest temperature in Wuhan be | 35.2100 shares @ 0.42
2026-08-01 22:47:53,016 - INFO - [POSITION] 限价卖出 1 个持仓
2026-08-01 22:48:24,565 - INFO - [SCREENER] 154 markets in 10.8s | yes:51 no:18 | next in 30s
2026-08-01 22:48:58,441 - INFO - [SCREENER] 151 markets in 12.9s | yes:49 no:19 | next in 30s
2026-08-01 22:49:28,272 - INFO - [SCREENER] 149 markets in 8.9s | yes:48 no:15 | next in 30s
2026-08-01 22:49:51,709 - INFO - [LIMIT SELL] 1794996136590096 更新卖价 0.42 → 0.41
2026-08-01 22:49:51,710 - INFO - [LIMIT SELL] Will the highest temperature in Wuhan be | 25.2100 shares @ 0.41
2026-08-01 22:49:51,710 - INFO - [POSITION] 限价卖出 1 个持仓
2026-08-01 22:50:09,622 - INFO - [SCREENER] 151 markets in 7.9s | yes:48 no:16 | next in 30s
2026-08-01 22:50:47,681 - INFO - [SCREENER] 152 markets in 7.2s | yes:49 no:17 | next in 30s
2026-08-01 22:51:33,824 - INFO - [SCREENER] 147 markets in 15.2s | yes:47 no:14 | next in 30s
2026-08-01 22:52:02,056 - INFO - [SCREENER] 145 markets in 7.2s | yes:46 no:16 | next in 30s
2026-08-01 22:52:32,588 - INFO - [SCREENER] 138 markets in 7.4s | yes:46 no:15 | next in 30s
2026-08-01 22:53:11,683 - INFO - [SCREENER] 144 markets in 8.1s | yes:47 no:14 | next in 30s
2026-08-01 22:53:50,448 - INFO - [SCREENER] 144 markets in 7.4s | yes:49 no:16 | next in 30s
2026-08-01 22:54:30,691 - INFO - [SCREENER] 149 markets in 7.3s | yes:50 no:15 | next in 30s
2026-08-01 22:55:09,785 - INFO - [SCREENER] 145 markets in 8.1s | yes:48 no:11 | next in 30s
2026-08-01 22:55:48,773 - INFO - [SCREENER] 141 markets in 7.7s | yes:47 no:11 | next in 30s
2026-08-01 22:56:32,048 - INFO - [SCREENER] 144 markets in 10.0s | yes:50 no:11 | next in 30s
2026-08-01 22:57:00,786 - INFO - [SCREENER] 143 markets in 7.7s | yes:49 no:12 | next in 30s
2026-08-01 22:57:38,885 - INFO - [SCREENER] 149 markets in 7.3s | yes:50 no:13 | next in 30s
2026-08-01 22:58:19,496 - INFO - [SCREENER] 138 markets in 9.8s | yes:49 no:12 | next in 30s
2026-08-01 22:58:50,754 - INFO - [SCREENER] 141 markets in 8.2s | yes:44 no:13 | next in 30s
2026-08-01 22:59:30,652 - INFO - [SCREENER] 139 markets in 8.9s | yes:45 no:9 | next in 30s
2026-08-01 23:00:00,391 - INFO - [SCREENER] 133 markets in 8.4s | yes:46 no:10 | next in 30s
2026-08-01 23:00:31,613 - INFO - [SCREENER] 126 markets in 8.2s | yes:43 no:8 | next in 30s
2026-08-01 23:01:09,625 - INFO - [SCREENER] 129 markets in 7.2s | yes:44 no:9 | next in 30s
2026-08-01 23:01:47,770 - INFO - [SCREENER] 127 markets in 7.1s | yes:43 no:10 | next in 30s
2026-08-01 23:02:27,863 - INFO - [SCREENER] 127 markets in 8.9s | yes:45 no:12 | next in 30s
2026-08-01 23:03:00,986 - INFO - [SCREENER] 124 markets in 9.4s | yes:41 no:10 | next in 30s
2026-08-01 23:03:29,974 - INFO - [SCREENER] 129 markets in 8.0s | yes:41 no:12 | next in 30s
2026-08-01 23:04:08,843 - INFO - [SCREENER] 132 markets in 7.8s | yes:41 no:11 | next in 30s
2026-08-01 23:04:39,751 - INFO - [SCREENER] 130 markets in 7.3s | yes:40 no:12 | next in 30s
2026-08-01 23:05:19,287 - INFO - [SCREENER] 133 markets in 8.5s | yes:41 no:11 | next in 30s
2026-08-01 23:05:57,676 - INFO - [SCREENER] 136 markets in 7.2s | yes:40 no:11 | next in 30s
2026-08-01 23:06:42,175 - INFO - [SCREENER] 132 markets in 13.5s | yes:41 no:11 | next in 30s
2026-08-01 23:07:15,907 - INFO - [SCREENER] 134 markets in 10.2s | yes:41 no:11 | next in 30s
2026-08-01 23:07:45,634 - INFO - [SCREENER] 130 markets in 8.9s | yes:41 no:13 | next in 30s
2026-08-01 23:08:24,486 - INFO - [SCREENER] 136 markets in 8.0s | yes:44 no:14 | next in 30s
2026-08-01 23:08:55,990 - INFO - [SCREENER] 132 markets in 8.0s | yes:46 no:14 | next in 30s
2026-08-01 23:09:34,851 - INFO - [SCREENER] 138 markets in 7.8s | yes:48 no:14 | next in 30s
2026-08-01 23:10:13,469 - INFO - [SCREENER] 141 markets in 7.7s | yes:47 no:14 | next in 30s
2026-08-01 23:10:53,509 - INFO - [SCREENER] 139 markets in 9.0s | yes:48 no:13 | next in 30s
2026-08-01 23:11:24,335 - INFO - [SCREENER] 143 markets in 7.4s | yes:49 no:14 | next in 30s
2026-08-01 23:12:04,054 - INFO - [SCREENER] 144 markets in 8.9s | yes:47 no:12 | next in 30s
2026-08-01 23:12:42,937 - INFO - [SCREENER] 142 markets in 8.0s | yes:46 no:13 | next in 30s
2026-08-01 23:13:14,724 - INFO - [SCREENER] 142 markets in 8.1s | yes:47 no:10 | next in 30s
2026-08-01 23:13:53,358 - INFO - [SCREENER] 135 markets in 7.6s | yes:46 no:13 | next in 30s
2026-08-01 23:14:32,609 - INFO - [SCREENER] 139 markets in 8.2s | yes:48 no:11 | next in 30s
2026-08-01 23:15:11,950 - INFO - [SCREENER] 136 markets in 8.3s | yes:44 no:11 | next in 30s
2026-08-01 23:15:44,096 - INFO - [SCREENER] 136 markets in 8.6s | yes:46 no:10 | next in 30s
2026-08-01 23:16:26,492 - INFO - [SCREENER] 141 markets in 11.4s | yes:44 no:9 | next in 30s
2026-08-01 23:16:55,007 - INFO - [SCREENER] 146 markets in 7.1s | yes:43 no:9 | next in 30s
2026-08-01 23:17:26,462 - INFO - [SCREENER] 142 markets in 7.2s | yes:42 no:9 | next in 30s
2026-08-01 23:18:06,075 - INFO - [SCREENER] 141 markets in 8.6s | yes:43 no:9 | next in 30s
2026-08-01 23:18:44,980 - INFO - [SCREENER] 137 markets in 7.9s | yes:40 no:9 | next in 30s
2026-08-01 23:19:26,286 - INFO - [SCREENER] 144 markets in 7.9s | yes:41 no:10 | next in 30s
2026-08-01 23:20:04,535 - INFO - [SCREENER] 136 markets in 7.3s | yes:37 no:9 | next in 30s
2026-08-01 23:20:44,449 - INFO - [SCREENER] 134 markets in 8.9s | yes:39 no:10 | next in 30s
2026-08-01 23:21:13,562 - INFO - [SCREENER] 139 markets in 7.8s | yes:38 no:10 | next in 30s
2026-08-01 23:21:44,851 - INFO - [SCREENER] 134 markets in 8.0s | yes:38 no:11 | next in 30s
2026-08-01 23:22:23,727 - INFO - [SCREENER] 135 markets in 7.9s | yes:38 no:11 | next in 30s
2026-08-01 23:23:02,261 - INFO - [SCREENER] 136 markets in 7.5s | yes:40 no:12 | next in 30s
2026-08-01 23:23:41,970 - INFO - [SCREENER] 137 markets in 8.7s | yes:40 no:11 | next in 30s
2026-08-01 23:24:12,908 - INFO - [SCREENER] 135 markets in 7.2s | yes:37 no:11 | next in 30s
2026-08-01 23:24:55,354 - INFO - [SCREENER] 134 markets in 11.6s | yes:36 no:10 | next in 30s
2026-08-01 23:25:24,905 - INFO - [SCREENER] 139 markets in 8.4s | yes:38 no:10 | next in 30s
2026-08-01 23:26:00,598 - INFO - [SCREENER] 138 markets in 12.5s | yes:36 no:10 | next in 30s
2026-08-01 23:26:29,777 - INFO - [SCREENER] 135 markets in 8.2s | yes:36 no:9 | next in 30s
2026-08-01 23:27:08,895 - INFO - [SCREENER] 134 markets in 8.1s | yes:35 no:9 | next in 30s
2026-08-01 23:27:47,206 - INFO - [SCREENER] 135 markets in 7.3s | yes:37 no:11 | next in 30s
2026-08-01 23:28:18,994 - INFO - [SCREENER] 128 markets in 8.2s | yes:35 no:9 | next in 30s
2026-08-01 23:28:57,868 - INFO - [SCREENER] 126 markets in 7.5s | yes:34 no:10 | next in 30s
2026-08-01 23:29:36,799 - INFO - [SCREENER] 134 markets in 7.9s | yes:31 no:9 | next in 30s
2026-08-01 23:30:07,427 - INFO - [SCREENER] 134 markets in 7.7s | yes:30 no:8 | next in 30s
2026-08-01 23:30:47,069 - INFO - [SCREENER] 130 markets in 8.5s | yes:28 no:9 | next in 30s
2026-08-01 23:31:39,758 - INFO - [SCREENER] 121 markets in 21.8s | yes:25 no:10 | next in 30s
2026-08-01 23:31:59,758 - INFO - [SCREENER] 122 markets in 8.8s | yes:25 no:9 | next in 30s
2026-08-01 23:32:32,326 - INFO - [SCREENER] 125 markets in 9.1s | yes:25 no:10 | next in 30s
2026-08-01 23:33:02,506 - INFO - [SCREENER] 128 markets in 8.9s | yes:25 no:11 | next in 30s
2026-08-01 23:33:41,799 - INFO - [SCREENER] 132 markets in 8.3s | yes:28 no:11 | next in 30s
2026-08-01 23:34:13,555 - INFO - [SCREENER] 132 markets in 9.3s | yes:31 no:11 | next in 30s
2026-08-01 23:34:13,579 - ERROR - [py_clob_client_v2] request error: Server disconnected
2026-08-01 23:34:13,580 - ERROR - [py_clob_client_v2] request error: Server disconnected
2026-08-01 23:34:13,580 - ERROR - [py_clob_client_v2] request error: Server disconnected
2026-08-01 23:34:13,581 - ERROR - 查询订单失败: PolyApiException[status_code=None, error_message=Request exception!]
2026-08-01 23:34:13,581 - ERROR - [CANCEL FAIL] 0x877a3014457f3b3c53... | PolyApiException[status_code=None, error_message=Request exception!]
2026-08-01 23:34:13,581 - ERROR - [DISCOVER] 订单查询失败，跳过本周期
2026-08-01 23:34:14,086 - ERROR - [HEARTBEAT] 失败 (连续 1 次): 401 Client Error: Unauthorized for url: https://clob.polymarket.com/v1/heartbeats
2026-08-01 23:34:14,138 - ERROR - [CANCEL FAIL] 0x877a3014457f3b3c53 订单仍存活在交易所！保持 RESTING
2026-08-01 23:34:15,404 - ERROR - [py_clob_client_v2] request error status=400 url=https://clob.polymarket.com/v1/heartbeats body={"heartbeat_id":"e3c63641-8c12-4580-a053-c8ad085a8471","error_msg":"Invalid Heartbeat ID"}
2026-08-01 23:34:15,406 - INFO - [HEARTBEAT] 从 SDK 错误恢复 heartbeat_id: e3c63641-8c12-45 (旧: 3e480f72-02f5-44)
2026-08-01 23:34:15,666 - INFO - [HEARTBEAT] OK (recovered) id=d2e07370-0f30-45
2026-08-01 23:34:51,618 - INFO - [SCREENER] 129 markets in 7.5s | yes:30 no:11 | next in 30s
2026-08-01 23:35:31,317 - INFO - [SCREENER] 125 markets in 8.4s | yes:31 no:9 | next in 30s
2026-08-01 23:35:53,084 - WARNING - [AUDIT] 1067524213121640 订单丢失纠偏
2026-08-01 23:36:12,637 - INFO - [SCREENER] 132 markets in 8.1s | yes:34 no:9 | next in 30s
2026-08-01 23:36:51,563 - INFO - [SCREENER] 128 markets in 7.6s | yes:31 no:10 | next in 30s
2026-08-01 23:37:32,482 - INFO - [SCREENER] 128 markets in 9.5s | yes:31 no:9 | next in 30s
2026-08-01 23:38:02,207 - INFO - [SCREENER] 127 markets in 8.3s | yes:35 no:9 | next in 30s
2026-08-01 23:38:34,115 - INFO - [SCREENER] 135 markets in 8.3s | yes:34 no:11 | next in 30s
2026-08-01 23:39:14,502 - INFO - [SCREENER] 133 markets in 9.3s | yes:36 no:11 | next in 30s
2026-08-01 23:39:43,312 - INFO - [SCREENER] 141 markets in 7.8s | yes:33 no:13 | next in 30s
2026-08-01 23:40:25,827 - INFO - [SCREENER] 140 markets in 9.3s | yes:34 no:13 | next in 30s
2026-08-01 23:40:54,370 - INFO - [SCREENER] 142 markets in 7.6s | yes:33 no:14 | next in 30s
2026-08-01 23:41:33,844 - INFO - [SCREENER] 136 markets in 8.4s | yes:33 no:15 | next in 30s
2026-08-01 23:42:12,811 - INFO - [SCREENER] 142 markets in 7.9s | yes:33 no:16 | next in 30s
2026-08-01 23:42:44,036 - INFO - [SCREENER] 142 markets in 7.3s | yes:32 no:18 | next in 30s
2026-08-01 23:43:22,877 - INFO - [SCREENER] 136 markets in 7.9s | yes:33 no:19 | next in 30s
2026-08-01 23:44:01,797 - INFO - [SCREENER] 137 markets in 8.1s | yes:34 no:19 | next in 30s
2026-08-01 23:44:32,665 - INFO - [SCREENER] 135 markets in 8.1s | yes:34 no:20 | next in 30s
2026-08-01 23:45:12,724 - INFO - [SCREENER] 137 markets in 8.7s | yes:32 no:19 | next in 30s
2026-08-01 23:45:51,899 - INFO - [SCREENER] 141 markets in 8.0s | yes:30 no:17 | next in 30s
2026-08-01 23:46:32,112 - INFO - [SCREENER] 138 markets in 6.9s | yes:33 no:16 | next in 30s
2026-08-01 23:47:11,795 - INFO - [SCREENER] 143 markets in 8.5s | yes:29 no:20 | next in 30s
2026-08-01 23:47:50,761 - INFO - [SCREENER] 145 markets in 7.7s | yes:32 no:22 | next in 30s
2026-08-01 23:48:30,071 - INFO - [SCREENER] 143 markets in 8.3s | yes:32 no:17 | next in 30s
2026-08-01 23:49:02,069 - INFO - [SCREENER] 145 markets in 8.2s | yes:33 no:18 | next in 30s
2026-08-01 23:49:40,607 - INFO - [SCREENER] 144 markets in 7.7s | yes:36 no:21 | next in 30s
2026-08-01 23:50:19,620 - INFO - [SCREENER] 144 markets in 8.2s | yes:32 no:19 | next in 30s
2026-08-01 23:50:51,097 - INFO - [SCREENER] 147 markets in 8.3s | yes:30 no:18 | next in 30s
2026-08-01 23:51:30,102 - INFO - [SCREENER] 137 markets in 7.5s | yes:30 no:16 | next in 30s
2026-08-01 23:52:08,757 - INFO - [SCREENER] 138 markets in 7.5s | yes:30 no:18 | next in 30s
2026-08-01 23:52:48,171 - INFO - [SCREENER] 138 markets in 8.6s | yes:31 no:18 | next in 30s
2026-08-01 23:53:19,162 - INFO - [SCREENER] 140 markets in 7.7s | yes:36 no:19 | next in 30s
2026-08-01 23:53:59,722 - INFO - [SCREENER] 143 markets in 9.5s | yes:36 no:21 | next in 30s
2026-08-01 23:54:29,747 - INFO - [SCREENER] 143 markets in 9.0s | yes:37 no:20 | next in 30s
2026-08-01 23:55:00,874 - INFO - [SCREENER] 140 markets in 7.5s | yes:39 no:21 | next in 30s
2026-08-01 23:55:38,912 - INFO - [SCREENER] 136 markets in 6.9s | yes:36 no:19 | next in 30s
2026-08-01 23:56:24,661 - INFO - [SCREENER] 135 markets in 14.5s | yes:37 no:22 | next in 30s
2026-08-01 23:56:54,796 - INFO - [SCREENER] 135 markets in 9.0s | yes:36 no:23 | next in 30s
2026-08-01 23:57:28,749 - INFO - [SCREENER] 131 markets in 10.5s | yes:38 no:22 | next in 30s
2026-08-01 23:57:57,754 - INFO - [SCREENER] 131 markets in 8.0s | yes:35 no:22 | next in 30s
2026-08-01 23:58:37,369 - INFO - [SCREENER] 127 markets in 8.6s | yes:31 no:16 | next in 30s
2026-08-01 23:59:07,904 - INFO - [SCREENER] 128 markets in 7.6s | yes:31 no:14 | next in 30s
2026-08-01 23:59:46,758 - INFO - [SCREENER] 119 markets in 7.8s | yes:22 no:13 | next in 30s
2026-08-02 00:00:25,848 - INFO - [SCREENER] 115 markets in 8.1s | yes:23 no:12 | next in 30s
2026-08-02 00:01:06,926 - INFO - [SCREENER] 115 markets in 10.1s | yes:25 no:14 | next in 30s
2026-08-02 00:01:40,383 - INFO - [SCREENER] 123 markets in 9.9s | yes:27 no:16 | next in 30s
2026-08-02 00:02:10,826 - INFO - [SCREENER] 126 markets in 9.5s | yes:27 no:16 | next in 30s
2026-08-02 00:02:41,548 - INFO - [SCREENER] 125 markets in 9.8s | yes:28 no:14 | next in 30s
2026-08-02 00:03:11,534 - INFO - [SCREENER] 122 markets in 8.9s | yes:32 no:13 | next in 30s
2026-08-02 00:03:44,653 - INFO - [SCREENER] 121 markets in 9.3s | yes:33 no:17 | next in 30s
2026-08-02 00:04:15,369 - INFO - [SCREENER] 122 markets in 9.8s | yes:33 no:16 | next in 30s
2026-08-02 00:04:44,633 - INFO - [SCREENER] 117 markets in 7.9s | yes:33 no:17 | next in 30s
2026-08-02 00:05:25,104 - INFO - [SCREENER] 125 markets in 7.1s | yes:32 no:18 | next in 30s
2026-08-02 00:06:03,587 - INFO - [SCREENER] 126 markets in 7.2s | yes:34 no:18 | next in 30s
2026-08-02 00:06:41,806 - INFO - [SCREENER] 133 markets in 7.2s | yes:41 no:24 | next in 30s
2026-08-02 00:07:21,756 - INFO - [SCREENER] 134 markets in 8.8s | yes:39 no:21 | next in 30s
2026-08-02 00:07:53,573 - INFO - [SCREENER] 137 markets in 8.3s | yes:36 no:21 | next in 30s
2026-08-02 00:08:32,482 - INFO - [SCREENER] 141 markets in 7.7s | yes:35 no:21 | next in 30s
2026-08-02 00:09:11,045 - INFO - [SCREENER] 141 markets in 7.6s | yes:38 no:22 | next in 30s
2026-08-02 00:09:42,974 - INFO - [SCREENER] 141 markets in 8.6s | yes:37 no:24 | next in 30s
2026-08-02 00:10:21,805 - INFO - [SCREENER] 138 markets in 7.7s | yes:38 no:21 | next in 30s
2026-08-02 00:11:01,823 - INFO - [SCREENER] 138 markets in 9.1s | yes:41 no:22 | next in 30s
2026-08-02 00:11:42,721 - INFO - [SCREENER] 124 markets in 7.6s | yes:42 no:20 | next in 30s
2026-08-02 00:12:22,790 - INFO - [SCREENER] 124 markets in 9.3s | yes:42 no:18 | next in 30s
2026-08-02 00:12:51,307 - INFO - [SCREENER] 126 markets in 7.7s | yes:45 no:21 | next in 30s
2026-08-02 00:13:30,285 - INFO - [SCREENER] 125 markets in 7.7s | yes:44 no:20 | next in 30s
2026-08-02 00:14:01,592 - INFO - [SCREENER] 121 markets in 7.8s | yes:43 no:22 | next in 30s
2026-08-02 00:14:41,301 - INFO - [SCREENER] 125 markets in 8.5s | yes:42 no:18 | next in 30s
2026-08-02 00:14:50,456 - ERROR - [USER WS ERR] Connection to remote host was lost.
2026-08-02 00:14:50,457 - ERROR - Connection to remote host was lost. - goodbye
2026-08-02 00:14:50,458 - WARNING - [USER WS] close code=None reason=None
2026-08-02 00:14:50,459 - WARNING - [USER WS] 断开，5s 后重连...
2026-08-02 00:15:20,979 - INFO - [SCREENER] 128 markets in 8.6s | yes:46 no:18 | next in 30s
2026-08-02 00:16:01,889 - INFO - [SCREENER] 125 markets in 7.6s | yes:43 no:16 | next in 30s
2026-08-02 00:16:42,871 - INFO - [SCREENER] 123 markets in 9.5s | yes:41 no:17 | next in 30s
2026-08-02 00:17:13,781 - INFO - [SCREENER] 121 markets in 9.7s | yes:39 no:17 | next in 30s
2026-08-02 00:17:51,904 - INFO - [SCREENER] 125 markets in 16.5s | yes:39 no:17 | next in 30s
2026-08-02 00:18:22,671 - INFO - [SCREENER] 126 markets in 7.4s | yes:37 no:15 | next in 30s
2026-08-02 00:19:03,812 - INFO - [SCREENER] 121 markets in 9.3s | yes:40 no:14 | next in 30s
2026-08-02 00:19:33,127 - INFO - [SCREENER] 120 markets in 8.0s | yes:43 no:15 | next in 30s
2026-08-02 00:20:12,178 - INFO - [SCREENER] 122 markets in 8.0s | yes:40 no:15 | next in 30s
2026-08-02 00:20:44,895 - INFO - [SCREENER] 128 markets in 8.3s | yes:40 no:17 | next in 30s
2026-08-02 00:21:25,538 - INFO - [SCREENER] 129 markets in 9.6s | yes:40 no:15 | next in 30s
2026-08-02 00:21:53,971 - INFO - [SCREENER] 125 markets in 7.4s | yes:43 no:17 | next in 30s
2026-08-02 00:22:24,981 - INFO - [SCREENER] 125 markets in 7.7s | yes:42 no:19 | next in 30s
2026-08-02 00:22:25,393 - ERROR - [py_clob_client_v2] request error: Server disconnected
2026-08-02 00:22:25,393 - ERROR - [py_clob_client_v2] request error: Server disconnected
2026-08-02 00:22:25,393 - ERROR - [CANCEL FAIL] 0x00dfdc8e0c677d62d0... | PolyApiException[status_code=None, error_message=Request exception!]
2026-08-02 00:22:25,394 - ERROR - [py_clob_client_v2] request error: Server disconnected
2026-08-02 00:22:25,394 - ERROR - 查询订单失败: PolyApiException[status_code=None, error_message=Request exception!]
2026-08-02 00:22:25,394 - ERROR - [CANCEL FAIL] 0x8eb8368974bb0226e7... | PolyApiException[status_code=None, error_message=Request exception!]
2026-08-02 00:22:25,395 - ERROR - [DISCOVER] 订单查询失败，跳过本周期
2026-08-02 00:22:25,395 - ERROR - [CANCEL FAIL] 0x00dfdc8e0c677d62d0 订单仍存活在交易所！保持 RESTING
2026-08-02 00:22:25,396 - ERROR - [CANCEL FAIL] 0x8eb8368974bb0226e7 订单仍存活在交易所！保持 RESTING
2026-08-02 00:22:36,384 - ERROR - [BATCH CANCEL FAIL] 0x8eb8368974bb0226e7... | the order is already canceled
2026-08-02 00:22:37,119 - ERROR - [BATCH CANCEL] 8929210349196583 取消结果不明，回退 RESTING 等 audit 确认 | oid=0x8eb8368974bb0226e7
2026-08-02 00:23:04,020 - INFO - [SCREENER] 124 markets in 7.9s | yes:40 no:20 | next in 30s
2026-08-02 00:23:43,300 - INFO - [SCREENER] 125 markets in 8.0s | yes:40 no:22 | next in 30s
2026-08-02 00:24:05,381 - WARNING - [AUDIT] 8929210349196583 订单丢失纠偏
2026-08-02 00:24:05,382 - WARNING - [AUDIT] 6985283322451505 订单丢失纠偏
2026-08-02 00:24:25,588 - INFO - [SCREENER] 127 markets in 8.9s | yes:42 no:22 | next in 30s
2026-08-02 00:25:04,460 - INFO - [SCREENER] 132 markets in 7.8s | yes:46 no:23 | next in 30s
2026-08-02 00:25:44,357 - INFO - [SCREENER] 121 markets in 8.5s | yes:48 no:21 | next in 30s
2026-08-02 00:26:20,175 - INFO - [SCREENER] 124 markets in 14.2s | yes:45 no:20 | next in 30s
2026-08-02 00:26:51,901 - INFO - [SCREENER] 125 markets in 8.2s | yes:42 no:17 | next in 30s
2026-08-02 00:27:30,620 - INFO - [SCREENER] 124 markets in 7.7s | yes:45 no:17 | next in 30s
2026-08-02 00:28:11,650 - INFO - [SCREENER] 124 markets in 10.2s | yes:42 no:17 | next in 30s
2026-08-02 00:28:42,867 - INFO - [SCREENER] 127 markets in 7.4s | yes:41 no:18 | next in 30s
2026-08-02 00:29:21,331 - INFO - [SCREENER] 125 markets in 7.3s | yes:38 no:16 | next in 30s
2026-08-02 00:30:00,675 - INFO - [SCREENER] 127 markets in 8.1s | yes:39 no:19 | next in 30s
2026-08-02 00:30:39,264 - INFO - [SCREENER] 129 markets in 7.6s | yes:41 no:17 | next in 30s
2026-08-02 00:31:11,310 - INFO - [SCREENER] 126 markets in 8.4s | yes:40 no:18 | next in 30s
2026-08-02 00:31:50,401 - INFO - [SCREENER] 126 markets in 8.1s | yes:38 no:18 | next in 30s
2026-08-02 00:32:28,878 - INFO - [SCREENER] 125 markets in 7.6s | yes:36 no:16 | next in 30s
2026-08-02 00:32:59,747 - INFO - [SCREENER] 125 markets in 7.5s | yes:34 no:17 | next in 30s
2026-08-02 00:33:41,119 - INFO - [SCREENER] 122 markets in 10.1s | yes:35 no:17 | next in 30s
2026-08-02 00:34:10,380 - INFO - [SCREENER] 126 markets in 7.8s | yes:33 no:15 | next in 30s
2026-08-02 00:34:49,503 - INFO - [SCREENER] 122 markets in 8.2s | yes:34 no:14 | next in 30s
2026-08-02 00:35:20,645 - INFO - [SCREENER] 126 markets in 7.7s | yes:37 no:15 | next in 30s
2026-08-02 00:35:59,236 - INFO - [SCREENER] 127 markets in 7.5s | yes:37 no:15 | next in 30s
2026-08-02 00:36:38,644 - INFO - [SCREENER] 127 markets in 8.2s | yes:37 no:17 | next in 30s
2026-08-02 00:37:08,431 - INFO - [SCREENER] 128 markets in 7.1s | yes:40 no:22 | next in 30s
2026-08-02 00:37:48,029 - INFO - [SCREENER] 132 markets in 8.6s | yes:40 no:21 | next in 30s
2026-08-02 00:38:27,017 - INFO - [SCREENER] 133 markets in 7.9s | yes:40 no:24 | next in 30s
2026-08-02 00:39:05,853 - INFO - [SCREENER] 131 markets in 7.4s | yes:39 no:22 | next in 30s
2026-08-02 00:39:38,580 - INFO - [SCREENER] 138 markets in 8.9s | yes:40 no:24 | next in 30s
2026-08-02 00:40:17,393 - INFO - [SCREENER] 136 markets in 7.8s | yes:41 no:25 | next in 30s
2026-08-02 00:40:56,695 - INFO - [SCREENER] 133 markets in 8.1s | yes:41 no:28 | next in 30s
2026-08-02 00:41:28,055 - INFO - [SCREENER] 131 markets in 7.7s | yes:45 no:26 | next in 30s
2026-08-02 00:42:06,028 - INFO - [SCREENER] 135 markets in 7.1s | yes:46 no:28 | next in 30s
2026-08-02 00:42:44,520 - INFO - [SCREENER] 138 markets in 7.3s | yes:43 no:26 | next in 30s
2026-08-02 00:43:24,591 - INFO - [SCREENER] 135 markets in 8.9s | yes:44 no:25 | next in 30s
2026-08-02 00:43:56,610 - INFO - [SCREENER] 131 markets in 8.7s | yes:44 no:26 | next in 30s
2026-08-02 00:44:35,010 - INFO - [SCREENER] 130 markets in 7.6s | yes:45 no:27 | next in 30s
2026-08-02 00:45:13,893 - INFO - [SCREENER] 138 markets in 7.7s | yes:44 no:28 | next in 30s
2026-08-02 00:45:44,614 - INFO - [SCREENER] 137 markets in 7.5s | yes:46 no:29 | next in 30s
2026-08-02 00:46:23,353 - INFO - [SCREENER] 134 markets in 7.6s | yes:46 no:25 | next in 30s
2026-08-02 00:47:03,443 - INFO - [SCREENER] 138 markets in 9.0s | yes:46 no:23 | next in 30s
2026-08-02 00:47:31,392 - INFO - [SCREENER] 135 markets in 6.7s | yes:41 no:24 | next in 30s
2026-08-02 00:48:02,178 - INFO - [SCREENER] 136 markets in 7.2s | yes:43 no:22 | next in 30s
2026-08-02 00:48:40,750 - INFO - [SCREENER] 134 markets in 7.4s | yes:45 no:24 | next in 30s
2026-08-02 00:49:19,643 - INFO - [SCREENER] 135 markets in 7.8s | yes:47 no:24 | next in 30s
2026-08-02 00:49:58,377 - INFO - [SCREENER] 140 markets in 7.5s | yes:47 no:27 | next in 30s
2026-08-02 00:50:30,270 - INFO - [SCREENER] 142 markets in 8.2s | yes:51 no:27 | next in 30s
2026-08-02 00:51:08,290 - INFO - [SCREENER] 136 markets in 6.9s | yes:42 no:26 | next in 30s
2026-08-02 00:51:46,755 - INFO - [SCREENER] 136 markets in 7.3s | yes:44 no:27 | next in 30s
2026-08-02 00:52:17,533 - INFO - [SCREENER] 142 markets in 8.0s | yes:45 no:26 | next in 30s
2026-08-02 00:52:57,316 - INFO - [SCREENER] 140 markets in 8.3s | yes:46 no:30 | next in 30s
2026-08-02 00:53:36,170 - INFO - [SCREENER] 137 markets in 7.7s | yes:45 no:30 | next in 30s
2026-08-02 00:54:15,519 - INFO - [SCREENER] 135 markets in 8.5s | yes:42 no:26 | next in 30s
2026-08-02 00:54:15,586 - ERROR - [py_clob_client_v2] request error: Server disconnected
2026-08-02 00:54:15,587 - ERROR - [py_clob_client_v2] request error: Server disconnected
2026-08-02 00:54:15,588 - ERROR - [py_clob_client_v2] request error: Server disconnected
2026-08-02 00:54:15,588 - ERROR - 查询订单失败: PolyApiException[status_code=None, error_message=Request exception!]
2026-08-02 00:54:15,589 - ERROR - [CANCEL FAIL] 0x7eaf4ac911562affdb... | PolyApiException[status_code=None, error_message=Request exception!]
2026-08-02 00:54:15,589 - ERROR - [DISCOVER] 订单查询失败，跳过本周期
2026-08-02 00:54:16,060 - ERROR - [HEARTBEAT] 失败 (连续 1 次): 401 Client Error: Unauthorized for url: https://clob.polymarket.com/v1/heartbeats
2026-08-02 00:54:17,402 - ERROR - [py_clob_client_v2] request error status=400 url=https://clob.polymarket.com/v1/heartbeats body={"heartbeat_id":"1f5a17f9-cea0-4fc0-b9da-56e92b611bbd","error_msg":"Invalid Heartbeat ID"}
2026-08-02 00:54:17,404 - INFO - [HEARTBEAT] 从 SDK 错误恢复 heartbeat_id: 1f5a17f9-cea0-4f (旧: 20467fed-a324-45)
2026-08-02 00:54:17,663 - INFO - [HEARTBEAT] OK (recovered) id=963f4148-6600-4f
2026-08-02 00:54:18,686 - ERROR - [CANCEL FAIL] 0x7eaf4ac911562affdb 订单仍存活在交易所！保持 RESTING
2026-08-02 00:54:46,137 - INFO - [SCREENER] 135 markets in 7.4s | yes:45 no:24 | next in 30s
2026-08-02 00:55:25,150 - INFO - [SCREENER] 133 markets in 7.7s | yes:46 no:27 | next in 30s
2026-08-02 00:56:04,607 - INFO - [SCREENER] 132 markets in 8.6s | yes:45 no:26 | next in 30s
2026-08-02 00:56:17,212 - WARNING - [AUDIT] 6618369461304206 订单丢失纠偏
2026-08-02 00:56:37,139 - INFO - [SCREENER] 133 markets in 8.3s | yes:45 no:28 | next in 30s
2026-08-02 00:57:16,300 - INFO - [SCREENER] 133 markets in 7.8s | yes:46 no:28 | next in 30s
2026-08-02 00:57:55,031 - INFO - [SCREENER] 138 markets in 7.4s | yes:47 no:29 | next in 30s
2026-08-02 00:58:35,992 - INFO - [SCREENER] 132 markets in 7.5s | yes:43 no:29 | next in 30s
2026-08-02 00:59:21,317 - INFO - [SCREENER] 129 markets in 14.1s | yes:44 no:26 | next in 30s
2026-08-02 00:59:50,551 - INFO - [SCREENER] 123 markets in 8.4s | yes:41 no:25 | next in 30s
2026-08-02 01:00:30,118 - INFO - [SCREENER] 122 markets in 8.1s | yes:38 no:23 | next in 30s
2026-08-02 01:01:00,840 - INFO - [SCREENER] 120 markets in 7.2s | yes:40 no:21 | next in 30s
2026-08-02 01:01:39,780 - INFO - [SCREENER] 123 markets in 7.9s | yes:38 no:21 | next in 30s
2026-08-02 01:02:18,450 - INFO - [SCREENER] 123 markets in 7.3s | yes:39 no:20 | next in 30s
2026-08-02 01:02:49,161 - INFO - [SCREENER] 121 markets in 7.8s | yes:39 no:20 | next in 30s
2026-08-02 01:03:26,963 - INFO - [SCREENER] 120 markets in 7.0s | yes:38 no:21 | next in 30s
2026-08-02 01:04:06,175 - INFO - [SCREENER] 121 markets in 8.0s | yes:40 no:22 | next in 30s
2026-08-02 01:04:46,525 - INFO - [SCREENER] 116 markets in 9.3s | yes:40 no:21 | next in 30s
2026-08-02 01:05:17,533 - INFO - [SCREENER] 127 markets in 7.5s | yes:41 no:22 | next in 30s
2026-08-02 01:05:56,830 - INFO - [SCREENER] 128 markets in 8.1s | yes:42 no:24 | next in 30s
2026-08-02 01:06:35,414 - INFO - [SCREENER] 134 markets in 7.7s | yes:45 no:26 | next in 30s
2026-08-02 01:07:06,414 - INFO - [SCREENER] 137 markets in 7.7s | yes:46 no:25 | next in 30s
2026-08-02 01:07:45,249 - INFO - [SCREENER] 137 markets in 7.5s | yes:47 no:27 | next in 30s
2026-08-02 01:08:24,252 - INFO - [SCREENER] 142 markets in 8.0s | yes:49 no:28 | next in 30s
2026-08-02 01:09:02,780 - INFO - [SCREENER] 138 markets in 7.3s | yes:50 no:30 | next in 30s
2026-08-02 01:09:34,491 - INFO - [SCREENER] 138 markets in 7.4s | yes:51 no:31 | next in 30s
2026-08-02 01:10:13,482 - INFO - [SCREENER] 137 markets in 8.1s | yes:51 no:28 | next in 30s
2026-08-02 01:10:52,324 - INFO - [SCREENER] 140 markets in 7.6s | yes:52 no:26 | next in 30s
2026-08-02 01:11:22,749 - INFO - [SCREENER] 137 markets in 7.1s | yes:51 no:25 | next in 30s
2026-08-02 01:12:01,766 - INFO - [SCREENER] 138 markets in 7.6s | yes:49 no:26 | next in 30s
2026-08-02 01:12:40,284 - INFO - [SCREENER] 140 markets in 7.6s | yes:50 no:25 | next in 30s
2026-08-02 01:13:20,642 - INFO - [SCREENER] 141 markets in 9.3s | yes:48 no:26 | next in 30s
2026-08-02 01:13:51,225 - INFO - [SCREENER] 142 markets in 7.3s | yes:50 no:27 | next in 30s
2026-08-02 01:14:30,152 - INFO - [SCREENER] 138 markets in 7.6s | yes:53 no:26 | next in 30s
2026-08-02 01:15:20,397 - INFO - [SCREENER] 140 markets in 18.8s | yes:48 no:22 | next in 30s
2026-08-02 01:15:52,935 - INFO - [SCREENER] 137 markets in 9.1s | yes:48 no:22 | next in 30s
2026-08-02 01:16:21,928 - INFO - [SCREENER] 137 markets in 7.7s | yes:49 no:24 | next in 30s
2026-08-02 01:17:00,021 - INFO - [SCREENER] 137 markets in 7.2s | yes:46 no:22 | next in 30s
2026-08-02 01:17:38,556 - INFO - [SCREENER] 143 markets in 7.3s | yes:46 no:24 | next in 30s
2026-08-02 01:18:09,356 - INFO - [SCREENER] 140 markets in 7.4s | yes:45 no:22 | next in 30s
2026-08-02 01:18:48,887 - INFO - [SCREENER] 140 markets in 7.9s | yes:47 no:27 | next in 30s
2026-08-02 01:19:26,780 - INFO - [SCREENER] 140 markets in 7.0s | yes:46 no:28 | next in 30s
2026-08-02 01:20:06,037 - INFO - [SCREENER] 144 markets in 7.7s | yes:44 no:25 | next in 30s
2026-08-02 01:20:36,910 - INFO - [SCREENER] 147 markets in 7.2s | yes:45 no:25 | next in 30s
2026-08-02 01:21:16,567 - INFO - [SCREENER] 144 markets in 8.1s | yes:46 no:22 | next in 30s
2026-08-02 01:21:56,508 - INFO - [SCREENER] 143 markets in 8.7s | yes:47 no:22 | next in 30s
2026-08-02 01:22:28,118 - INFO - [SCREENER] 141 markets in 8.1s | yes:46 no:23 | next in 30s
2026-08-02 01:23:06,673 - INFO - [SCREENER] 137 markets in 7.4s | yes:46 no:17 | next in 30s
2026-08-02 01:23:45,827 - INFO - [SCREENER] 139 markets in 8.0s | yes:46 no:19 | next in 30s
2026-08-02 01:24:24,466 - INFO - [SCREENER] 137 markets in 7.6s | yes:46 no:21 | next in 30s
2026-08-02 01:24:55,101 - INFO - [SCREENER] 134 markets in 7.3s | yes:47 no:22 | next in 30s
2026-08-02 01:25:34,055 - INFO - [SCREENER] 135 markets in 7.7s | yes:47 no:24 | next in 30s
2026-08-02 01:26:12,878 - INFO - [SCREENER] 134 markets in 7.8s | yes:48 no:26 | next in 30s
2026-08-02 01:26:44,449 - INFO - [SCREENER] 136 markets in 7.9s | yes:49 no:26 | next in 30s
2026-08-02 01:27:24,494 - INFO - [SCREENER] 137 markets in 8.6s | yes:49 no:26 | next in 30s
2026-08-02 01:28:02,849 - INFO - [SCREENER] 138 markets in 7.2s | yes:50 no:25 | next in 30s
2026-08-02 01:28:43,730 - INFO - [SCREENER] 134 markets in 7.3s | yes:51 no:25 | next in 30s
2026-08-02 01:29:22,552 - INFO - [SCREENER] 134 markets in 7.6s | yes:46 no:22 | next in 30s
2026-08-02 01:30:01,258 - INFO - [SCREENER] 134 markets in 7.3s | yes:48 no:17 | next in 30s
2026-08-02 01:30:41,424 - INFO - [SCREENER] 136 markets in 9.0s | yes:48 no:19 | next in 30s
2026-08-02 01:31:13,427 - INFO - [SCREENER] 137 markets in 8.2s | yes:49 no:19 | next in 30s
2026-08-02 01:31:52,542 - INFO - [SCREENER] 137 markets in 8.2s | yes:47 no:21 | next in 30s
2026-08-02 01:32:32,747 - INFO - [SCREENER] 136 markets in 9.0s | yes:46 no:17 | next in 30s
2026-08-02 01:33:03,756 - INFO - [SCREENER] 137 markets in 7.5s | yes:48 no:24 | next in 30s
2026-08-02 01:33:43,262 - INFO - [SCREENER] 138 markets in 8.5s | yes:46 no:25 | next in 30s
2026-08-02 01:34:21,561 - INFO - [SCREENER] 138 markets in 7.5s | yes:44 no:28 | next in 30s
2026-08-02 01:35:00,400 - INFO - [SCREENER] 137 markets in 7.9s | yes:43 no:29 | next in 30s
2026-08-02 01:35:31,878 - INFO - [SCREENER] 138 markets in 7.9s | yes:45 no:27 | next in 30s
2026-08-02 01:35:32,061 - ERROR - [py_clob_client_v2] request error: Server disconnected
2026-08-02 01:35:32,062 - ERROR - [py_clob_client_v2] request error: Server disconnected
2026-08-02 01:35:32,062 - ERROR - [py_clob_client_v2] request error: Server disconnected
2026-08-02 01:35:32,063 - ERROR - [CANCEL FAIL] 0x4fe8381336dc393031... | PolyApiException[status_code=None, error_message=Request exception!]
2026-08-02 01:35:32,064 - ERROR - 查询订单失败: PolyApiException[status_code=None, error_message=Request exception!]
2026-08-02 01:35:32,065 - ERROR - [DISCOVER] 订单查询失败，跳过本周期
2026-08-02 01:35:32,595 - ERROR - [HEARTBEAT] 失败 (连续 1 次): 401 Client Error: Unauthorized for url: https://clob.polymarket.com/v1/heartbeats
2026-08-02 01:35:32,663 - ERROR - [CANCEL FAIL] 0x4fe8381336dc393031 订单仍存活在交易所！保持 RESTING
2026-08-02 01:35:33,842 - ERROR - [py_clob_client_v2] request error status=400 url=https://clob.polymarket.com/v1/heartbeats body={"heartbeat_id":"c82f8301-520b-4bd6-9b40-9aa635b8778a","error_msg":"Invalid Heartbeat ID"}
2026-08-02 01:35:33,843 - INFO - [HEARTBEAT] 从 SDK 错误恢复 heartbeat_id: c82f8301-520b-4b (旧: ebee5ea9-9be5-48)
2026-08-02 01:35:34,101 - INFO - [HEARTBEAT] OK (recovered) id=13c9caa8-51b9-4b
2026-08-02 01:36:10,381 - INFO - [SCREENER] 140 markets in 7.7s | yes:45 no:27 | next in 30s
2026-08-02 01:36:49,182 - INFO - [SCREENER] 140 markets in 7.4s | yes:46 no:26 | next in 30s
2026-08-02 01:37:01,509 - WARNING - [AUDIT] 7051542259117532 订单丢失纠偏
2026-08-02 01:37:20,531 - INFO - [SCREENER] 138 markets in 7.6s | yes:43 no:25 | next in 30s
2026-08-02 01:37:59,264 - INFO - [SCREENER] 139 markets in 7.7s | yes:42 no:24 | next in 30s
2026-08-02 01:38:39,357 - INFO - [SCREENER] 140 markets in 9.1s | yes:47 no:23 | next in 30s
2026-08-02 01:39:07,370 - INFO - [SCREENER] 139 markets in 7.0s | yes:46 no:24 | next in 30s
2026-08-02 01:39:38,140 - INFO - [SCREENER] 142 markets in 7.2s | yes:43 no:22 | next in 30s
2026-08-02 01:40:16,982 - INFO - [SCREENER] 142 markets in 7.7s | yes:47 no:24 | next in 30s
2026-08-02 01:40:55,780 - INFO - [SCREENER] 145 markets in 7.8s | yes:48 no:30 | next in 30s
2026-08-02 01:41:34,101 - INFO - [SCREENER] 146 markets in 7.3s | yes:48 no:31 | next in 30s
2026-08-02 01:42:05,467 - INFO - [SCREENER] 146 markets in 7.9s | yes:48 no:34 | next in 30s
2026-08-02 01:42:43,293 - INFO - [SCREENER] 146 markets in 7.0s | yes:47 no:30 | next in 30s
2026-08-02 01:43:22,740 - INFO - [SCREENER] 141 markets in 8.3s | yes:49 no:29 | next in 30s
2026-08-02 01:43:53,056 - INFO - [SCREENER] 137 markets in 7.4s | yes:51 no:25 | next in 30s
2026-08-02 01:44:36,211 - INFO - [SCREENER] 137 markets in 11.9s | yes:54 no:22 | next in 30s
2026-08-02 01:45:04,840 - INFO - [SCREENER] 138 markets in 7.4s | yes:54 no:23 | next in 30s
2026-08-02 01:45:43,102 - INFO - [SCREENER] 131 markets in 7.2s | yes:48 no:23 | next in 30s
2026-08-02 01:46:15,163 - INFO - [SCREENER] 129 markets in 7.0s | yes:48 no:23 | next in 30s
2026-08-02 01:46:55,504 - INFO - [SCREENER] 132 markets in 9.3s | yes:45 no:24 | next in 30s
2026-08-02 01:47:25,308 - INFO - [SCREENER] 136 markets in 8.4s | yes:44 no:23 | next in 30s
2026-08-02 01:48:06,861 - INFO - [SCREENER] 135 markets in 8.0s | yes:45 no:24 | next in 30s
2026-08-02 01:48:45,646 - INFO - [SCREENER] 131 markets in 7.8s | yes:45 no:24 | next in 30s
2026-08-02 01:49:25,471 - INFO - [SCREENER] 135 markets in 9.0s | yes:45 no:24 | next in 30s
2026-08-02 01:49:53,988 - INFO - [SCREENER] 135 markets in 7.2s | yes:46 no:24 | next in 30s
2026-08-02 01:50:24,801 - INFO - [SCREENER] 128 markets in 7.6s | yes:45 no:26 | next in 30s
2026-08-02 01:51:03,727 - INFO - [SCREENER] 126 markets in 7.8s | yes:54 no:21 | next in 30s
2026-08-02 01:51:42,852 - INFO - [SCREENER] 122 markets in 8.1s | yes:53 no:18 | next in 30s
2026-08-02 01:52:14,532 - INFO - [SCREENER] 122 markets in 8.7s | yes:50 no:20 | next in 30s
2026-08-02 01:52:44,496 - INFO - [SCREENER] 121 markets in 8.6s | yes:53 no:20 | next in 30s
2026-08-02 01:53:22,777 - INFO - [SCREENER] 122 markets in 7.2s | yes:52 no:22 | next in 30s
2026-08-02 01:54:01,678 - INFO - [SCREENER] 128 markets in 7.6s | yes:50 no:23 | next in 30s
2026-08-02 01:54:32,826 - INFO - [SCREENER] 127 markets in 7.6s | yes:52 no:24 | next in 30s
2026-08-02 01:55:11,812 - INFO - [SCREENER] 127 markets in 8.0s | yes:53 no:22 | next in 30s
2026-08-02 01:55:51,207 - INFO - [SCREENER] 129 markets in 7.9s | yes:52 no:22 | next in 30s
2026-08-02 01:56:21,016 - INFO - [SCREENER] 131 markets in 6.9s | yes:53 no:22 | next in 30s
2026-08-02 01:56:59,436 - INFO - [SCREENER] 127 markets in 7.1s | yes:51 no:22 | next in 30s
2026-08-02 01:57:37,721 - INFO - [SCREENER] 129 markets in 7.1s | yes:53 no:23 | next in 30s
2026-08-02 01:58:16,916 - INFO - [SCREENER] 122 markets in 8.1s | yes:54 no:14 | next in 30s
2026-08-02 01:58:20,565 - INFO - [LIMIT SELL] Will the highest temperature in Manila b | 14.4900 shares @ 0.3
2026-08-02 01:58:20,566 - INFO - [POSITION] 限价卖出 1 个持仓
2026-08-02 01:58:48,010 - INFO - [SCREENER] 130 markets in 7.4s | yes:53 no:13 | next in 30s
2026-08-02 01:59:26,215 - INFO - [SCREENER] 126 markets in 7.2s | yes:54 no:15 | next in 30s
2026-08-02 02:00:04,209 - INFO - [SCREENER] 123 markets in 7.2s | yes:52 no:13 | next in 30s
2026-08-02 02:00:35,225 - INFO - [SCREENER] 120 markets in 7.5s | yes:50 no:13 | next in 30s
2026-08-02 02:01:13,288 - INFO - [SCREENER] 124 markets in 7.1s | yes:50 no:13 | next in 30s
2026-08-02 02:01:52,679 - INFO - [SCREENER] 126 markets in 8.2s | yes:47 no:14 | next in 30s
2026-08-02 02:02:31,556 - INFO - [SCREENER] 129 markets in 7.7s | yes:48 no:14 | next in 30s
2026-08-02 02:03:02,548 - INFO - [SCREENER] 125 markets in 7.6s | yes:48 no:15 | next in 30s
2026-08-02 02:03:40,364 - INFO - [SCREENER] 126 markets in 7.0s | yes:47 no:12 | next in 30s
2026-08-02 02:04:20,059 - INFO - [SCREENER] 125 markets in 8.5s | yes:48 no:12 | next in 30s
2026-08-02 02:04:51,593 - INFO - [SCREENER] 124 markets in 8.1s | yes:43 no:12 | next in 30s
2026-08-02 02:05:29,976 - INFO - [SCREENER] 130 markets in 7.3s | yes:43 no:10 | next in 30s
2026-08-02 02:06:08,671 - INFO - [SCREENER] 127 markets in 7.6s | yes:41 no:12 | next in 30s
2026-08-02 02:06:48,452 - INFO - [SCREENER] 116 markets in 8.5s | yes:42 no:13 | next in 30s
2026-08-02 02:07:20,137 - INFO - [SCREENER] 114 markets in 8.1s | yes:41 no:11 | next in 30s
2026-08-02 02:07:59,672 - INFO - [SCREENER] 119 markets in 8.5s | yes:38 no:8 | next in 30s
2026-08-02 02:08:38,263 - INFO - [SCREENER] 122 markets in 7.4s | yes:40 no:11 | next in 30s
2026-08-02 02:09:09,308 - INFO - [SCREENER] 126 markets in 7.9s | yes:41 no:11 | next in 30s
2026-08-02 02:09:47,633 - INFO - [SCREENER] 126 markets in 7.3s | yes:42 no:8 | next in 30s
2026-08-02 02:10:26,269 - INFO - [SCREENER] 129 markets in 7.8s | yes:40 no:12 | next in 30s
2026-08-02 02:11:05,578 - INFO - [SCREENER] 129 markets in 8.0s | yes:40 no:15 | next in 30s
2026-08-02 02:11:36,137 - INFO - [SCREENER] 131 markets in 7.2s | yes:44 no:14 | next in 30s
2026-08-02 02:11:36,978 - ERROR - [py_clob_client_v2] request error: Server disconnected
2026-08-02 02:11:36,978 - ERROR - [py_clob_client_v2] request error: Server disconnected
2026-08-02 02:11:36,978 - ERROR - 获取订单簿失败: 49348829758396779113... | PolyApiException[status_code=None, error_message=Request exception!]
2026-08-02 02:11:36,978 - ERROR - [py_clob_client_v2] request error: Server disconnected
2026-08-02 02:11:36,978 - ERROR - [BATCH CANCEL ERR] 1 条 | PolyApiException[status_code=None, error_message=Request exception!]
2026-08-02 02:11:36,979 - ERROR - 获取订单簿失败: 72175808610018061439... | PolyApiException[status_code=None, error_message=Request exception!]
2026-08-02 02:11:37,976 - ERROR - [BATCH CANCEL] 1138600151590930 取消结果不明，回退 RESTING 等 audit 确认 | oid=0x86f92cd2f69d8c0590
2026-08-02 02:11:37,976 - WARNING - [RETRY] 4934882975839677 bids不足2档，10s后重试
2026-08-02 02:11:37,978 - WARNING - [RETRY] 7217580861001806 bids不足2档，10s后重试
2026-08-02 02:12:14,218 - INFO - [SCREENER] 129 markets in 7.2s | yes:42 no:16 | next in 30s
2026-08-02 02:12:52,464 - INFO - [SCREENER] 131 markets in 7.4s | yes:41 no:14 | next in 30s
2026-08-02 02:13:23,099 - INFO - [SCREENER] 134 markets in 7.4s | yes:43 no:13 | next in 30s
2026-08-02 02:14:01,738 - INFO - [SCREENER] 133 markets in 7.5s | yes:46 no:16 | next in 30s
2026-08-02 02:14:39,844 - INFO - [SCREENER] 132 markets in 7.1s | yes:46 no:15 | next in 30s
2026-08-02 02:15:18,980 - INFO - [SCREENER] 134 markets in 8.3s | yes:48 no:15 | next in 30s
2026-08-02 02:15:49,080 - INFO - [SCREENER] 132 markets in 6.9s | yes:45 no:13 | next in 30s
2026-08-02 02:16:29,727 - INFO - [SCREENER] 135 markets in 9.4s | yes:44 no:15 | next in 30s
2026-08-02 02:16:58,189 - INFO - [SCREENER] 138 markets in 7.3s | yes:44 no:16 | next in 30s
2026-08-02 02:17:39,826 - INFO - [SCREENER] 134 markets in 8.2s | yes:43 no:16 | next in 30s
2026-08-02 02:18:19,367 - INFO - [SCREENER] 132 markets in 8.7s | yes:45 no:19 | next in 30s
2026-08-02 02:18:57,790 - INFO - [SCREENER] 136 markets in 7.6s | yes:47 no:16 | next in 30s
2026-08-02 02:19:36,517 - INFO - [SCREENER] 133 markets in 7.6s | yes:48 no:18 | next in 30s
2026-08-02 02:20:07,175 - INFO - [SCREENER] 138 markets in 7.5s | yes:45 no:20 | next in 30s
2026-08-02 02:20:45,754 - INFO - [SCREENER] 140 markets in 7.3s | yes:45 no:17 | next in 30s
2026-08-02 02:21:24,509 - INFO - [SCREENER] 140 markets in 7.3s | yes:45 no:18 | next in 30s
2026-08-02 02:21:55,368 - INFO - [SCREENER] 139 markets in 7.4s | yes:45 no:18 | next in 30s
2026-08-02 02:22:33,755 - INFO - [SCREENER] 140 markets in 7.4s | yes:44 no:17 | next in 30s
2026-08-02 02:23:14,417 - INFO - [SCREENER] 141 markets in 9.6s | yes:36 no:17 | next in 30s
2026-08-02 02:23:43,149 - INFO - [SCREENER] 139 markets in 7.7s | yes:39 no:18 | next in 30s
2026-08-02 02:24:13,880 - INFO - [SCREENER] 140 markets in 7.4s | yes:38 no:17 | next in 30s
2026-08-02 02:24:51,845 - INFO - [SCREENER] 140 markets in 7.1s | yes:36 no:20 | next in 30s
2026-08-02 02:25:30,029 - INFO - [SCREENER] 134 markets in 7.2s | yes:39 no:23 | next in 30s
2026-08-02 02:26:08,250 - INFO - [SCREENER] 139 markets in 7.2s | yes:39 no:24 | next in 30s
2026-08-02 02:26:38,811 - INFO - [SCREENER] 140 markets in 6.9s | yes:41 no:24 | next in 30s
2026-08-02 02:27:19,323 - INFO - [SCREENER] 138 markets in 9.2s | yes:45 no:19 | next in 30s
2026-08-02 02:27:48,145 - INFO - [SCREENER] 139 markets in 7.7s | yes:46 no:19 | next in 30s
2026-08-02 02:28:29,472 - INFO - [SCREENER] 137 markets in 8.1s | yes:45 no:21 | next in 30s
2026-08-02 02:29:08,503 - INFO - [SCREENER] 139 markets in 7.7s | yes:43 no:21 | next in 30s
2026-08-02 02:29:46,900 - INFO - [SCREENER] 143 markets in 7.2s | yes:45 no:22 | next in 30s
2026-08-02 02:30:25,029 - INFO - [SCREENER] 144 markets in 7.1s | yes:44 no:22 | next in 30s
2026-08-02 02:30:55,766 - INFO - [SCREENER] 143 markets in 7.4s | yes:42 no:20 | next in 30s
2026-08-02 02:31:36,340 - INFO - [SCREENER] 148 markets in 9.3s | yes:42 no:20 | next in 30s
2026-08-02 02:32:04,762 - INFO - [SCREENER] 148 markets in 7.4s | yes:43 no:19 | next in 30s
2026-08-02 02:32:46,721 - INFO - [SCREENER] 148 markets in 7.7s | yes:46 no:18 | next in 30s
2026-08-02 02:33:26,067 - INFO - [SCREENER] 144 markets in 7.7s | yes:44 no:21 | next in 30s
2026-08-02 02:34:04,824 - INFO - [SCREENER] 137 markets in 7.1s | yes:47 no:18 | next in 30s
2026-08-02 02:34:46,671 - INFO - [SCREENER] 141 markets in 8.2s | yes:46 no:19 | next in 30s
2026-08-02 02:35:26,079 - INFO - [SCREENER] 142 markets in 8.2s | yes:45 no:17 | next in 30s
2026-08-02 02:36:04,433 - INFO - [SCREENER] 143 markets in 7.3s | yes:47 no:23 | next in 30s
2026-08-02 02:36:42,772 - INFO - [SCREENER] 140 markets in 7.3s | yes:45 no:23 | next in 30s
2026-08-02 02:37:13,994 - INFO - [SCREENER] 140 markets in 7.8s | yes:47 no:20 | next in 30s
2026-08-02 02:37:53,020 - INFO - [SCREENER] 144 markets in 7.7s | yes:45 no:18 | next in 30s
2026-08-02 02:38:32,399 - INFO - [SCREENER] 143 markets in 8.4s | yes:46 no:20 | next in 30s
2026-08-02 02:39:03,048 - INFO - [SCREENER] 142 markets in 7.6s | yes:45 no:21 | next in 30s
2026-08-02 02:39:48,177 - INFO - [SCREENER] 141 markets in 14.1s | yes:48 no:19 | next in 30s
2026-08-02 02:40:17,988 - INFO - [SCREENER] 145 markets in 8.4s | yes:48 no:23 | next in 30s
2026-08-02 02:40:56,568 - INFO - [SCREENER] 146 markets in 7.5s | yes:47 no:23 | next in 30s
2026-08-02 02:41:27,976 - INFO - [SCREENER] 147 markets in 7.9s | yes:51 no:22 | next in 30s
2026-08-02 02:42:06,661 - INFO - [SCREENER] 146 markets in 7.6s | yes:50 no:21 | next in 30s
2026-08-02 02:42:45,559 - INFO - [SCREENER] 145 markets in 7.9s | yes:55 no:20 | next in 30s
2026-08-02 02:43:16,859 - INFO - [SCREENER] 142 markets in 8.1s | yes:54 no:21 | next in 30s
2026-08-02 02:43:54,733 - INFO - [SCREENER] 146 markets in 7.0s | yes:52 no:23 | next in 30s
2026-08-02 02:44:32,876 - INFO - [SCREENER] 147 markets in 7.0s | yes:49 no:22 | next in 30s
2026-08-02 02:45:11,144 - INFO - [SCREENER] 146 markets in 7.1s | yes:50 no:22 | next in 30s
2026-08-02 02:45:42,093 - INFO - [SCREENER] 145 markets in 7.1s | yes:51 no:21 | next in 30s
2026-08-02 02:46:20,599 - INFO - [SCREENER] 145 markets in 7.4s | yes:51 no:25 | next in 30s
2026-08-02 02:46:59,536 - INFO - [SCREENER] 148 markets in 7.9s | yes:49 no:27 | next in 30s
2026-08-02 02:47:31,624 - INFO - [SCREENER] 144 markets in 8.0s | yes:52 no:27 | next in 30s
2026-08-02 02:48:10,037 - INFO - [SCREENER] 148 markets in 7.2s | yes:50 no:23 | next in 30s
2026-08-02 02:48:49,226 - INFO - [SCREENER] 143 markets in 8.3s | yes:51 no:22 | next in 30s
2026-08-02 02:49:27,534 - INFO - [SCREENER] 145 markets in 7.2s | yes:52 no:21 | next in 30s
2026-08-02 02:49:59,281 - INFO - [SCREENER] 143 markets in 8.7s | yes:52 no:20 | next in 30s
2026-08-02 02:50:28,749 - INFO - [SCREENER] 143 markets in 8.0s | yes:52 no:23 | next in 30s
2026-08-02 02:51:07,768 - INFO - [SCREENER] 142 markets in 7.7s | yes:52 no:24 | next in 30s
2026-08-02 02:51:48,769 - INFO - [SCREENER] 146 markets in 7.2s | yes:50 no:19 | next in 30s
2026-08-02 02:52:26,972 - INFO - [SCREENER] 140 markets in 7.1s | yes:53 no:17 | next in 30s
2026-08-02 02:53:06,912 - INFO - [SCREENER] 140 markets in 8.8s | yes:50 no:15 | next in 30s
2026-08-02 02:53:45,741 - INFO - [SCREENER] 143 markets in 7.8s | yes:50 no:17 | next in 30s
2026-08-02 02:54:16,953 - INFO - [SCREENER] 147 markets in 8.0s | yes:49 no:19 | next in 30s
2026-08-02 02:54:56,119 - INFO - [SCREENER] 147 markets in 8.1s | yes:51 no:19 | next in 30s
2026-08-02 02:55:34,755 - INFO - [SCREENER] 143 markets in 7.8s | yes:46 no:19 | next in 30s
2026-08-02 02:56:05,127 - INFO - [SCREENER] 148 markets in 7.3s | yes:52 no:22 | next in 30s
2026-08-02 02:56:43,253 - INFO - [SCREENER] 149 markets in 7.2s | yes:54 no:22 | next in 30s
2026-08-02 02:57:21,700 - INFO - [SCREENER] 155 markets in 7.3s | yes:54 no:22 | next in 30s
2026-08-02 02:58:00,498 - INFO - [SCREENER] 154 markets in 7.9s | yes:49 no:22 | next in 30s
2026-08-02 02:58:06,776 - ERROR - [AUDIT] 批量查询 best_bid 失败: HTTPSConnectionPool(host='clob.polymarket.com', port=443): Max retries exceeded with url: /books (Caused by SSLError(SSLEOFError(8, '[SSL: UNEXPECTED_EOF_WHILE_READING] EOF occurred in violation of protocol (_ssl.c:1000)')))
2026-08-02 02:58:08,486 - INFO - [LIMIT SELL] Will the highest temperature in Panama C | 1.5900 shares @ 0.36
2026-08-02 02:58:08,487 - INFO - [POSITION] 限价卖出 1 个持仓
2026-08-02 02:58:36,126 - INFO - [SCREENER] 151 markets in 7.6s | yes:51 no:21 | next in 30s
2026-08-02 02:59:15,186 - INFO - [SCREENER] 150 markets in 7.6s | yes:56 no:19 | next in 30s
2026-08-02 02:59:54,368 - INFO - [SCREENER] 149 markets in 8.0s | yes:55 no:16 | next in 30s
2026-08-02 03:00:25,418 - INFO - [SCREENER] 148 markets in 7.6s | yes:50 no:18 | next in 30s
2026-08-02 03:01:06,831 - INFO - [SCREENER] 145 markets in 10.1s | yes:50 no:19 | next in 30s
2026-08-02 03:01:37,174 - INFO - [SCREENER] 144 markets in 8.9s | yes:49 no:19 | next in 30s
2026-08-02 03:02:15,725 - INFO - [SCREENER] 145 markets in 7.5s | yes:49 no:20 | next in 30s
2026-08-02 03:02:19,608 - INFO - [LIMIT SELL] Will the highest temperature in Chongqin | 50.0000 shares @ 0.81
2026-08-02 03:02:19,608 - INFO - [POSITION] 限价卖出 1 个持仓
2026-08-02 03:02:46,469 - INFO - [SCREENER] 144 markets in 6.8s | yes:49 no:20 | next in 30s
2026-08-02 03:03:24,929 - INFO - [SCREENER] 144 markets in 7.5s | yes:48 no:19 | next in 30s
2026-08-02 03:04:03,454 - INFO - [SCREENER] 143 markets in 7.7s | yes:51 no:19 | next in 30s
2026-08-02 03:04:16,847 - WARNING - [POSITION] 8912714906367095 best_bid=0.8 < 成本0.8300-0.02=0.8100，取消卖单等待
2026-08-02 03:04:35,000 - INFO - [SCREENER] 144 markets in 8.1s | yes:53 no:20 | next in 30s
2026-08-02 03:05:14,325 - INFO - [SCREENER] 148 markets in 7.9s | yes:49 no:18 | next in 30s
2026-08-02 03:05:52,848 - INFO - [SCREENER] 144 markets in 7.7s | yes:50 no:18 | next in 30s
2026-08-02 03:06:31,312 - INFO - [SCREENER] 142 markets in 7.6s | yes:45 no:18 | next in 30s
2026-08-02 03:06:35,147 - INFO - [LIMIT SELL] Will the highest temperature in Chongqin | 40.0000 shares @ 0.81
2026-08-02 03:06:35,147 - INFO - [POSITION] 限价卖出 1 个持仓
2026-08-02 03:07:02,881 - INFO - [SCREENER] 146 markets in 7.7s | yes:46 no:15 | next in 30s
2026-08-02 03:07:42,790 - INFO - [SCREENER] 138 markets in 7.8s | yes:46 no:17 | next in 30s
2026-08-02 03:08:20,580 - INFO - [SCREENER] 139 markets in 6.8s | yes:49 no:15 | next in 30s
2026-08-02 03:08:33,767 - WARNING - [POSITION] 8912714906367095 best_bid=0.8 < 成本0.8300-0.02=0.8100，取消卖单等待
2026-08-02 03:09:02,104 - INFO - [SCREENER] 142 markets in 8.3s | yes:54 no:17 | next in 30s
2026-08-02 03:09:40,800 - INFO - [SCREENER] 146 markets in 7.5s | yes:51 no:13 | next in 30s
2026-08-02 03:10:19,417 - INFO - [SCREENER] 148 markets in 7.4s | yes:56 no:14 | next in 30s
2026-08-02 03:10:59,949 - INFO - [SCREENER] 151 markets in 7.6s | yes:49 no:14 | next in 30s
2026-08-02 03:11:37,728 - INFO - [SCREENER] 146 markets in 6.7s | yes:46 no:16 | next in 30s
2026-08-02 03:12:16,774 - INFO - [SCREENER] 147 markets in 8.0s | yes:49 no:19 | next in 30s
2026-08-02 03:12:54,730 - INFO - [SCREENER] 144 markets in 7.1s | yes:48 no:20 | next in 30s
2026-08-02 03:12:58,204 - INFO - [LIMIT SELL] Will the highest temperature in Chongqin | 30.0000 shares @ 0.81
2026-08-02 03:12:58,205 - INFO - [POSITION] 限价卖出 1 个持仓
2026-08-02 03:13:25,102 - INFO - [SCREENER] 145 markets in 6.9s | yes:47 no:17 | next in 30s
2026-08-02 03:14:03,869 - INFO - [SCREENER] 145 markets in 7.4s | yes:47 no:17 | next in 30s
2026-08-02 03:14:41,726 - INFO - [SCREENER] 143 markets in 7.0s | yes:46 no:20 | next in 30s
2026-08-02 03:14:55,705 - WARNING - [POSITION] 8912714906367095 best_bid=0.8 < 成本0.8300-0.02=0.8100，取消卖单等待
2026-08-02 03:15:12,650 - INFO - [SCREENER] 141 markets in 6.9s | yes:44 no:20 | next in 30s
2026-08-02 03:15:51,088 - INFO - [SCREENER] 143 markets in 7.2s | yes:45 no:19 | next in 30s
2026-08-02 03:16:32,961 - INFO - [SCREENER] 142 markets in 10.0s | yes:45 no:19 | next in 30s
2026-08-02 03:17:02,156 - INFO - [SCREENER] 138 markets in 7.8s | yes:48 no:18 | next in 30s
2026-08-02 03:17:32,614 - INFO - [SCREENER] 154 markets in 7.2s | yes:51 no:21 | next in 30s
2026-08-02 03:18:02,428 - INFO - [SCREENER] 143 markets in 6.6s | yes:50 no:17 | next in 30s
2026-08-02 03:18:41,633 - INFO - [SCREENER] 142 markets in 8.2s | yes:50 no:15 | next in 30s
2026-08-02 03:19:21,895 - INFO - [SCREENER] 146 markets in 6.6s | yes:49 no:17 | next in 30s
2026-08-02 03:20:00,417 - INFO - [SCREENER] 144 markets in 7.2s | yes:50 no:16 | next in 30s
2026-08-02 03:20:38,482 - INFO - [SCREENER] 143 markets in 7.2s | yes:53 no:19 | next in 30s
2026-08-02 03:21:16,372 - INFO - [SCREENER] 142 markets in 6.6s | yes:53 no:19 | next in 30s
2026-08-02 03:21:56,701 - INFO - [SCREENER] 143 markets in 7.3s | yes:55 no:20 | next in 30s
2026-08-02 03:22:23,744 - ERROR - [py_clob_client_v2] request error: Server disconnected
2026-08-02 03:22:23,744 - ERROR - [py_clob_client_v2] request error: Server disconnected
2026-08-02 03:22:23,745 - ERROR - 获取订单簿失败: 14525486363888970238... | PolyApiException[status_code=None, error_message=Request exception!]
2026-08-02 03:22:23,745 - ERROR - 获取订单簿失败: 26092071645795977749... | PolyApiException[status_code=None, error_message=Request exception!]
2026-08-02 03:22:24,740 - WARNING - [RETRY] 1452548636388897 bids不足2档，10s后重试
2026-08-02 03:22:24,741 - WARNING - [RETRY] 2609207164579597 bids不足2档，10s后重试
2026-08-02 03:22:34,656 - INFO - [SCREENER] 145 markets in 6.9s | yes:55 no:25 | next in 30s
2026-08-02 03:23:12,254 - INFO - [SCREENER] 148 markets in 6.6s | yes:57 no:25 | next in 30s
2026-08-02 03:23:25,868 - INFO - [LIMIT SELL] Will the highest temperature in Chongqin | 22.0000 shares @ 0.81
2026-08-02 03:23:25,868 - INFO - [POSITION] 限价卖出 1 个持仓
2026-08-02 03:23:42,734 - INFO - [SCREENER] 149 markets in 6.9s | yes:58 no:23 | next in 30s
2026-08-02 03:24:20,749 - INFO - [SCREENER] 148 markets in 6.7s | yes:61 no:23 | next in 30s
2026-08-02 03:24:58,254 - INFO - [SCREENER] 149 markets in 6.4s | yes:62 no:23 | next in 30s
2026-08-02 03:25:35,853 - INFO - [SCREENER] 145 markets in 6.2s | yes:57 no:23 | next in 30s
2026-08-02 03:25:38,754 - WARNING - [POSITION] 8912714906367095 best_bid=0.8 < 成本0.8300-0.02=0.8100，取消卖单等待
2026-08-02 03:25:47,031 - ERROR - [BATCH CANCEL FAIL] 0x34dc2f3a1ff207c4d6... | order can't be found - already canceled or matched
2026-08-02 03:25:47,764 - ERROR - [BATCH CANCEL] 2931629179384381 取消结果不明，回退 RESTING 等 audit 确认 | oid=0x34dc2f3a1ff207c4d6
2026-08-02 03:26:16,797 - INFO - [SCREENER] 147 markets in 7.1s | yes:56 no:20 | next in 30s
2026-08-02 03:26:53,896 - INFO - [SCREENER] 142 markets in 6.2s | yes:56 no:21 | next in 30s
2026-08-02 03:27:32,610 - INFO - [SCREENER] 140 markets in 7.4s | yes:54 no:20 | next in 30s
2026-08-02 03:27:46,322 - INFO - [LIMIT SELL] Will the highest temperature in Seoul (I | 50.0000 shares @ 0.3
2026-08-02 03:27:46,323 - INFO - [POSITION] 限价卖出 1 个持仓
2026-08-02 03:28:03,418 - INFO - [SCREENER] 140 markets in 7.1s | yes:54 no:17 | next in 30s
2026-08-02 03:28:41,739 - INFO - [SCREENER] 142 markets in 6.9s | yes:55 no:19 | next in 30s
2026-08-02 03:29:19,652 - INFO - [SCREENER] 141 markets in 6.9s | yes:54 no:19 | next in 30s
2026-08-02 03:29:57,668 - INFO - [SCREENER] 142 markets in 7.2s | yes:55 no:18 | next in 30s
2026-08-02 03:30:31,433 - INFO - [SCREENER] 141 markets in 10.0s | yes:56 no:19 | next in 30s
2026-08-02 03:31:00,181 - INFO - [SCREENER] 141 markets in 7.7s | yes:56 no:20 | next in 30s
2026-08-02 03:31:38,158 - INFO - [SCREENER] 139 markets in 6.5s | yes:57 no:19 | next in 30s
2026-08-02 03:32:18,239 - INFO - [SCREENER] 141 markets in 6.7s | yes:48 no:16 | next in 30s
2026-08-02 03:32:58,746 - INFO - [SCREENER] 140 markets in 8.6s | yes:51 no:17 | next in 30s
2026-08-02 03:33:36,123 - INFO - [SCREENER] 144 markets in 6.3s | yes:52 no:16 | next in 30s
2026-08-02 03:34:13,970 - INFO - [SCREENER] 141 markets in 6.7s | yes:53 no:17 | next in 30s
2026-08-02 03:34:17,837 - INFO - [LIMIT SELL] Will the highest temperature in London b | 4.8400 shares @ 0.34
2026-08-02 03:34:17,838 - INFO - [POSITION] 限价卖出 1 个持仓
2026-08-02 03:34:44,392 - INFO - [SCREENER] 144 markets in 6.5s | yes:54 no:16 | next in 30s
2026-08-02 03:35:22,383 - INFO - [SCREENER] 145 markets in 6.8s | yes:55 no:15 | next in 30s
2026-08-02 03:36:00,254 - INFO - [SCREENER] 143 markets in 6.7s | yes:59 no:17 | next in 30s
2026-08-02 03:36:14,413 - INFO - [LIMIT SELL] Will the highest temperature in Chongqin | 12.0000 shares @ 0.81
2026-08-02 03:36:14,414 - INFO - [POSITION] 限价卖出 1 个持仓
2026-08-02 03:36:31,349 - INFO - [SCREENER] 145 markets in 6.9s | yes:53 no:18 | next in 30s
2026-08-02 03:37:08,993 - INFO - [SCREENER] 142 markets in 6.6s | yes:54 no:19 | next in 30s
2026-08-02 03:37:48,599 - INFO - [SCREENER] 139 markets in 8.2s | yes:44 no:16 | next in 30s
2026-08-02 03:38:25,708 - INFO - [SCREENER] 142 markets in 6.4s | yes:46 no:17 | next in 30s
2026-08-02 03:38:29,331 - INFO - [LIMIT SELL] Will the highest temperature in Chongqin | 2.0000 shares @ 0.81
2026-08-02 03:38:29,332 - INFO - [POSITION] 限价卖出 1 个持仓
2026-08-02 03:39:05,702 - INFO - [SCREENER] 143 markets in 6.3s | yes:44 no:17 | next in 30s
2026-08-02 03:39:44,096 - INFO - [SCREENER] 141 markets in 7.3s | yes:48 no:14 | next in 30s
2026-08-02 03:39:56,316 - ERROR - [MarketWS] 错误: Connection to remote host was lost.
2026-08-02 03:39:56,317 - ERROR - Connection to remote host was lost. - goodbye
2026-08-02 03:39:56,318 - WARNING - [MarketWS] 连接断开 code=None msg=None
2026-08-02 03:39:56,318 - WARNING - [WssBot] 市场WS断线，立即取消全部挂单
2026-08-02 03:39:56,320 - INFO - [MarketWS] 5.0s 后重连...
2026-08-02 03:39:56,584 - INFO - [CANCEL ALL] 58 已取消 | 市场WS断线
2026-08-02 03:40:02,107 - INFO - [MarketWS] 已连接，订阅 67 个市场
2026-08-02 03:40:02,107 - INFO - [WssBot] 市场WS重连成功，将在下一个tick同步订阅
2026-08-02 03:40:21,170 - INFO - [SCREENER] 149 markets in 6.1s | yes:48 no:15 | next in 30s
2026-08-02 03:40:33,158 - WARNING - [AUDIT] 9237895826239872 订单丢失纠偏
2026-08-02 03:40:33,158 - WARNING - [AUDIT] 2504049173922608 订单丢失纠偏
2026-08-02 03:40:33,160 - WARNING - [AUDIT] 5278531042861990 订单丢失纠偏
2026-08-02 03:40:33,160 - WARNING - [AUDIT] 8545580155717339 订单丢失纠偏
2026-08-02 03:40:33,161 - WARNING - [AUDIT] 9098766676952057 订单丢失纠偏
2026-08-02 03:40:33,161 - WARNING - [AUDIT] 5924628137276475 订单丢失纠偏
2026-08-02 03:40:33,162 - WARNING - [AUDIT] 7315441485485679 订单丢失纠偏
2026-08-02 03:40:33,162 - WARNING - [AUDIT] 9295188727115323 订单丢失纠偏
2026-08-02 03:40:33,163 - WARNING - [AUDIT] 8942840177536718 订单丢失纠偏
2026-08-02 03:40:33,168 - WARNING - [AUDIT] 8146269123855920 订单丢失纠偏
2026-08-02 03:40:33,168 - WARNING - [AUDIT] 1404384484295473 订单丢失纠偏
2026-08-02 03:40:33,168 - WARNING - [AUDIT] 6618369461304206 订单丢失纠偏
2026-08-02 03:40:33,168 - WARNING - [AUDIT] 2662889785035759 订单丢失纠偏
2026-08-02 03:40:33,170 - WARNING - [AUDIT] 3387576696714131 订单丢失纠偏
2026-08-02 03:40:33,170 - WARNING - [AUDIT] 1043733025524486 订单丢失纠偏
2026-08-02 03:40:33,170 - WARNING - [AUDIT] 1436216773944936 订单丢失纠偏
2026-08-02 03:40:33,172 - WARNING - [AUDIT] 9273255037284990 订单丢失纠偏
2026-08-02 03:40:33,172 - WARNING - [AUDIT] 3678275121283001 订单丢失纠偏
2026-08-02 03:40:33,172 - WARNING - [AUDIT] 2777098014476441 订单丢失纠偏
2026-08-02 03:40:33,172 - WARNING - [AUDIT] 4705300715841426 订单丢失纠偏
2026-08-02 03:40:33,173 - WARNING - [AUDIT] 8635337874668827 订单丢失纠偏
2026-08-02 03:40:33,173 - WARNING - [AUDIT] 9645166115135837 订单丢失纠偏
2026-08-02 03:40:33,173 - WARNING - [AUDIT] 8764222098450584 订单丢失纠偏
2026-08-02 03:40:33,174 - WARNING - [AUDIT] 5519263598339571 订单丢失纠偏
2026-08-02 03:40:33,174 - WARNING - [AUDIT] 1068161458391412 订单丢失纠偏
2026-08-02 03:40:33,174 - WARNING - [AUDIT] 8286161144980862 订单丢失纠偏
2026-08-02 03:40:33,174 - WARNING - [AUDIT] 8855750854016511 订单丢失纠偏
2026-08-02 03:40:33,174 - WARNING - [AUDIT] 4609008681435171 订单丢失纠偏
2026-08-02 03:40:33,174 - WARNING - [AUDIT] 1048118837639528 订单丢失纠偏
2026-08-02 03:40:33,174 - WARNING - [AUDIT] 8906296046177489 订单丢失纠偏
2026-08-02 03:40:33,174 - WARNING - [AUDIT] 2323187445637192 订单丢失纠偏
2026-08-02 03:40:33,174 - WARNING - [AUDIT] 2406589897873730 订单丢失纠偏
2026-08-02 03:40:33,174 - WARNING - [AUDIT] 8749054198737704 订单丢失纠偏
2026-08-02 03:40:33,174 - WARNING - [AUDIT] 9129000666752773 订单丢失纠偏
2026-08-02 03:40:33,174 - WARNING - [AUDIT] 8929210349196583 订单丢失纠偏
2026-08-02 03:40:33,174 - WARNING - [AUDIT] 2011341284551955 订单丢失纠偏
2026-08-02 03:40:33,175 - WARNING - [AUDIT] 4229198325288700 订单丢失纠偏
2026-08-02 03:40:33,175 - WARNING - [AUDIT] 5788667258485827 订单丢失纠偏
2026-08-02 03:40:33,175 - WARNING - [AUDIT] 5495157888705213 订单丢失纠偏
2026-08-02 03:40:33,175 - WARNING - [AUDIT] 2931629179384381 订单丢失纠偏
2026-08-02 03:40:33,175 - WARNING - [AUDIT] 3197234671094245 订单丢失纠偏
2026-08-02 03:40:33,175 - WARNING - [AUDIT] 1131349159365005 订单丢失纠偏
2026-08-02 03:40:33,175 - WARNING - [AUDIT] 1121984966634020 订单丢失纠偏
2026-08-02 03:40:33,175 - WARNING - [AUDIT] 1067524213121640 订单丢失纠偏
2026-08-02 03:40:33,175 - WARNING - [AUDIT] 3819089658003181 订单丢失纠偏
2026-08-02 03:40:33,175 - WARNING - [AUDIT] 7391922537017002 订单丢失纠偏
2026-08-02 03:40:33,175 - WARNING - [AUDIT] 4044723003049136 订单丢失纠偏
2026-08-02 03:40:33,176 - WARNING - [AUDIT] 7534297012306341 订单丢失纠偏
2026-08-02 03:40:33,176 - WARNING - [AUDIT] 8032237424386719 订单丢失纠偏
2026-08-02 03:40:33,176 - WARNING - [AUDIT] 3191195086986437 订单丢失纠偏
2026-08-02 03:40:33,176 - WARNING - [AUDIT] 1020115801742603 订单丢失纠偏
2026-08-02 03:40:33,176 - WARNING - [AUDIT] 4158272995564500 订单丢失纠偏
2026-08-02 03:40:33,176 - WARNING - [AUDIT] 1072612513038138 订单丢失纠偏
2026-08-02 03:40:33,177 - WARNING - [AUDIT] 6751395722302698 订单丢失纠偏
2026-08-02 03:40:33,177 - WARNING - [AUDIT] 9180793670399754 订单丢失纠偏
2026-08-02 03:40:33,177 - WARNING - [AUDIT] 4068776838247554 订单丢失纠偏
2026-08-02 03:40:37,150 - ERROR - [USER WS ERR] Connection to remote host was lost.
2026-08-02 03:40:37,150 - ERROR - Connection to remote host was lost. - goodbye
2026-08-02 03:40:37,151 - WARNING - [USER WS] close code=None reason=None
2026-08-02 03:40:37,151 - WARNING - [USER WS] 断开，5s 后重连...
2026-08-02 03:41:00,856 - INFO - [SCREENER] 149 markets in 6.5s | yes:51 no:16 | next in 30s
2026-08-02 03:41:38,270 - INFO - [SCREENER] 149 markets in 6.6s | yes:48 no:16 | next in 30s
2026-08-02 03:42:17,133 - INFO - [SCREENER] 148 markets in 7.9s | yes:49 no:17 | next in 30s
2026-08-02 03:42:33,583 - ERROR - [py_clob_client_v2] request error: Server disconnected
2026-08-02 03:42:33,583 - ERROR - [py_clob_client_v2] request error: Server disconnected
2026-08-02 03:42:33,583 - ERROR - [py_clob_client_v2] request error: Server disconnected
2026-08-02 03:42:33,584 - ERROR - [py_clob_client_v2] request error: Server disconnected
2026-08-02 03:42:33,584 - ERROR - 获取订单簿失败: 33875766967141312071... | PolyApiException[status_code=None, error_message=Request exception!]
2026-08-02 03:42:33,584 - ERROR - 获取订单簿失败: 10437330255244865515... | PolyApiException[status_code=None, error_message=Request exception!]
2026-08-02 03:42:33,584 - ERROR - [py_clob_client_v2] request error: Server disconnected
2026-08-02 03:42:33,584 - ERROR - [py_clob_client_v2] request error: Server disconnected
2026-08-02 03:42:33,584 - ERROR - [py_clob_client_v2] request error: Server disconnected
2026-08-02 03:42:33,584 - ERROR - 获取订单簿失败: 14362167739449364955... | PolyApiException[status_code=None, error_message=Request exception!]
2026-08-02 03:42:33,585 - ERROR - 获取订单簿失败: 14043844842954732214... | PolyApiException[status_code=None, error_message=Request exception!]
2026-08-02 03:42:33,587 - ERROR - 获取订单簿失败: 92732550372849907112... | PolyApiException[status_code=None, error_message=Request exception!]
2026-08-02 03:42:33,587 - ERROR - 获取订单簿失败: 66183694613042069773... | PolyApiException[status_code=None, error_message=Request exception!]
2026-08-02 03:42:33,588 - ERROR - 获取订单簿失败: 26628897850357596856... | PolyApiException[status_code=None, error_message=Request exception!]
2026-08-02 03:42:34,311 - WARNING - [RETRY] 1404384484295473 bids不足2档，10s后重试
2026-08-02 03:42:34,312 - WARNING - [RETRY] 6618369461304206 bids不足2档，10s后重试
2026-08-02 03:42:34,315 - WARNING - [RETRY] 2662889785035759 bids不足2档，10s后重试
2026-08-02 03:42:34,318 - WARNING - [RETRY] 3387576696714131 bids不足2档，10s后重试
2026-08-02 03:42:34,318 - WARNING - [RETRY] 1043733025524486 bids不足2档，10s后重试
2026-08-02 03:42:34,318 - WARNING - [RETRY] 1436216773944936 bids不足2档，10s后重试
2026-08-02 03:42:34,319 - WARNING - [RETRY] 9273255037284990 bids不足2档，10s后重试
2026-08-02 03:42:57,436 - INFO - [SCREENER] 150 markets in 6.5s | yes:53 no:19 | next in 30s
2026-08-02 03:43:35,263 - INFO - [SCREENER] 149 markets in 7.1s | yes:54 no:20 | next in 30s
2026-08-02 03:44:12,995 - INFO - [SCREENER] 144 markets in 7.0s | yes:52 no:18 | next in 30s
2026-08-02 03:44:51,666 - INFO - [SCREENER] 146 markets in 7.1s | yes:53 no:20 | next in 30s
2026-08-02 03:45:22,776 - INFO - [SCREENER] 146 markets in 8.0s | yes:49 no:17 | next in 30s
2026-08-02 03:45:53,644 - INFO - [SCREENER] 146 markets in 6.3s | yes:49 no:18 | next in 30s
2026-08-02 03:46:31,706 - INFO - [SCREENER] 150 markets in 7.1s | yes:42 no:21 | next in 30s
2026-08-02 03:47:10,980 - INFO - [SCREENER] 150 markets in 6.2s | yes:43 no:21 | next in 30s
2026-08-02 03:47:48,938 - INFO - [SCREENER] 148 markets in 6.6s | yes:43 no:19 | next in 30s
2026-08-02 03:48:26,691 - INFO - [SCREENER] 141 markets in 6.5s | yes:42 no:19 | next in 30s
2026-08-02 03:49:03,588 - INFO - [SCREENER] 148 markets in 6.1s | yes:43 no:18 | next in 30s
2026-08-02 03:49:43,403 - INFO - [SCREENER] 147 markets in 7.0s | yes:48 no:21 | next in 30s
2026-08-02 03:50:20,872 - INFO - [SCREENER] 149 markets in 6.4s | yes:45 no:21 | next in 30s
2026-08-02 03:50:58,851 - INFO - [SCREENER] 150 markets in 6.9s | yes:48 no:21 | next in 30s
2026-08-02 03:51:28,900 - INFO - [SCREENER] 151 markets in 6.7s | yes:48 no:20 | next in 30s
2026-08-02 03:52:06,746 - INFO - [SCREENER] 146 markets in 6.9s | yes:44 no:20 | next in 30s
2026-08-02 03:52:43,703 - INFO - [SCREENER] 149 markets in 6.0s | yes:42 no:22 | next in 30s
2026-08-02 03:53:21,662 - INFO - [SCREENER] 148 markets in 6.8s | yes:41 no:24 | next in 30s
2026-08-02 03:54:02,134 - INFO - [SCREENER] 148 markets in 7.4s | yes:41 no:21 | next in 30s
2026-08-02 03:54:40,604 - INFO - [SCREENER] 143 markets in 7.0s | yes:44 no:22 | next in 30s
2026-08-02 03:55:18,653 - INFO - [SCREENER] 145 markets in 7.1s | yes:44 no:21 | next in 30s
2026-08-02 03:55:48,810 - INFO - [SCREENER] 144 markets in 6.6s | yes:48 no:21 | next in 30s
2026-08-02 03:56:25,763 - INFO - [SCREENER] 141 markets in 6.2s | yes:49 no:22 | next in 30s
2026-08-02 03:57:03,187 - INFO - [SCREENER] 141 markets in 6.7s | yes:48 no:26 | next in 30s
2026-08-02 03:57:41,686 - INFO - [SCREENER] 142 markets in 7.4s | yes:49 no:24 | next in 30s
2026-08-02 03:58:13,259 - INFO - [SCREENER] 143 markets in 8.1s | yes:49 no:20 | next in 30s
2026-08-02 03:58:51,424 - INFO - [SCREENER] 140 markets in 7.1s | yes:48 no:18 | next in 30s
2026-08-02 03:59:29,351 - INFO - [SCREENER] 146 markets in 7.1s | yes:49 no:23 | next in 30s
2026-08-02 04:00:08,978 - INFO - [SCREENER] 143 markets in 6.8s | yes:46 no:21 | next in 30s
2026-08-02 04:00:47,454 - INFO - [SCREENER] 147 markets in 6.9s | yes:48 no:21 | next in 30s
2026-08-02 04:01:25,184 - INFO - [SCREENER] 142 markets in 6.5s | yes:47 no:21 | next in 30s
2026-08-02 04:02:05,432 - INFO - [SCREENER] 146 markets in 7.0s | yes:46 no:21 | next in 30s
2026-08-02 04:02:43,572 - INFO - [SCREENER] 145 markets in 7.1s | yes:49 no:20 | next in 30s
2026-08-02 04:03:07,095 - ERROR - [USER WS ERR] Connection to remote host was lost.
2026-08-02 04:03:07,096 - ERROR - Connection to remote host was lost. - goodbye
2026-08-02 04:03:07,096 - WARNING - [USER WS] close code=None reason=None
2026-08-02 04:03:07,097 - WARNING - [USER WS] 断开，5s 后重连...
2026-08-02 04:03:20,903 - INFO - [SCREENER] 147 markets in 6.3s | yes:49 no:23 | next in 30s
2026-08-02 04:03:26,205 - ERROR - [py_clob_client_v2] request error: Server disconnected
2026-08-02 04:03:26,206 - ERROR - [py_clob_client_v2] request error: Server disconnected
2026-08-02 04:03:26,206 - ERROR - 获取订单簿失败: 73919225370170023819... | PolyApiException[status_code=None, error_message=Request exception!]
2026-08-02 04:03:26,206 - ERROR - 获取订单簿失败: 10846077011830198266... | PolyApiException[status_code=None, error_message=Request exception!]
2026-08-02 04:03:27,202 - WARNING - [RETRY] 7391922537017002 bids不足2档，10s后重试
2026-08-02 04:03:27,203 - WARNING - [RETRY] 1084607701183019 bids不足2档，10s后重试
2026-08-02 04:03:58,715 - INFO - [SCREENER] 145 markets in 6.5s | yes:51 no:19 | next in 30s
2026-08-02 04:04:39,898 - INFO - [SCREENER] 146 markets in 7.9s | yes:50 no:22 | next in 30s
2026-08-02 04:05:17,958 - INFO - [SCREENER] 146 markets in 7.0s | yes:56 no:22 | next in 30s
2026-08-02 04:05:56,053 - INFO - [SCREENER] 145 markets in 7.0s | yes:53 no:22 | next in 30s
2026-08-02 04:06:25,866 - INFO - [SCREENER] 149 markets in 6.5s | yes:51 no:24 | next in 30s
2026-08-02 04:07:03,251 - INFO - [SCREENER] 148 markets in 6.4s | yes:56 no:23 | next in 30s
2026-08-02 04:07:40,748 - INFO - [SCREENER] 150 markets in 6.6s | yes:56 no:27 | next in 30s
2026-08-02 04:08:19,449 - INFO - [SCREENER] 156 markets in 7.4s | yes:56 no:28 | next in 30s
2026-08-02 04:08:49,991 - INFO - [SCREENER] 151 markets in 7.2s | yes:57 no:28 | next in 30s
2026-08-02 04:09:27,620 - INFO - [SCREENER] 155 markets in 6.6s | yes:58 no:31 | next in 30s
2026-08-02 04:10:05,622 - INFO - [SCREENER] 157 markets in 7.1s | yes:60 no:32 | next in 30s
2026-08-02 04:10:36,040 - INFO - [SCREENER] 156 markets in 7.4s | yes:59 no:34 | next in 30s
2026-08-02 04:11:15,282 - INFO - [SCREENER] 156 markets in 8.1s | yes:57 no:33 | next in 30s
2026-08-02 04:11:54,403 - INFO - [SCREENER] 159 markets in 8.0s | yes:61 no:34 | next in 30s
2026-08-02 04:12:32,281 - INFO - [SCREENER] 155 markets in 7.1s | yes:65 no:32 | next in 30s
2026-08-02 04:13:03,419 - INFO - [SCREENER] 153 markets in 7.2s | yes:67 no:34 | next in 30s
2026-08-02 04:13:41,160 - INFO - [SCREENER] 153 markets in 6.9s | yes:69 no:36 | next in 30s
2026-08-02 04:14:20,427 - INFO - [SCREENER] 156 markets in 8.0s | yes:66 no:33 | next in 30s
2026-08-02 04:14:51,299 - INFO - [SCREENER] 158 markets in 7.0s | yes:67 no:30 | next in 30s
2026-08-02 04:15:29,320 - INFO - [SCREENER] 155 markets in 6.8s | yes:68 no:30 | next in 30s
2026-08-02 04:16:07,586 - INFO - [SCREENER] 155 markets in 6.8s | yes:70 no:33 | next in 30s
2026-08-02 04:16:22,630 - ERROR - [py_clob_client_v2] request error: Server disconnected
2026-08-02 04:16:22,632 - ERROR - [py_clob_client_v2] request error: Server disconnected
2026-08-02 04:16:22,632 - ERROR - 获取订单簿失败: 90987666769520579019... | PolyApiException[status_code=None, error_message=Request exception!]
2026-08-02 04:16:22,633 - ERROR - 获取订单簿失败: 66564761769391281453... | PolyApiException[status_code=None, error_message=Request exception!]
2026-08-02 04:16:23,627 - WARNING - [RETRY] 9098766676952057 bids不足2档，10s后重试
2026-08-02 04:16:23,627 - WARNING - [RETRY] 6656476176939128 bids不足2档，10s后重试
2026-08-02 04:16:45,173 - INFO - [SCREENER] 157 markets in 6.5s | yes:71 no:33 | next in 30s
2026-08-02 04:17:15,721 - INFO - [SCREENER] 155 markets in 6.5s | yes:72 no:30 | next in 30s
2026-08-02 04:17:53,375 - INFO - [SCREENER] 157 markets in 6.8s | yes:73 no:27 | next in 30s
2026-08-02 04:18:30,625 - INFO - [SCREENER] 155 markets in 6.4s | yes:67 no:28 | next in 30s
2026-08-02 04:19:10,917 - INFO - [SCREENER] 154 markets in 7.1s | yes:67 no:27 | next in 30s
2026-08-02 04:19:48,095 - INFO - [SCREENER] 151 markets in 6.2s | yes:64 no:26 | next in 30s
2026-08-02 04:20:25,453 - INFO - [SCREENER] 151 markets in 6.3s | yes:68 no:26 | next in 30s
2026-08-02 04:21:05,314 - INFO - [SCREENER] 153 markets in 6.3s | yes:67 no:26 | next in 30s
2026-08-02 04:21:43,395 - INFO - [SCREENER] 151 markets in 6.9s | yes:65 no:28 | next in 30s
2026-08-02 04:22:29,735 - INFO - [SCREENER] 151 markets in 15.0s | yes:67 no:30 | next in 30s
2026-08-02 04:22:58,659 - INFO - [SCREENER] 148 markets in 7.4s | yes:68 no:28 | next in 30s
2026-08-02 04:23:29,343 - INFO - [SCREENER] 148 markets in 7.1s | yes:67 no:27 | next in 30s
2026-08-02 04:24:07,266 - INFO - [SCREENER] 147 markets in 6.6s | yes:66 no:25 | next in 30s
2026-08-02 04:24:46,092 - INFO - [SCREENER] 147 markets in 7.6s | yes:61 no:21 | next in 30s
2026-08-02 04:25:16,190 - INFO - [SCREENER] 145 markets in 7.3s | yes:63 no:19 | next in 30s
2026-08-02 04:25:53,822 - INFO - [SCREENER] 146 markets in 6.7s | yes:60 no:25 | next in 30s
2026-08-02 04:26:31,514 - INFO - [SCREENER] 145 markets in 6.8s | yes:60 no:20 | next in 30s
2026-08-02 04:27:09,638 - INFO - [SCREENER] 145 markets in 6.9s | yes:57 no:19 | next in 30s
2026-08-02 04:27:39,784 - INFO - [SCREENER] 144 markets in 6.5s | yes:57 no:20 | next in 30s
2026-08-02 04:28:18,583 - INFO - [SCREENER] 148 markets in 7.6s | yes:59 no:24 | next in 30s
2026-08-02 04:28:56,781 - INFO - [SCREENER] 151 markets in 7.1s | yes:61 no:23 | next in 30s
2026-08-02 04:29:27,258 - INFO - [SCREENER] 150 markets in 6.6s | yes:60 no:23 | next in 30s
2026-08-02 04:30:05,760 - INFO - [SCREENER] 149 markets in 7.5s | yes:60 no:25 | next in 30s
2026-08-02 04:30:43,239 - INFO - [SCREENER] 152 markets in 6.2s | yes:64 no:22 | next in 30s
2026-08-02 04:31:20,926 - INFO - [SCREENER] 153 markets in 6.4s | yes:62 no:22 | next in 30s
2026-08-02 04:32:07,886 - INFO - [SCREENER] 151 markets in 13.7s | yes:61 no:23 | next in 30s
2026-08-02 04:32:35,680 - INFO - [SCREENER] 151 markets in 6.9s | yes:62 no:23 | next in 30s
2026-08-02 04:33:13,602 - INFO - [SCREENER] 155 markets in 7.1s | yes:58 no:19 | next in 30s
2026-08-02 04:33:42,875 - INFO - [SCREENER] 155 markets in 6.2s | yes:62 no:25 | next in 30s
2026-08-02 04:34:21,215 - INFO - [SCREENER] 152 markets in 7.5s | yes:68 no:24 | next in 30s
2026-08-02 04:34:58,649 - INFO - [SCREENER] 153 markets in 6.6s | yes:67 no:25 | next in 30s
2026-08-02 04:35:37,513 - INFO - [SCREENER] 155 markets in 7.7s | yes:64 no:23 | next in 30s
2026-08-02 04:36:09,246 - INFO - [SCREENER] 156 markets in 7.7s | yes:63 no:25 | next in 30s
2026-08-02 04:36:47,073 - INFO - [SCREENER] 158 markets in 6.8s | yes:61 no:28 | next in 30s
2026-08-02 04:37:24,792 - INFO - [SCREENER] 155 markets in 6.7s | yes:64 no:30 | next in 30s
2026-08-02 04:37:55,229 - INFO - [SCREENER] 153 markets in 6.9s | yes:64 no:29 | next in 30s
2026-08-02 04:38:32,595 - INFO - [SCREENER] 155 markets in 6.5s | yes:67 no:31 | next in 30s
2026-08-02 04:39:10,989 - INFO - [SCREENER] 155 markets in 7.5s | yes:67 no:31 | next in 30s
2026-08-02 04:39:49,317 - INFO - [SCREENER] 156 markets in 7.3s | yes:65 no:32 | next in 30s
2026-08-02 04:40:19,431 - INFO - [SCREENER] 157 markets in 6.6s | yes:64 no:31 | next in 30s
2026-08-02 04:40:56,757 - INFO - [SCREENER] 157 markets in 6.3s | yes:68 no:30 | next in 30s
2026-08-02 04:41:33,402 - INFO - [SCREENER] 155 markets in 5.8s | yes:68 no:29 | next in 30s
2026-08-02 04:42:13,348 - INFO - [SCREENER] 155 markets in 6.5s | yes:70 no:30 | next in 30s
2026-08-02 04:42:51,534 - INFO - [SCREENER] 155 markets in 6.4s | yes:68 no:29 | next in 30s
2026-08-02 04:43:29,512 - INFO - [SCREENER] 155 markets in 6.6s | yes:66 no:28 | next in 30s
2026-08-02 04:44:09,802 - INFO - [SCREENER] 145 markets in 7.0s | yes:58 no:25 | next in 30s
2026-08-02 04:44:48,003 - INFO - [SCREENER] 150 markets in 7.1s | yes:57 no:26 | next in 30s
2026-08-02 04:45:26,284 - INFO - [SCREENER] 146 markets in 6.9s | yes:59 no:25 | next in 30s
2026-08-02 04:46:05,039 - INFO - [SCREENER] 146 markets in 7.5s | yes:55 no:25 | next in 30s
2026-08-02 04:46:36,788 - INFO - [SCREENER] 141 markets in 7.9s | yes:53 no:25 | next in 30s
2026-08-02 04:47:14,552 - INFO - [SCREENER] 145 markets in 7.0s | yes:51 no:24 | next in 30s
2026-08-02 04:47:52,663 - INFO - [SCREENER] 144 markets in 6.7s | yes:51 no:22 | next in 30s
2026-08-02 04:48:22,904 - INFO - [SCREENER] 140 markets in 6.5s | yes:50 no:19 | next in 30s
2026-08-02 04:49:00,448 - INFO - [SCREENER] 141 markets in 6.5s | yes:50 no:19 | next in 30s
2026-08-02 04:49:38,563 - INFO - [SCREENER] 141 markets in 7.0s | yes:51 no:20 | next in 30s
2026-08-02 04:50:16,456 - INFO - [SCREENER] 140 markets in 6.7s | yes:52 no:19 | next in 30s
2026-08-02 04:50:57,103 - INFO - [SCREENER] 141 markets in 7.5s | yes:51 no:19 | next in 30s
2026-08-02 04:51:35,348 - INFO - [SCREENER] 143 markets in 7.1s | yes:51 no:18 | next in 30s
2026-08-02 04:52:13,224 - INFO - [SCREENER] 137 markets in 6.9s | yes:49 no:20 | next in 30s
2026-08-02 04:52:43,132 - INFO - [SCREENER] 139 markets in 6.6s | yes:51 no:19 | next in 30s
2026-08-02 04:53:20,619 - INFO - [SCREENER] 137 markets in 6.5s | yes:52 no:19 | next in 30s
2026-08-02 04:53:59,332 - INFO - [SCREENER] 133 markets in 7.8s | yes:52 no:20 | next in 30s
2026-08-02 04:54:37,316 - INFO - [SCREENER] 137 markets in 6.7s | yes:49 no:23 | next in 30s
2026-08-02 04:55:07,571 - INFO - [SCREENER] 133 markets in 6.8s | yes:49 no:21 | next in 30s
2026-08-02 04:55:45,331 - INFO - [SCREENER] 132 markets in 6.7s | yes:50 no:20 | next in 30s
2026-08-02 04:56:22,860 - INFO - [SCREENER] 134 markets in 6.4s | yes:46 no:25 | next in 30s
2026-08-02 04:57:02,259 - INFO - [SCREENER] 136 markets in 6.1s | yes:47 no:26 | next in 30s
2026-08-02 04:57:39,686 - INFO - [SCREENER] 136 markets in 6.5s | yes:48 no:28 | next in 30s
2026-08-02 04:58:16,982 - INFO - [SCREENER] 134 markets in 6.3s | yes:45 no:24 | next in 30s
2026-08-02 04:58:56,916 - INFO - [SCREENER] 139 markets in 6.7s | yes:51 no:22 | next in 30s
2026-08-02 04:59:34,665 - INFO - [SCREENER] 135 markets in 6.9s | yes:45 no:22 | next in 30s
2026-08-02 05:00:13,138 - INFO - [SCREENER] 130 markets in 7.1s | yes:43 no:22 | next in 30s
2026-08-02 05:00:50,926 - INFO - [SCREENER] 132 markets in 6.3s | yes:44 no:22 | next in 30s
2026-08-02 05:01:31,236 - INFO - [SCREENER] 137 markets in 7.0s | yes:47 no:23 | next in 30s
2026-08-02 05:02:08,924 - INFO - [SCREENER] 135 markets in 6.5s | yes:44 no:24 | next in 30s
2026-08-02 05:02:46,916 - INFO - [SCREENER] 135 markets in 7.0s | yes:44 no:21 | next in 30s
2026-08-02 05:03:26,726 - INFO - [SCREENER] 133 markets in 6.8s | yes:42 no:21 | next in 30s
2026-08-02 05:04:05,086 - INFO - [SCREENER] 132 markets in 7.4s | yes:43 no:21 | next in 30s
2026-08-02 05:04:49,872 - INFO - [SCREENER] 129 markets in 13.7s | yes:46 no:19 | next in 30s
2026-08-02 05:05:20,511 - INFO - [SCREENER] 129 markets in 7.2s | yes:45 no:19 | next in 30s
2026-08-02 05:05:58,111 - INFO - [SCREENER] 127 markets in 6.5s | yes:40 no:23 | next in 30s
2026-08-02 05:06:35,305 - INFO - [SCREENER] 131 markets in 6.4s | yes:40 no:20 | next in 30s
2026-08-02 05:07:13,955 - INFO - [SCREENER] 134 markets in 7.8s | yes:40 no:19 | next in 30s
2026-08-02 05:07:44,925 - INFO - [SCREENER] 138 markets in 7.7s | yes:41 no:23 | next in 30s
2026-08-02 05:08:22,269 - INFO - [SCREENER] 139 markets in 6.3s | yes:43 no:23 | next in 30s
2026-08-02 05:09:00,614 - INFO - [SCREENER] 133 markets in 7.5s | yes:46 no:24 | next in 30s
2026-08-02 05:09:29,696 - INFO - [SCREENER] 131 markets in 6.4s | yes:48 no:27 | next in 30s
2026-08-02 05:10:07,284 - INFO - [SCREENER] 134 markets in 6.2s | yes:50 no:25 | next in 30s
2026-08-02 05:10:45,300 - INFO - [SCREENER] 130 markets in 7.0s | yes:50 no:26 | next in 30s
2026-08-02 05:11:22,755 - INFO - [SCREENER] 131 markets in 6.4s | yes:52 no:26 | next in 30s
2026-08-02 05:12:02,991 - INFO - [SCREENER] 130 markets in 6.9s | yes:54 no:30 | next in 30s
2026-08-02 05:12:41,206 - INFO - [SCREENER] 132 markets in 7.0s | yes:54 no:31 | next in 30s
2026-08-02 05:13:18,922 - INFO - [SCREENER] 129 markets in 6.5s | yes:50 no:31 | next in 30s
2026-08-02 05:13:48,784 - INFO - [SCREENER] 133 markets in 6.3s | yes:52 no:32 | next in 30s
2026-08-02 05:14:33,439 - INFO - [SCREENER] 135 markets in 13.7s | yes:51 no:33 | next in 30s
2026-08-02 05:15:01,065 - INFO - [SCREENER] 133 markets in 6.6s | yes:50 no:38 | next in 30s
2026-08-02 05:15:38,304 - INFO - [SCREENER] 133 markets in 6.2s | yes:52 no:37 | next in 30s
2026-08-02 05:16:08,917 - INFO - [SCREENER] 134 markets in 6.6s | yes:51 no:36 | next in 30s
2026-08-02 05:16:46,184 - INFO - [SCREENER] 136 markets in 6.4s | yes:48 no:34 | next in 30s
2026-08-02 05:17:24,210 - INFO - [SCREENER] 132 markets in 6.8s | yes:48 no:29 | next in 30s
2026-08-02 05:17:55,061 - INFO - [SCREENER] 132 markets in 7.6s | yes:50 no:32 | next in 30s
2026-08-02 05:18:33,279 - INFO - [SCREENER] 130 markets in 6.7s | yes:52 no:27 | next in 30s
2026-08-02 05:19:11,063 - INFO - [SCREENER] 129 markets in 6.6s | yes:47 no:29 | next in 30s
2026-08-02 05:19:49,922 - INFO - [SCREENER] 128 markets in 7.5s | yes:48 no:26 | next in 30s
2026-08-02 05:20:21,711 - INFO - [SCREENER] 128 markets in 8.1s | yes:47 no:30 | next in 30s
2026-08-02 05:20:59,199 - INFO - [SCREENER] 131 markets in 6.5s | yes:46 no:26 | next in 30s
2026-08-02 05:21:37,669 - INFO - [SCREENER] 132 markets in 7.1s | yes:47 no:27 | next in 30s
2026-08-02 05:22:07,166 - INFO - [SCREENER] 131 markets in 6.1s | yes:48 no:30 | next in 30s
2026-08-02 05:22:45,225 - INFO - [SCREENER] 133 markets in 6.9s | yes:47 no:31 | next in 30s
2026-08-02 05:22:55,757 - ERROR - [POLL] 批量查询异常: ('Connection aborted.', RemoteDisconnected('Remote end closed connection without response'))
2026-08-02 05:23:23,244 - INFO - [SCREENER] 134 markets in 7.5s | yes:53 no:29 | next in 30s
2026-08-02 05:24:01,531 - INFO - [SCREENER] 136 markets in 7.0s | yes:53 no:30 | next in 30s
2026-08-02 05:24:32,023 - INFO - [SCREENER] 131 markets in 7.3s | yes:51 no:31 | next in 30s
2026-08-02 05:25:11,302 - INFO - [SCREENER] 133 markets in 8.1s | yes:51 no:30 | next in 30s
2026-08-02 05:25:49,426 - INFO - [SCREENER] 133 markets in 6.9s | yes:52 no:29 | next in 30s
2026-08-02 05:26:29,468 - INFO - [SCREENER] 133 markets in 6.7s | yes:49 no:31 | next in 30s
2026-08-02 05:27:07,132 - INFO - [SCREENER] 135 markets in 6.5s | yes:50 no:31 | next in 30s
2026-08-02 05:27:45,078 - INFO - [SCREENER] 136 markets in 6.7s | yes:50 no:31 | next in 30s
2026-08-02 05:28:25,372 - INFO - [SCREENER] 135 markets in 6.9s | yes:52 no:31 | next in 30s
2026-08-02 05:29:02,588 - INFO - [SCREENER] 134 markets in 6.3s | yes:51 no:30 | next in 30s
2026-08-02 05:29:40,679 - INFO - [SCREENER] 133 markets in 6.9s | yes:52 no:32 | next in 30s
2026-08-02 05:29:57,319 - ERROR - [BATCH CANCEL FAIL] 0xfac7f3424096fe041d... | order can't be found - already canceled or matched
2026-08-02 05:29:57,320 - ERROR - [BATCH CANCEL FAIL] 0x7e1d172ecfa5c6b00a... | order can't be found - already canceled or matched
2026-08-02 05:29:58,068 - ERROR - [BATCH CANCEL] 2447839239190411 取消结果不明，回退 RESTING 等 audit 确认 | oid=0xfac7f3424096fe041d
2026-08-02 05:29:58,069 - ERROR - [BATCH CANCEL] 1650518114172737 取消结果不明，回退 RESTING 等 audit 确认 | oid=0x7e1d172ecfa5c6b00a
2026-08-02 05:30:01,335 - ERROR - [BATCH CANCEL FAIL] 0xfac7f3424096fe041d... | order can't be found - already canceled or matched
2026-08-02 05:30:02,071 - ERROR - [BATCH CANCEL] 2447839239190411 取消结果不明，回退 RESTING 等 audit 确认 | oid=0xfac7f3424096fe041d
2026-08-02 05:30:18,582 - INFO - [SCREENER] 129 markets in 6.5s | yes:48 no:27 | next in 30s
2026-08-02 05:30:21,594 - INFO - [LIMIT SELL] Will the highest temperature in Hong Kon | 50.0000 shares @ 0.27
2026-08-02 05:30:21,594 - INFO - [POSITION] 限价卖出 1 个持仓
2026-08-02 05:30:49,066 - INFO - [SCREENER] 128 markets in 7.0s | yes:45 no:27 | next in 30s
2026-08-02 05:31:26,571 - INFO - [SCREENER] 130 markets in 6.5s | yes:48 no:27 | next in 30s
2026-08-02 05:32:04,308 - INFO - [SCREENER] 130 markets in 6.8s | yes:49 no:23 | next in 30s
2026-08-02 05:32:17,638 - INFO - [LIMIT SELL] 1650518114172737 更新卖价 0.27 → 0.26
2026-08-02 05:32:17,639 - INFO - [LIMIT SELL] Will the highest temperature in Hong Kon | 30.0000 shares @ 0.26
2026-08-02 05:32:17,640 - INFO - [POSITION] 限价卖出 1 个持仓
2026-08-02 05:32:34,830 - INFO - [SCREENER] 131 markets in 7.2s | yes:47 no:22 | next in 30s
2026-08-02 05:33:13,416 - INFO - [SCREENER] 130 markets in 6.8s | yes:48 no:23 | next in 30s
2026-08-02 05:33:51,663 - INFO - [SCREENER] 132 markets in 7.1s | yes:47 no:23 | next in 30s
2026-08-02 05:33:51,967 - ERROR - [py_clob_client_v2] request error: Server disconnected
2026-08-02 05:33:51,967 - ERROR - [py_clob_client_v2] request error: Server disconnected
2026-08-02 05:33:51,968 - ERROR - [CANCEL FAIL] 0x6e0016a847b00aa0e1... | PolyApiException[status_code=None, error_message=Request exception!]
2026-08-02 05:33:51,969 - ERROR - [py_clob_client_v2] request error: Server disconnected
2026-08-02 05:33:51,969 - ERROR - 查询订单失败: PolyApiException[status_code=None, error_message=Request exception!]
2026-08-02 05:33:51,970 - ERROR - [CANCEL FAIL] 0xf7a0111fa001474606... | PolyApiException[status_code=None, error_message=Request exception!]
2026-08-02 05:33:51,970 - ERROR - [DISCOVER] 订单查询失败，跳过本周期
2026-08-02 05:33:52,502 - ERROR - [CANCEL FAIL] 0x6e0016a847b00aa0e1 订单仍存活在交易所！保持 RESTING
2026-08-02 05:33:52,504 - ERROR - [CANCEL FAIL] 0xf7a0111fa001474606 订单仍存活在交易所！保持 RESTING
2026-08-02 05:34:29,514 - INFO - [SCREENER] 134 markets in 7.0s | yes:45 no:25 | next in 30s
2026-08-02 05:34:31,030 - WARNING - [AUDIT] 4509625010772837 订单丢失纠偏
2026-08-02 05:34:31,031 - WARNING - [AUDIT] 5285693289453636 订单丢失纠偏
2026-08-02 05:35:09,200 - INFO - [SCREENER] 130 markets in 6.9s | yes:47 no:23 | next in 30s
2026-08-02 05:35:46,548 - INFO - [SCREENER] 127 markets in 6.4s | yes:48 no:23 | next in 30s
2026-08-02 05:36:24,254 - INFO - [SCREENER] 131 markets in 6.9s | yes:48 no:23 | next in 30s
2026-08-02 05:37:03,857 - INFO - [SCREENER] 129 markets in 6.5s | yes:48 no:23 | next in 30s
2026-08-02 05:37:42,719 - INFO - [SCREENER] 130 markets in 7.7s | yes:49 no:22 | next in 30s
2026-08-02 05:38:20,450 - INFO - [SCREENER] 131 markets in 6.9s | yes:49 no:23 | next in 30s
2026-08-02 05:39:01,168 - INFO - [SCREENER] 133 markets in 7.4s | yes:49 no:23 | next in 30s
2026-08-02 05:39:38,930 - INFO - [SCREENER] 131 markets in 6.7s | yes:47 no:22 | next in 30s
2026-08-02 05:40:16,678 - INFO - [SCREENER] 132 markets in 6.5s | yes:50 no:25 | next in 30s
2026-08-02 05:40:54,029 - INFO - [SCREENER] 134 markets in 6.3s | yes:48 no:28 | next in 30s
2026-08-02 05:41:34,086 - INFO - [SCREENER] 134 markets in 7.0s | yes:49 no:31 | next in 30s
2026-08-02 05:42:11,576 - INFO - [SCREENER] 133 markets in 6.6s | yes:38 no:32 | next in 30s
2026-08-02 05:42:49,273 - INFO - [SCREENER] 134 markets in 6.7s | yes:41 no:31 | next in 30s
2026-08-02 05:43:20,463 - INFO - [SCREENER] 130 markets in 7.8s | yes:41 no:33 | next in 30s
2026-08-02 05:43:57,707 - INFO - [SCREENER] 130 markets in 6.3s | yes:45 no:31 | next in 30s
2026-08-02 05:44:35,596 - INFO - [SCREENER] 130 markets in 6.8s | yes:42 no:32 | next in 30s
2026-08-02 05:45:13,313 - INFO - [SCREENER] 132 markets in 6.9s | yes:43 no:29 | next in 30s
2026-08-02 05:45:53,449 - INFO - [SCREENER] 123 markets in 7.0s | yes:43 no:27 | next in 30s
2026-08-02 05:46:32,663 - INFO - [SCREENER] 125 markets in 8.2s | yes:45 no:24 | next in 30s
2026-08-02 05:47:10,202 - INFO - [SCREENER] 128 markets in 6.5s | yes:50 no:25 | next in 30s
2026-08-02 05:47:50,133 - INFO - [SCREENER] 131 markets in 6.7s | yes:52 no:27 | next in 30s
2026-08-02 05:48:28,965 - INFO - [SCREENER] 130 markets in 7.8s | yes:52 no:24 | next in 30s
2026-08-02 05:49:07,247 - INFO - [SCREENER] 132 markets in 6.9s | yes:52 no:23 | next in 30s
2026-08-02 05:49:47,398 - INFO - [SCREENER] 130 markets in 6.4s | yes:49 no:21 | next in 30s
2026-08-02 05:50:25,355 - INFO - [SCREENER] 128 markets in 6.6s | yes:52 no:18 | next in 30s
2026-08-02 05:51:02,347 - INFO - [SCREENER] 126 markets in 6.2s | yes:51 no:20 | next in 30s
2026-08-02 05:51:40,003 - INFO - [SCREENER] 126 markets in 6.5s | yes:47 no:21 | next in 30s
2026-08-02 05:52:20,274 - INFO - [SCREENER] 124 markets in 6.8s | yes:49 no:24 | next in 30s
2026-08-02 05:52:57,812 - INFO - [SCREENER] 127 markets in 6.6s | yes:49 no:25 | next in 30s
2026-08-02 05:53:34,937 - INFO - [SCREENER] 124 markets in 6.2s | yes:46 no:23 | next in 30s
2026-08-02 05:54:14,302 - INFO - [SCREENER] 124 markets in 6.2s | yes:48 no:23 | next in 30s
2026-08-02 05:54:51,921 - INFO - [SCREENER] 126 markets in 6.7s | yes:49 no:26 | next in 30s
2026-08-02 05:55:30,280 - INFO - [SCREENER] 126 markets in 7.0s | yes:49 no:25 | next in 30s
2026-08-02 05:56:10,967 - INFO - [SCREENER] 128 markets in 7.3s | yes:46 no:26 | next in 30s
2026-08-02 05:56:48,453 - INFO - [SCREENER] 127 markets in 6.3s | yes:47 no:27 | next in 30s
2026-08-02 05:57:34,104 - WARNING - [MarketWS] 心跳超时 31.1/20.0 s，主动关闭触发重连
2026-08-02 05:57:34,742 - WARNING - [MarketWS] 连接断开 code=None msg=None
2026-08-02 05:57:34,744 - WARNING - [WssBot] 市场WS断线，立即取消全部挂单
2026-08-02 05:57:34,744 - INFO - [MarketWS] 5.0s 后重连...
2026-08-02 05:57:35,325 - INFO - [CANCEL ALL] 0 已取消 | 市场WS断线
2026-08-02 05:57:40,363 - INFO - [MarketWS] 已连接，订阅 74 个市场
2026-08-02 05:57:40,366 - INFO - [WssBot] 市场WS重连成功，将在下一个tick同步订阅
2026-08-02 05:57:47,969 - INFO - [SCREENER] 125 markets in 28.8s | yes:49 no:25 | next in 30s
2026-08-02 05:57:49,457 - ERROR - [BATCH CANCEL FAIL] 0xa3809887d09652bac8... | order can't be found - already canceled or matched
2026-08-02 05:57:50,194 - ERROR - [BATCH CANCEL] 9850982701736726 取消结果不明，回退 RESTING 等 audit 确认 | oid=0xa3809887d09652bac8
2026-08-02 05:58:05,565 - INFO - [SCREENER] 121 markets in 6.4s | yes:49 no:23 | next in 30s
2026-08-02 05:58:07,118 - WARNING - [AUDIT] 9237895826239872 订单丢失纠偏
2026-08-02 05:58:07,119 - WARNING - [AUDIT] 2504049173922608 订单丢失纠偏
2026-08-02 05:58:07,119 - WARNING - [AUDIT] 5924628137276475 订单丢失纠偏
2026-08-02 05:58:07,119 - WARNING - [AUDIT] 1404384484295473 订单丢失纠偏
2026-08-02 05:58:07,119 - WARNING - [AUDIT] 8071034618251825 订单丢失纠偏
2026-08-02 05:58:07,119 - WARNING - [AUDIT] 2931629179384381 订单丢失纠偏
2026-08-02 05:58:07,119 - WARNING - [AUDIT] 3922496585031103 订单丢失纠偏
2026-08-02 05:58:07,119 - WARNING - [AUDIT] 1040070068925496 订单丢失纠偏
2026-08-02 05:58:07,119 - WARNING - [AUDIT] 1286131942036290 订单丢失纠偏
2026-08-02 05:58:07,120 - WARNING - [AUDIT] 9650640438892016 订单丢失纠偏
2026-08-02 05:58:07,120 - WARNING - [AUDIT] 6050404526417288 订单丢失纠偏
2026-08-02 05:58:07,120 - WARNING - [AUDIT] 1131349159365005 订单丢失纠偏
2026-08-02 05:58:07,120 - WARNING - [AUDIT] 9764971007473861 订单丢失纠偏
2026-08-02 05:58:07,120 - WARNING - [AUDIT] 3547164001539322 订单丢失纠偏
2026-08-02 05:58:07,120 - WARNING - [AUDIT] 4886518226528886 订单丢失纠偏
2026-08-02 05:58:07,120 - WARNING - [AUDIT] 7315441485485679 订单丢失纠偏
2026-08-02 05:58:07,120 - WARNING - [AUDIT] 5788667258485827 订单丢失纠偏
2026-08-02 05:58:07,120 - WARNING - [AUDIT] 7534297012306341 订单丢失纠偏
2026-08-02 05:58:07,120 - WARNING - [AUDIT] 9671289656064219 订单丢失纠偏
2026-08-02 05:58:07,120 - WARNING - [AUDIT] 9267674934686014 订单丢失纠偏
2026-08-02 05:58:07,120 - WARNING - [AUDIT] 4023752716982849 订单丢失纠偏
2026-08-02 05:58:07,121 - WARNING - [AUDIT] 2609207164579597 订单丢失纠偏
2026-08-02 05:58:07,121 - WARNING - [AUDIT] 9273255037284990 订单丢失纠偏
2026-08-02 05:58:07,121 - WARNING - [AUDIT] 9724367486548052 订单丢失纠偏
2026-08-02 05:58:07,121 - WARNING - [AUDIT] 3819089658003181 订单丢失纠偏
2026-08-02 05:58:07,121 - WARNING - [AUDIT] 8973252493302230 订单丢失纠偏
2026-08-02 05:58:07,121 - WARNING - [AUDIT] 1452548636388897 订单丢失纠偏
2026-08-02 05:58:07,121 - WARNING - [AUDIT] 1111315964843763 订单丢失纠偏
2026-08-02 05:58:07,121 - WARNING - [AUDIT] 6306746792115750 订单丢失纠偏
2026-08-02 05:58:07,122 - WARNING - [AUDIT] 4195363008114343 订单丢失纠偏
2026-08-02 05:58:07,122 - WARNING - [AUDIT] 1012312022189723 订单丢失纠偏
2026-08-02 05:58:07,122 - WARNING - [AUDIT] 8545580155717339 订单丢失纠偏
2026-08-02 05:58:07,122 - WARNING - [AUDIT] 1028866880986432 订单丢失纠偏
2026-08-02 05:58:07,122 - WARNING - [AUDIT] 2563320167677268 订单丢失纠偏
2026-08-02 05:58:07,122 - WARNING - [AUDIT] 1068161458391412 订单丢失纠偏
2026-08-02 05:58:07,122 - WARNING - [AUDIT] 8228846311781475 订单丢失纠偏
2026-08-02 05:58:07,122 - WARNING - [AUDIT] 3093363755026600 订单丢失纠偏
2026-08-02 05:58:07,122 - WARNING - [AUDIT] 6729075146352657 订单丢失纠偏
2026-08-02 05:58:07,122 - WARNING - [AUDIT] 7449362386332492 订单丢失纠偏
2026-08-02 05:58:07,122 - WARNING - [AUDIT] 1102381826783590 订单丢失纠偏
2026-08-02 05:58:07,122 - WARNING - [AUDIT] 2011341284551955 订单丢失纠偏
2026-08-02 05:58:07,122 - WARNING - [AUDIT] 2540412876613684 订单丢失纠偏
2026-08-02 05:58:07,122 - WARNING - [AUDIT] 8027808051614500 订单丢失纠偏
2026-08-02 05:58:07,122 - WARNING - [AUDIT] 8062130920515222 订单丢失纠偏
2026-08-02 05:58:07,122 - WARNING - [AUDIT] 1012708966570768 订单丢失纠偏
2026-08-02 05:58:07,122 - WARNING - [AUDIT] 8855750854016511 订单丢失纠偏
2026-08-02 05:58:07,122 - WARNING - [AUDIT] 6523713840807891 订单丢失纠偏
2026-08-02 05:58:07,122 - WARNING - [AUDIT] 3800278124344451 订单丢失纠偏
2026-08-02 05:58:07,122 - WARNING - [AUDIT] 2662889785035759 订单丢失纠偏
2026-08-02 05:58:07,122 - WARNING - [AUDIT] 1032006299324973 订单丢失纠偏
2026-08-02 05:58:07,122 - WARNING - [AUDIT] 4760954504342775 订单丢失纠偏
2026-08-02 05:58:07,122 - WARNING - [AUDIT] 1056331227541397 订单丢失纠偏
2026-08-02 05:58:07,122 - WARNING - [AUDIT] 1140680956372675 订单丢失纠偏
2026-08-02 05:58:07,123 - WARNING - [AUDIT] 1039833894374760 订单丢失纠偏
2026-08-02 05:58:07,123 - WARNING - [AUDIT] 7082936088025310 订单丢失纠偏
2026-08-02 05:58:07,123 - WARNING - [AUDIT] 9850982701736726 订单丢失纠偏
2026-08-02 05:58:07,123 - WARNING - [AUDIT] 9724376484835617 订单丢失纠偏
2026-08-02 05:58:07,123 - WARNING - [AUDIT] 3191195086986437 订单丢失纠偏
2026-08-02 05:58:07,123 - WARNING - [AUDIT] 9732723494041693 订单丢失纠偏
2026-08-02 05:58:07,123 - WARNING - [AUDIT] 7988909988012805 订单丢失纠偏
2026-08-02 05:58:07,123 - WARNING - [AUDIT] 7951586462178082 订单丢失纠偏
2026-08-02 05:58:52,883 - INFO - [SCREENER] 117 markets in 13.6s | yes:47 no:23 | next in 30s
2026-08-02 05:59:20,373 - INFO - [SCREENER] 119 markets in 6.5s | yes:48 no:22 | next in 30s
2026-08-02 05:59:58,307 - INFO - [SCREENER] 116 markets in 7.1s | yes:42 no:18 | next in 30s
2026-08-02 06:00:38,478 - INFO - [SCREENER] 102 markets in 6.8s | yes:38 no:14 | next in 30s
2026-08-02 06:01:17,493 - INFO - [SCREENER] 102 markets in 7.8s | yes:38 no:12 | next in 30s
2026-08-02 06:01:55,831 - INFO - [SCREENER] 104 markets in 6.8s | yes:38 no:15 | next in 30s
2026-08-02 06:02:35,572 - INFO - [SCREENER] 105 markets in 6.6s | yes:41 no:14 | next in 30s
2026-08-02 06:03:13,616 - INFO - [SCREENER] 104 markets in 6.9s | yes:40 no:12 | next in 30s
2026-08-02 06:03:51,941 - INFO - [SCREENER] 100 markets in 7.3s | yes:44 no:14 | next in 30s
2026-08-02 06:04:29,640 - INFO - [SCREENER] 95 markets in 6.7s | yes:44 no:16 | next in 30s
2026-08-02 06:05:08,911 - INFO - [SCREENER] 101 markets in 6.5s | yes:45 no:18 | next in 30s
2026-08-02 06:05:46,875 - INFO - [SCREENER] 103 markets in 7.1s | yes:47 no:16 | next in 30s
2026-08-02 06:06:25,462 - INFO - [SCREENER] 99 markets in 7.8s | yes:44 no:18 | next in 30s
2026-08-02 06:06:55,151 - INFO - [SCREENER] 101 markets in 6.9s | yes:45 no:19 | next in 30s
2026-08-02 06:07:32,825 - INFO - [SCREENER] 103 markets in 6.5s | yes:46 no:20 | next in 30s
2026-08-02 06:08:10,407 - INFO - [SCREENER] 106 markets in 6.6s | yes:49 no:25 | next in 30s
2026-08-02 06:08:47,591 - INFO - [SCREENER] 104 markets in 6.2s | yes:49 no:22 | next in 30s
2026-08-02 06:09:27,771 - INFO - [SCREENER] 109 markets in 7.0s | yes:50 no:23 | next in 30s
2026-08-02 06:10:06,602 - INFO - [SCREENER] 108 markets in 7.7s | yes:50 no:23 | next in 30s
2026-08-02 06:10:43,761 - INFO - [SCREENER] 107 markets in 6.3s | yes:50 no:26 | next in 30s
2026-08-02 06:11:24,182 - INFO - [SCREENER] 108 markets in 7.0s | yes:49 no:24 | next in 30s
2026-08-02 06:12:01,914 - INFO - [SCREENER] 107 markets in 6.7s | yes:47 no:27 | next in 30s
2026-08-02 06:12:41,138 - INFO - [SCREENER] 109 markets in 8.0s | yes:48 no:26 | next in 30s
2026-08-02 06:13:21,484 - INFO - [SCREENER] 113 markets in 6.9s | yes:48 no:26 | next in 30s
2026-08-02 06:13:59,329 - INFO - [SCREENER] 110 markets in 6.8s | yes:46 no:25 | next in 30s
2026-08-02 06:14:37,393 - INFO - [SCREENER] 112 markets in 6.7s | yes:47 no:26 | next in 30s
2026-08-02 06:15:14,807 - INFO - [SCREENER] 113 markets in 6.4s | yes:48 no:23 | next in 30s
2026-08-02 06:15:54,471 - INFO - [SCREENER] 111 markets in 6.6s | yes:48 no:24 | next in 30s
2026-08-02 06:16:32,792 - INFO - [SCREENER] 111 markets in 7.5s | yes:46 no:23 | next in 30s
2026-08-02 06:17:10,441 - INFO - [SCREENER] 106 markets in 6.4s | yes:43 no:20 | next in 30s
2026-08-02 06:17:50,158 - INFO - [SCREENER] 108 markets in 6.6s | yes:46 no:25 | next in 30s
2026-08-02 06:18:27,847 - INFO - [SCREENER] 108 markets in 6.7s | yes:47 no:28 | next in 30s
2026-08-02 06:19:07,399 - INFO - [SCREENER] 104 markets in 8.6s | yes:47 no:27 | next in 30s
2026-08-02 06:19:47,126 - INFO - [SCREENER] 106 markets in 6.5s | yes:45 no:24 | next in 30s
2026-08-02 06:20:24,816 - INFO - [SCREENER] 104 markets in 6.3s | yes:42 no:22 | next in 30s
2026-08-02 06:21:02,373 - INFO - [SCREENER] 107 markets in 6.8s | yes:42 no:21 | next in 30s
2026-08-02 06:21:40,499 - INFO - [SCREENER] 102 markets in 7.3s | yes:42 no:22 | next in 30s
2026-08-02 06:22:10,886 - INFO - [SCREENER] 102 markets in 6.8s | yes:39 no:22 | next in 30s
2026-08-02 06:22:48,277 - INFO - [SCREENER] 101 markets in 6.6s | yes:39 no:22 | next in 30s
2026-08-02 06:23:25,954 - INFO - [SCREENER] 76 markets in 6.7s | yes:26 no:15 | next in 30s
2026-08-02 06:23:57,349 - INFO - [SCREENER] 75 markets in 7.4s | yes:25 no:16 | next in 30s
2026-08-02 06:24:35,458 - INFO - [SCREENER] 74 markets in 6.9s | yes:24 no:16 | next in 30s
2026-08-02 06:25:13,557 - INFO - [SCREENER] 75 markets in 7.3s | yes:22 no:16 | next in 30s
2026-08-02 06:25:51,532 - INFO - [SCREENER] 72 markets in 6.7s | yes:23 no:15 | next in 30s
2026-08-02 06:26:21,885 - INFO - [SCREENER] 72 markets in 6.9s | yes:24 no:16 | next in 30s
2026-08-02 06:26:59,589 - INFO - [SCREENER] 75 markets in 6.9s | yes:22 no:14 | next in 30s
2026-08-02 06:27:37,041 - INFO - [SCREENER] 77 markets in 6.6s | yes:24 no:13 | next in 30s
2026-08-02 06:28:17,114 - INFO - [SCREENER] 81 markets in 6.9s | yes:25 no:15 | next in 30s
2026-08-02 06:28:54,826 - INFO - [SCREENER] 83 markets in 6.9s | yes:25 no:15 | next in 30s
2026-08-02 06:29:32,266 - INFO - [SCREENER] 83 markets in 6.7s | yes:26 no:14 | next in 30s
2026-08-02 06:30:12,410 - INFO - [SCREENER] 82 markets in 6.9s | yes:26 no:14 | next in 30s
2026-08-02 06:30:49,921 - INFO - [SCREENER] 78 markets in 6.3s | yes:25 no:13 | next in 30s
2026-08-02 06:31:27,542 - INFO - [SCREENER] 81 markets in 6.5s | yes:25 no:14 | next in 30s
2026-08-02 06:32:05,963 - INFO - [SCREENER] 80 markets in 7.1s | yes:24 no:12 | next in 30s
2026-08-02 06:32:35,619 - INFO - [SCREENER] 84 markets in 6.7s | yes:24 no:13 | next in 30s
2026-08-02 06:33:13,163 - INFO - [SCREENER] 85 markets in 6.6s | yes:21 no:11 | next in 30s
2026-08-02 06:33:50,194 - INFO - [SCREENER] 89 markets in 6.3s | yes:22 no:11 | next in 30s
2026-08-02 06:34:30,387 - INFO - [SCREENER] 86 markets in 7.1s | yes:23 no:11 | next in 30s
2026-08-02 06:35:08,472 - INFO - [SCREENER] 86 markets in 7.1s | yes:25 no:11 | next in 30s
2026-08-02 06:35:46,635 - INFO - [SCREENER] 87 markets in 7.1s | yes:24 no:11 | next in 30s
2026-08-02 06:36:26,827 - INFO - [SCREENER] 87 markets in 6.4s | yes:25 no:11 | next in 30s
2026-08-02 06:37:04,042 - INFO - [SCREENER] 87 markets in 6.4s | yes:25 no:15 | next in 30s
2026-08-02 06:37:42,110 - INFO - [SCREENER] 88 markets in 7.3s | yes:25 no:16 | next in 30s
2026-08-02 06:38:19,930 - INFO - [SCREENER] 88 markets in 6.4s | yes:25 no:13 | next in 30s
2026-08-02 06:38:59,969 - INFO - [SCREENER] 88 markets in 7.0s | yes:25 no:14 | next in 30s
2026-08-02 06:39:37,567 - INFO - [SCREENER] 93 markets in 6.5s | yes:25 no:12 | next in 30s
2026-08-02 06:40:16,386 - INFO - [SCREENER] 93 markets in 7.9s | yes:25 no:14 | next in 30s
2026-08-02 06:40:45,820 - INFO - [SCREENER] 87 markets in 6.6s | yes:25 no:14 | next in 30s
2026-08-02 06:41:23,846 - INFO - [SCREENER] 93 markets in 6.9s | yes:26 no:15 | next in 30s
2026-08-02 06:42:01,182 - INFO - [SCREENER] 87 markets in 6.4s | yes:25 no:16 | next in 30s
2026-08-02 06:42:38,624 - INFO - [SCREENER] 85 markets in 6.6s | yes:25 no:15 | next in 30s
2026-08-02 06:43:19,098 - INFO - [SCREENER] 88 markets in 7.5s | yes:25 no:15 | next in 30s
2026-08-02 06:43:56,249 - INFO - [SCREENER] 86 markets in 6.4s | yes:25 no:16 | next in 30s
2026-08-02 06:44:34,136 - INFO - [SCREENER] 96 markets in 6.8s | yes:30 no:20 | next in 30s
2026-08-02 06:45:03,676 - INFO - [SCREENER] 103 markets in 6.3s | yes:37 no:27 | next in 30s
2026-08-02 06:45:41,422 - INFO - [SCREENER] 106 markets in 6.9s | yes:40 no:28 | next in 30s
2026-08-02 06:46:19,375 - INFO - [SCREENER] 112 markets in 7.1s | yes:41 no:25 | next in 30s
2026-08-02 06:46:56,637 - INFO - [SCREENER] 110 markets in 6.5s | yes:43 no:25 | next in 30s
2026-08-02 06:47:36,179 - INFO - [SCREENER] 112 markets in 6.2s | yes:44 no:27 | next in 30s
2026-08-02 06:48:14,642 - INFO - [SCREENER] 113 markets in 7.1s | yes:42 no:25 | next in 30s
2026-08-02 06:48:51,934 - INFO - [SCREENER] 114 markets in 6.3s | yes:41 no:27 | next in 30s
2026-08-02 06:49:31,361 - INFO - [SCREENER] 115 markets in 6.7s | yes:42 no:29 | next in 30s
2026-08-02 06:50:09,381 - INFO - [SCREENER] 112 markets in 7.1s | yes:43 no:29 | next in 30s
2026-08-02 06:50:46,828 - INFO - [SCREENER] 114 markets in 6.1s | yes:41 no:29 | next in 30s
2026-08-02 06:51:27,784 - INFO - [SCREENER] 113 markets in 7.3s | yes:41 no:25 | next in 30s
2026-08-02 06:52:05,348 - INFO - [SCREENER] 114 markets in 6.5s | yes:41 no:25 | next in 30s
2026-08-02 06:52:44,254 - INFO - [SCREENER] 108 markets in 7.8s | yes:43 no:24 | next in 30s
2026-08-02 06:53:22,376 - INFO - [SCREENER] 105 markets in 6.6s | yes:41 no:25 | next in 30s
2026-08-02 06:54:02,095 - INFO - [SCREENER] 108 markets in 6.5s | yes:41 no:27 | next in 30s
2026-08-02 06:54:39,915 - INFO - [SCREENER] 109 markets in 6.8s | yes:41 no:26 | next in 30s
2026-08-02 06:55:18,291 - INFO - [SCREENER] 111 markets in 7.3s | yes:39 no:25 | next in 30s
2026-08-02 06:55:47,882 - INFO - [SCREENER] 113 markets in 6.5s | yes:38 no:25 | next in 30s
2026-08-02 06:56:26,031 - INFO - [SCREENER] 107 markets in 6.8s | yes:38 no:26 | next in 30s
2026-08-02 06:57:03,960 - INFO - [SCREENER] 108 markets in 7.0s | yes:40 no:28 | next in 30s
2026-08-02 06:57:41,765 - INFO - [SCREENER] 111 markets in 7.0s | yes:41 no:29 | next in 30s
2026-08-02 06:58:20,828 - INFO - [SCREENER] 109 markets in 6.2s | yes:41 no:28 | next in 30s
2026-08-02 06:58:58,689 - INFO - [SCREENER] 106 markets in 6.8s | yes:43 no:25 | next in 30s
2026-08-02 06:59:36,592 - INFO - [SCREENER] 104 markets in 6.7s | yes:42 no:19 | next in 30s
2026-08-02 07:00:16,412 - INFO - [SCREENER] 101 markets in 6.6s | yes:40 no:19 | next in 30s
2026-08-02 07:00:53,661 - INFO - [SCREENER] 100 markets in 6.2s | yes:34 no:18 | next in 30s
2026-08-02 07:01:30,960 - INFO - [SCREENER] 100 markets in 6.1s | yes:34 no:18 | next in 30s
2026-08-02 07:02:11,372 - INFO - [SCREENER] 103 markets in 6.5s | yes:36 no:18 | next in 30s
2026-08-02 07:02:49,094 - INFO - [SCREENER] 98 markets in 6.5s | yes:35 no:18 | next in 30s
2026-08-02 07:03:29,437 - INFO - [SCREENER] 96 markets in 8.9s | yes:40 no:21 | next in 30s
2026-08-02 07:04:07,690 - INFO - [SCREENER] 97 markets in 7.3s | yes:36 no:21 | next in 30s
2026-08-02 07:04:37,904 - INFO - [SCREENER] 100 markets in 6.9s | yes:39 no:20 | next in 30s
2026-08-02 07:05:15,107 - INFO - [SCREENER] 100 markets in 6.4s | yes:38 no:19 | next in 30s
2026-08-02 07:05:54,229 - INFO - [SCREENER] 100 markets in 8.0s | yes:40 no:20 | next in 30s
2026-08-02 07:06:24,084 - INFO - [SCREENER] 107 markets in 6.6s | yes:39 no:20 | next in 30s
2026-08-02 07:07:01,852 - INFO - [SCREENER] 108 markets in 6.8s | yes:39 no:21 | next in 30s
2026-08-02 07:07:38,561 - INFO - [SCREENER] 104 markets in 6.0s | yes:39 no:20 | next in 30s
2026-08-02 07:08:16,361 - INFO - [SCREENER] 106 markets in 6.8s | yes:38 no:20 | next in 30s
2026-08-02 07:08:56,277 - INFO - [SCREENER] 109 markets in 6.8s | yes:43 no:24 | next in 30s
2026-08-02 07:09:33,714 - INFO - [SCREENER] 111 markets in 6.5s | yes:43 no:25 | next in 30s
2026-08-02 07:10:11,031 - INFO - [SCREENER] 108 markets in 6.6s | yes:47 no:27 | next in 30s
2026-08-02 07:10:51,237 - INFO - [SCREENER] 110 markets in 6.9s | yes:46 no:27 | next in 30s
2026-08-02 07:11:28,858 - INFO - [SCREENER] 109 markets in 6.4s | yes:43 no:28 | next in 30s
2026-08-02 07:12:06,164 - INFO - [SCREENER] 110 markets in 6.0s | yes:43 no:29 | next in 30s
2026-08-02 07:12:46,541 - INFO - [SCREENER] 108 markets in 7.2s | yes:42 no:24 | next in 30s
2026-08-02 07:13:24,890 - INFO - [SCREENER] 111 markets in 7.1s | yes:41 no:26 | next in 30s
2026-08-02 07:14:03,043 - INFO - [SCREENER] 111 markets in 7.0s | yes:41 no:24 | next in 30s
2026-08-02 07:14:47,818 - INFO - [SCREENER] 115 markets in 13.7s | yes:41 no:27 | next in 30s
2026-08-02 07:15:17,722 - INFO - [SCREENER] 112 markets in 6.7s | yes:39 no:28 | next in 30s
2026-08-02 07:15:56,121 - INFO - [SCREENER] 109 markets in 7.3s | yes:42 no:29 | next in 30s
2026-08-02 07:16:33,636 - INFO - [SCREENER] 110 markets in 6.6s | yes:46 no:32 | next in 30s
2026-08-02 07:17:13,989 - INFO - [SCREENER] 112 markets in 7.0s | yes:45 no:30 | next in 30s
2026-08-02 07:17:51,860 - INFO - [SCREENER] 111 markets in 6.6s | yes:43 no:30 | next in 30s
2026-08-02 07:18:29,448 - INFO - [SCREENER] 111 markets in 6.7s | yes:44 no:29 | next in 30s
2026-08-02 07:19:09,084 - INFO - [SCREENER] 112 markets in 6.4s | yes:43 no:27 | next in 30s
2026-08-02 07:19:47,058 - INFO - [SCREENER] 110 markets in 6.7s | yes:40 no:27 | next in 30s
2026-08-02 07:20:24,955 - INFO - [SCREENER] 114 markets in 6.6s | yes:40 no:27 | next in 30s
2026-08-02 07:21:03,296 - INFO - [SCREENER] 114 markets in 7.3s | yes:40 no:28 | next in 30s
2026-08-02 07:21:32,978 - INFO - [SCREENER] 111 markets in 6.5s | yes:39 no:26 | next in 30s
2026-08-02 07:22:11,211 - INFO - [SCREENER] 112 markets in 7.4s | yes:38 no:23 | next in 30s
2026-08-02 07:22:49,697 - INFO - [SCREENER] 107 markets in 7.5s | yes:39 no:25 | next in 30s
2026-08-02 07:23:19,480 - INFO - [SCREENER] 107 markets in 6.6s | yes:38 no:24 | next in 30s
2026-08-02 07:23:57,625 - INFO - [SCREENER] 106 markets in 7.2s | yes:41 no:24 | next in 30s
2026-08-02 07:24:35,322 - INFO - [SCREENER] 110 markets in 6.4s | yes:40 no:26 | next in 30s
2026-08-02 07:25:13,720 - INFO - [SCREENER] 109 markets in 7.4s | yes:39 no:26 | next in 30s
2026-08-02 07:25:43,513 - INFO - [SCREENER] 106 markets in 6.8s | yes:38 no:28 | next in 30s
2026-08-02 07:26:20,992 - INFO - [SCREENER] 107 markets in 6.3s | yes:35 no:29 | next in 30s
2026-08-02 07:26:58,952 - INFO - [SCREENER] 109 markets in 7.1s | yes:37 no:30 | next in 30s
2026-08-02 07:27:38,398 - INFO - [SCREENER] 112 markets in 6.3s | yes:37 no:31 | next in 30s
2026-08-02 07:28:16,607 - INFO - [SCREENER] 109 markets in 7.1s | yes:37 no:32 | next in 30s
2026-08-02 07:28:54,865 - INFO - [SCREENER] 109 markets in 7.3s | yes:36 no:31 | next in 30s
2026-08-02 07:29:34,730 - INFO - [SCREENER] 110 markets in 6.8s | yes:36 no:31 | next in 30s
2026-08-02 07:30:11,712 - INFO - [SCREENER] 108 markets in 6.0s | yes:39 no:29 | next in 30s
2026-08-02 07:30:49,061 - INFO - [SCREENER] 103 markets in 6.3s | yes:37 no:26 | next in 30s
2026-08-02 07:31:26,946 - INFO - [SCREENER] 108 markets in 6.6s | yes:37 no:23 | next in 30s
2026-08-02 07:31:58,162 - INFO - [SCREENER] 109 markets in 7.6s | yes:41 no:26 | next in 30s
2026-08-02 07:32:35,813 - INFO - [SCREENER] 106 markets in 6.8s | yes:36 no:23 | next in 30s
2026-08-02 07:33:13,398 - INFO - [SCREENER] 107 markets in 6.4s | yes:38 no:20 | next in 30s
2026-08-02 07:33:53,593 - INFO - [SCREENER] 106 markets in 6.5s | yes:39 no:24 | next in 30s
2026-08-02 07:34:31,143 - INFO - [SCREENER] 103 markets in 6.5s | yes:36 no:25 | next in 30s
2026-08-02 07:35:09,119 - INFO - [SCREENER] 107 markets in 6.8s | yes:37 no:23 | next in 30s
2026-08-02 07:35:48,430 - INFO - [SCREENER] 102 markets in 6.5s | yes:36 no:26 | next in 30s
2026-08-02 07:36:26,173 - INFO - [SCREENER] 108 markets in 6.6s | yes:35 no:24 | next in 30s
2026-08-02 07:37:03,362 - INFO - [SCREENER] 110 markets in 6.2s | yes:37 no:27 | next in 30s
2026-08-02 07:37:40,691 - INFO - [SCREENER] 110 markets in 6.5s | yes:37 no:28 | next in 30s
2026-08-02 07:38:20,664 - INFO - [SCREENER] 109 markets in 6.6s | yes:38 no:29 | next in 30s
2026-08-02 07:38:58,407 - INFO - [SCREENER] 108 markets in 6.8s | yes:36 no:27 | next in 30s
2026-08-02 07:39:35,804 - INFO - [SCREENER] 107 markets in 6.6s | yes:38 no:30 | next in 30s
2026-08-02 07:40:16,851 - INFO - [SCREENER] 107 markets in 7.6s | yes:39 no:27 | next in 30s
2026-08-02 07:40:55,094 - INFO - [SCREENER] 109 markets in 7.1s | yes:36 no:26 | next in 30s
2026-08-02 07:41:34,365 - INFO - [SCREENER] 107 markets in 8.0s | yes:37 no:27 | next in 30s
2026-08-02 07:42:13,035 - INFO - [SCREENER] 109 markets in 5.9s | yes:39 no:27 | next in 30s
2026-08-02 07:42:50,793 - INFO - [SCREENER] 112 markets in 6.7s | yes:38 no:28 | next in 30s
2026-08-02 07:43:29,602 - INFO - [SCREENER] 112 markets in 7.5s | yes:37 no:28 | next in 30s
2026-08-02 07:44:07,534 - INFO - [SCREENER] 107 markets in 7.0s | yes:39 no:30 | next in 30s
2026-08-02 07:44:37,488 - INFO - [SCREENER] 107 markets in 6.8s | yes:38 no:28 | next in 30s
2026-08-02 07:45:14,863 - INFO - [SCREENER] 106 markets in 6.4s | yes:37 no:27 | next in 30s
2026-08-02 07:45:52,985 - INFO - [SCREENER] 110 markets in 7.1s | yes:40 no:29 | next in 30s
2026-08-02 07:46:33,446 - INFO - [SCREENER] 112 markets in 7.2s | yes:38 no:28 | next in 30s
2026-08-02 07:47:11,423 - INFO - [SCREENER] 111 markets in 7.0s | yes:36 no:27 | next in 30s
2026-08-02 07:47:49,151 - INFO - [SCREENER] 113 markets in 6.5s | yes:36 no:30 | next in 30s
2026-08-02 07:48:30,426 - INFO - [SCREENER] 114 markets in 8.2s | yes:34 no:29 | next in 30s
2026-08-02 07:49:08,609 - INFO - [SCREENER] 111 markets in 7.1s | yes:35 no:31 | next in 30s
2026-08-02 07:49:46,231 - INFO - [SCREENER] 114 markets in 6.8s | yes:35 no:34 | next in 30s
2026-08-02 07:50:24,634 - INFO - [SCREENER] 114 markets in 7.4s | yes:34 no:33 | next in 30s
2026-08-02 07:50:27,388 - INFO - [LIMIT SELL] Will the highest temperature in Helsinki | 5.0000 shares @ 0.35
2026-08-02 07:50:27,389 - INFO - [POSITION] 限价卖出 1 个持仓
2026-08-02 07:50:55,497 - INFO - [SCREENER] 113 markets in 7.5s | yes:32 no:30 | next in 30s
2026-08-02 07:51:34,878 - INFO - [SCREENER] 111 markets in 8.2s | yes:31 no:25 | next in 30s
2026-08-02 07:52:13,288 - INFO - [SCREENER] 117 markets in 7.1s | yes:34 no:25 | next in 30s
2026-08-02 07:52:54,062 - INFO - [SCREENER] 112 markets in 7.8s | yes:33 no:24 | next in 30s
2026-08-02 07:53:31,885 - INFO - [SCREENER] 111 markets in 7.0s | yes:33 no:25 | next in 30s
2026-08-02 07:54:09,188 - INFO - [SCREENER] 112 markets in 6.0s | yes:37 no:31 | next in 30s
2026-08-02 07:54:49,258 - INFO - [SCREENER] 109 markets in 6.5s | yes:31 no:24 | next in 30s
2026-08-02 07:55:27,326 - INFO - [SCREENER] 110 markets in 7.0s | yes:35 no:24 | next in 30s
2026-08-02 07:56:05,733 - INFO - [SCREENER] 116 markets in 7.5s | yes:35 no:22 | next in 30s
2026-08-02 07:56:43,280 - INFO - [SCREENER] 112 markets in 6.7s | yes:34 no:21 | next in 30s
2026-08-02 07:57:13,629 - INFO - [SCREENER] 111 markets in 6.8s | yes:34 no:22 | next in 30s
2026-08-02 07:57:51,041 - INFO - [SCREENER] 107 markets in 6.5s | yes:36 no:22 | next in 30s
2026-08-02 07:58:28,733 - INFO - [SCREENER] 101 markets in 6.5s | yes:35 no:17 | next in 30s
2026-08-02 07:59:08,969 - INFO - [SCREENER] 101 markets in 7.0s | yes:35 no:16 | next in 30s
2026-08-02 07:59:47,245 - INFO - [SCREENER] 99 markets in 7.3s | yes:32 no:13 | next in 30s
2026-08-02 08:00:24,857 - INFO - [SCREENER] 84 markets in 6.3s | yes:28 no:13 | next in 30s
2026-08-02 08:01:04,853 - INFO - [SCREENER] 78 markets in 6.5s | yes:26 no:9 | next in 30s
2026-08-02 08:01:42,605 - INFO - [SCREENER] 77 markets in 6.8s | yes:24 no:11 | next in 30s
2026-08-02 08:02:20,677 - INFO - [SCREENER] 76 markets in 7.0s | yes:23 no:9 | next in 30s
2026-08-02 08:02:58,372 - INFO - [SCREENER] 75 markets in 6.8s | yes:23 no:8 | next in 30s
2026-08-02 08:03:28,255 - INFO - [SCREENER] 79 markets in 6.5s | yes:21 no:7 | next in 30s
2026-08-02 08:04:06,180 - INFO - [SCREENER] 79 markets in 6.8s | yes:26 no:10 | next in 30s
2026-08-02 08:04:43,690 - INFO - [SCREENER] 79 markets in 6.4s | yes:27 no:10 | next in 30s
2026-08-02 08:05:23,962 - INFO - [SCREENER] 75 markets in 6.7s | yes:26 no:14 | next in 30s
2026-08-02 08:06:02,470 - INFO - [SCREENER] 81 markets in 7.5s | yes:30 no:17 | next in 30s
2026-08-02 08:06:39,922 - INFO - [SCREENER] 83 markets in 6.7s | yes:31 no:12 | next in 30s
2026-08-02 08:07:20,797 - INFO - [SCREENER] 89 markets in 7.3s | yes:25 no:12 | next in 30s
2026-08-02 08:07:58,530 - INFO - [SCREENER] 87 markets in 6.9s | yes:28 no:14 | next in 30s
2026-08-02 08:08:35,947 - INFO - [SCREENER] 91 markets in 6.5s | yes:28 no:16 | next in 30s
2026-08-02 08:09:13,146 - INFO - [SCREENER] 91 markets in 6.4s | yes:29 no:18 | next in 30s
2026-08-02 08:09:52,885 - INFO - [SCREENER] 92 markets in 6.7s | yes:33 no:19 | next in 30s
2026-08-02 08:10:30,745 - INFO - [SCREENER] 93 markets in 6.9s | yes:34 no:18 | next in 30s
2026-08-02 08:11:07,789 - INFO - [SCREENER] 91 markets in 6.2s | yes:37 no:18 | next in 30s
2026-08-02 08:11:47,177 - INFO - [SCREENER] 92 markets in 6.5s | yes:41 no:18 | next in 30s
2026-08-02 08:12:25,369 - INFO - [SCREENER] 91 markets in 7.5s | yes:41 no:15 | next in 30s
2026-08-02 08:13:02,899 - INFO - [SCREENER] 89 markets in 6.5s | yes:44 no:15 | next in 30s
2026-08-02 08:13:42,950 - INFO - [SCREENER] 89 markets in 6.3s | yes:42 no:19 | next in 30s
2026-08-02 08:14:20,555 - INFO - [SCREENER] 88 markets in 6.6s | yes:47 no:18 | next in 30s
2026-08-02 08:14:58,387 - INFO - [SCREENER] 90 markets in 6.8s | yes:46 no:14 | next in 30s
2026-08-02 08:15:35,990 - INFO - [SCREENER] 89 markets in 6.8s | yes:47 no:13 | next in 30s
2026-08-02 08:16:06,298 - INFO - [SCREENER] 90 markets in 6.6s | yes:48 no:13 | next in 30s
2026-08-02 08:16:43,872 - INFO - [SCREENER] 89 markets in 6.5s | yes:47 no:13 | next in 30s
2026-08-02 08:16:44,158 - ERROR - [py_clob_client_v2] request error: Server disconnected
2026-08-02 08:16:44,158 - ERROR - [py_clob_client_v2] request error: Server disconnected
2026-08-02 08:16:44,158 - ERROR - [py_clob_client_v2] request error: Server disconnected
2026-08-02 08:16:44,158 - ERROR - [CANCEL FAIL] 0x32e3d09ab2fb3cba41... | PolyApiException[status_code=None, error_message=Request exception!]
2026-08-02 08:16:44,158 - ERROR - 查询订单失败: PolyApiException[status_code=None, error_message=Request exception!]
2026-08-02 08:16:44,160 - ERROR - [DISCOVER] 订单查询失败，跳过本周期
2026-08-02 08:16:44,160 - ERROR - [CANCEL FAIL] 0x32e3d09ab2fb3cba41 订单仍存活在交易所！保持 RESTING
2026-08-02 08:16:44,592 - ERROR - [HEARTBEAT] 失败 (连续 1 次): 401 Client Error: Unauthorized for url: https://clob.polymarket.com/v1/heartbeats
2026-08-02 08:16:46,039 - ERROR - [py_clob_client_v2] request error status=400 url=https://clob.polymarket.com/v1/heartbeats body={"heartbeat_id":"e4405d53-578b-452d-b297-b28dbb1f413f","error_msg":"Invalid Heartbeat ID"}
2026-08-02 08:16:46,039 - INFO - [HEARTBEAT] 从 SDK 错误恢复 heartbeat_id: e4405d53-578b-45 (旧: 9c1fad8e-208d-44)
2026-08-02 08:16:46,287 - INFO - [HEARTBEAT] OK (recovered) id=d2324e55-dac7-42
2026-08-02 08:17:05,116 - ERROR - [BATCH CANCEL FAIL] 0x32e3d09ab2fb3cba41... | the order is already canceled
2026-08-02 08:17:05,866 - ERROR - [BATCH CANCEL] 9630186204426031 取消结果不明，回退 RESTING 等 audit 确认 | oid=0x32e3d09ab2fb3cba41
2026-08-02 08:17:20,656 - ERROR - [py_clob_client_v2] request error: _ssl.c:983: The handshake operation timed out
2026-08-02 08:17:21,566 - INFO - [SCREENER] 89 markets in 6.7s | yes:46 no:13 | next in 30s
2026-08-02 08:17:25,661 - ERROR - [HEARTBEAT] 失败 (连续 1 次): HTTPSConnectionPool(host='clob.polymarket.com', port=443): Max retries exceeded with url: /v1/heartbeats (Caused by SSLError(SSLEOFError(8, '[SSL: UNEXPECTED_EOF_WHILE_READING] EOF occurred in violation of protocol (_ssl.c:1000)')))
2026-08-02 08:17:26,568 - ERROR - [py_clob_client_v2] request error: _ssl.c:983: The handshake operation timed out
2026-08-02 08:17:26,569 - ERROR - [CANCEL FAIL] 0x0fb5920200d7da8bc0... | PolyApiException[status_code=None, error_message=Request exception!]
2026-08-02 08:17:27,128 - ERROR - [CANCEL FAIL] 0x0fb5920200d7da8bc0 订单仍存活在交易所！保持 RESTING
2026-08-02 08:17:38,371 - WARNING - [AUDIT] 9237895826239872 订单丢失纠偏
2026-08-02 08:17:38,371 - WARNING - [AUDIT] 1131349159365005 订单丢失纠偏
2026-08-02 08:17:38,372 - WARNING - [AUDIT] 4886518226528886 订单丢失纠偏
2026-08-02 08:17:38,372 - WARNING - [AUDIT] 7534297012306341 订单丢失纠偏
2026-08-02 08:17:38,372 - WARNING - [AUDIT] 9671289656064219 订单丢失纠偏
2026-08-02 08:17:38,372 - WARNING - [AUDIT] 9724367486548052 订单丢失纠偏
2026-08-02 08:17:38,372 - WARNING - [AUDIT] 1012312022189723 订单丢失纠偏
2026-08-02 08:17:38,373 - WARNING - [AUDIT] 9267674934686014 订单丢失纠偏
2026-08-02 08:17:38,374 - WARNING - [AUDIT] 8027808051614500 订单丢失纠偏
2026-08-02 08:17:38,374 - WARNING - [AUDIT] 4651158185808273 订单丢失纠偏
2026-08-02 08:17:38,374 - WARNING - [AUDIT] 6729075146352657 订单丢失纠偏
2026-08-02 08:17:38,374 - WARNING - [AUDIT] 3678275121283001 订单丢失纠偏
2026-08-02 08:17:38,375 - WARNING - [AUDIT] 7315441485485679 订单丢失纠偏
2026-08-02 08:17:38,376 - WARNING - [AUDIT] 9892862992173509 订单丢失纠偏
2026-08-02 08:17:38,376 - WARNING - [AUDIT] 1112818797963556 订单丢失纠偏
2026-08-02 08:17:38,377 - WARNING - [AUDIT] 9630186204426031 订单丢失纠偏
2026-08-02 08:17:38,377 - WARNING - [AUDIT] 1016861883670799 订单丢失纠偏
2026-08-02 08:17:38,377 - WARNING - [AUDIT] 2931629179384381 订单丢失纠偏
2026-08-02 08:17:38,377 - WARNING - [AUDIT] 5267541647827808 订单丢失纠偏
2026-08-02 08:17:38,377 - WARNING - [AUDIT] 2554076350748580 订单丢失纠偏
2026-08-02 08:17:38,377 - WARNING - [AUDIT] 1804286856407954 订单丢失纠偏
2026-08-02 08:17:38,377 - WARNING - [AUDIT] 1040070068925496 订单丢失纠偏
2026-08-02 08:17:38,377 - WARNING - [AUDIT] 1012708966570768 订单丢失纠偏
2026-08-02 08:17:38,377 - WARNING - [AUDIT] 5299026709238247 订单丢失纠偏
2026-08-02 08:17:38,377 - WARNING - [AUDIT] 5788667258485827 订单丢失纠偏
2026-08-02 08:17:38,377 - WARNING - [AUDIT] 6264469913402155 订单丢失纠偏
2026-08-02 08:17:38,378 - WARNING - [AUDIT] 8545580155717339 订单丢失纠偏
2026-08-02 08:17:38,378 - WARNING - [AUDIT] 1404384484295473 订单丢失纠偏
2026-08-02 08:17:38,378 - WARNING - [AUDIT] 2540412876613684 订单丢失纠偏
2026-08-02 08:17:38,378 - WARNING - [AUDIT] 8293832858569348 订单丢失纠偏
2026-08-02 08:17:38,378 - WARNING - [AUDIT] 3790459174640114 订单丢失纠偏
2026-08-02 08:17:38,378 - WARNING - [AUDIT] 6264442192607507 订单丢失纠偏
2026-08-02 08:17:38,378 - WARNING - [AUDIT] 1965648286691718 订单丢失纠偏
2026-08-02 08:17:38,378 - WARNING - [AUDIT] 2504049173922608 订单丢失纠偏
2026-08-02 08:17:38,378 - WARNING - [AUDIT] 9650640438892016 订单丢失纠偏
2026-08-02 08:17:38,378 - WARNING - [AUDIT] 1286131942036290 订单丢失纠偏
2026-08-02 08:17:38,378 - WARNING - [AUDIT] 5338844811683397 订单丢失纠偏
2026-08-02 08:17:38,378 - WARNING - [AUDIT] 4458000690662770 订单丢失纠偏
2026-08-02 08:17:38,378 - WARNING - [AUDIT] 3800278124344451 订单丢失纠偏
2026-08-02 08:17:38,378 - WARNING - [AUDIT] 6377929610712956 订单丢失纠偏
2026-08-02 08:17:38,379 - WARNING - [AUDIT] 6050404526417288 订单丢失纠偏
2026-08-02 08:17:38,379 - WARNING - [AUDIT] 1052246668598936 订单丢失纠偏
2026-08-02 08:17:38,379 - WARNING - [AUDIT] 1011765749355830 订单丢失纠偏
2026-08-02 08:17:38,379 - WARNING - [AUDIT] 3093363755026600 订单丢失纠偏
2026-08-02 08:17:38,379 - WARNING - [AUDIT] 7449362386332492 订单丢失纠偏
2026-08-02 08:17:38,379 - WARNING - [AUDIT] 8032237424386719 订单丢失纠偏
2026-08-02 08:17:38,379 - WARNING - [AUDIT] 8929210349196583 订单丢失纠偏
2026-08-02 08:17:38,379 - WARNING - [AUDIT] 6618369461304206 订单丢失纠偏
2026-08-02 08:17:38,379 - WARNING - [AUDIT] 4509625010772837 订单丢失纠偏
2026-08-02 08:17:38,380 - WARNING - [AUDIT] 9098766676952057 订单丢失纠偏
2026-08-02 08:17:38,380 - WARNING - [AUDIT] 8071034618251825 订单丢失纠偏
2026-08-02 08:17:38,380 - WARNING - [AUDIT] 1436216773944936 订单丢失纠偏
2026-08-02 08:17:38,380 - WARNING - [AUDIT] 1097972663079309 订单丢失纠偏
2026-08-02 08:17:38,380 - WARNING - [AUDIT] 9850982701736726 订单丢失纠偏
2026-08-02 08:17:38,380 - WARNING - [AUDIT] 8228846311781475 订单丢失纠偏
2026-08-02 08:17:38,380 - WARNING - [AUDIT] 7717208126253081 订单丢失纠偏
2026-08-02 08:17:38,380 - WARNING - [AUDIT] 1105008437007383 订单丢失纠偏
2026-08-02 08:17:38,380 - WARNING - [AUDIT] 1102381826783590 订单丢失纠偏
2026-08-02 08:18:03,653 - INFO - [SCREENER] 89 markets in 13.9s | yes:51 no:14 | next in 30s
2026-08-02 08:18:38,446 - INFO - [SCREENER] 89 markets in 13.6s | yes:49 no:12 | next in 30s
2026-08-02 08:19:06,779 - INFO - [SCREENER] 89 markets in 7.3s | yes:48 no:13 | next in 30s
2026-08-02 08:19:30,266 - ERROR - [py_clob_client_v2] request error: [SSL: UNEXPECTED_EOF_WHILE_READING] EOF occurred in violation of protocol (_ssl.c:1000)
2026-08-02 08:19:30,873 - ERROR - [HEARTBEAT] 失败 (连续 1 次): 401 Client Error: Unauthorized for url: https://clob.polymarket.com/v1/heartbeats
2026-08-02 08:19:44,364 - INFO - [SCREENER] 88 markets in 6.7s | yes:50 no:13 | next in 30s
2026-08-02 08:19:45,387 - WARNING - [AUDIT] 6066826650154217 订单丢失纠偏
2026-08-02 08:19:45,387 - WARNING - [AUDIT] 1340570479457880 订单丢失纠偏
2026-08-02 08:19:45,388 - WARNING - [AUDIT] 8286161144980862 订单丢失纠偏
2026-08-02 08:19:45,388 - WARNING - [AUDIT] 8220996810259137 订单丢失纠偏
2026-08-02 08:19:45,388 - WARNING - [AUDIT] 3078568200620284 订单丢失纠偏
2026-08-02 08:20:23,487 - INFO - [SCREENER] 89 markets in 6.1s | yes:48 no:13 | next in 30s
2026-08-02 08:21:02,613 - INFO - [SCREENER] 88 markets in 7.9s | yes:48 no:15 | next in 30s
2026-08-02 08:21:40,273 - INFO - [SCREENER] 84 markets in 6.8s | yes:47 no:15 | next in 30s
2026-08-02 08:22:19,731 - INFO - [SCREENER] 86 markets in 6.4s | yes:49 no:14 | next in 30s
2026-08-02 08:22:58,393 - INFO - [SCREENER] 86 markets in 7.5s | yes:48 no:12 | next in 30s
2026-08-02 08:23:43,900 - INFO - [SCREENER] 88 markets in 14.5s | yes:48 no:12 | next in 30s
2026-08-02 08:24:20,085 - INFO - [SCREENER] 86 markets in 13.4s | yes:47 no:12 | next in 30s
2026-08-02 08:24:54,425 - ERROR - [py_clob_client_v2] request error: [SSL: UNEXPECTED_EOF_WHILE_READING] EOF occurred in violation of protocol (_ssl.c:1000)
2026-08-02 08:24:54,606 - INFO - [SCREENER] 86 markets in 13.6s | yes:48 no:11 | next in 30s
2026-08-02 08:24:54,889 - ERROR - [HEARTBEAT] 失败 (连续 1 次): 401 Client Error: Unauthorized for url: https://clob.polymarket.com/v1/heartbeats
2026-08-02 08:25:06,105 - ERROR - [BATCH CANCEL FAIL] 0x746f4f99fbe077e140... | order can't be found - already canceled or matched
2026-08-02 08:25:06,859 - ERROR - [BATCH CANCEL] 6264469913402155 取消结果不明，回退 RESTING 等 audit 确认 | oid=0x746f4f99fbe077e140
2026-08-02 08:25:29,519 - INFO - [SCREENER] 85 markets in 13.7s | yes:43 no:15 | next in 30s
2026-08-02 08:25:40,526 - ERROR - [BATCH CANCEL FAIL] 0x277e1f0024c087b182... | order can't be found - already canceled or matched
2026-08-02 08:25:41,276 - ERROR - [BATCH CANCEL] 9630186204426031 取消结果不明，回退 RESTING 等 audit 确认 | oid=0x277e1f0024c087b182
2026-08-02 08:26:04,776 - INFO - [SCREENER] 86 markets in 14.5s | yes:46 no:15 | next in 30s
2026-08-02 08:26:15,875 - ERROR - [BATCH CANCEL FAIL] 0x3db08e3678e93860d4... | order can't be found - already canceled or matched
2026-08-02 08:26:16,355 - WARNING - [AUDIT] 9237895826239872 订单丢失纠偏
2026-08-02 08:26:16,357 - WARNING - [AUDIT] 1131349159365005 订单丢失纠偏
2026-08-02 08:26:16,357 - WARNING - [AUDIT] 4886518226528886 订单丢失纠偏
2026-08-02 08:26:16,358 - WARNING - [AUDIT] 7534297012306341 订单丢失纠偏
2026-08-02 08:26:16,358 - WARNING - [AUDIT] 9671289656064219 订单丢失纠偏
2026-08-02 08:26:16,358 - WARNING - [AUDIT] 9724367486548052 订单丢失纠偏
2026-08-02 08:26:16,359 - WARNING - [AUDIT] 1012312022189723 订单丢失纠偏
2026-08-02 08:26:16,359 - WARNING - [AUDIT] 8027808051614500 订单丢失纠偏
2026-08-02 08:26:16,360 - WARNING - [AUDIT] 4651158185808273 订单丢失纠偏
2026-08-02 08:26:16,360 - WARNING - [AUDIT] 6729075146352657 订单丢失纠偏
2026-08-02 08:26:16,361 - WARNING - [AUDIT] 3678275121283001 订单丢失纠偏
2026-08-02 08:26:16,361 - WARNING - [AUDIT] 7315441485485679 订单丢失纠偏
2026-08-02 08:26:16,361 - WARNING - [AUDIT] 1112818797963556 订单丢失纠偏
2026-08-02 08:26:16,361 - WARNING - [AUDIT] 9630186204426031 订单丢失纠偏
2026-08-02 08:26:16,362 - WARNING - [AUDIT] 1016861883670799 订单丢失纠偏
2026-08-02 08:26:16,362 - WARNING - [AUDIT] 2931629179384381 订单丢失纠偏
2026-08-02 08:26:16,362 - WARNING - [AUDIT] 5267541647827808 订单丢失纠偏
2026-08-02 08:26:16,362 - WARNING - [AUDIT] 1040070068925496 订单丢失纠偏
2026-08-02 08:26:16,362 - WARNING - [AUDIT] 1012708966570768 订单丢失纠偏
2026-08-02 08:26:16,362 - WARNING - [AUDIT] 5788667258485827 订单丢失纠偏
2026-08-02 08:26:16,362 - WARNING - [AUDIT] 6264469913402155 订单丢失纠偏
2026-08-02 08:26:16,362 - WARNING - [AUDIT] 2540412876613684 订单丢失纠偏
2026-08-02 08:26:16,363 - WARNING - [AUDIT] 8293832858569348 订单丢失纠偏
2026-08-02 08:26:16,363 - WARNING - [AUDIT] 2504049173922608 订单丢失纠偏
2026-08-02 08:26:16,363 - WARNING - [AUDIT] 9650640438892016 订单丢失纠偏
2026-08-02 08:26:16,363 - WARNING - [AUDIT] 1286131942036290 订单丢失纠偏
2026-08-02 08:26:16,363 - WARNING - [AUDIT] 4458000690662770 订单丢失纠偏
2026-08-02 08:26:16,364 - WARNING - [AUDIT] 6377929610712956 订单丢失纠偏
2026-08-02 08:26:16,364 - WARNING - [AUDIT] 6050404526417288 订单丢失纠偏
2026-08-02 08:26:16,365 - WARNING - [AUDIT] 1052246668598936 订单丢失纠偏
2026-08-02 08:26:16,365 - WARNING - [AUDIT] 1011765749355830 订单丢失纠偏
2026-08-02 08:26:16,366 - WARNING - [AUDIT] 3093363755026600 订单丢失纠偏
2026-08-02 08:26:16,366 - WARNING - [AUDIT] 7449362386332492 订单丢失纠偏
2026-08-02 08:26:16,366 - WARNING - [AUDIT] 8032237424386719 订单丢失纠偏
2026-08-02 08:26:16,366 - WARNING - [AUDIT] 8929210349196583 订单丢失纠偏
2026-08-02 08:26:16,366 - WARNING - [AUDIT] 4509625010772837 订单丢失纠偏
2026-08-02 08:26:16,366 - WARNING - [AUDIT] 9098766676952057 订单丢失纠偏
2026-08-02 08:26:16,366 - WARNING - [AUDIT] 8071034618251825 订单丢失纠偏
2026-08-02 08:26:16,366 - WARNING - [AUDIT] 1436216773944936 订单丢失纠偏
2026-08-02 08:26:16,366 - WARNING - [AUDIT] 8228846311781475 订单丢失纠偏
2026-08-02 08:26:16,368 - WARNING - [AUDIT] 7717208126253081 订单丢失纠偏
2026-08-02 08:26:16,368 - WARNING - [AUDIT] 3078568200620284 订单丢失纠偏
2026-08-02 08:26:16,368 - WARNING - [AUDIT] 1452548636388897 订单丢失纠偏
2026-08-02 08:26:16,368 - WARNING - [AUDIT] 1111315964843763 订单丢失纠偏
2026-08-02 08:26:16,368 - WARNING - [AUDIT] 9421526033893170 订单丢失纠偏
2026-08-02 08:26:16,368 - WARNING - [AUDIT] 9732723494041693 订单丢失纠偏
2026-08-02 08:26:16,368 - WARNING - [AUDIT] 3800278124344451 订单丢失纠偏
2026-08-02 08:26:16,368 - WARNING - [AUDIT] 1105008437007383 订单丢失纠偏
2026-08-02 08:26:16,368 - WARNING - [AUDIT] 8942840177536718 订单丢失纠偏
2026-08-02 08:26:16,368 - WARNING - [AUDIT] 1141807591324228 订单丢失纠偏
2026-08-02 08:26:17,644 - ERROR - [BATCH CANCEL] 6264442192607507 取消结果不明，回退 RESTING 等 audit 确认 | oid=0x3db08e3678e93860d4
2026-08-02 08:26:34,189 - INFO - [SCREENER] 86 markets in 6.5s | yes:47 no:14 | next in 30s
2026-08-02 08:26:55,196 - ERROR - [BATCH CANCEL FAIL] 0x3db08e3678e93860d4... | order can't be found - already canceled or matched
2026-08-02 08:26:55,941 - ERROR - [BATCH CANCEL] 6264442192607507 取消结果不明，回退 RESTING 等 audit 确认 | oid=0x3db08e3678e93860d4
2026-08-02 08:27:11,274 - INFO - [SCREENER] 86 markets in 6.3s | yes:46 no:16 | next in 30s
2026-08-02 08:27:49,383 - INFO - [SCREENER] 85 markets in 7.1s | yes:45 no:16 | next in 30s
2026-08-02 08:28:18,199 - ERROR - [py_clob_client_v2] request error: Server disconnected
2026-08-02 08:28:18,199 - ERROR - [py_clob_client_v2] request error: Server disconnected
2026-08-02 08:28:18,200 - ERROR - [py_clob_client_v2] request error: Server disconnected
2026-08-02 08:28:18,200 - ERROR - 获取订单簿失败: 14362167739449364955... | PolyApiException[status_code=None, error_message=Request exception!]
2026-08-02 08:28:18,200 - ERROR - [py_clob_client_v2] request error: Server disconnected
2026-08-02 08:28:18,200 - ERROR - [py_clob_client_v2] request error: Server disconnected
2026-08-02 08:28:18,200 - ERROR - 获取订单簿失败: 82288463117814753460... | PolyApiException[status_code=None, error_message=Request exception!]
2026-08-02 08:28:18,201 - ERROR - 获取订单簿失败: 30785682006202840860... | PolyApiException[status_code=None, error_message=Request exception!]
2026-08-02 08:28:18,201 - ERROR - [py_clob_client_v2] request error: Server disconnected
2026-08-02 08:28:18,201 - ERROR - [py_clob_client_v2] request error: Server disconnected
2026-08-02 08:28:18,201 - ERROR - [py_clob_client_v2] request error: Server disconnected
2026-08-02 08:28:18,201 - ERROR - [py_clob_client_v2] request error: Server disconnected
2026-08-02 08:28:18,203 - ERROR - 获取订单簿失败: 77172081262530812440... | PolyApiException[status_code=None, error_message=Request exception!]
2026-08-02 08:28:18,203 - ERROR - 获取订单簿失败: 89292103491965830121... | PolyApiException[status_code=None, error_message=Request exception!]
2026-08-02 08:28:18,204 - ERROR - 获取订单簿失败: 45096250107728378689... | PolyApiException[status_code=None, error_message=Request exception!]
2026-08-02 08:28:18,204 - ERROR - 获取订单簿失败: 90987666769520579019... | PolyApiException[status_code=None, error_message=Request exception!]
2026-08-02 08:28:18,205 - ERROR - 获取订单簿失败: 11113159648437634476... | PolyApiException[status_code=None, error_message=Request exception!]
2026-08-02 08:28:18,210 - ERROR - 获取订单簿失败: 14525486363888970238... | PolyApiException[status_code=None, error_message=Request exception!]
2026-08-02 08:28:18,214 - WARNING - [RETRY] 8929210349196583 bids不足2档，10s后重试
2026-08-02 08:28:18,214 - WARNING - [RETRY] 4509625010772837 bids不足2档，10s后重试
2026-08-02 08:28:18,214 - WARNING - [RETRY] 9098766676952057 bids不足2档，10s后重试
2026-08-02 08:28:18,215 - WARNING - [RETRY] 1436216773944936 bids不足2档，10s后重试
2026-08-02 08:28:18,215 - WARNING - [RETRY] 8228846311781475 bids不足2档，10s后重试
2026-08-02 08:28:18,215 - WARNING - [RETRY] 7717208126253081 bids不足2档，10s后重试
2026-08-02 08:28:18,215 - WARNING - [RETRY] 3078568200620284 bids不足2档，10s后重试
2026-08-02 08:28:18,215 - WARNING - [RETRY] 1452548636388897 bids不足2档，10s后重试
2026-08-02 08:28:18,216 - WARNING - [RETRY] 1111315964843763 bids不足2档，10s后重试
2026-08-02 08:28:27,132 - INFO - [SCREENER] 87 markets in 6.9s | yes:42 no:18 | next in 30s
2026-08-02 08:28:28,338 - WARNING - [AUDIT] 6264442192607507 订单丢失纠偏
2026-08-02 08:29:07,016 - INFO - [SCREENER] 83 markets in 6.9s | yes:44 no:19 | next in 30s
2026-08-02 08:29:45,387 - INFO - [SCREENER] 85 markets in 7.2s | yes:45 no:17 | next in 30s
2026-08-02 08:30:53,345 - INFO - [SCREENER] 85 markets in 37.2s | yes:43 no:19 | next in 30s
2026-08-02 08:31:11,187 - INFO - [SCREENER] 84 markets in 6.9s | yes:44 no:18 | next in 30s
2026-08-02 08:31:51,497 - INFO - [SCREENER] 85 markets in 7.3s | yes:44 no:16 | next in 30s
2026-08-02 08:32:29,222 - INFO - [SCREENER] 85 markets in 6.7s | yes:46 no:16 | next in 30s
2026-08-02 08:33:06,373 - INFO - [SCREENER] 84 markets in 6.4s | yes:45 no:16 | next in 30s
2026-08-02 08:33:52,984 - INFO - [SCREENER] 89 markets in 13.3s | yes:46 no:16 | next in 30s
2026-08-02 08:34:21,503 - INFO - [SCREENER] 87 markets in 6.9s | yes:46 no:18 | next in 30s
2026-08-02 08:34:50,860 - ERROR - [py_clob_client_v2] request error: [SSL: UNEXPECTED_EOF_WHILE_READING] EOF occurred in violation of protocol (_ssl.c:1000)
2026-08-02 08:34:51,335 - ERROR - [HEARTBEAT] 失败 (连续 1 次): 401 Client Error: Unauthorized for url: https://clob.polymarket.com/v1/heartbeats
2026-08-02 08:35:05,777 - INFO - [SCREENER] 90 markets in 13.4s | yes:45 no:14 | next in 30s
2026-08-02 08:35:17,504 - WARNING - [AUDIT] 9237895826239872 订单丢失纠偏
2026-08-02 08:35:17,505 - WARNING - [AUDIT] 7534297012306341 订单丢失纠偏
2026-08-02 08:35:17,505 - WARNING - [AUDIT] 9724367486548052 订单丢失纠偏
2026-08-02 08:35:17,506 - WARNING - [AUDIT] 1012312022189723 订单丢失纠偏
2026-08-02 08:35:17,506 - WARNING - [AUDIT] 4651158185808273 订单丢失纠偏
2026-08-02 08:35:17,506 - WARNING - [AUDIT] 6729075146352657 订单丢失纠偏
2026-08-02 08:35:17,506 - WARNING - [AUDIT] 3678275121283001 订单丢失纠偏
2026-08-02 08:35:17,506 - WARNING - [AUDIT] 1112818797963556 订单丢失纠偏
2026-08-02 08:35:17,508 - WARNING - [AUDIT] 9630186204426031 订单丢失纠偏
2026-08-02 08:35:17,508 - WARNING - [AUDIT] 1016861883670799 订单丢失纠偏
2026-08-02 08:35:17,509 - WARNING - [AUDIT] 2931629179384381 订单丢失纠偏
2026-08-02 08:35:17,509 - WARNING - [AUDIT] 5267541647827808 订单丢失纠偏
2026-08-02 08:35:17,510 - WARNING - [AUDIT] 1040070068925496 订单丢失纠偏
2026-08-02 08:35:17,510 - WARNING - [AUDIT] 1012708966570768 订单丢失纠偏
2026-08-02 08:35:17,511 - WARNING - [AUDIT] 5788667258485827 订单丢失纠偏
2026-08-02 08:35:17,511 - WARNING - [AUDIT] 6264469913402155 订单丢失纠偏
2026-08-02 08:35:17,511 - WARNING - [AUDIT] 2540412876613684 订单丢失纠偏
2026-08-02 08:35:17,511 - WARNING - [AUDIT] 8293832858569348 订单丢失纠偏
2026-08-02 08:35:17,511 - WARNING - [AUDIT] 2504049173922608 订单丢失纠偏
2026-08-02 08:35:17,511 - WARNING - [AUDIT] 9650640438892016 订单丢失纠偏
2026-08-02 08:35:17,511 - WARNING - [AUDIT] 1286131942036290 订单丢失纠偏
2026-08-02 08:35:17,511 - WARNING - [AUDIT] 6377929610712956 订单丢失纠偏
2026-08-02 08:35:17,511 - WARNING - [AUDIT] 6050404526417288 订单丢失纠偏
2026-08-02 08:35:17,511 - WARNING - [AUDIT] 1052246668598936 订单丢失纠偏
2026-08-02 08:35:17,514 - WARNING - [AUDIT] 3093363755026600 订单丢失纠偏
2026-08-02 08:35:17,514 - WARNING - [AUDIT] 7449362386332492 订单丢失纠偏
2026-08-02 08:35:17,514 - WARNING - [AUDIT] 4509625010772837 订单丢失纠偏
2026-08-02 08:35:17,514 - WARNING - [AUDIT] 9098766676952057 订单丢失纠偏
2026-08-02 08:35:17,514 - WARNING - [AUDIT] 1436216773944936 订单丢失纠偏
2026-08-02 08:35:17,514 - WARNING - [AUDIT] 8228846311781475 订单丢失纠偏
2026-08-02 08:35:17,514 - WARNING - [AUDIT] 7717208126253081 订单丢失纠偏
2026-08-02 08:35:17,515 - WARNING - [AUDIT] 3078568200620284 订单丢失纠偏
2026-08-02 08:35:17,515 - WARNING - [AUDIT] 1111315964843763 订单丢失纠偏
2026-08-02 08:35:17,515 - WARNING - [AUDIT] 3800278124344451 订单丢失纠偏
2026-08-02 08:35:17,516 - WARNING - [AUDIT] 8711246570211379 订单丢失纠偏
2026-08-02 08:35:17,516 - WARNING - [AUDIT] 8942840177536718 订单丢失纠偏
2026-08-02 08:35:17,516 - WARNING - [AUDIT] 3790459174640114 订单丢失纠偏
2026-08-02 08:35:17,516 - WARNING - [AUDIT] 1032006299324973 订单丢失纠偏
2026-08-02 08:35:17,516 - WARNING - [AUDIT] 1102381826783590 订单丢失纠偏
2026-08-02 08:35:17,516 - WARNING - [AUDIT] 3765295185177708 订单丢失纠偏
2026-08-02 08:35:17,516 - WARNING - [AUDIT] 6618369461304206 订单丢失纠偏
2026-08-02 08:35:17,516 - WARNING - [AUDIT] 8545580155717339 订单丢失纠偏
2026-08-02 08:35:17,516 - WARNING - [AUDIT] 8071034618251825 订单丢失纠偏
2026-08-02 08:35:17,516 - WARNING - [AUDIT] 2554076350748580 订单丢失纠偏
2026-08-02 08:35:17,516 - WARNING - [AUDIT] 9267674934686014 订单丢失纠偏
2026-08-02 08:35:17,516 - WARNING - [AUDIT] 4609008681435171 订单丢失纠偏
2026-08-02 08:35:17,516 - WARNING - [AUDIT] 1131349159365005 订单丢失纠偏
2026-08-02 08:35:17,516 - WARNING - [AUDIT] 1452548636388897 订单丢失纠偏
2026-08-02 08:35:17,516 - WARNING - [AUDIT] 9732723494041693 订单丢失纠偏
2026-08-02 08:35:17,516 - WARNING - [AUDIT] 1045988534739228 订单丢失纠偏
2026-08-02 08:35:17,516 - WARNING - [AUDIT] 8032237424386719 订单丢失纠偏
2026-08-02 08:35:17,516 - WARNING - [AUDIT] 4640217677735303 订单丢失纠偏
2026-08-02 08:35:17,518 - WARNING - [AUDIT] 4886518226528886 订单丢失纠偏
2026-08-02 08:35:17,518 - WARNING - [AUDIT] 1340570479457880 订单丢失纠偏
2026-08-02 08:35:17,518 - WARNING - [AUDIT] 7862219307672904 订单丢失纠偏
2026-08-02 08:35:42,586 - INFO - [SCREENER] 89 markets in 13.7s | yes:46 no:15 | next in 30s
2026-08-02 08:36:10,253 - INFO - [SCREENER] 88 markets in 6.4s | yes:46 no:14 | next in 30s
2026-08-02 08:36:55,485 - INFO - [SCREENER] 90 markets in 14.4s | yes:47 no:16 | next in 30s
2026-08-02 08:37:30,480 - INFO - [SCREENER] 89 markets in 14.0s | yes:48 no:16 | next in 30s
2026-08-02 08:37:47,298 - ERROR - 查询持仓失败: HTTPSConnectionPool(host='data-api.polymarket.com', port=443): Max retries exceeded with url: /positions?user=0x304bf40e9e50c265f6dd86417707d5b41d8ea619&sizeThreshold=1.0 (Caused by SSLError(SSLEOFError(8, '[SSL: UNEXPECTED_EOF_WHILE_READING] EOF occurred in violation of protocol (_ssl.c:1000)')))
2026-08-02 08:38:27,049 - INFO - [SCREENER] 90 markets in 29.7s | yes:52 no:17 | next in 30s
2026-08-02 08:38:44,342 - INFO - [SCREENER] 90 markets in 6.3s | yes:52 no:15 | next in 30s
2026-08-02 08:39:22,044 - INFO - [SCREENER] 90 markets in 6.9s | yes:51 no:15 | next in 30s
2026-08-02 08:40:01,573 - INFO - [SCREENER] 90 markets in 6.3s | yes:51 no:15 | next in 30s
2026-08-02 08:40:39,114 - INFO - [SCREENER] 89 markets in 6.2s | yes:50 no:15 | next in 30s
2026-08-02 08:41:16,714 - INFO - [SCREENER] 89 markets in 6.2s | yes:49 no:14 | next in 30s
2026-08-02 08:41:54,461 - INFO - [SCREENER] 89 markets in 6.7s | yes:49 no:13 | next in 30s
2026-08-02 08:42:00,193 - ERROR - [AUDIT] 批量查询 best_bid 失败: HTTPSConnectionPool(host='clob.polymarket.com', port=443): Max retries exceeded with url: /books (Caused by SSLError(SSLEOFError(8, '[SSL: UNEXPECTED_EOF_WHILE_READING] EOF occurred in violation of protocol (_ssl.c:1000)')))
2026-08-02 08:42:36,717 - INFO - [SCREENER] 91 markets in 14.6s | yes:48 no:15 | next in 30s
2026-08-02 08:43:11,652 - INFO - [SCREENER] 89 markets in 13.8s | yes:49 no:15 | next in 30s
2026-08-02 08:43:26,914 - ERROR - [POLL] 批量查询异常: HTTPSConnectionPool(host='clob.polymarket.com', port=443): Max retries exceeded with url: /books (Caused by SSLError(SSLEOFError(8, '[SSL: UNEXPECTED_EOF_WHILE_READING] EOF occurred in violation of protocol (_ssl.c:1000)')))
2026-08-02 08:43:43,211 - INFO - [SCREENER] 91 markets in 6.3s | yes:47 no:15 | next in 30s
2026-08-02 08:44:22,811 - INFO - [SCREENER] 90 markets in 6.2s | yes:46 no:17 | next in 30s
2026-08-02 08:44:56,191 - ERROR - [py_clob_client_v2] request error: [SSL: UNEXPECTED_EOF_WHILE_READING] EOF occurred in violation of protocol (_ssl.c:1000)
2026-08-02 08:45:01,147 - INFO - [SCREENER] 90 markets in 7.3s | yes:46 no:17 | next in 30s
2026-08-02 08:45:01,199 - ERROR - [HEARTBEAT] 失败 (连续 1 次): HTTPSConnectionPool(host='clob.polymarket.com', port=443): Max retries exceeded with url: /v1/heartbeats (Caused by SSLError(SSLEOFError(8, '[SSL: UNEXPECTED_EOF_WHILE_READING] EOF occurred in violation of protocol (_ssl.c:1000)')))
2026-08-02 08:45:14,458 - ERROR - [py_clob_client_v2] request error: [SSL: UNEXPECTED_EOF_WHILE_READING] EOF occurred in violation of protocol (_ssl.c:1000)
2026-08-02 08:45:14,945 - ERROR - [HEARTBEAT] 失败 (连续 1 次): 401 Client Error: Unauthorized for url: https://clob.polymarket.com/v1/heartbeats
2026-08-02 08:45:38,635 - INFO - [SCREENER] 88 markets in 6.4s | yes:45 no:15 | next in 30s
2026-08-02 08:45:50,285 - ERROR - [BATCH CANCEL FAIL] 0x379f4d7bfdb01c8d46... | order can't be found - already canceled or matched
2026-08-02 08:45:51,035 - ERROR - [BATCH CANCEL] 4651348273860366 取消结果不明，回退 RESTING 等 audit 确认 | oid=0x379f4d7bfdb01c8d46
2026-08-02 08:46:01,083 - WARNING - [AUDIT] 9237895826239872 订单丢失纠偏
2026-08-02 08:46:01,084 - WARNING - [AUDIT] 7534297012306341 订单丢失纠偏
2026-08-02 08:46:01,084 - WARNING - [AUDIT] 9724367486548052 订单丢失纠偏
2026-08-02 08:46:01,085 - WARNING - [AUDIT] 1012312022189723 订单丢失纠偏
2026-08-02 08:46:01,085 - WARNING - [AUDIT] 4651158185808273 订单丢失纠偏
2026-08-02 08:46:01,085 - WARNING - [AUDIT] 6729075146352657 订单丢失纠偏
2026-08-02 08:46:01,085 - WARNING - [AUDIT] 3678275121283001 订单丢失纠偏
2026-08-02 08:46:01,087 - WARNING - [AUDIT] 1112818797963556 订单丢失纠偏
2026-08-02 08:46:01,087 - WARNING - [AUDIT] 1016861883670799 订单丢失纠偏
2026-08-02 08:46:01,087 - WARNING - [AUDIT] 2931629179384381 订单丢失纠偏
2026-08-02 08:46:01,087 - WARNING - [AUDIT] 1040070068925496 订单丢失纠偏
2026-08-02 08:46:01,088 - WARNING - [AUDIT] 5788667258485827 订单丢失纠偏
2026-08-02 08:46:01,088 - WARNING - [AUDIT] 6264469913402155 订单丢失纠偏
2026-08-02 08:46:01,088 - WARNING - [AUDIT] 2540412876613684 订单丢失纠偏
2026-08-02 08:46:01,088 - WARNING - [AUDIT] 2504049173922608 订单丢失纠偏
2026-08-02 08:46:01,088 - WARNING - [AUDIT] 9650640438892016 订单丢失纠偏
2026-08-02 08:46:01,088 - WARNING - [AUDIT] 1286131942036290 订单丢失纠偏
2026-08-02 08:46:01,088 - WARNING - [AUDIT] 6377929610712956 订单丢失纠偏
2026-08-02 08:46:01,090 - WARNING - [AUDIT] 1052246668598936 订单丢失纠偏
2026-08-02 08:46:01,090 - WARNING - [AUDIT] 3093363755026600 订单丢失纠偏
2026-08-02 08:46:01,090 - WARNING - [AUDIT] 7449362386332492 订单丢失纠偏
2026-08-02 08:46:01,091 - WARNING - [AUDIT] 4509625010772837 订单丢失纠偏
2026-08-02 08:46:01,091 - WARNING - [AUDIT] 9098766676952057 订单丢失纠偏
2026-08-02 08:46:01,091 - WARNING - [AUDIT] 1436216773944936 订单丢失纠偏
2026-08-02 08:46:01,091 - WARNING - [AUDIT] 7717208126253081 订单丢失纠偏
2026-08-02 08:46:01,091 - WARNING - [AUDIT] 3078568200620284 订单丢失纠偏
2026-08-02 08:46:01,091 - WARNING - [AUDIT] 1111315964843763 订单丢失纠偏
2026-08-02 08:46:01,091 - WARNING - [AUDIT] 3800278124344451 订单丢失纠偏
2026-08-02 08:46:01,091 - WARNING - [AUDIT] 8711246570211379 订单丢失纠偏
2026-08-02 08:46:01,091 - WARNING - [AUDIT] 8942840177536718 订单丢失纠偏
2026-08-02 08:46:01,091 - WARNING - [AUDIT] 1032006299324973 订单丢失纠偏
2026-08-02 08:46:01,092 - WARNING - [AUDIT] 1102381826783590 订单丢失纠偏
2026-08-02 08:46:01,092 - WARNING - [AUDIT] 8545580155717339 订单丢失纠偏
2026-08-02 08:46:01,092 - WARNING - [AUDIT] 8071034618251825 订单丢失纠偏
2026-08-02 08:46:01,092 - WARNING - [AUDIT] 2554076350748580 订单丢失纠偏
2026-08-02 08:46:01,092 - WARNING - [AUDIT] 9267674934686014 订单丢失纠偏
2026-08-02 08:46:01,092 - WARNING - [AUDIT] 4609008681435171 订单丢失纠偏
2026-08-02 08:46:01,092 - WARNING - [AUDIT] 1131349159365005 订单丢失纠偏
2026-08-02 08:46:01,092 - WARNING - [AUDIT] 1452548636388897 订单丢失纠偏
2026-08-02 08:46:01,092 - WARNING - [AUDIT] 9732723494041693 订单丢失纠偏
2026-08-02 08:46:01,092 - WARNING - [AUDIT] 8032237424386719 订单丢失纠偏
2026-08-02 08:46:01,092 - WARNING - [AUDIT] 4640217677735303 订单丢失纠偏
2026-08-02 08:46:01,092 - WARNING - [AUDIT] 1404384484295473 订单丢失纠偏
2026-08-02 08:46:01,092 - WARNING - [AUDIT] 6264442192607507 订单丢失纠偏
2026-08-02 08:46:01,092 - WARNING - [AUDIT] 1097972663079309 订单丢失纠偏
2026-08-02 08:46:01,092 - WARNING - [AUDIT] 9652066690308272 订单丢失纠偏
2026-08-02 08:46:01,092 - WARNING - [AUDIT] 3537804078266992 订单丢失纠偏
2026-08-02 08:46:01,092 - WARNING - [AUDIT] 6306746792115750 订单丢失纠偏
2026-08-02 08:46:01,092 - WARNING - [AUDIT] 6441387571310345 订单丢失纠偏
2026-08-02 08:46:01,092 - WARNING - [AUDIT] 1030437601221276 订单丢失纠偏
2026-08-02 08:46:01,092 - WARNING - [AUDIT] 3790459174640114 订单丢失纠偏
2026-08-02 08:46:01,092 - WARNING - [AUDIT] 8286161144980862 订单丢失纠偏
2026-08-02 08:46:01,092 - WARNING - [AUDIT] 1124237724760108 订单丢失纠偏
2026-08-02 08:46:01,092 - WARNING - [AUDIT] 1965648286691718 订单丢失纠偏
2026-08-02 08:46:01,092 - WARNING - [AUDIT] 4651348273860366 订单丢失纠偏
2026-08-02 08:46:19,770 - ERROR - [py_clob_client_v2] request error: [SSL: UNEXPECTED_EOF_WHILE_READING] EOF occurred in violation of protocol (_ssl.c:1000)
2026-08-02 08:46:20,257 - ERROR - [HEARTBEAT] 失败 (连续 1 次): 401 Client Error: Unauthorized for url: https://clob.polymarket.com/v1/heartbeats
2026-08-02 08:46:26,012 - INFO - [SCREENER] 89 markets in 13.6s | yes:41 no:15 | next in 30s
2026-08-02 08:46:53,513 - INFO - [SCREENER] 89 markets in 6.8s | yes:42 no:14 | next in 30s
2026-08-02 08:47:17,977 - ERROR - [py_clob_client_v2] request error: [SSL: UNEXPECTED_EOF_WHILE_READING] EOF occurred in violation of protocol (_ssl.c:1000)
2026-08-02 08:47:18,448 - ERROR - [HEARTBEAT] 失败 (连续 1 次): 401 Client Error: Unauthorized for url: https://clob.polymarket.com/v1/heartbeats
2026-08-02 08:47:31,446 - INFO - [SCREENER] 91 markets in 7.0s | yes:41 no:14 | next in 30s
2026-08-02 08:48:09,014 - INFO - [SCREENER] 91 markets in 6.4s | yes:41 no:15 | next in 30s
2026-08-02 08:48:10,114 - WARNING - [AUDIT] 4023752716982849 订单丢失纠偏
2026-08-02 08:48:10,115 - WARNING - [AUDIT] 1012708966570768 订单丢失纠偏
2026-08-02 08:48:10,115 - WARNING - [AUDIT] 2347971463879323 订单丢失纠偏
2026-08-02 08:48:10,116 - WARNING - [AUDIT] 8027808051614500 订单丢失纠偏
2026-08-02 08:48:10,116 - WARNING - [AUDIT] 9671289656064219 订单丢失纠偏
2026-08-02 08:48:55,694 - INFO - [SCREENER] 89 markets in 13.6s | yes:40 no:13 | next in 30s
2026-08-02 08:49:22,981 - INFO - [SCREENER] 91 markets in 6.5s | yes:42 no:16 | next in 30s
2026-08-02 08:50:07,444 - INFO - [SCREENER] 92 markets in 13.6s | yes:44 no:15 | next in 30s
2026-08-02 08:50:51,867 - INFO - [SCREENER] 91 markets in 20.8s | yes:43 no:15 | next in 30s
2026-08-02 08:50:57,506 - ERROR - [POLL] 批量查询异常: HTTPSConnectionPool(host='clob.polymarket.com', port=443): Max retries exceeded with url: /books (Caused by SSLError(SSLEOFError(8, '[SSL: UNEXPECTED_EOF_WHILE_READING] EOF occurred in violation of protocol (_ssl.c:1000)')))
2026-08-02 08:51:21,537 - INFO - [SCREENER] 89 markets in 14.0s | yes:43 no:15 | next in 30s
2026-08-02 08:51:57,161 - INFO - [SCREENER] 91 markets in 14.4s | yes:42 no:15 | next in 30s
2026-08-02 08:52:25,117 - INFO - [SCREENER] 90 markets in 7.0s | yes:43 no:17 | next in 30s
2026-08-02 08:52:52,716 - ERROR - [POLL] 批量查询异常: HTTPSConnectionPool(host='clob.polymarket.com', port=443): Max retries exceeded with url: /books (Caused by SSLError(SSLEOFError(8, '[SSL: UNEXPECTED_EOF_WHILE_READING] EOF occurred in violation of protocol (_ssl.c:1000)')))
2026-08-02 08:53:16,340 - INFO - [SCREENER] 90 markets in 13.6s | yes:46 no:17 | next in 30s
2026-08-02 08:53:44,439 - INFO - [SCREENER] 90 markets in 7.0s | yes:44 no:17 | next in 30s
2026-08-02 08:54:22,194 - INFO - [SCREENER] 90 markets in 6.9s | yes:45 no:17 | next in 30s
2026-08-02 08:55:02,043 - INFO - [SCREENER] 88 markets in 6.8s | yes:44 no:15 | next in 30s
2026-08-02 08:55:17,166 - ERROR - [py_clob_client_v2] request error: [SSL: UNEXPECTED_EOF_WHILE_READING] EOF occurred in violation of protocol (_ssl.c:1000)
2026-08-02 08:55:17,642 - ERROR - [HEARTBEAT] 失败 (连续 1 次): 401 Client Error: Unauthorized for url: https://clob.polymarket.com/v1/heartbeats
2026-08-02 08:55:39,819 - INFO - [SCREENER] 86 markets in 6.6s | yes:42 no:18 | next in 30s
2026-08-02 08:55:44,821 - ERROR - [py_clob_client_v2] request error: [SSL: UNEXPECTED_EOF_WHILE_READING] EOF occurred in violation of protocol (_ssl.c:1000)
2026-08-02 08:55:44,822 - ERROR - [CANCEL FAIL] 0x2174da8503ebcc7a2a... | PolyApiException[status_code=None, error_message=Request exception!]
2026-08-02 08:55:46,014 - ERROR - [CANCEL FAIL] 0x2174da8503ebcc7a2a 订单仍存活在交易所！保持 RESTING
2026-08-02 08:56:20,272 - INFO - [SCREENER] 86 markets in 14.2s | yes:40 no:18 | next in 30s
2026-08-02 08:56:48,590 - INFO - [SCREENER] 86 markets in 7.3s | yes:42 no:18 | next in 30s
2026-08-02 08:57:00,089 - WARNING - [AUDIT] 9237895826239872 订单丢失纠偏
2026-08-02 08:57:00,090 - WARNING - [AUDIT] 7534297012306341 订单丢失纠偏
2026-08-02 08:57:00,090 - WARNING - [AUDIT] 9724367486548052 订单丢失纠偏
2026-08-02 08:57:00,090 - WARNING - [AUDIT] 1012312022189723 订单丢失纠偏
2026-08-02 08:57:00,090 - WARNING - [AUDIT] 6729075146352657 订单丢失纠偏
2026-08-02 08:57:00,090 - WARNING - [AUDIT] 1112818797963556 订单丢失纠偏
2026-08-02 08:57:00,091 - WARNING - [AUDIT] 1016861883670799 订单丢失纠偏
2026-08-02 08:57:00,091 - WARNING - [AUDIT] 2931629179384381 订单丢失纠偏
2026-08-02 08:57:00,091 - WARNING - [AUDIT] 1040070068925496 订单丢失纠偏
2026-08-02 08:57:00,091 - WARNING - [AUDIT] 5788667258485827 订单丢失纠偏
2026-08-02 08:57:00,091 - WARNING - [AUDIT] 6264469913402155 订单丢失纠偏
2026-08-02 08:57:00,091 - WARNING - [AUDIT] 2540412876613684 订单丢失纠偏
2026-08-02 08:57:00,091 - WARNING - [AUDIT] 2504049173922608 订单丢失纠偏
2026-08-02 08:57:00,091 - WARNING - [AUDIT] 9650640438892016 订单丢失纠偏
2026-08-02 08:57:00,092 - WARNING - [AUDIT] 1286131942036290 订单丢失纠偏
2026-08-02 08:57:00,092 - WARNING - [AUDIT] 6377929610712956 订单丢失纠偏
2026-08-02 08:57:00,092 - WARNING - [AUDIT] 3093363755026600 订单丢失纠偏
2026-08-02 08:57:00,092 - WARNING - [AUDIT] 7449362386332492 订单丢失纠偏
2026-08-02 08:57:00,092 - WARNING - [AUDIT] 4509625010772837 订单丢失纠偏
2026-08-02 08:57:00,092 - WARNING - [AUDIT] 9098766676952057 订单丢失纠偏
2026-08-02 08:57:00,092 - WARNING - [AUDIT] 1436216773944936 订单丢失纠偏
2026-08-02 08:57:00,092 - WARNING - [AUDIT] 1111315964843763 订单丢失纠偏
2026-08-02 08:57:00,092 - WARNING - [AUDIT] 8711246570211379 订单丢失纠偏
2026-08-02 08:57:00,092 - WARNING - [AUDIT] 8942840177536718 订单丢失纠偏
2026-08-02 08:57:00,092 - WARNING - [AUDIT] 1032006299324973 订单丢失纠偏
2026-08-02 08:57:00,092 - WARNING - [AUDIT] 8545580155717339 订单丢失纠偏
2026-08-02 08:57:00,093 - WARNING - [AUDIT] 8071034618251825 订单丢失纠偏
2026-08-02 08:57:00,093 - WARNING - [AUDIT] 2554076350748580 订单丢失纠偏
2026-08-02 08:57:00,093 - WARNING - [AUDIT] 9267674934686014 订单丢失纠偏
2026-08-02 08:57:00,093 - WARNING - [AUDIT] 4609008681435171 订单丢失纠偏
2026-08-02 08:57:00,093 - WARNING - [AUDIT] 1131349159365005 订单丢失纠偏
2026-08-02 08:57:00,094 - WARNING - [AUDIT] 1452548636388897 订单丢失纠偏
2026-08-02 08:57:00,094 - WARNING - [AUDIT] 8032237424386719 订单丢失纠偏
2026-08-02 08:57:00,094 - WARNING - [AUDIT] 4640217677735303 订单丢失纠偏
2026-08-02 08:57:00,094 - WARNING - [AUDIT] 6264442192607507 订单丢失纠偏
2026-08-02 08:57:00,094 - WARNING - [AUDIT] 1097972663079309 订单丢失纠偏
2026-08-02 08:57:00,094 - WARNING - [AUDIT] 9652066690308272 订单丢失纠偏
2026-08-02 08:57:00,094 - WARNING - [AUDIT] 6306746792115750 订单丢失纠偏
2026-08-02 08:57:00,094 - WARNING - [AUDIT] 1030437601221276 订单丢失纠偏
2026-08-02 08:57:00,094 - WARNING - [AUDIT] 1124237724760108 订单丢失纠偏
2026-08-02 08:57:00,094 - WARNING - [AUDIT] 4651348273860366 订单丢失纠偏
2026-08-02 08:57:00,094 - WARNING - [AUDIT] 4023752716982849 订单丢失纠偏
2026-08-02 08:57:00,094 - WARNING - [AUDIT] 1012708966570768 订单丢失纠偏
2026-08-02 08:57:00,094 - WARNING - [AUDIT] 6050404526417288 订单丢失纠偏
2026-08-02 08:57:00,094 - WARNING - [AUDIT] 1102381826783590 订单丢失纠偏
2026-08-02 08:57:00,094 - WARNING - [AUDIT] 3678275121283001 订单丢失纠偏
2026-08-02 08:57:00,095 - WARNING - [AUDIT] 1052246668598936 订单丢失纠偏
2026-08-02 08:57:00,095 - WARNING - [AUDIT] 8188163919804488 订单丢失纠偏
2026-08-02 08:57:00,095 - WARNING - [AUDIT] 4886518226528886 订单丢失纠偏
2026-08-02 08:57:00,095 - WARNING - [AUDIT] 6441387571310345 订单丢失纠偏
2026-08-02 08:57:00,095 - WARNING - [AUDIT] 8929210349196583 订单丢失纠偏
2026-08-02 08:57:00,095 - WARNING - [AUDIT] 7315441485485679 订单丢失纠偏
2026-08-02 08:57:00,095 - WARNING - [AUDIT] 3790459174640114 订单丢失纠偏
2026-08-02 08:57:00,095 - WARNING - [AUDIT] 7862219307672904 订单丢失纠偏
2026-08-02 08:57:24,705 - INFO - [SCREENER] 88 markets in 13.2s | yes:44 no:18 | next in 30s
2026-08-02 08:57:52,165 - INFO - [SCREENER] 86 markets in 6.5s | yes:44 no:18 | next in 30s
2026-08-02 08:58:29,394 - INFO - [SCREENER] 84 markets in 6.5s | yes:45 no:13 | next in 30s
2026-08-02 08:59:23,058 - INFO - [SCREENER] 84 markets in 22.8s | yes:46 no:13 | next in 30s
2026-08-02 08:59:43,063 - INFO - [SCREENER] 81 markets in 7.1s | yes:42 no:15 | next in 30s
2026-08-02 09:00:28,453 - INFO - [SCREENER] 79 markets in 14.2s | yes:39 no:13 | next in 30s
2026-08-02 09:00:55,554 - INFO - [SCREENER] 78 markets in 6.1s | yes:40 no:13 | next in 30s
2026-08-02 09:01:35,602 - INFO - [SCREENER] 78 markets in 7.2s | yes:37 no:12 | next in 30s
2026-08-02 09:02:13,836 - INFO - [SCREENER] 77 markets in 7.5s | yes:36 no:12 | next in 30s
2026-08-02 09:02:52,267 - INFO - [SCREENER] 78 markets in 7.5s | yes:37 no:12 | next in 30s
2026-08-02 09:03:13,836 - ERROR - [py_clob_client_v2] request error: [SSL: UNEXPECTED_EOF_WHILE_READING] EOF occurred in violation of protocol (_ssl.c:1000)
2026-08-02 09:03:14,434 - ERROR - [HEARTBEAT] 失败 (连续 1 次): 401 Client Error: Unauthorized for url: https://clob.polymarket.com/v1/heartbeats
2026-08-02 09:03:32,936 - INFO - [SCREENER] 79 markets in 6.6s | yes:35 no:11 | next in 30s
2026-08-02 09:04:10,947 - INFO - [SCREENER] 78 markets in 6.8s | yes:35 no:11 | next in 30s
2026-08-02 09:04:42,141 - ERROR - [py_clob_client_v2] request error: [SSL: UNEXPECTED_EOF_WHILE_READING] EOF occurred in violation of protocol (_ssl.c:1000)
2026-08-02 09:04:42,619 - ERROR - [HEARTBEAT] 失败 (连续 1 次): 401 Client Error: Unauthorized for url: https://clob.polymarket.com/v1/heartbeats
2026-08-02 09:04:55,537 - INFO - [SCREENER] 76 markets in 13.8s | yes:37 no:10 | next in 30s
2026-08-02 09:05:30,345 - INFO - [SCREENER] 82 markets in 13.7s | yes:41 no:12 | next in 30s
2026-08-02 09:05:31,940 - WARNING - [AUDIT] 9724367486548052 订单丢失纠偏
2026-08-02 09:05:31,940 - WARNING - [AUDIT] 1012312022189723 订单丢失纠偏
2026-08-02 09:05:31,940 - WARNING - [AUDIT] 1016861883670799 订单丢失纠偏
2026-08-02 09:05:31,940 - WARNING - [AUDIT] 2931629179384381 订单丢失纠偏
2026-08-02 09:05:31,942 - WARNING - [AUDIT] 1040070068925496 订单丢失纠偏
2026-08-02 09:05:31,942 - WARNING - [AUDIT] 5788667258485827 订单丢失纠偏
2026-08-02 09:05:31,942 - WARNING - [AUDIT] 6264469913402155 订单丢失纠偏
2026-08-02 09:05:31,942 - WARNING - [AUDIT] 2540412876613684 订单丢失纠偏
2026-08-02 09:05:31,943 - WARNING - [AUDIT] 2504049173922608 订单丢失纠偏
2026-08-02 09:05:31,943 - WARNING - [AUDIT] 9650640438892016 订单丢失纠偏
2026-08-02 09:05:31,944 - WARNING - [AUDIT] 1286131942036290 订单丢失纠偏
2026-08-02 09:05:31,944 - WARNING - [AUDIT] 7449362386332492 订单丢失纠偏
2026-08-02 09:05:31,944 - WARNING - [AUDIT] 4509625010772837 订单丢失纠偏
2026-08-02 09:05:31,944 - WARNING - [AUDIT] 9098766676952057 订单丢失纠偏
2026-08-02 09:05:31,944 - WARNING - [AUDIT] 1436216773944936 订单丢失纠偏
2026-08-02 09:05:31,945 - WARNING - [AUDIT] 1111315964843763 订单丢失纠偏
2026-08-02 09:05:31,946 - WARNING - [AUDIT] 8711246570211379 订单丢失纠偏
2026-08-02 09:05:31,946 - WARNING - [AUDIT] 1032006299324973 订单丢失纠偏
2026-08-02 09:05:31,946 - WARNING - [AUDIT] 8545580155717339 订单丢失纠偏
2026-08-02 09:05:31,946 - WARNING - [AUDIT] 8071034618251825 订单丢失纠偏
2026-08-02 09:05:31,946 - WARNING - [AUDIT] 8032237424386719 订单丢失纠偏
2026-08-02 09:05:31,947 - WARNING - [AUDIT] 6264442192607507 订单丢失纠偏
2026-08-02 09:05:31,947 - WARNING - [AUDIT] 1097972663079309 订单丢失纠偏
2026-08-02 09:05:31,947 - WARNING - [AUDIT] 6306746792115750 订单丢失纠偏
2026-08-02 09:05:31,948 - WARNING - [AUDIT] 1030437601221276 订单丢失纠偏
2026-08-02 09:05:31,948 - WARNING - [AUDIT] 4651348273860366 订单丢失纠偏
2026-08-02 09:05:31,948 - WARNING - [AUDIT] 1012708966570768 订单丢失纠偏
2026-08-02 09:05:31,948 - WARNING - [AUDIT] 6050404526417288 订单丢失纠偏
2026-08-02 09:05:31,948 - WARNING - [AUDIT] 3678275121283001 订单丢失纠偏
2026-08-02 09:05:31,949 - WARNING - [AUDIT] 8188163919804488 订单丢失纠偏
2026-08-02 09:05:31,949 - WARNING - [AUDIT] 4886518226528886 订单丢失纠偏
2026-08-02 09:05:31,949 - WARNING - [AUDIT] 8929210349196583 订单丢失纠偏
2026-08-02 09:05:31,949 - WARNING - [AUDIT] 2507426886711862 订单丢失纠偏
2026-08-02 09:05:31,949 - WARNING - [AUDIT] 7271500142911130 订单丢失纠偏
2026-08-02 09:05:31,949 - WARNING - [AUDIT] 9630186204426031 订单丢失纠偏
2026-08-02 09:05:31,949 - WARNING - [AUDIT] 7862219307672904 订单丢失纠偏
2026-08-02 09:05:31,949 - WARNING - [AUDIT] 9421526033893170 订单丢失纠偏
2026-08-02 09:05:31,949 - WARNING - [AUDIT] 8220996810259137 订单丢失纠偏
2026-08-02 09:05:31,949 - WARNING - [AUDIT] 8027808051614500 订单丢失纠偏
2026-08-02 09:05:31,949 - WARNING - [AUDIT] 9267674934686014 订单丢失纠偏
2026-08-02 09:06:14,169 - INFO - [SCREENER] 81 markets in 20.7s | yes:41 no:12 | next in 30s
2026-08-02 09:06:46,070 - INFO - [SCREENER] 79 markets in 21.0s | yes:39 no:12 | next in 30s
2026-08-02 09:07:19,802 - INFO - [SCREENER] 81 markets in 22.8s | yes:38 no:12 | next in 30s
2026-08-02 09:07:51,194 - INFO - [SCREENER] 82 markets in 20.4s | yes:40 no:13 | next in 30s
2026-08-02 09:07:57,882 - ERROR - 查询持仓失败: HTTPSConnectionPool(host='data-api.polymarket.com', port=443): Max retries exceeded with url: /positions?user=0x304bf40e9e50c265f6dd86417707d5b41d8ea619&sizeThreshold=1.0 (Caused by SSLError(SSLEOFError(8, '[SSL: UNEXPECTED_EOF_WHILE_READING] EOF occurred in violation of protocol (_ssl.c:1000)')))
2026-08-02 09:08:14,501 - INFO - [SCREENER] 83 markets in 6.6s | yes:43 no:13 | next in 30s
2026-08-02 09:08:31,455 - ERROR - [py_clob_client_v2] request error: [SSL: UNEXPECTED_EOF_WHILE_READING] EOF occurred in violation of protocol (_ssl.c:1000)
2026-08-02 09:08:32,052 - ERROR - [HEARTBEAT] 失败 (连续 1 次): 401 Client Error: Unauthorized for url: https://clob.polymarket.com/v1/heartbeats
2026-08-02 09:08:52,093 - INFO - [SCREENER] 87 markets in 6.7s | yes:42 no:14 | next in 30s
2026-08-02 09:09:36,517 - INFO - [SCREENER] 86 markets in 13.5s | yes:42 no:14 | next in 30s
2026-08-02 09:09:48,332 - WARNING - [AUDIT] 9724367486548052 订单丢失纠偏
2026-08-02 09:09:48,333 - WARNING - [AUDIT] 1012312022189723 订单丢失纠偏
2026-08-02 09:09:48,334 - WARNING - [AUDIT] 1016861883670799 订单丢失纠偏
2026-08-02 09:09:48,334 - WARNING - [AUDIT] 2931629179384381 订单丢失纠偏
2026-08-02 09:09:48,335 - WARNING - [AUDIT] 1040070068925496 订单丢失纠偏
2026-08-02 09:09:48,335 - WARNING - [AUDIT] 5788667258485827 订单丢失纠偏
2026-08-02 09:09:48,336 - WARNING - [AUDIT] 6264469913402155 订单丢失纠偏
2026-08-02 09:09:48,336 - WARNING - [AUDIT] 2540412876613684 订单丢失纠偏
2026-08-02 09:09:48,336 - WARNING - [AUDIT] 2504049173922608 订单丢失纠偏
2026-08-02 09:09:48,336 - WARNING - [AUDIT] 9650640438892016 订单丢失纠偏
2026-08-02 09:09:48,336 - WARNING - [AUDIT] 1286131942036290 订单丢失纠偏
2026-08-02 09:09:48,336 - WARNING - [AUDIT] 7449362386332492 订单丢失纠偏
2026-08-02 09:09:48,336 - WARNING - [AUDIT] 4509625010772837 订单丢失纠偏
2026-08-02 09:09:48,336 - WARNING - [AUDIT] 9098766676952057 订单丢失纠偏
2026-08-02 09:09:48,336 - WARNING - [AUDIT] 1436216773944936 订单丢失纠偏
2026-08-02 09:09:48,336 - WARNING - [AUDIT] 1111315964843763 订单丢失纠偏
2026-08-02 09:09:48,336 - WARNING - [AUDIT] 8711246570211379 订单丢失纠偏
2026-08-02 09:09:48,336 - WARNING - [AUDIT] 1032006299324973 订单丢失纠偏
2026-08-02 09:09:48,336 - WARNING - [AUDIT] 8545580155717339 订单丢失纠偏
2026-08-02 09:09:48,336 - WARNING - [AUDIT] 8071034618251825 订单丢失纠偏
2026-08-02 09:09:48,336 - WARNING - [AUDIT] 8032237424386719 订单丢失纠偏
2026-08-02 09:09:48,336 - WARNING - [AUDIT] 6264442192607507 订单丢失纠偏
2026-08-02 09:09:48,336 - WARNING - [AUDIT] 1097972663079309 订单丢失纠偏
2026-08-02 09:09:48,336 - WARNING - [AUDIT] 6306746792115750 订单丢失纠偏
2026-08-02 09:09:48,336 - WARNING - [AUDIT] 1030437601221276 订单丢失纠偏
2026-08-02 09:09:48,336 - WARNING - [AUDIT] 4651348273860366 订单丢失纠偏
2026-08-02 09:09:48,340 - WARNING - [AUDIT] 1012708966570768 订单丢失纠偏
2026-08-02 09:09:48,340 - WARNING - [AUDIT] 6050404526417288 订单丢失纠偏
2026-08-02 09:09:48,340 - WARNING - [AUDIT] 3678275121283001 订单丢失纠偏
2026-08-02 09:09:48,340 - WARNING - [AUDIT] 8188163919804488 订单丢失纠偏
2026-08-02 09:09:48,340 - WARNING - [AUDIT] 4886518226528886 订单丢失纠偏
2026-08-02 09:09:48,340 - WARNING - [AUDIT] 8929210349196583 订单丢失纠偏
2026-08-02 09:09:48,340 - WARNING - [AUDIT] 2507426886711862 订单丢失纠偏
2026-08-02 09:09:48,340 - WARNING - [AUDIT] 7271500142911130 订单丢失纠偏
2026-08-02 09:09:48,340 - WARNING - [AUDIT] 9421526033893170 订单丢失纠偏
2026-08-02 09:09:48,340 - WARNING - [AUDIT] 8220996810259137 订单丢失纠偏
2026-08-02 09:09:48,340 - WARNING - [AUDIT] 8027808051614500 订单丢失纠偏
2026-08-02 09:09:48,340 - WARNING - [AUDIT] 9267674934686014 订单丢失纠偏
2026-08-02 09:09:48,340 - WARNING - [AUDIT] 6729075146352657 订单丢失纠偏
2026-08-02 09:09:48,340 - WARNING - [AUDIT] 7534297012306341 订单丢失纠偏
2026-08-02 09:09:48,340 - WARNING - [AUDIT] 9671289656064219 订单丢失纠偏
2026-08-02 09:09:48,342 - WARNING - [AUDIT] 6377929610712956 订单丢失纠偏
2026-08-02 09:09:48,342 - WARNING - [AUDIT] 4609008681435171 订单丢失纠偏
2026-08-02 09:09:48,342 - WARNING - [AUDIT] 3790459174640114 订单丢失纠偏
2026-08-02 09:09:48,342 - WARNING - [AUDIT] 1452548636388897 订单丢失纠偏
2026-08-02 09:09:48,342 - WARNING - [AUDIT] 9732723494041693 订单丢失纠偏
2026-08-02 09:09:48,342 - WARNING - [AUDIT] 1112818797963556 订单丢失纠偏
2026-08-02 09:09:48,342 - WARNING - [AUDIT] 1131349159365005 订单丢失纠偏
2026-08-02 09:09:48,342 - WARNING - [AUDIT] 1072612513038138 订单丢失纠偏
2026-08-02 09:09:48,342 - WARNING - [AUDIT] 1052246668598936 订单丢失纠偏
2026-08-02 09:09:48,342 - WARNING - [AUDIT] 8286161144980862 订单丢失纠偏
2026-08-02 09:09:48,342 - WARNING - [AUDIT] 4023752716982849 订单丢失纠偏
2026-08-02 09:10:06,304 - INFO - [SCREENER] 87 markets in 6.7s | yes:42 no:15 | next in 30s
2026-08-02 09:10:51,070 - INFO - [SCREENER] 88 markets in 13.8s | yes:42 no:15 | next in 30s
2026-08-02 09:11:18,222 - INFO - [SCREENER] 88 markets in 6.4s | yes:41 no:16 | next in 30s
2026-08-02 09:12:02,768 - INFO - [SCREENER] 87 markets in 13.7s | yes:42 no:17 | next in 30s
2026-08-02 09:12:08,826 - ERROR - [AUDIT] 批量查询 best_bid 失败: HTTPSConnectionPool(host='clob.polymarket.com', port=443): Max retries exceeded with url: /books (Caused by SSLError(SSLEOFError(8, '[SSL: UNEXPECTED_EOF_WHILE_READING] EOF occurred in violation of protocol (_ssl.c:1000)')))
2026-08-02 09:12:27,138 - INFO - [SCREENER] 87 markets in 6.8s | yes:45 no:16 | next in 30s
2026-08-02 09:13:04,590 - INFO - [SCREENER] 89 markets in 6.5s | yes:45 no:16 | next in 30s
2026-08-02 09:13:42,345 - INFO - [SCREENER] 89 markets in 6.7s | yes:46 no:16 | next in 30s
2026-08-02 09:14:10,441 - ERROR - [py_clob_client_v2] request error: _ssl.c:983: The handshake operation timed out
2026-08-02 09:14:10,848 - ERROR - [HEARTBEAT] 失败 (连续 1 次): 401 Client Error: Unauthorized for url: https://clob.polymarket.com/v1/heartbeats
2026-08-02 09:14:16,345 - ERROR - [py_clob_client_v2] request error: [SSL: UNEXPECTED_EOF_WHILE_READING] EOF occurred in violation of protocol (_ssl.c:1000)
2026-08-02 09:14:16,345 - ERROR - 获取订单簿失败: 44580006906627704449... | PolyApiException[status_code=None, error_message=Request exception!]
2026-08-02 09:14:21,352 - ERROR - [py_clob_client_v2] request error: [SSL: UNEXPECTED_EOF_WHILE_READING] EOF occurred in violation of protocol (_ssl.c:1000)
2026-08-02 09:14:21,767 - ERROR - [HEARTBEAT] 失败 (连续 2 次): 401 Client Error: Unauthorized for url: https://clob.polymarket.com/v1/heartbeats
2026-08-02 09:14:28,960 - INFO - [SCREENER] 88 markets in 13.6s | yes:45 no:17 | next in 30s
2026-08-02 09:14:30,220 - WARNING - [RETRY] 4458000690662770 bids不足2档，10s后重试
2026-08-02 09:14:30,506 - ERROR - [BATCH CANCEL FAIL] 0x44dfe8729eb8954529... | order can't be found - already canceled or matched
2026-08-02 09:14:31,221 - ERROR - [BATCH CANCEL] 9724367486548052 取消结果不明，回退 RESTING 等 audit 确认 | oid=0x44dfe8729eb8954529
2026-08-02 09:14:56,831 - INFO - [SCREENER] 89 markets in 6.6s | yes:46 no:16 | next in 30s
2026-08-02 09:15:08,050 - ERROR - [BATCH CANCEL FAIL] 0xe67d0f7b0237ddb0dd... | order can't be found - already canceled or matched
2026-08-02 09:15:08,791 - ERROR - [BATCH CANCEL] 2347971463879323 取消结果不明，回退 RESTING 等 audit 确认 | oid=0xe67d0f7b0237ddb0dd
2026-08-02 09:15:34,043 - INFO - [SCREENER] 90 markets in 6.2s | yes:45 no:17 | next in 30s
2026-08-02 09:15:55,536 - WARNING - [AUDIT] 9724367486548052 订单丢失纠偏
2026-08-02 09:15:55,538 - WARNING - [AUDIT] 1012312022189723 订单丢失纠偏
2026-08-02 09:15:55,538 - WARNING - [AUDIT] 1016861883670799 订单丢失纠偏
2026-08-02 09:15:55,538 - WARNING - [AUDIT] 2931629179384381 订单丢失纠偏
2026-08-02 09:15:55,538 - WARNING - [AUDIT] 1040070068925496 订单丢失纠偏
2026-08-02 09:15:55,539 - WARNING - [AUDIT] 5788667258485827 订单丢失纠偏
2026-08-02 09:15:55,539 - WARNING - [AUDIT] 6264469913402155 订单丢失纠偏
2026-08-02 09:15:55,540 - WARNING - [AUDIT] 2540412876613684 订单丢失纠偏
2026-08-02 09:15:55,540 - WARNING - [AUDIT] 2504049173922608 订单丢失纠偏
2026-08-02 09:15:55,540 - WARNING - [AUDIT] 9650640438892016 订单丢失纠偏
2026-08-02 09:15:55,540 - WARNING - [AUDIT] 1286131942036290 订单丢失纠偏
2026-08-02 09:15:55,541 - WARNING - [AUDIT] 7449362386332492 订单丢失纠偏
2026-08-02 09:15:55,541 - WARNING - [AUDIT] 4509625010772837 订单丢失纠偏
2026-08-02 09:15:55,541 - WARNING - [AUDIT] 9098766676952057 订单丢失纠偏
2026-08-02 09:15:55,541 - WARNING - [AUDIT] 1436216773944936 订单丢失纠偏
2026-08-02 09:15:55,541 - WARNING - [AUDIT] 1111315964843763 订单丢失纠偏
2026-08-02 09:15:55,542 - WARNING - [AUDIT] 8711246570211379 订单丢失纠偏
2026-08-02 09:15:55,542 - WARNING - [AUDIT] 1032006299324973 订单丢失纠偏
2026-08-02 09:15:55,542 - WARNING - [AUDIT] 8545580155717339 订单丢失纠偏
2026-08-02 09:15:55,542 - WARNING - [AUDIT] 8071034618251825 订单丢失纠偏
2026-08-02 09:15:55,543 - WARNING - [AUDIT] 8032237424386719 订单丢失纠偏
2026-08-02 09:15:55,543 - WARNING - [AUDIT] 6264442192607507 订单丢失纠偏
2026-08-02 09:15:55,543 - WARNING - [AUDIT] 1097972663079309 订单丢失纠偏
2026-08-02 09:15:55,543 - WARNING - [AUDIT] 6306746792115750 订单丢失纠偏
2026-08-02 09:15:55,543 - WARNING - [AUDIT] 1030437601221276 订单丢失纠偏
2026-08-02 09:15:55,544 - WARNING - [AUDIT] 4651348273860366 订单丢失纠偏
2026-08-02 09:15:55,544 - WARNING - [AUDIT] 1012708966570768 订单丢失纠偏
2026-08-02 09:15:55,544 - WARNING - [AUDIT] 6050404526417288 订单丢失纠偏
2026-08-02 09:15:55,545 - WARNING - [AUDIT] 3678275121283001 订单丢失纠偏
2026-08-02 09:15:55,545 - WARNING - [AUDIT] 8188163919804488 订单丢失纠偏
2026-08-02 09:15:55,545 - WARNING - [AUDIT] 4886518226528886 订单丢失纠偏
2026-08-02 09:15:55,545 - WARNING - [AUDIT] 8929210349196583 订单丢失纠偏
2026-08-02 09:15:55,545 - WARNING - [AUDIT] 2507426886711862 订单丢失纠偏
2026-08-02 09:15:55,545 - WARNING - [AUDIT] 7271500142911130 订单丢失纠偏
2026-08-02 09:15:55,546 - WARNING - [AUDIT] 9421526033893170 订单丢失纠偏
2026-08-02 09:15:55,546 - WARNING - [AUDIT] 8220996810259137 订单丢失纠偏
2026-08-02 09:15:55,546 - WARNING - [AUDIT] 8027808051614500 订单丢失纠偏
2026-08-02 09:15:55,546 - WARNING - [AUDIT] 9267674934686014 订单丢失纠偏
2026-08-02 09:15:55,546 - WARNING - [AUDIT] 6729075146352657 订单丢失纠偏
2026-08-02 09:15:55,546 - WARNING - [AUDIT] 7534297012306341 订单丢失纠偏
2026-08-02 09:15:55,546 - WARNING - [AUDIT] 9671289656064219 订单丢失纠偏
2026-08-02 09:15:55,546 - WARNING - [AUDIT] 6377929610712956 订单丢失纠偏
2026-08-02 09:15:55,546 - WARNING - [AUDIT] 4609008681435171 订单丢失纠偏
2026-08-02 09:15:55,546 - WARNING - [AUDIT] 3790459174640114 订单丢失纠偏
2026-08-02 09:15:55,546 - WARNING - [AUDIT] 1452548636388897 订单丢失纠偏
2026-08-02 09:15:55,546 - WARNING - [AUDIT] 9732723494041693 订单丢失纠偏
2026-08-02 09:15:55,546 - WARNING - [AUDIT] 1112818797963556 订单丢失纠偏
2026-08-02 09:15:55,546 - WARNING - [AUDIT] 1131349159365005 订单丢失纠偏
2026-08-02 09:15:55,546 - WARNING - [AUDIT] 1072612513038138 订单丢失纠偏
2026-08-02 09:15:55,546 - WARNING - [AUDIT] 1052246668598936 订单丢失纠偏
2026-08-02 09:15:55,546 - WARNING - [AUDIT] 8286161144980862 订单丢失纠偏
2026-08-02 09:15:55,546 - WARNING - [AUDIT] 4023752716982849 订单丢失纠偏
2026-08-02 09:15:55,546 - WARNING - [AUDIT] 3800278124344451 订单丢失纠偏
2026-08-02 09:15:55,546 - WARNING - [AUDIT] 7276505265983696 订单丢失纠偏
2026-08-02 09:15:55,547 - WARNING - [AUDIT] 9652066690308272 订单丢失纠偏
2026-08-02 09:15:55,547 - WARNING - [AUDIT] 9850982701736726 订单丢失纠偏
2026-08-02 09:15:55,547 - WARNING - [AUDIT] 7717208126253081 订单丢失纠偏
2026-08-02 09:15:55,547 - WARNING - [AUDIT] 4158272995564500 订单丢失纠偏
2026-08-02 09:16:13,580 - INFO - [SCREENER] 89 markets in 6.9s | yes:46 no:18 | next in 30s
2026-08-02 09:17:05,549 - INFO - [SCREENER] 89 markets in 20.7s | yes:43 no:19 | next in 30s
2026-08-02 09:17:23,438 - INFO - [SCREENER] 89 markets in 6.5s | yes:43 no:19 | next in 30s
2026-08-02 09:18:00,386 - INFO - [SCREENER] 89 markets in 6.2s | yes:44 no:18 | next in 30s
2026-08-02 09:18:01,466 - ERROR - [py_clob_client_v2] request error: Server disconnected
2026-08-02 09:18:01,466 - ERROR - [py_clob_client_v2] request error: Server disconnected
2026-08-02 09:18:01,466 - ERROR - 获取订单簿失败: 10127089665707688977... | PolyApiException[status_code=None, error_message=Request exception!]
2026-08-02 09:18:01,466 - ERROR - [py_clob_client_v2] request error: Server disconnected
2026-08-02 09:18:01,467 - ERROR - [py_clob_client_v2] request error: Server disconnected
2026-08-02 09:18:01,467 - ERROR - [py_clob_client_v2] request error: Server disconnected
2026-08-02 09:18:01,467 - ERROR - 获取订单簿失败: 60504045264172887920... | PolyApiException[status_code=None, error_message=Request exception!]
2026-08-02 09:18:01,467 - ERROR - [py_clob_client_v2] request error: Server disconnected
2026-08-02 09:18:01,468 - ERROR - [py_clob_client_v2] request error: Server disconnected
2026-08-02 09:18:01,468 - ERROR - [py_clob_client_v2] request error: Server disconnected
2026-08-02 09:18:01,468 - ERROR - 获取订单簿失败: 36782751212830013085... | PolyApiException[status_code=None, error_message=Request exception!]
2026-08-02 09:18:01,468 - ERROR - [py_clob_client_v2] request error: Server disconnected
2026-08-02 09:18:01,469 - ERROR - 获取订单簿失败: 81881639198044888091... | PolyApiException[status_code=None, error_message=Request exception!]
2026-08-02 09:18:01,469 - ERROR - 获取订单簿失败: 48865182265288865878... | PolyApiException[status_code=None, error_message=Request exception!]
2026-08-02 09:18:01,469 - ERROR - 获取订单簿失败: 63067467921157504857... | PolyApiException[status_code=None, error_message=Request exception!]
2026-08-02 09:18:01,469 - ERROR - 获取订单簿失败: 46513482738603660213... | PolyApiException[status_code=None, error_message=Request exception!]
2026-08-02 09:18:01,470 - ERROR - 获取订单簿失败: 89292103491965830121... | PolyApiException[status_code=None, error_message=Request exception!]
2026-08-02 09:18:01,470 - ERROR - 获取订单簿失败: 10304376012212762481... | PolyApiException[status_code=None, error_message=Request exception!]
2026-08-02 09:18:01,651 - WARNING - [RETRY] 6306746792115750 bids不足2档，10s后重试
2026-08-02 09:18:01,651 - WARNING - [RETRY] 1030437601221276 bids不足2档，10s后重试
2026-08-02 09:18:01,652 - WARNING - [RETRY] 4651348273860366 bids不足2档，10s后重试
2026-08-02 09:18:01,653 - WARNING - [RETRY] 1012708966570768 bids不足2档，10s后重试
2026-08-02 09:18:01,653 - WARNING - [RETRY] 6050404526417288 bids不足2档，10s后重试
2026-08-02 09:18:01,654 - WARNING - [RETRY] 3678275121283001 bids不足2档，10s后重试
2026-08-02 09:18:01,654 - WARNING - [RETRY] 8188163919804488 bids不足2档，10s后重试
2026-08-02 09:18:01,654 - WARNING - [RETRY] 4886518226528886 bids不足2档，10s后重试
2026-08-02 09:18:01,655 - WARNING - [RETRY] 8929210349196583 bids不足2档，10s后重试
2026-08-02 09:18:40,569 - INFO - [SCREENER] 88 markets in 7.1s | yes:46 no:19 | next in 30s
2026-08-02 09:19:25,651 - INFO - [SCREENER] 89 markets in 14.0s | yes:47 no:18 | next in 30s
2026-08-02 09:19:53,897 - INFO - [SCREENER] 87 markets in 7.1s | yes:48 no:20 | next in 30s
2026-08-02 09:19:58,904 - ERROR - [py_clob_client_v2] request error: [SSL: UNEXPECTED_EOF_WHILE_READING] EOF occurred in violation of protocol (_ssl.c:1000)
2026-08-02 09:19:58,905 - ERROR - 查询订单失败: PolyApiException[status_code=None, error_message=Request exception!]
2026-08-02 09:19:58,905 - ERROR - [DISCOVER] 订单查询失败，跳过本周期
2026-08-02 09:20:26,320 - INFO - [SCREENER] 88 markets in 6.6s | yes:48 no:20 | next in 30s
2026-08-02 09:20:56,680 - INFO - [SCREENER] 89 markets in 7.0s | yes:48 no:20 | next in 30s
2026-08-02 09:21:34,625 - INFO - [SCREENER] 89 markets in 6.8s | yes:48 no:19 | next in 30s
2026-08-02 09:22:19,421 - INFO - [SCREENER] 89 markets in 13.6s | yes:45 no:19 | next in 30s
2026-08-02 09:22:49,202 - INFO - [SCREENER] 88 markets in 6.5s | yes:45 no:19 | next in 30s
2026-08-02 09:23:26,710 - INFO - [SCREENER] 88 markets in 6.2s | yes:46 no:19 | next in 30s
2026-08-02 09:24:04,543 - INFO - [SCREENER] 88 markets in 7.1s | yes:46 no:19 | next in 30s
2026-08-02 09:24:42,487 - INFO - [SCREENER] 89 markets in 7.1s | yes:46 no:21 | next in 30s
2026-08-02 09:24:45,746 - ERROR - [py_clob_client_v2] request error: [SSL: UNEXPECTED_EOF_WHILE_READING] EOF occurred in violation of protocol (_ssl.c:1000)
2026-08-02 09:24:46,254 - ERROR - [HEARTBEAT] 失败 (连续 1 次): 401 Client Error: Unauthorized for url: https://clob.polymarket.com/v1/heartbeats
2026-08-02 09:24:46,749 - WARNING - [AUDIT] 1012312022189723 订单丢失纠偏
2026-08-02 09:24:46,750 - WARNING - [AUDIT] 1016861883670799 订单丢失纠偏
2026-08-02 09:24:46,750 - WARNING - [AUDIT] 2931629179384381 订单丢失纠偏
2026-08-02 09:24:46,750 - WARNING - [AUDIT] 1040070068925496 订单丢失纠偏
2026-08-02 09:24:46,751 - WARNING - [AUDIT] 5788667258485827 订单丢失纠偏
2026-08-02 09:24:46,751 - WARNING - [AUDIT] 2540412876613684 订单丢失纠偏
2026-08-02 09:24:46,751 - WARNING - [AUDIT] 2504049173922608 订单丢失纠偏
2026-08-02 09:24:46,751 - WARNING - [AUDIT] 9650640438892016 订单丢失纠偏
2026-08-02 09:24:46,752 - WARNING - [AUDIT] 1286131942036290 订单丢失纠偏
2026-08-02 09:24:46,753 - WARNING - [AUDIT] 7449362386332492 订单丢失纠偏
2026-08-02 09:24:46,753 - WARNING - [AUDIT] 4509625010772837 订单丢失纠偏
2026-08-02 09:24:46,753 - WARNING - [AUDIT] 9098766676952057 订单丢失纠偏
2026-08-02 09:24:46,754 - WARNING - [AUDIT] 1436216773944936 订单丢失纠偏
2026-08-02 09:24:46,754 - WARNING - [AUDIT] 1111315964843763 订单丢失纠偏
2026-08-02 09:24:46,754 - WARNING - [AUDIT] 8711246570211379 订单丢失纠偏
2026-08-02 09:24:46,754 - WARNING - [AUDIT] 1032006299324973 订单丢失纠偏
2026-08-02 09:24:46,754 - WARNING - [AUDIT] 8545580155717339 订单丢失纠偏
2026-08-02 09:24:46,754 - WARNING - [AUDIT] 8071034618251825 订单丢失纠偏
2026-08-02 09:24:46,754 - WARNING - [AUDIT] 8032237424386719 订单丢失纠偏
2026-08-02 09:24:46,754 - WARNING - [AUDIT] 6264442192607507 订单丢失纠偏
2026-08-02 09:24:46,754 - WARNING - [AUDIT] 1097972663079309 订单丢失纠偏
2026-08-02 09:24:46,754 - WARNING - [AUDIT] 6306746792115750 订单丢失纠偏
2026-08-02 09:24:46,754 - WARNING - [AUDIT] 1030437601221276 订单丢失纠偏
2026-08-02 09:24:46,754 - WARNING - [AUDIT] 4651348273860366 订单丢失纠偏
2026-08-02 09:24:46,754 - WARNING - [AUDIT] 1012708966570768 订单丢失纠偏
2026-08-02 09:24:46,754 - WARNING - [AUDIT] 6050404526417288 订单丢失纠偏
2026-08-02 09:24:46,754 - WARNING - [AUDIT] 3678275121283001 订单丢失纠偏
2026-08-02 09:24:46,756 - WARNING - [AUDIT] 8188163919804488 订单丢失纠偏
2026-08-02 09:24:46,756 - WARNING - [AUDIT] 4886518226528886 订单丢失纠偏
2026-08-02 09:24:46,757 - WARNING - [AUDIT] 8929210349196583 订单丢失纠偏
2026-08-02 09:24:46,757 - WARNING - [AUDIT] 2507426886711862 订单丢失纠偏
2026-08-02 09:24:46,757 - WARNING - [AUDIT] 7271500142911130 订单丢失纠偏
2026-08-02 09:24:46,757 - WARNING - [AUDIT] 9421526033893170 订单丢失纠偏
2026-08-02 09:24:46,757 - WARNING - [AUDIT] 8220996810259137 订单丢失纠偏
2026-08-02 09:24:46,757 - WARNING - [AUDIT] 8027808051614500 订单丢失纠偏
2026-08-02 09:24:46,757 - WARNING - [AUDIT] 9267674934686014 订单丢失纠偏
2026-08-02 09:24:46,757 - WARNING - [AUDIT] 6729075146352657 订单丢失纠偏
2026-08-02 09:24:46,757 - WARNING - [AUDIT] 7534297012306341 订单丢失纠偏
2026-08-02 09:24:46,757 - WARNING - [AUDIT] 9671289656064219 订单丢失纠偏
2026-08-02 09:24:46,757 - WARNING - [AUDIT] 4609008681435171 订单丢失纠偏
2026-08-02 09:24:46,757 - WARNING - [AUDIT] 3790459174640114 订单丢失纠偏
2026-08-02 09:24:46,757 - WARNING - [AUDIT] 1452548636388897 订单丢失纠偏
2026-08-02 09:24:46,757 - WARNING - [AUDIT] 9732723494041693 订单丢失纠偏
2026-08-02 09:24:46,757 - WARNING - [AUDIT] 1131349159365005 订单丢失纠偏
2026-08-02 09:24:46,757 - WARNING - [AUDIT] 1052246668598936 订单丢失纠偏
2026-08-02 09:24:46,757 - WARNING - [AUDIT] 8286161144980862 订单丢失纠偏
2026-08-02 09:24:46,757 - WARNING - [AUDIT] 4023752716982849 订单丢失纠偏
2026-08-02 09:24:46,757 - WARNING - [AUDIT] 3800278124344451 订单丢失纠偏
2026-08-02 09:24:46,757 - WARNING - [AUDIT] 9652066690308272 订单丢失纠偏
2026-08-02 09:24:46,759 - WARNING - [AUDIT] 9850982701736726 订单丢失纠偏
2026-08-02 09:24:46,759 - WARNING - [AUDIT] 7717208126253081 订单丢失纠偏
2026-08-02 09:24:46,759 - WARNING - [AUDIT] 4458000690662770 订单丢失纠偏
2026-08-02 09:24:46,759 - WARNING - [AUDIT] 9237895826239872 订单丢失纠偏
2026-08-02 09:24:46,759 - WARNING - [AUDIT] 6384542746596400 订单丢失纠偏
2026-08-02 09:24:46,759 - WARNING - [AUDIT] 4386686358843660 订单丢失纠偏
2026-08-02 09:24:46,759 - WARNING - [AUDIT] 1115462647168778 订单丢失纠偏
2026-08-02 09:24:46,759 - WARNING - [AUDIT] 6377929610712956 订单丢失纠偏
2026-08-02 09:24:46,759 - WARNING - [AUDIT] 6264469913402155 订单丢失纠偏
2026-08-02 09:24:46,759 - WARNING - [AUDIT] 2980889245552774 订单丢失纠偏
2026-08-02 09:24:46,759 - WARNING - [AUDIT] 8520248804100866 订单丢失纠偏
2026-08-02 09:24:46,759 - WARNING - [AUDIT] 1028866880986432 订单丢失纠偏
2026-08-02 09:24:46,759 - WARNING - [AUDIT] 5117769243122821 订单丢失纠偏
2026-08-02 09:24:46,759 - WARNING - [AUDIT] 4651158185808273 订单丢失纠偏
2026-08-02 09:25:22,710 - INFO - [SCREENER] 88 markets in 14.1s | yes:43 no:21 | next in 30s
2026-08-02 09:25:57,854 - INFO - [SCREENER] 87 markets in 13.8s | yes:42 no:21 | next in 30s
2026-08-02 09:26:36,172 - ERROR - [py_clob_client_v2] request error: [SSL: UNEXPECTED_EOF_WHILE_READING] EOF occurred in violation of protocol (_ssl.c:1000)
2026-08-02 09:26:36,621 - ERROR - [HEARTBEAT] 失败 (连续 1 次): 401 Client Error: Unauthorized for url: https://clob.polymarket.com/v1/heartbeats
2026-08-02 09:26:41,528 - INFO - [SCREENER] 89 markets in 22.8s | yes:42 no:22 | next in 30s
2026-08-02 09:27:06,324 - INFO - [SCREENER] 88 markets in 14.0s | yes:43 no:25 | next in 30s
2026-08-02 09:27:07,577 - WARNING - [AUDIT] 1024013626581953 订单丢失纠偏
2026-08-02 09:27:07,577 - WARNING - [AUDIT] 7315441485485679 订单丢失纠偏
2026-08-02 09:27:07,578 - WARNING - [AUDIT] 7276505265983696 订单丢失纠偏
2026-08-02 09:27:07,578 - WARNING - [AUDIT] 6493005562123275 订单丢失纠偏
2026-08-02 09:27:12,586 - ERROR - 查询持仓失败: HTTPSConnectionPool(host='data-api.polymarket.com', port=443): Max retries exceeded with url: /positions?user=0x304bf40e9e50c265f6dd86417707d5b41d8ea619&sizeThreshold=1.0 (Caused by SSLError(SSLEOFError(8, '[SSL: UNEXPECTED_EOF_WHILE_READING] EOF occurred in violation of protocol (_ssl.c:1000)')))
2026-08-02 09:27:29,361 - INFO - [SCREENER] 88 markets in 6.8s | yes:44 no:24 | next in 30s
2026-08-02 09:28:06,711 - INFO - [SCREENER] 87 markets in 6.6s | yes:42 no:23 | next in 30s
2026-08-02 09:28:44,319 - INFO - [SCREENER] 88 markets in 6.5s | yes:43 no:22 | next in 30s
2026-08-02 09:29:23,865 - INFO - [SCREENER] 88 markets in 6.7s | yes:43 no:22 | next in 30s
2026-08-02 09:30:02,805 - INFO - [SCREENER] 90 markets in 8.1s | yes:44 no:22 | next in 30s
2026-08-02 09:30:40,275 - INFO - [SCREENER] 89 markets in 6.5s | yes:42 no:22 | next in 30s
2026-08-02 09:31:35,825 - INFO - [SCREENER] 89 markets in 22.3s | yes:43 no:22 | next in 30s
2026-08-02 09:32:00,064 - INFO - [SCREENER] 89 markets in 13.4s | yes:43 no:22 | next in 30s
2026-08-02 09:32:27,971 - INFO - [SCREENER] 87 markets in 6.9s | yes:41 no:22 | next in 30s
2026-08-02 09:33:05,501 - INFO - [SCREENER] 86 markets in 6.4s | yes:42 no:20 | next in 30s
2026-08-02 09:33:52,666 - INFO - [SCREENER] 89 markets in 13.6s | yes:45 no:20 | next in 30s
2026-08-02 09:34:29,082 - INFO - [SCREENER] 90 markets in 15.4s | yes:46 no:20 | next in 30s
2026-08-02 09:35:11,061 - INFO - [SCREENER] 91 markets in 21.0s | yes:46 no:20 | next in 30s
2026-08-02 09:35:36,312 - INFO - [SCREENER] 91 markets in 14.2s | yes:46 no:19 | next in 30s
2026-08-02 09:36:20,934 - INFO - [SCREENER] 89 markets in 21.5s | yes:43 no:20 | next in 30s
2026-08-02 09:36:38,422 - INFO - [SCREENER] 87 markets in 6.5s | yes:43 no:20 | next in 30s
2026-08-02 09:37:05,519 - ERROR - [py_clob_client_v2] request error: [SSL: UNEXPECTED_EOF_WHILE_READING] EOF occurred in violation of protocol (_ssl.c:1000)
2026-08-02 09:37:06,013 - ERROR - [HEARTBEAT] 失败 (连续 1 次): 401 Client Error: Unauthorized for url: https://clob.polymarket.com/v1/heartbeats
2026-08-02 09:37:16,408 - INFO - [SCREENER] 87 markets in 7.0s | yes:43 no:20 | next in 30s
2026-08-02 09:37:26,949 - WARNING - [AUDIT] 1012312022189723 订单丢失纠偏
2026-08-02 09:37:26,952 - WARNING - [AUDIT] 1016861883670799 订单丢失纠偏
2026-08-02 09:37:26,952 - WARNING - [AUDIT] 2931629179384381 订单丢失纠偏
2026-08-02 09:37:26,954 - WARNING - [AUDIT] 1040070068925496 订单丢失纠偏
2026-08-02 09:37:26,954 - WARNING - [AUDIT] 2540412876613684 订单丢失纠偏
2026-08-02 09:37:26,954 - WARNING - [AUDIT] 2504049173922608 订单丢失纠偏
2026-08-02 09:37:26,954 - WARNING - [AUDIT] 9650640438892016 订单丢失纠偏
2026-08-02 09:37:26,954 - WARNING - [AUDIT] 1286131942036290 订单丢失纠偏
2026-08-02 09:37:26,954 - WARNING - [AUDIT] 7449362386332492 订单丢失纠偏
2026-08-02 09:37:26,954 - WARNING - [AUDIT] 4509625010772837 订单丢失纠偏
2026-08-02 09:37:26,954 - WARNING - [AUDIT] 9098766676952057 订单丢失纠偏
2026-08-02 09:37:26,954 - WARNING - [AUDIT] 1111315964843763 订单丢失纠偏
2026-08-02 09:37:26,954 - WARNING - [AUDIT] 8711246570211379 订单丢失纠偏
2026-08-02 09:37:26,957 - WARNING - [AUDIT] 1032006299324973 订单丢失纠偏
2026-08-02 09:37:26,957 - WARNING - [AUDIT] 8545580155717339 订单丢失纠偏
2026-08-02 09:37:26,957 - WARNING - [AUDIT] 8071034618251825 订单丢失纠偏
2026-08-02 09:37:26,957 - WARNING - [AUDIT] 8032237424386719 订单丢失纠偏
2026-08-02 09:37:26,959 - WARNING - [AUDIT] 6264442192607507 订单丢失纠偏
2026-08-02 09:37:26,959 - WARNING - [AUDIT] 1097972663079309 订单丢失纠偏
2026-08-02 09:37:26,959 - WARNING - [AUDIT] 6306746792115750 订单丢失纠偏
2026-08-02 09:37:26,959 - WARNING - [AUDIT] 1030437601221276 订单丢失纠偏
2026-08-02 09:37:26,959 - WARNING - [AUDIT] 4651348273860366 订单丢失纠偏
2026-08-02 09:37:26,959 - WARNING - [AUDIT] 1012708966570768 订单丢失纠偏
2026-08-02 09:37:26,959 - WARNING - [AUDIT] 6050404526417288 订单丢失纠偏
2026-08-02 09:37:26,959 - WARNING - [AUDIT] 3678275121283001 订单丢失纠偏
2026-08-02 09:37:26,959 - WARNING - [AUDIT] 8188163919804488 订单丢失纠偏
2026-08-02 09:37:26,959 - WARNING - [AUDIT] 8929210349196583 订单丢失纠偏
2026-08-02 09:37:26,959 - WARNING - [AUDIT] 2507426886711862 订单丢失纠偏
2026-08-02 09:37:26,959 - WARNING - [AUDIT] 7271500142911130 订单丢失纠偏
2026-08-02 09:37:26,959 - WARNING - [AUDIT] 9421526033893170 订单丢失纠偏
2026-08-02 09:37:26,959 - WARNING - [AUDIT] 8220996810259137 订单丢失纠偏
2026-08-02 09:37:26,959 - WARNING - [AUDIT] 8027808051614500 订单丢失纠偏
2026-08-02 09:37:26,959 - WARNING - [AUDIT] 9267674934686014 订单丢失纠偏
2026-08-02 09:37:26,959 - WARNING - [AUDIT] 6729075146352657 订单丢失纠偏
2026-08-02 09:37:26,959 - WARNING - [AUDIT] 7534297012306341 订单丢失纠偏
2026-08-02 09:37:26,959 - WARNING - [AUDIT] 9671289656064219 订单丢失纠偏
2026-08-02 09:37:26,959 - WARNING - [AUDIT] 3790459174640114 订单丢失纠偏
2026-08-02 09:37:26,959 - WARNING - [AUDIT] 1131349159365005 订单丢失纠偏
2026-08-02 09:37:26,959 - WARNING - [AUDIT] 1052246668598936 订单丢失纠偏
2026-08-02 09:37:26,963 - WARNING - [AUDIT] 4023752716982849 订单丢失纠偏
2026-08-02 09:37:26,963 - WARNING - [AUDIT] 3800278124344451 订单丢失纠偏
2026-08-02 09:37:26,963 - WARNING - [AUDIT] 9850982701736726 订单丢失纠偏
2026-08-02 09:37:26,963 - WARNING - [AUDIT] 6384542746596400 订单丢失纠偏
2026-08-02 09:37:26,963 - WARNING - [AUDIT] 6377929610712956 订单丢失纠偏
2026-08-02 09:37:26,964 - WARNING - [AUDIT] 6264469913402155 订单丢失纠偏
2026-08-02 09:37:26,964 - WARNING - [AUDIT] 2980889245552774 订单丢失纠偏
2026-08-02 09:37:26,964 - WARNING - [AUDIT] 8520248804100866 订单丢失纠偏
2026-08-02 09:37:26,964 - WARNING - [AUDIT] 1028866880986432 订单丢失纠偏
2026-08-02 09:37:26,964 - WARNING - [AUDIT] 7315441485485679 订单丢失纠偏
2026-08-02 09:37:26,964 - WARNING - [AUDIT] 7276505265983696 订单丢失纠偏
2026-08-02 09:37:26,964 - WARNING - [AUDIT] 4528346946170983 订单丢失纠偏
2026-08-02 09:37:26,964 - WARNING - [AUDIT] 1112818797963556 订单丢失纠偏
2026-08-02 09:37:26,964 - WARNING - [AUDIT] 2347971463879323 订单丢失纠偏
2026-08-02 09:37:26,964 - WARNING - [AUDIT] 1090889566703495 订单丢失纠偏
2026-08-02 09:37:26,964 - WARNING - [AUDIT] 6985283322451505 订单丢失纠偏
2026-08-02 09:37:26,964 - WARNING - [AUDIT] 2554076350748580 订单丢失纠偏
2026-08-02 09:37:26,964 - WARNING - [AUDIT] 4458000690662770 订单丢失纠偏
2026-08-02 09:37:26,964 - WARNING - [AUDIT] 7717208126253081 订单丢失纠偏
2026-08-02 09:37:26,964 - WARNING - [AUDIT] 6618369461304206 订单丢失纠偏
2026-08-02 09:37:26,964 - WARNING - [AUDIT] 9652066690308272 订单丢失纠偏
2026-08-02 09:37:26,964 - WARNING - [AUDIT] 1105008437007383 订单丢失纠偏
2026-08-02 09:37:26,964 - WARNING - [AUDIT] 1082314225736461 订单丢失纠偏
2026-08-02 09:37:55,991 - INFO - [SCREENER] 88 markets in 7.0s | yes:43 no:20 | next in 30s
2026-08-02 09:38:42,840 - INFO - [SCREENER] 90 markets in 15.8s | yes:45 no:19 | next in 30s
2026-08-02 09:39:10,643 - INFO - [SCREENER] 91 markets in 6.8s | yes:44 no:21 | next in 30s
2026-08-02 09:39:37,511 - ERROR - 查询持仓失败: HTTPSConnectionPool(host='data-api.polymarket.com', port=443): Max retries exceeded with url: /positions?user=0x304bf40e9e50c265f6dd86417707d5b41d8ea619&sizeThreshold=1.0 (Caused by SSLError(SSLEOFError(8, '[SSL: UNEXPECTED_EOF_WHILE_READING] EOF occurred in violation of protocol (_ssl.c:1000)')))
2026-08-02 09:40:07,692 - INFO - [SCREENER] 91 markets in 20.2s | yes:43 no:22 | next in 30s
2026-08-02 09:40:34,491 - INFO - [SCREENER] 91 markets in 15.7s | yes:45 no:20 | next in 30s
2026-08-02 09:41:09,643 - INFO - [SCREENER] 90 markets in 14.1s | yes:42 no:20 | next in 30s
2026-08-02 09:41:38,069 - INFO - [SCREENER] 90 markets in 7.3s | yes:45 no:19 | next in 30s
2026-08-02 09:41:53,865 - ERROR - [AUDIT] 批量查询 best_bid 失败: HTTPSConnectionPool(host='clob.polymarket.com', port=443): Max retries exceeded with url: /books (Caused by SSLError(SSLEOFError(8, '[SSL: UNEXPECTED_EOF_WHILE_READING] EOF occurred in violation of protocol (_ssl.c:1000)')))
2026-08-02 09:42:12,713 - INFO - [SCREENER] 87 markets in 7.3s | yes:46 no:20 | next in 30s
2026-08-02 09:42:57,722 - INFO - [SCREENER] 90 markets in 14.0s | yes:44 no:23 | next in 30s
2026-08-02 09:43:32,857 - INFO - [SCREENER] 92 markets in 14.1s | yes:48 no:23 | next in 30s
2026-08-02 09:44:14,371 - INFO - [SCREENER] 91 markets in 20.5s | yes:49 no:23 | next in 30s
2026-08-02 09:44:34,940 - INFO - [SCREENER] 92 markets in 7.0s | yes:52 no:23 | next in 30s
2026-08-02 09:45:19,842 - INFO - [SCREENER] 92 markets in 13.9s | yes:51 no:22 | next in 30s
2026-08-02 09:45:41,936 - ERROR - [py_clob_client_v2] request error: [SSL: UNEXPECTED_EOF_WHILE_READING] EOF occurred in violation of protocol (_ssl.c:1000)
2026-08-02 09:45:42,405 - ERROR - [HEARTBEAT] 失败 (连续 1 次): 401 Client Error: Unauthorized for url: https://clob.polymarket.com/v1/heartbeats
2026-08-02 09:46:01,427 - INFO - [SCREENER] 89 markets in 20.7s | yes:50 no:22 | next in 30s
2026-08-02 09:46:03,325 - ERROR - [py_clob_client_v2] request error: [SSL: UNEXPECTED_EOF_WHILE_READING] EOF occurred in violation of protocol (_ssl.c:1000)
2026-08-02 09:46:03,826 - ERROR - [HEARTBEAT] 失败 (连续 1 次): 401 Client Error: Unauthorized for url: https://clob.polymarket.com/v1/heartbeats
2026-08-02 09:46:08,890 - ERROR - [POLL] 批量查询异常: HTTPSConnectionPool(host='clob.polymarket.com', port=443): Max retries exceeded with url: /books (Caused by SSLError(SSLEOFError(8, '[SSL: UNEXPECTED_EOF_WHILE_READING] EOF occurred in violation of protocol (_ssl.c:1000)')))
2026-08-02 09:46:32,369 - INFO - [SCREENER] 91 markets in 13.5s | yes:53 no:19 | next in 30s
2026-08-02 09:46:33,086 - WARNING - [AUDIT] 1012312022189723 订单丢失纠偏
2026-08-02 09:46:33,086 - WARNING - [AUDIT] 1016861883670799 订单丢失纠偏
2026-08-02 09:46:33,089 - WARNING - [AUDIT] 2931629179384381 订单丢失纠偏
2026-08-02 09:46:33,089 - WARNING - [AUDIT] 1040070068925496 订单丢失纠偏
2026-08-02 09:46:33,089 - WARNING - [AUDIT] 2540412876613684 订单丢失纠偏
2026-08-02 09:46:33,090 - WARNING - [AUDIT] 2504049173922608 订单丢失纠偏
2026-08-02 09:46:33,091 - WARNING - [AUDIT] 9650640438892016 订单丢失纠偏
2026-08-02 09:46:33,091 - WARNING - [AUDIT] 1286131942036290 订单丢失纠偏
2026-08-02 09:46:33,091 - WARNING - [AUDIT] 7449362386332492 订单丢失纠偏
2026-08-02 09:46:33,091 - WARNING - [AUDIT] 4509625010772837 订单丢失纠偏
2026-08-02 09:46:33,091 - WARNING - [AUDIT] 9098766676952057 订单丢失纠偏
2026-08-02 09:46:33,092 - WARNING - [AUDIT] 8711246570211379 订单丢失纠偏
2026-08-02 09:46:33,092 - WARNING - [AUDIT] 1032006299324973 订单丢失纠偏
2026-08-02 09:46:33,092 - WARNING - [AUDIT] 8545580155717339 订单丢失纠偏
2026-08-02 09:46:33,092 - WARNING - [AUDIT] 8071034618251825 订单丢失纠偏
2026-08-02 09:46:33,092 - WARNING - [AUDIT] 8032237424386719 订单丢失纠偏
2026-08-02 09:46:33,092 - WARNING - [AUDIT] 6264442192607507 订单丢失纠偏
2026-08-02 09:46:33,092 - WARNING - [AUDIT] 1097972663079309 订单丢失纠偏
2026-08-02 09:46:33,092 - WARNING - [AUDIT] 1030437601221276 订单丢失纠偏
2026-08-02 09:46:33,092 - WARNING - [AUDIT] 4651348273860366 订单丢失纠偏
2026-08-02 09:46:33,092 - WARNING - [AUDIT] 1012708966570768 订单丢失纠偏
2026-08-02 09:46:33,092 - WARNING - [AUDIT] 6050404526417288 订单丢失纠偏
2026-08-02 09:46:33,096 - WARNING - [AUDIT] 3678275121283001 订单丢失纠偏
2026-08-02 09:46:33,096 - WARNING - [AUDIT] 8188163919804488 订单丢失纠偏
2026-08-02 09:46:33,096 - WARNING - [AUDIT] 8929210349196583 订单丢失纠偏
2026-08-02 09:46:33,096 - WARNING - [AUDIT] 2507426886711862 订单丢失纠偏
2026-08-02 09:46:33,096 - WARNING - [AUDIT] 7271500142911130 订单丢失纠偏
2026-08-02 09:46:33,096 - WARNING - [AUDIT] 9421526033893170 订单丢失纠偏
2026-08-02 09:46:33,096 - WARNING - [AUDIT] 8027808051614500 订单丢失纠偏
2026-08-02 09:46:33,096 - WARNING - [AUDIT] 9267674934686014 订单丢失纠偏
2026-08-02 09:46:33,096 - WARNING - [AUDIT] 6729075146352657 订单丢失纠偏
2026-08-02 09:46:33,096 - WARNING - [AUDIT] 7534297012306341 订单丢失纠偏
2026-08-02 09:46:33,096 - WARNING - [AUDIT] 9671289656064219 订单丢失纠偏
2026-08-02 09:46:33,096 - WARNING - [AUDIT] 3790459174640114 订单丢失纠偏
2026-08-02 09:46:33,096 - WARNING - [AUDIT] 1131349159365005 订单丢失纠偏
2026-08-02 09:46:33,096 - WARNING - [AUDIT] 4023752716982849 订单丢失纠偏
2026-08-02 09:46:33,096 - WARNING - [AUDIT] 3800278124344451 订单丢失纠偏
2026-08-02 09:46:33,096 - WARNING - [AUDIT] 9850982701736726 订单丢失纠偏
2026-08-02 09:46:33,096 - WARNING - [AUDIT] 6384542746596400 订单丢失纠偏
2026-08-02 09:46:33,099 - WARNING - [AUDIT] 6377929610712956 订单丢失纠偏
2026-08-02 09:46:33,099 - WARNING - [AUDIT] 6264469913402155 订单丢失纠偏
2026-08-02 09:46:33,099 - WARNING - [AUDIT] 8520248804100866 订单丢失纠偏
2026-08-02 09:46:33,099 - WARNING - [AUDIT] 1028866880986432 订单丢失纠偏
2026-08-02 09:46:33,099 - WARNING - [AUDIT] 7315441485485679 订单丢失纠偏
2026-08-02 09:46:33,099 - WARNING - [AUDIT] 7276505265983696 订单丢失纠偏
2026-08-02 09:46:33,099 - WARNING - [AUDIT] 4528346946170983 订单丢失纠偏
2026-08-02 09:46:33,099 - WARNING - [AUDIT] 1112818797963556 订单丢失纠偏
2026-08-02 09:46:33,099 - WARNING - [AUDIT] 1090889566703495 订单丢失纠偏
2026-08-02 09:46:33,099 - WARNING - [AUDIT] 6985283322451505 订单丢失纠偏
2026-08-02 09:46:33,099 - WARNING - [AUDIT] 7717208126253081 订单丢失纠偏
2026-08-02 09:46:33,099 - WARNING - [AUDIT] 6618369461304206 订单丢失纠偏
2026-08-02 09:46:33,099 - WARNING - [AUDIT] 1105008437007383 订单丢失纠偏
2026-08-02 09:46:33,099 - WARNING - [AUDIT] 1265034593328029 订单丢失纠偏
2026-08-02 09:46:33,099 - WARNING - [AUDIT] 1011765749355830 订单丢失纠偏
2026-08-02 09:46:33,101 - WARNING - [AUDIT] 1082314225736461 订单丢失纠偏
2026-08-02 09:46:33,101 - WARNING - [AUDIT] 3387576696714131 订单丢失纠偏
2026-08-02 09:46:33,101 - WARNING - [AUDIT] 7218838016638313 订单丢失纠偏
2026-08-02 09:46:33,101 - WARNING - [AUDIT] 3393388919389587 订单丢失纠偏
2026-08-02 09:46:33,101 - WARNING - [AUDIT] 1018969268662307 订单丢失纠偏
2026-08-02 09:46:33,101 - WARNING - [AUDIT] 5871258914307391 订单丢失纠偏
2026-08-02 09:46:33,102 - WARNING - [AUDIT] 3537804078266992 订单丢失纠偏
2026-08-02 09:46:33,102 - WARNING - [AUDIT] 8220996810259137 订单丢失纠偏
2026-08-02 09:46:33,102 - WARNING - [AUDIT] 1404384484295473 订单丢失纠偏
2026-08-02 09:46:33,103 - WARNING - [AUDIT] 4158272995564500 订单丢失纠偏
2026-08-02 09:46:33,103 - WARNING - [AUDIT] 6306746792115750 订单丢失纠偏
2026-08-02 09:46:33,103 - WARNING - [AUDIT] 1130625429013105 订单丢失纠偏
2026-08-02 09:46:33,103 - WARNING - [AUDIT] 2011341284551955 订单丢失纠偏
2026-08-02 09:46:33,103 - WARNING - [AUDIT] 9237895826239872 订单丢失纠偏
2026-08-02 09:47:01,676 - INFO - [SCREENER] 91 markets in 6.6s | yes:53 no:19 | next in 30s
2026-08-02 09:47:40,355 - INFO - [SCREENER] 90 markets in 7.7s | yes:55 no:18 | next in 30s
2026-08-02 09:48:26,176 - INFO - [SCREENER] 91 markets in 14.6s | yes:57 no:18 | next in 30s
2026-08-02 09:48:34,754 - ERROR - [py_clob_client_v2] request error: Server disconnected
2026-08-02 09:48:34,754 - ERROR - [py_clob_client_v2] request error: Server disconnected
2026-08-02 09:48:34,754 - ERROR - [py_clob_client_v2] request error: Server disconnected
2026-08-02 09:48:34,754 - ERROR - 获取订单簿失败: 73154414854856791483... | PolyApiException[status_code=None, error_message=Request exception!]
2026-08-02 09:48:34,755 - ERROR - [py_clob_client_v2] request error: Server disconnected
2026-08-02 09:48:34,756 - ERROR - [py_clob_client_v2] request error: Server disconnected
2026-08-02 09:48:34,756 - ERROR - 获取订单簿失败: 11128187979635565386... | PolyApiException[status_code=None, error_message=Request exception!]
2026-08-02 09:48:34,756 - ERROR - [py_clob_client_v2] request error: Server disconnected
2026-08-02 09:48:34,756 - ERROR - [py_clob_client_v2] request error: Server disconnected
2026-08-02 09:48:34,756 - ERROR - 获取订单簿失败: 72765052659836961541... | PolyApiException[status_code=None, error_message=Request exception!]
2026-08-02 09:48:34,757 - ERROR - 获取订单簿失败: 10908895667034955868... | PolyApiException[status_code=None, error_message=Request exception!]
2026-08-02 09:48:34,757 - ERROR - 获取订单簿失败: 45283469461709831244... | PolyApiException[status_code=None, error_message=Request exception!]
2026-08-02 09:48:34,758 - ERROR - 获取订单簿失败: 69852833224515059426... | PolyApiException[status_code=None, error_message=Request exception!]
2026-08-02 09:48:34,758 - ERROR - 获取订单簿失败: 85202488041008668679... | PolyApiException[status_code=None, error_message=Request exception!]
2026-08-02 09:48:35,447 - WARNING - [RETRY] 8520248804100866 bids不足2档，10s后重试
2026-08-02 09:48:35,449 - WARNING - [RETRY] 7315441485485679 bids不足2档，10s后重试
2026-08-02 09:48:35,449 - WARNING - [RETRY] 7276505265983696 bids不足2档，10s后重试
2026-08-02 09:48:35,450 - WARNING - [RETRY] 4528346946170983 bids不足2档，10s后重试
2026-08-02 09:48:35,450 - WARNING - [RETRY] 1112818797963556 bids不足2档，10s后重试
2026-08-02 09:48:35,451 - WARNING - [RETRY] 1090889566703495 bids不足2档，10s后重试
2026-08-02 09:48:35,451 - WARNING - [RETRY] 6985283322451505 bids不足2档，10s后重试
2026-08-02 09:49:02,891 - INFO - [SCREENER] 90 markets in 13.7s | yes:53 no:20 | next in 30s
2026-08-02 09:49:30,848 - INFO - [SCREENER] 91 markets in 6.7s | yes:54 no:19 | next in 30s
2026-08-02 09:50:07,261 - ERROR - [py_clob_client_v2] request error: [SSL: UNEXPECTED_EOF_WHILE_READING] EOF occurred in violation of protocol (_ssl.c:1000)
2026-08-02 09:50:07,783 - ERROR - [HEARTBEAT] 失败 (连续 1 次): 401 Client Error: Unauthorized for url: https://clob.polymarket.com/v1/heartbeats
2026-08-02 09:50:10,314 - INFO - [SCREENER] 91 markets in 7.0s | yes:53 no:19 | next in 30s
2026-08-02 09:50:48,036 - INFO - [SCREENER] 92 markets in 6.6s | yes:53 no:20 | next in 30s
2026-08-02 09:51:28,226 - INFO - [SCREENER] 93 markets in 7.2s | yes:52 no:20 | next in 30s
2026-08-02 09:52:20,718 - INFO - [SCREENER] 92 markets in 21.5s | yes:52 no:20 | next in 30s
2026-08-02 09:52:45,663 - INFO - [SCREENER] 92 markets in 14.1s | yes:53 no:20 | next in 30s
2026-08-02 09:53:16,428 - INFO - [SCREENER] 92 markets in 7.8s | yes:54 no:18 | next in 30s
2026-08-02 09:53:54,683 - INFO - [SCREENER] 92 markets in 7.2s | yes:54 no:18 | next in 30s
2026-08-02 09:54:46,758 - INFO - [SCREENER] 92 markets in 21.0s | yes:53 no:18 | next in 30s
2026-08-02 09:55:04,132 - INFO - [SCREENER] 91 markets in 6.5s | yes:52 no:18 | next in 30s
2026-08-02 09:55:33,936 - INFO - [SCREENER] 91 markets in 6.1s | yes:52 no:17 | next in 30s
2026-08-02 09:55:34,938 - ERROR - [py_clob_client_v2] request error: [SSL: UNEXPECTED_EOF_WHILE_READING] EOF occurred in violation of protocol (_ssl.c:1000)
2026-08-02 09:55:35,423 - ERROR - [HEARTBEAT] 失败 (连续 1 次): 401 Client Error: Unauthorized for url: https://clob.polymarket.com/v1/heartbeats
2026-08-02 09:55:48,932 - ERROR - [py_clob_client_v2] request error: [SSL: UNEXPECTED_EOF_WHILE_READING] EOF occurred in violation of protocol (_ssl.c:1000)
2026-08-02 09:55:49,416 - ERROR - [HEARTBEAT] 失败 (连续 1 次): 401 Client Error: Unauthorized for url: https://clob.polymarket.com/v1/heartbeats
2026-08-02 09:55:56,708 - ERROR - [BATCH CANCEL FAIL] 0x546913466ebeae1fed... | order can't be found - already canceled or matched
2026-08-02 09:55:57,201 - ERROR - [BATCH CANCEL] 2347971463879323 取消结果不明，回退 RESTING 等 audit 确认 | oid=0x546913466ebeae1fed
2026-08-02 09:56:08,213 - ERROR - [py_clob_client_v2] request error: [SSL: UNEXPECTED_EOF_WHILE_READING] EOF occurred in violation of protocol (_ssl.c:1000)
2026-08-02 09:56:08,214 - ERROR - 获取订单簿失败: 52856932894536367387... | PolyApiException[status_code=None, error_message=Request exception!]
2026-08-02 09:56:20,074 - INFO - [SCREENER] 91 markets in 13.9s | yes:52 no:17 | next in 30s
2026-08-02 09:56:20,529 - WARNING - [RETRY] 5285693289453636 bids不足2档，10s后重试
2026-08-02 09:57:09,764 - INFO - [SCREENER] 91 markets in 28.6s | yes:52 no:20 | next in 30s
2026-08-02 09:57:27,739 - INFO - [SCREENER] 91 markets in 6.9s | yes:53 no:20 | next in 30s
2026-08-02 09:57:28,907 - WARNING - [AUDIT] 1012312022189723 订单丢失纠偏
2026-08-02 09:57:28,908 - WARNING - [AUDIT] 1016861883670799 订单丢失纠偏
2026-08-02 09:57:28,908 - WARNING - [AUDIT] 2931629179384381 订单丢失纠偏
2026-08-02 09:57:28,908 - WARNING - [AUDIT] 1040070068925496 订单丢失纠偏
2026-08-02 09:57:28,909 - WARNING - [AUDIT] 2540412876613684 订单丢失纠偏
2026-08-02 09:57:28,909 - WARNING - [AUDIT] 2504049173922608 订单丢失纠偏
2026-08-02 09:57:28,909 - WARNING - [AUDIT] 9650640438892016 订单丢失纠偏
2026-08-02 09:57:28,910 - WARNING - [AUDIT] 1286131942036290 订单丢失纠偏
2026-08-02 09:57:28,910 - WARNING - [AUDIT] 7449362386332492 订单丢失纠偏
2026-08-02 09:57:28,911 - WARNING - [AUDIT] 4509625010772837 订单丢失纠偏
2026-08-02 09:57:28,912 - WARNING - [AUDIT] 9098766676952057 订单丢失纠偏
2026-08-02 09:57:28,912 - WARNING - [AUDIT] 8711246570211379 订单丢失纠偏
2026-08-02 09:57:28,913 - WARNING - [AUDIT] 1032006299324973 订单丢失纠偏
2026-08-02 09:57:28,913 - WARNING - [AUDIT] 8071034618251825 订单丢失纠偏
2026-08-02 09:57:28,913 - WARNING - [AUDIT] 8032237424386719 订单丢失纠偏
2026-08-02 09:57:28,914 - WARNING - [AUDIT] 6264442192607507 订单丢失纠偏
2026-08-02 09:57:28,914 - WARNING - [AUDIT] 1097972663079309 订单丢失纠偏
2026-08-02 09:57:28,914 - WARNING - [AUDIT] 1030437601221276 订单丢失纠偏
2026-08-02 09:57:28,915 - WARNING - [AUDIT] 4651348273860366 订单丢失纠偏
2026-08-02 09:57:28,915 - WARNING - [AUDIT] 1012708966570768 订单丢失纠偏
2026-08-02 09:57:28,915 - WARNING - [AUDIT] 6050404526417288 订单丢失纠偏
2026-08-02 09:57:28,915 - WARNING - [AUDIT] 3678275121283001 订单丢失纠偏
2026-08-02 09:57:28,915 - WARNING - [AUDIT] 8188163919804488 订单丢失纠偏
2026-08-02 09:57:28,915 - WARNING - [AUDIT] 8929210349196583 订单丢失纠偏
2026-08-02 09:57:28,915 - WARNING - [AUDIT] 2507426886711862 订单丢失纠偏
2026-08-02 09:57:28,916 - WARNING - [AUDIT] 7271500142911130 订单丢失纠偏
2026-08-02 09:57:28,916 - WARNING - [AUDIT] 8027808051614500 订单丢失纠偏
2026-08-02 09:57:28,917 - WARNING - [AUDIT] 9267674934686014 订单丢失纠偏
2026-08-02 09:57:28,917 - WARNING - [AUDIT] 6729075146352657 订单丢失纠偏
2026-08-02 09:57:28,917 - WARNING - [AUDIT] 7534297012306341 订单丢失纠偏
2026-08-02 09:57:28,917 - WARNING - [AUDIT] 9671289656064219 订单丢失纠偏
2026-08-02 09:57:28,917 - WARNING - [AUDIT] 3790459174640114 订单丢失纠偏
2026-08-02 09:57:28,917 - WARNING - [AUDIT] 1131349159365005 订单丢失纠偏
2026-08-02 09:57:28,917 - WARNING - [AUDIT] 4023752716982849 订单丢失纠偏
2026-08-02 09:57:28,917 - WARNING - [AUDIT] 3800278124344451 订单丢失纠偏
2026-08-02 09:57:28,917 - WARNING - [AUDIT] 9850982701736726 订单丢失纠偏
2026-08-02 09:57:28,919 - WARNING - [AUDIT] 6384542746596400 订单丢失纠偏
2026-08-02 09:57:28,919 - WARNING - [AUDIT] 6377929610712956 订单丢失纠偏
2026-08-02 09:57:28,919 - WARNING - [AUDIT] 6264469913402155 订单丢失纠偏
2026-08-02 09:57:28,919 - WARNING - [AUDIT] 8520248804100866 订单丢失纠偏
2026-08-02 09:57:28,919 - WARNING - [AUDIT] 1028866880986432 订单丢失纠偏
2026-08-02 09:57:28,919 - WARNING - [AUDIT] 7315441485485679 订单丢失纠偏
2026-08-02 09:57:28,919 - WARNING - [AUDIT] 7276505265983696 订单丢失纠偏
2026-08-02 09:57:28,919 - WARNING - [AUDIT] 4528346946170983 订单丢失纠偏
2026-08-02 09:57:28,919 - WARNING - [AUDIT] 1112818797963556 订单丢失纠偏
2026-08-02 09:57:28,919 - WARNING - [AUDIT] 1090889566703495 订单丢失纠偏
2026-08-02 09:57:28,919 - WARNING - [AUDIT] 6985283322451505 订单丢失纠偏
2026-08-02 09:57:28,919 - WARNING - [AUDIT] 7717208126253081 订单丢失纠偏
2026-08-02 09:57:28,919 - WARNING - [AUDIT] 6618369461304206 订单丢失纠偏
2026-08-02 09:57:28,919 - WARNING - [AUDIT] 1105008437007383 订单丢失纠偏
2026-08-02 09:57:28,922 - WARNING - [AUDIT] 1265034593328029 订单丢失纠偏
2026-08-02 09:57:28,922 - WARNING - [AUDIT] 1082314225736461 订单丢失纠偏
2026-08-02 09:57:28,922 - WARNING - [AUDIT] 7218838016638313 订单丢失纠偏
2026-08-02 09:57:28,923 - WARNING - [AUDIT] 1018969268662307 订单丢失纠偏
2026-08-02 09:57:28,923 - WARNING - [AUDIT] 5871258914307391 订单丢失纠偏
2026-08-02 09:57:28,923 - WARNING - [AUDIT] 3537804078266992 订单丢失纠偏
2026-08-02 09:57:28,923 - WARNING - [AUDIT] 1130625429013105 订单丢失纠偏
2026-08-02 09:57:28,923 - WARNING - [AUDIT] 1452548636388897 订单丢失纠偏
2026-08-02 09:57:28,923 - WARNING - [AUDIT] 1115462647168778 订单丢失纠偏
2026-08-02 09:57:28,923 - WARNING - [AUDIT] 5788667258485827 订单丢失纠偏
2026-08-02 09:57:28,923 - WARNING - [AUDIT] 1141807591324228 订单丢失纠偏
2026-08-02 09:57:28,924 - WARNING - [AUDIT] 7862219307672904 订单丢失纠偏
2026-08-02 09:57:28,924 - WARNING - [AUDIT] 8343787669814337 订单丢失纠偏
2026-08-02 09:57:28,924 - WARNING - [AUDIT] 6306746792115750 订单丢失纠偏
2026-08-02 09:57:28,924 - WARNING - [AUDIT] 9237895826239872 订单丢失纠偏
2026-08-02 09:57:41,986 - ERROR - [py_clob_client_v2] request error: [SSL: UNEXPECTED_EOF_WHILE_READING] EOF occurred in violation of protocol (_ssl.c:1000)
2026-08-02 09:57:42,568 - ERROR - [HEARTBEAT] 失败 (连续 1 次): 401 Client Error: Unauthorized for url: https://clob.polymarket.com/v1/heartbeats
2026-08-02 09:57:58,600 - INFO - [SCREENER] 89 markets in 7.7s | yes:53 no:20 | next in 30s
2026-08-02 09:58:36,231 - INFO - [SCREENER] 90 markets in 6.8s | yes:52 no:16 | next in 30s
2026-08-02 09:59:20,854 - INFO - [SCREENER] 92 markets in 13.8s | yes:52 no:14 | next in 30s
2026-08-02 09:59:32,751 - WARNING - [AUDIT] 2011341284551955 订单丢失纠偏
2026-08-02 09:59:50,513 - INFO - [SCREENER] 93 markets in 6.4s | yes:49 no:12 | next in 30s
2026-08-02 10:00:42,271 - INFO - [SCREENER] 92 markets in 20.9s | yes:48 no:15 | next in 30s
2026-08-02 10:01:00,380 - INFO - [SCREENER] 93 markets in 6.9s | yes:48 no:16 | next in 30s
2026-08-02 10:01:39,717 - INFO - [SCREENER] 90 markets in 8.3s | yes:46 no:18 | next in 30s
2026-08-02 10:01:55,549 - ERROR - [AUDIT] 批量查询 best_bid 失败: HTTPSConnectionPool(host='clob.polymarket.com', port=443): Max retries exceeded with url: /books (Caused by SSLError(SSLEOFError(8, '[SSL: UNEXPECTED_EOF_WHILE_READING] EOF occurred in violation of protocol (_ssl.c:1000)')))
2026-08-02 10:02:13,800 - INFO - [SCREENER] 92 markets in 6.9s | yes:48 no:17 | next in 30s
2026-08-02 10:03:00,121 - ERROR - [py_clob_client_v2] request error: [SSL: UNEXPECTED_EOF_WHILE_READING] EOF occurred in violation of protocol (_ssl.c:1000)
2026-08-02 10:03:05,127 - ERROR - [HEARTBEAT] 失败 (连续 1 次): HTTPSConnectionPool(host='clob.polymarket.com', port=443): Max retries exceeded with url: /v1/heartbeats (Caused by SSLError(SSLEOFError(8, '[SSL: UNEXPECTED_EOF_WHILE_READING] EOF occurred in violation of protocol (_ssl.c:1000)')))
2026-08-02 10:03:07,409 - INFO - [SCREENER] 90 markets in 22.8s | yes:42 no:16 | next in 30s
2026-08-02 10:03:32,343 - INFO - [SCREENER] 90 markets in 14.1s | yes:44 no:15 | next in 30s
2026-08-02 10:04:00,576 - INFO - [SCREENER] 91 markets in 7.4s | yes:47 no:14 | next in 30s
2026-08-02 10:04:01,635 - WARNING - [AUDIT] 1012312022189723 订单丢失纠偏
2026-08-02 10:04:01,635 - WARNING - [AUDIT] 1016861883670799 订单丢失纠偏
2026-08-02 10:04:01,635 - WARNING - [AUDIT] 2931629179384381 订单丢失纠偏
2026-08-02 10:04:01,636 - WARNING - [AUDIT] 1040070068925496 订单丢失纠偏
2026-08-02 10:04:01,636 - WARNING - [AUDIT] 2540412876613684 订单丢失纠偏
2026-08-02 10:04:01,636 - WARNING - [AUDIT] 2504049173922608 订单丢失纠偏
2026-08-02 10:04:01,637 - WARNING - [AUDIT] 9650640438892016 订单丢失纠偏
2026-08-02 10:04:01,637 - WARNING - [AUDIT] 1286131942036290 订单丢失纠偏
2026-08-02 10:04:01,637 - WARNING - [AUDIT] 7449362386332492 订单丢失纠偏
2026-08-02 10:04:01,637 - WARNING - [AUDIT] 4509625010772837 订单丢失纠偏
2026-08-02 10:04:01,638 - WARNING - [AUDIT] 9098766676952057 订单丢失纠偏
2026-08-02 10:04:01,638 - WARNING - [AUDIT] 8711246570211379 订单丢失纠偏
2026-08-02 10:04:01,638 - WARNING - [AUDIT] 1032006299324973 订单丢失纠偏
2026-08-02 10:04:01,638 - WARNING - [AUDIT] 8071034618251825 订单丢失纠偏
2026-08-02 10:04:01,639 - WARNING - [AUDIT] 8032237424386719 订单丢失纠偏
2026-08-02 10:04:01,639 - WARNING - [AUDIT] 6264442192607507 订单丢失纠偏
2026-08-02 10:04:01,639 - WARNING - [AUDIT] 1097972663079309 订单丢失纠偏
2026-08-02 10:04:01,640 - WARNING - [AUDIT] 1030437601221276 订单丢失纠偏
2026-08-02 10:04:01,640 - WARNING - [AUDIT] 4651348273860366 订单丢失纠偏
2026-08-02 10:04:01,640 - WARNING - [AUDIT] 1012708966570768 订单丢失纠偏
2026-08-02 10:04:01,641 - WARNING - [AUDIT] 6050404526417288 订单丢失纠偏
2026-08-02 10:04:01,641 - WARNING - [AUDIT] 8188163919804488 订单丢失纠偏
2026-08-02 10:04:01,641 - WARNING - [AUDIT] 2507426886711862 订单丢失纠偏
2026-08-02 10:04:01,641 - WARNING - [AUDIT] 7271500142911130 订单丢失纠偏
2026-08-02 10:04:01,642 - WARNING - [AUDIT] 8027808051614500 订单丢失纠偏
2026-08-02 10:04:01,642 - WARNING - [AUDIT] 9267674934686014 订单丢失纠偏
2026-08-02 10:04:01,642 - WARNING - [AUDIT] 6729075146352657 订单丢失纠偏
2026-08-02 10:04:01,642 - WARNING - [AUDIT] 7534297012306341 订单丢失纠偏
2026-08-02 10:04:01,643 - WARNING - [AUDIT] 9671289656064219 订单丢失纠偏
2026-08-02 10:04:01,643 - WARNING - [AUDIT] 1131349159365005 订单丢失纠偏
2026-08-02 10:04:01,643 - WARNING - [AUDIT] 9850982701736726 订单丢失纠偏
2026-08-02 10:04:01,644 - WARNING - [AUDIT] 6384542746596400 订单丢失纠偏
2026-08-02 10:04:01,644 - WARNING - [AUDIT] 6377929610712956 订单丢失纠偏
2026-08-02 10:04:01,644 - WARNING - [AUDIT] 6264469913402155 订单丢失纠偏
2026-08-02 10:04:01,644 - WARNING - [AUDIT] 8520248804100866 订单丢失纠偏
2026-08-02 10:04:01,644 - WARNING - [AUDIT] 1028866880986432 订单丢失纠偏
2026-08-02 10:04:01,644 - WARNING - [AUDIT] 1090889566703495 订单丢失纠偏
2026-08-02 10:04:01,644 - WARNING - [AUDIT] 1105008437007383 订单丢失纠偏
2026-08-02 10:04:01,644 - WARNING - [AUDIT] 7218838016638313 订单丢失纠偏
2026-08-02 10:04:01,645 - WARNING - [AUDIT] 1018969268662307 订单丢失纠偏
2026-08-02 10:04:01,645 - WARNING - [AUDIT] 5871258914307391 订单丢失纠偏
2026-08-02 10:04:01,645 - WARNING - [AUDIT] 1115462647168778 订单丢失纠偏
2026-08-02 10:04:01,645 - WARNING - [AUDIT] 8343787669814337 订单丢失纠偏
2026-08-02 10:04:01,645 - WARNING - [AUDIT] 2011341284551955 订单丢失纠偏
2026-08-02 10:04:01,645 - WARNING - [AUDIT] 4651158185808273 订单丢失纠偏
2026-08-02 10:04:01,645 - WARNING - [AUDIT] 1052246668598936 订单丢失纠偏
2026-08-02 10:04:01,645 - WARNING - [AUDIT] 1650518114172737 订单丢失纠偏
2026-08-02 10:04:01,645 - WARNING - [AUDIT] 1068161458391412 订单丢失纠偏
2026-08-02 10:04:01,646 - WARNING - [AUDIT] 1965648286691718 订单丢失纠偏
2026-08-02 10:04:01,646 - WARNING - [AUDIT] 9421526033893170 订单丢失纠偏
2026-08-02 10:04:01,646 - WARNING - [AUDIT] 1436216773944936 订单丢失纠偏
2026-08-02 10:04:45,148 - INFO - [SCREENER] 89 markets in 21.5s | yes:47 no:16 | next in 30s
2026-08-02 10:05:09,541 - INFO - [SCREENER] 90 markets in 13.6s | yes:47 no:14 | next in 30s
2026-08-02 10:05:39,309 - ERROR - [py_clob_client_v2] request error: [SSL: UNEXPECTED_EOF_WHILE_READING] EOF occurred in violation of protocol (_ssl.c:1000)
2026-08-02 10:05:39,804 - ERROR - [HEARTBEAT] 失败 (连续 1 次): 401 Client Error: Unauthorized for url: https://clob.polymarket.com/v1/heartbeats
2026-08-02 10:05:57,805 - INFO - [SCREENER] 90 markets in 27.5s | yes:48 no:17 | next in 30s
2026-08-02 10:06:00,845 - ERROR - [py_clob_client_v2] request error: [SSL: UNEXPECTED_EOF_WHILE_READING] EOF occurred in violation of protocol (_ssl.c:1000)
2026-08-02 10:06:01,517 - ERROR - [HEARTBEAT] 失败 (连续 1 次): 401 Client Error: Unauthorized for url: https://clob.polymarket.com/v1/heartbeats
2026-08-02 10:06:18,657 - INFO - [SCREENER] 88 markets in 6.6s | yes:48 no:15 | next in 30s
2026-08-02 10:06:19,710 - WARNING - [AUDIT] 3678275121283001 订单丢失纠偏
2026-08-02 10:06:19,710 - WARNING - [AUDIT] 9237895826239872 订单丢失纠偏
2026-08-02 10:06:19,711 - WARNING - [AUDIT] 4609008681435171 订单丢失纠偏
2026-08-02 10:06:19,711 - WARNING - [AUDIT] 1119094577730008 订单丢失纠偏
2026-08-02 10:06:19,711 - WARNING - [AUDIT] 6306746792115750 订单丢失纠偏
2026-08-02 10:06:19,712 - WARNING - [AUDIT] 7717208126253081 订单丢失纠偏
2026-08-02 10:06:19,713 - WARNING - [AUDIT] 7862219307672904 订单丢失纠偏
2026-08-02 10:06:19,713 - WARNING - [AUDIT] 1011765749355830 订单丢失纠偏
2026-08-02 10:06:59,450 - INFO - [SCREENER] 90 markets in 7.8s | yes:48 no:19 | next in 30s
2026-08-02 10:07:44,299 - INFO - [SCREENER] 90 markets in 13.9s | yes:48 no:18 | next in 30s
2026-08-02 10:07:49,302 - ERROR - [py_clob_client_v2] request error: [SSL: UNEXPECTED_EOF_WHILE_READING] EOF occurred in violation of protocol (_ssl.c:1000)
2026-08-02 10:07:49,303 - ERROR - [CANCEL FAIL] 0x2d2c7c096bf0a22ed4... | PolyApiException[status_code=None, error_message=Request exception!]
2026-08-02 10:07:50,422 - ERROR - [CANCEL FAIL] 0x2d2c7c096bf0a22ed4 订单仍存活在交易所！保持 RESTING
2026-08-02 10:08:07,301 - INFO - [SCREENER] 91 markets in 6.9s | yes:50 no:19 | next in 30s
2026-08-02 10:08:18,681 - WARNING - [AUDIT] 1056331227541397 筛选器已移除但订单仍活，重新触发撤单
2026-08-02 10:08:47,049 - INFO - [SCREENER] 91 markets in 6.6s | yes:50 no:19 | next in 30s
2026-08-02 10:09:25,366 - INFO - [SCREENER] 90 markets in 7.0s | yes:50 no:21 | next in 30s
2026-08-02 10:10:10,415 - INFO - [SCREENER] 91 markets in 14.2s | yes:51 no:20 | next in 30s
2026-08-02 10:10:37,059 - ERROR - [py_clob_client_v2] request error: _ssl.c:983: The handshake operation timed out
2026-08-02 10:10:37,059 - ERROR - 获取订单簿失败: 43810319351011344128... | PolyApiException[status_code=None, error_message=Request exception!]
2026-08-02 10:10:55,429 - INFO - [SCREENER] 91 markets in 21.4s | yes:51 no:19 | next in 30s
2026-08-02 10:10:56,356 - WARNING - [RETRY] 4381031935101134 bids不足2档，10s后重试
2026-08-02 10:11:14,192 - INFO - [SCREENER] 91 markets in 7.8s | yes:51 no:19 | next in 30s
2026-08-02 10:11:52,677 - INFO - [SCREENER] 90 markets in 7.1s | yes:51 no:20 | next in 30s
2026-08-02 10:12:11,995 - ERROR - [py_clob_client_v2] request error: [SSL: UNEXPECTED_EOF_WHILE_READING] EOF occurred in violation of protocol (_ssl.c:1000)
2026-08-02 10:12:12,586 - ERROR - [HEARTBEAT] 失败 (连续 1 次): 401 Client Error: Unauthorized for url: https://clob.polymarket.com/v1/heartbeats
2026-08-02 10:12:14,108 - ERROR - [BATCH CANCEL FAIL] 0xdabeaf5c536421bbca... | order can't be found - already canceled or matched
2026-08-02 10:12:14,712 - ERROR - [BATCH CANCEL] 1141807591324228 取消结果不明，回退 RESTING 等 audit 确认 | oid=0xdabeaf5c536421bbca
2026-08-02 10:12:30,300 - INFO - [SCREENER] 91 markets in 6.6s | yes:49 no:19 | next in 30s
2026-08-02 10:12:31,009 - WARNING - [AUDIT] 1012312022189723 订单丢失纠偏
2026-08-02 10:12:31,010 - WARNING - [AUDIT] 1016861883670799 订单丢失纠偏
2026-08-02 10:12:31,011 - WARNING - [AUDIT] 2931629179384381 订单丢失纠偏
2026-08-02 10:12:31,011 - WARNING - [AUDIT] 1040070068925496 订单丢失纠偏
2026-08-02 10:12:31,012 - WARNING - [AUDIT] 2540412876613684 订单丢失纠偏
2026-08-02 10:12:31,012 - WARNING - [AUDIT] 2504049173922608 订单丢失纠偏
2026-08-02 10:12:31,013 - WARNING - [AUDIT] 9650640438892016 订单丢失纠偏
2026-08-02 10:12:31,013 - WARNING - [AUDIT] 1286131942036290 订单丢失纠偏
2026-08-02 10:12:31,013 - WARNING - [AUDIT] 7449362386332492 订单丢失纠偏
2026-08-02 10:12:31,013 - WARNING - [AUDIT] 4509625010772837 订单丢失纠偏
2026-08-02 10:12:31,014 - WARNING - [AUDIT] 9098766676952057 订单丢失纠偏
2026-08-02 10:12:31,015 - WARNING - [AUDIT] 8711246570211379 订单丢失纠偏
2026-08-02 10:12:31,015 - WARNING - [AUDIT] 1032006299324973 订单丢失纠偏
2026-08-02 10:12:31,015 - WARNING - [AUDIT] 8071034618251825 订单丢失纠偏
2026-08-02 10:12:31,015 - WARNING - [AUDIT] 6264442192607507 订单丢失纠偏
2026-08-02 10:12:31,015 - WARNING - [AUDIT] 1097972663079309 订单丢失纠偏
2026-08-02 10:12:31,015 - WARNING - [AUDIT] 1030437601221276 订单丢失纠偏
2026-08-02 10:12:31,015 - WARNING - [AUDIT] 4651348273860366 订单丢失纠偏
2026-08-02 10:12:31,016 - WARNING - [AUDIT] 1012708966570768 订单丢失纠偏
2026-08-02 10:12:31,016 - WARNING - [AUDIT] 6050404526417288 订单丢失纠偏
2026-08-02 10:12:31,016 - WARNING - [AUDIT] 8188163919804488 订单丢失纠偏
2026-08-02 10:12:31,016 - WARNING - [AUDIT] 2507426886711862 订单丢失纠偏
2026-08-02 10:12:31,016 - WARNING - [AUDIT] 7271500142911130 订单丢失纠偏
2026-08-02 10:12:31,016 - WARNING - [AUDIT] 8027808051614500 订单丢失纠偏
2026-08-02 10:12:31,016 - WARNING - [AUDIT] 9267674934686014 订单丢失纠偏
2026-08-02 10:12:31,017 - WARNING - [AUDIT] 6729075146352657 订单丢失纠偏
2026-08-02 10:12:31,017 - WARNING - [AUDIT] 7534297012306341 订单丢失纠偏
2026-08-02 10:12:31,017 - WARNING - [AUDIT] 9671289656064219 订单丢失纠偏
2026-08-02 10:12:31,017 - WARNING - [AUDIT] 1131349159365005 订单丢失纠偏
2026-08-02 10:12:31,017 - WARNING - [AUDIT] 9850982701736726 订单丢失纠偏
2026-08-02 10:12:31,017 - WARNING - [AUDIT] 6384542746596400 订单丢失纠偏
2026-08-02 10:12:31,017 - WARNING - [AUDIT] 6377929610712956 订单丢失纠偏
2026-08-02 10:12:31,017 - WARNING - [AUDIT] 6264469913402155 订单丢失纠偏
2026-08-02 10:12:31,017 - WARNING - [AUDIT] 1028866880986432 订单丢失纠偏
2026-08-02 10:12:31,017 - WARNING - [AUDIT] 1090889566703495 订单丢失纠偏
2026-08-02 10:12:31,017 - WARNING - [AUDIT] 1105008437007383 订单丢失纠偏
2026-08-02 10:12:31,017 - WARNING - [AUDIT] 7218838016638313 订单丢失纠偏
2026-08-02 10:12:31,018 - WARNING - [AUDIT] 1018969268662307 订单丢失纠偏
2026-08-02 10:12:31,018 - WARNING - [AUDIT] 5871258914307391 订单丢失纠偏
2026-08-02 10:12:31,018 - WARNING - [AUDIT] 1115462647168778 订单丢失纠偏
2026-08-02 10:12:31,018 - WARNING - [AUDIT] 8343787669814337 订单丢失纠偏
2026-08-02 10:12:31,018 - WARNING - [AUDIT] 2011341284551955 订单丢失纠偏
2026-08-02 10:12:31,018 - WARNING - [AUDIT] 1650518114172737 订单丢失纠偏
2026-08-02 10:12:31,018 - WARNING - [AUDIT] 1068161458391412 订单丢失纠偏
2026-08-02 10:12:31,018 - WARNING - [AUDIT] 1965648286691718 订单丢失纠偏
2026-08-02 10:12:31,018 - WARNING - [AUDIT] 9421526033893170 订单丢失纠偏
2026-08-02 10:12:31,018 - WARNING - [AUDIT] 9237895826239872 订单丢失纠偏
2026-08-02 10:12:31,018 - WARNING - [AUDIT] 4609008681435171 订单丢失纠偏
2026-08-02 10:12:31,018 - WARNING - [AUDIT] 7717208126253081 订单丢失纠偏
2026-08-02 10:12:31,018 - WARNING - [AUDIT] 7862219307672904 订单丢失纠偏
2026-08-02 10:12:31,018 - WARNING - [AUDIT] 1011765749355830 订单丢失纠偏
2026-08-02 10:12:31,018 - WARNING - [AUDIT] 1404384484295473 订单丢失纠偏
2026-08-02 10:12:31,018 - WARNING - [AUDIT] 3078568200620284 订单丢失纠偏
2026-08-02 10:12:31,018 - WARNING - [AUDIT] 6618369461304206 订单丢失纠偏
2026-08-02 10:12:31,018 - WARNING - [AUDIT] 1112818797963556 订单丢失纠偏
2026-08-02 10:12:31,018 - WARNING - [AUDIT] 8520248804100866 订单丢失纠偏
2026-08-02 10:12:31,018 - WARNING - [AUDIT] 4651158185808273 订单丢失纠偏
2026-08-02 10:12:31,018 - WARNING - [AUDIT] 6985283322451505 订单丢失纠偏
2026-08-02 10:12:31,018 - WARNING - [AUDIT] 4458000690662770 订单丢失纠偏
2026-08-02 10:12:31,018 - WARNING - [AUDIT] 3429168519566413 订单丢失纠偏
2026-08-02 10:12:31,018 - WARNING - [AUDIT] 4528346946170983 订单丢失纠偏
2026-08-02 10:12:31,018 - WARNING - [AUDIT] 4158272995564500 订单丢失纠偏
2026-08-02 10:12:31,018 - WARNING - [AUDIT] 1131579682711421 订单丢失纠偏
2026-08-02 10:12:31,020 - WARNING - [AUDIT] 1040376540533216 订单丢失纠偏
2026-08-02 10:12:31,020 - WARNING - [AUDIT] 3678275121283001 订单丢失纠偏
2026-08-02 10:12:31,020 - WARNING - [AUDIT] 9610031052282513 订单丢失纠偏
2026-08-02 10:12:31,020 - WARNING - [AUDIT] 4381031935101134 订单丢失纠偏
2026-08-02 10:12:31,020 - WARNING - [AUDIT] 1124237724760108 订单丢失纠偏
2026-08-02 10:13:16,781 - INFO - [SCREENER] 91 markets in 13.8s | yes:50 no:22 | next in 30s
2026-08-02 10:13:44,886 - INFO - [SCREENER] 92 markets in 7.3s | yes:49 no:23 | next in 30s
2026-08-02 10:14:29,323 - INFO - [SCREENER] 93 markets in 13.6s | yes:50 no:20 | next in 30s
2026-08-02 10:14:59,060 - INFO - [SCREENER] 93 markets in 6.3s | yes:51 no:21 | next in 30s
2026-08-02 10:15:44,298 - INFO - [SCREENER] 92 markets in 14.4s | yes:53 no:22 | next in 30s
2026-08-02 10:16:29,569 - INFO - [SCREENER] 92 markets in 24.2s | yes:55 no:22 | next in 30s
2026-08-02 10:17:01,078 - INFO - [SCREENER] 93 markets in 20.7s | yes:54 no:23 | next in 30s
2026-08-02 10:17:44,059 - INFO - [SCREENER] 94 markets in 29.8s | yes:52 no:23 | next in 30s
2026-08-02 10:18:22,886 - INFO - [SCREENER] 94 markets in 27.8s | yes:54 no:22 | next in 30s
2026-08-02 10:18:40,565 - INFO - [SCREENER] 94 markets in 6.6s | yes:54 no:22 | next in 30s
2026-08-02 10:19:35,183 - INFO - [SCREENER] 93 markets in 21.2s | yes:54 no:23 | next in 30s
2026-08-02 10:19:36,685 - ERROR - [py_clob_client_v2] request error: [SSL: UNEXPECTED_EOF_WHILE_READING] EOF occurred in violation of protocol (_ssl.c:1000)
2026-08-02 10:19:37,193 - ERROR - [HEARTBEAT] 失败 (连续 1 次): 401 Client Error: Unauthorized for url: https://clob.polymarket.com/v1/heartbeats
2026-08-02 10:19:55,245 - INFO - [SCREENER] 93 markets in 7.5s | yes:55 no:20 | next in 30s
2026-08-02 10:20:47,238 - INFO - [SCREENER] 95 markets in 20.9s | yes:56 no:21 | next in 30s
2026-08-02 10:21:04,574 - INFO - [SCREENER] 94 markets in 6.5s | yes:55 no:21 | next in 30s
2026-08-02 10:21:05,585 - WARNING - [AUDIT] 1012312022189723 订单丢失纠偏
2026-08-02 10:21:05,585 - WARNING - [AUDIT] 1016861883670799 订单丢失纠偏
2026-08-02 10:21:05,586 - WARNING - [AUDIT] 2931629179384381 订单丢失纠偏
2026-08-02 10:21:05,586 - WARNING - [AUDIT] 1040070068925496 订单丢失纠偏
2026-08-02 10:21:05,586 - WARNING - [AUDIT] 2540412876613684 订单丢失纠偏
2026-08-02 10:21:05,586 - WARNING - [AUDIT] 2504049173922608 订单丢失纠偏
2026-08-02 10:21:05,586 - WARNING - [AUDIT] 9650640438892016 订单丢失纠偏
2026-08-02 10:21:05,587 - WARNING - [AUDIT] 1286131942036290 订单丢失纠偏
2026-08-02 10:21:05,587 - WARNING - [AUDIT] 7449362386332492 订单丢失纠偏
2026-08-02 10:21:05,587 - WARNING - [AUDIT] 4509625010772837 订单丢失纠偏
2026-08-02 10:21:05,588 - WARNING - [AUDIT] 9098766676952057 订单丢失纠偏
2026-08-02 10:21:05,588 - WARNING - [AUDIT] 8711246570211379 订单丢失纠偏
2026-08-02 10:21:05,588 - WARNING - [AUDIT] 1032006299324973 订单丢失纠偏
2026-08-02 10:21:05,588 - WARNING - [AUDIT] 8071034618251825 订单丢失纠偏
2026-08-02 10:21:05,589 - WARNING - [AUDIT] 6264442192607507 订单丢失纠偏
2026-08-02 10:21:05,589 - WARNING - [AUDIT] 1097972663079309 订单丢失纠偏
2026-08-02 10:21:05,589 - WARNING - [AUDIT] 1030437601221276 订单丢失纠偏
2026-08-02 10:21:05,589 - WARNING - [AUDIT] 4651348273860366 订单丢失纠偏
2026-08-02 10:21:05,589 - WARNING - [AUDIT] 1012708966570768 订单丢失纠偏
2026-08-02 10:21:05,590 - WARNING - [AUDIT] 6050404526417288 订单丢失纠偏
2026-08-02 10:21:05,590 - WARNING - [AUDIT] 8188163919804488 订单丢失纠偏
2026-08-02 10:21:05,590 - WARNING - [AUDIT] 2507426886711862 订单丢失纠偏
2026-08-02 10:21:05,590 - WARNING - [AUDIT] 7271500142911130 订单丢失纠偏
2026-08-02 10:21:05,590 - WARNING - [AUDIT] 9267674934686014 订单丢失纠偏
2026-08-02 10:21:05,590 - WARNING - [AUDIT] 6729075146352657 订单丢失纠偏
2026-08-02 10:21:05,590 - WARNING - [AUDIT] 7534297012306341 订单丢失纠偏
2026-08-02 10:21:05,590 - WARNING - [AUDIT] 9671289656064219 订单丢失纠偏
2026-08-02 10:21:05,590 - WARNING - [AUDIT] 1131349159365005 订单丢失纠偏
2026-08-02 10:21:05,590 - WARNING - [AUDIT] 9850982701736726 订单丢失纠偏
2026-08-02 10:21:05,590 - WARNING - [AUDIT] 6384542746596400 订单丢失纠偏
2026-08-02 10:21:05,591 - WARNING - [AUDIT] 6377929610712956 订单丢失纠偏
2026-08-02 10:21:05,591 - WARNING - [AUDIT] 6264469913402155 订单丢失纠偏
2026-08-02 10:21:05,591 - WARNING - [AUDIT] 1028866880986432 订单丢失纠偏
2026-08-02 10:21:05,591 - WARNING - [AUDIT] 1090889566703495 订单丢失纠偏
2026-08-02 10:21:05,591 - WARNING - [AUDIT] 1105008437007383 订单丢失纠偏
2026-08-02 10:21:05,592 - WARNING - [AUDIT] 7218838016638313 订单丢失纠偏
2026-08-02 10:21:05,592 - WARNING - [AUDIT] 1018969268662307 订单丢失纠偏
2026-08-02 10:21:05,592 - WARNING - [AUDIT] 5871258914307391 订单丢失纠偏
2026-08-02 10:21:05,592 - WARNING - [AUDIT] 1115462647168778 订单丢失纠偏
2026-08-02 10:21:05,592 - WARNING - [AUDIT] 8343787669814337 订单丢失纠偏
2026-08-02 10:21:05,592 - WARNING - [AUDIT] 2011341284551955 订单丢失纠偏
2026-08-02 10:21:05,592 - WARNING - [AUDIT] 1650518114172737 订单丢失纠偏
2026-08-02 10:21:05,592 - WARNING - [AUDIT] 1068161458391412 订单丢失纠偏
2026-08-02 10:21:05,592 - WARNING - [AUDIT] 1965648286691718 订单丢失纠偏
2026-08-02 10:21:05,592 - WARNING - [AUDIT] 4609008681435171 订单丢失纠偏
2026-08-02 10:21:05,592 - WARNING - [AUDIT] 7717208126253081 订单丢失纠偏
2026-08-02 10:21:05,592 - WARNING - [AUDIT] 1011765749355830 订单丢失纠偏
2026-08-02 10:21:05,592 - WARNING - [AUDIT] 1404384484295473 订单丢失纠偏
2026-08-02 10:21:05,592 - WARNING - [AUDIT] 3078568200620284 订单丢失纠偏
2026-08-02 10:21:05,592 - WARNING - [AUDIT] 6618369461304206 订单丢失纠偏
2026-08-02 10:21:05,592 - WARNING - [AUDIT] 1112818797963556 订单丢失纠偏
2026-08-02 10:21:05,592 - WARNING - [AUDIT] 8520248804100866 订单丢失纠偏
2026-08-02 10:21:05,593 - WARNING - [AUDIT] 4651158185808273 订单丢失纠偏
2026-08-02 10:21:05,593 - WARNING - [AUDIT] 6985283322451505 订单丢失纠偏
2026-08-02 10:21:05,594 - WARNING - [AUDIT] 4528346946170983 订单丢失纠偏
2026-08-02 10:21:05,594 - WARNING - [AUDIT] 4158272995564500 订单丢失纠偏
2026-08-02 10:21:05,594 - WARNING - [AUDIT] 1131579682711421 订单丢失纠偏
2026-08-02 10:21:05,594 - WARNING - [AUDIT] 1040376540533216 订单丢失纠偏
2026-08-02 10:21:05,594 - WARNING - [AUDIT] 3678275121283001 订单丢失纠偏
2026-08-02 10:21:05,594 - WARNING - [AUDIT] 1124237724760108 订单丢失纠偏
2026-08-02 10:21:05,594 - WARNING - [AUDIT] 7354666106171593 订单丢失纠偏
2026-08-02 10:21:05,594 - WARNING - [AUDIT] 1082314225736461 订单丢失纠偏
2026-08-02 10:21:05,594 - WARNING - [AUDIT] 6306746792115750 订单丢失纠偏
2026-08-02 10:21:05,594 - WARNING - [AUDIT] 3458722584047023 订单丢失纠偏
2026-08-02 10:21:05,594 - WARNING - [AUDIT] 1113727237633198 订单丢失纠偏
2026-08-02 10:21:05,594 - WARNING - [AUDIT] 9237895826239872 订单丢失纠偏
2026-08-02 10:21:05,594 - WARNING - [AUDIT] 5788667258485827 订单丢失纠偏
2026-08-02 10:21:05,594 - WARNING - [AUDIT] 5338844811683397 订单丢失纠偏
2026-08-02 10:21:05,594 - WARNING - [AUDIT] 3765295185177708 订单丢失纠偏
2026-08-02 10:21:05,595 - WARNING - [AUDIT] 4886518226528886 订单丢失纠偏
2026-08-02 10:21:41,909 - ERROR - [py_clob_client_v2] request error: [SSL: UNEXPECTED_EOF_WHILE_READING] EOF occurred in violation of protocol (_ssl.c:1000)
2026-08-02 10:21:42,409 - ERROR - [HEARTBEAT] 失败 (连续 1 次): 401 Client Error: Unauthorized for url: https://clob.polymarket.com/v1/heartbeats
2026-08-02 10:21:45,897 - INFO - [SCREENER] 94 markets in 8.3s | yes:57 no:21 | next in 30s
2026-08-02 10:22:07,186 - ERROR - [BATCH CANCEL FAIL] 0x8a332162e3c2a2ccb0... | order can't be found - already canceled or matched
2026-08-02 10:22:07,724 - ERROR - [BATCH CANCEL] 4458000690662770 取消结果不明，回退 RESTING 等 audit 确认 | oid=0x8a332162e3c2a2ccb0
2026-08-02 10:22:23,943 - INFO - [SCREENER] 96 markets in 7.2s | yes:56 no:22 | next in 30s
2026-08-02 10:23:23,953 - INFO - [SCREENER] 95 markets in 28.8s | yes:54 no:22 | next in 30s
2026-08-02 10:23:25,320 - ERROR - [py_clob_client_v2] request error: Server disconnected
2026-08-02 10:23:25,320 - ERROR - [py_clob_client_v2] request error: Server disconnected
2026-08-02 10:23:25,320 - ERROR - [py_clob_client_v2] request error: Server disconnected
2026-08-02 10:23:25,320 - ERROR - [py_clob_client_v2] request error: Server disconnected
2026-08-02 10:23:25,321 - ERROR - [py_clob_client_v2] request error: Server disconnected
2026-08-02 10:23:25,321 - ERROR - 获取订单簿失败: 60504045264172887920... | PolyApiException[status_code=None, error_message=Request exception!]
2026-08-02 10:23:25,322 - ERROR - 获取订单簿失败: 46513482738603660213... | PolyApiException[status_code=None, error_message=Request exception!]
2026-08-02 10:23:25,323 - ERROR - 获取订单簿失败: 81881639198044888091... | PolyApiException[status_code=None, error_message=Request exception!]
2026-08-02 10:23:25,324 - ERROR - 获取订单簿失败: 72715001429111304384... | PolyApiException[status_code=None, error_message=Request exception!]
2026-08-02 10:23:25,324 - ERROR - 获取订单簿失败: 25074268867118629344... | PolyApiException[status_code=None, error_message=Request exception!]
2026-08-02 10:23:25,811 - WARNING - [RETRY] 4651348273860366 bids不足2档，10s后重试
2026-08-02 10:23:25,812 - WARNING - [RETRY] 6050404526417288 bids不足2档，10s后重试
2026-08-02 10:23:25,812 - WARNING - [RETRY] 8188163919804488 bids不足2档，10s后重试
2026-08-02 10:23:25,812 - WARNING - [RETRY] 2507426886711862 bids不足2档，10s后重试
2026-08-02 10:23:25,814 - WARNING - [RETRY] 7271500142911130 bids不足2档，10s后重试
2026-08-02 10:23:41,380 - INFO - [SCREENER] 96 markets in 6.6s | yes:53 no:22 | next in 30s
2026-08-02 10:23:42,654 - WARNING - [AUDIT] 2563320167677268 订单丢失纠偏
2026-08-02 10:23:42,655 - WARNING - [AUDIT] 8545580155717339 订单丢失纠偏
2026-08-02 10:23:42,655 - WARNING - [AUDIT] 9630186204426031 订单丢失纠偏
2026-08-02 10:23:42,656 - WARNING - [AUDIT] 8027808051614500 订单丢失纠偏
2026-08-02 10:23:42,656 - WARNING - [AUDIT] 4023752716982849 订单丢失纠偏
2026-08-02 10:24:51,714 - INFO - [SCREENER] 96 markets in 37.1s | yes:53 no:22 | next in 30s
2026-08-02 10:25:49,261 - INFO - [SCREENER] 97 markets in 46.5s | yes:55 no:22 | next in 30s
2026-08-02 10:25:53,918 - ERROR - [py_clob_client_v2] request error: [SSL: UNEXPECTED_EOF_WHILE_READING] EOF occurred in violation of protocol (_ssl.c:1000)
2026-08-02 10:25:54,412 - ERROR - [HEARTBEAT] 失败 (连续 1 次): 401 Client Error: Unauthorized for url: https://clob.polymarket.com/v1/heartbeats
2026-08-02 10:26:12,071 - INFO - [SCREENER] 96 markets in 6.8s | yes:55 no:21 | next in 30s
2026-08-02 10:26:13,079 - WARNING - [AUDIT] 1012312022189723 订单丢失纠偏
2026-08-02 10:26:13,080 - WARNING - [AUDIT] 1016861883670799 订单丢失纠偏
2026-08-02 10:26:13,081 - WARNING - [AUDIT] 2931629179384381 订单丢失纠偏
2026-08-02 10:26:13,081 - WARNING - [AUDIT] 1040070068925496 订单丢失纠偏
2026-08-02 10:26:13,081 - WARNING - [AUDIT] 2540412876613684 订单丢失纠偏
2026-08-02 10:26:13,081 - WARNING - [AUDIT] 2504049173922608 订单丢失纠偏
2026-08-02 10:26:13,082 - WARNING - [AUDIT] 9650640438892016 订单丢失纠偏
2026-08-02 10:26:13,082 - WARNING - [AUDIT] 1286131942036290 订单丢失纠偏
2026-08-02 10:26:13,082 - WARNING - [AUDIT] 7449362386332492 订单丢失纠偏
2026-08-02 10:26:13,082 - WARNING - [AUDIT] 4509625010772837 订单丢失纠偏
2026-08-02 10:26:13,083 - WARNING - [AUDIT] 9098766676952057 订单丢失纠偏
2026-08-02 10:26:13,083 - WARNING - [AUDIT] 8711246570211379 订单丢失纠偏
2026-08-02 10:26:13,084 - WARNING - [AUDIT] 1032006299324973 订单丢失纠偏
2026-08-02 10:26:13,084 - WARNING - [AUDIT] 8071034618251825 订单丢失纠偏
2026-08-02 10:26:13,084 - WARNING - [AUDIT] 6264442192607507 订单丢失纠偏
2026-08-02 10:26:13,085 - WARNING - [AUDIT] 1097972663079309 订单丢失纠偏
2026-08-02 10:26:13,085 - WARNING - [AUDIT] 1030437601221276 订单丢失纠偏
2026-08-02 10:26:13,085 - WARNING - [AUDIT] 4651348273860366 订单丢失纠偏
2026-08-02 10:26:13,085 - WARNING - [AUDIT] 1012708966570768 订单丢失纠偏
2026-08-02 10:26:13,085 - WARNING - [AUDIT] 6050404526417288 订单丢失纠偏
2026-08-02 10:26:13,086 - WARNING - [AUDIT] 8188163919804488 订单丢失纠偏
2026-08-02 10:26:13,086 - WARNING - [AUDIT] 2507426886711862 订单丢失纠偏
2026-08-02 10:26:13,086 - WARNING - [AUDIT] 7271500142911130 订单丢失纠偏
2026-08-02 10:26:13,087 - WARNING - [AUDIT] 9267674934686014 订单丢失纠偏
2026-08-02 10:26:13,087 - WARNING - [AUDIT] 6729075146352657 订单丢失纠偏
2026-08-02 10:26:13,087 - WARNING - [AUDIT] 7534297012306341 订单丢失纠偏
2026-08-02 10:26:13,087 - WARNING - [AUDIT] 9671289656064219 订单丢失纠偏
2026-08-02 10:26:13,087 - WARNING - [AUDIT] 1131349159365005 订单丢失纠偏
2026-08-02 10:26:13,088 - WARNING - [AUDIT] 9850982701736726 订单丢失纠偏
2026-08-02 10:26:13,088 - WARNING - [AUDIT] 6384542746596400 订单丢失纠偏
2026-08-02 10:26:13,088 - WARNING - [AUDIT] 6377929610712956 订单丢失纠偏
2026-08-02 10:26:13,088 - WARNING - [AUDIT] 6264469913402155 订单丢失纠偏
2026-08-02 10:26:13,088 - WARNING - [AUDIT] 1028866880986432 订单丢失纠偏
2026-08-02 10:26:13,088 - WARNING - [AUDIT] 1090889566703495 订单丢失纠偏
2026-08-02 10:26:13,088 - WARNING - [AUDIT] 7218838016638313 订单丢失纠偏
2026-08-02 10:26:13,088 - WARNING - [AUDIT] 5871258914307391 订单丢失纠偏
2026-08-02 10:26:13,088 - WARNING - [AUDIT] 1115462647168778 订单丢失纠偏
2026-08-02 10:26:13,088 - WARNING - [AUDIT] 8343787669814337 订单丢失纠偏
2026-08-02 10:26:13,088 - WARNING - [AUDIT] 2011341284551955 订单丢失纠偏
2026-08-02 10:26:13,088 - WARNING - [AUDIT] 1650518114172737 订单丢失纠偏
2026-08-02 10:26:13,088 - WARNING - [AUDIT] 1068161458391412 订单丢失纠偏
2026-08-02 10:26:13,089 - WARNING - [AUDIT] 4609008681435171 订单丢失纠偏
2026-08-02 10:26:13,089 - WARNING - [AUDIT] 7717208126253081 订单丢失纠偏
2026-08-02 10:26:13,089 - WARNING - [AUDIT] 1011765749355830 订单丢失纠偏
2026-08-02 10:26:13,089 - WARNING - [AUDIT] 1404384484295473 订单丢失纠偏
2026-08-02 10:26:13,089 - WARNING - [AUDIT] 3078568200620284 订单丢失纠偏
2026-08-02 10:26:13,089 - WARNING - [AUDIT] 6618369461304206 订单丢失纠偏
2026-08-02 10:26:13,089 - WARNING - [AUDIT] 1112818797963556 订单丢失纠偏
2026-08-02 10:26:13,089 - WARNING - [AUDIT] 8520248804100866 订单丢失纠偏
2026-08-02 10:26:13,089 - WARNING - [AUDIT] 4651158185808273 订单丢失纠偏
2026-08-02 10:26:13,089 - WARNING - [AUDIT] 6985283322451505 订单丢失纠偏
2026-08-02 10:26:13,089 - WARNING - [AUDIT] 4528346946170983 订单丢失纠偏
2026-08-02 10:26:13,090 - WARNING - [AUDIT] 1131579682711421 订单丢失纠偏
2026-08-02 10:26:13,090 - WARNING - [AUDIT] 1040376540533216 订单丢失纠偏
2026-08-02 10:26:13,090 - WARNING - [AUDIT] 3678275121283001 订单丢失纠偏
2026-08-02 10:26:13,091 - WARNING - [AUDIT] 1124237724760108 订单丢失纠偏
2026-08-02 10:26:13,091 - WARNING - [AUDIT] 7354666106171593 订单丢失纠偏
2026-08-02 10:26:13,091 - WARNING - [AUDIT] 1082314225736461 订单丢失纠偏
2026-08-02 10:26:13,091 - WARNING - [AUDIT] 6306746792115750 订单丢失纠偏
2026-08-02 10:26:13,091 - WARNING - [AUDIT] 3458722584047023 订单丢失纠偏
2026-08-02 10:26:13,091 - WARNING - [AUDIT] 1113727237633198 订单丢失纠偏
2026-08-02 10:26:13,091 - WARNING - [AUDIT] 9237895826239872 订单丢失纠偏
2026-08-02 10:26:13,091 - WARNING - [AUDIT] 5788667258485827 订单丢失纠偏
2026-08-02 10:26:13,091 - WARNING - [AUDIT] 5338844811683397 订单丢失纠偏
2026-08-02 10:26:13,091 - WARNING - [AUDIT] 3765295185177708 订单丢失纠偏
2026-08-02 10:26:13,091 - WARNING - [AUDIT] 4886518226528886 订单丢失纠偏
2026-08-02 10:26:13,091 - WARNING - [AUDIT] 9610031052282513 订单丢失纠偏
2026-08-02 10:26:13,091 - WARNING - [AUDIT] 3013555906196480 订单丢失纠偏
2026-08-02 10:26:13,091 - WARNING - [AUDIT] 5299026709238247 订单丢失纠偏
2026-08-02 10:26:59,303 - INFO - [SCREENER] 96 markets in 14.3s | yes:56 no:22 | next in 30s
2026-08-02 10:27:14,596 - ERROR - [py_clob_client_v2] request error: [SSL: UNEXPECTED_EOF_WHILE_READING] EOF occurred in violation of protocol (_ssl.c:1000)
2026-08-02 10:27:15,193 - ERROR - [HEARTBEAT] 失败 (连续 1 次): 401 Client Error: Unauthorized for url: https://clob.polymarket.com/v1/heartbeats
2026-08-02 10:27:40,786 - INFO - [SCREENER] 97 markets in 20.6s | yes:61 no:21 | next in 30s
2026-08-02 10:27:59,994 - INFO - [SCREENER] 98 markets in 8.2s | yes:59 no:21 | next in 30s
2026-08-02 10:28:11,295 - WARNING - [AUDIT] 2563320167677268 订单丢失纠偏
2026-08-02 10:28:11,295 - WARNING - [AUDIT] 8545580155717339 订单丢失纠偏
2026-08-02 10:28:11,296 - WARNING - [AUDIT] 9630186204426031 订单丢失纠偏
2026-08-02 10:28:11,297 - WARNING - [AUDIT] 8027808051614500 订单丢失纠偏
2026-08-02 10:28:11,297 - WARNING - [AUDIT] 1105008437007383 订单丢失纠偏
2026-08-02 10:28:11,297 - WARNING - [AUDIT] 4158272995564500 订单丢失纠偏
2026-08-02 10:28:43,470 - INFO - [SCREENER] 97 markets in 20.8s | yes:60 no:20 | next in 30s
2026-08-02 10:29:21,930 - INFO - [SCREENER] 97 markets in 27.3s | yes:62 no:21 | next in 30s
2026-08-02 10:29:39,997 - INFO - [SCREENER] 97 markets in 6.8s | yes:61 no:21 | next in 30s
2026-08-02 10:30:11,250 - ERROR - [py_clob_client_v2] request error: [SSL: UNEXPECTED_EOF_WHILE_READING] EOF occurred in violation of protocol (_ssl.c:1000)
2026-08-02 10:30:11,793 - ERROR - [HEARTBEAT] 失败 (连续 1 次): 401 Client Error: Unauthorized for url: https://clob.polymarket.com/v1/heartbeats
2026-08-02 10:30:17,437 - INFO - [SCREENER] 96 markets in 6.5s | yes:58 no:21 | next in 30s
2026-08-02 10:30:18,123 - WARNING - [AUDIT] 1012312022189723 订单丢失纠偏
2026-08-02 10:30:18,123 - WARNING - [AUDIT] 1016861883670799 订单丢失纠偏
2026-08-02 10:30:18,123 - WARNING - [AUDIT] 2931629179384381 订单丢失纠偏
2026-08-02 10:30:18,124 - WARNING - [AUDIT] 1040070068925496 订单丢失纠偏
2026-08-02 10:30:18,124 - WARNING - [AUDIT] 2540412876613684 订单丢失纠偏
2026-08-02 10:30:18,124 - WARNING - [AUDIT] 2504049173922608 订单丢失纠偏
2026-08-02 10:30:18,124 - WARNING - [AUDIT] 9650640438892016 订单丢失纠偏
2026-08-02 10:30:18,124 - WARNING - [AUDIT] 1286131942036290 订单丢失纠偏
2026-08-02 10:30:18,124 - WARNING - [AUDIT] 7449362386332492 订单丢失纠偏
2026-08-02 10:30:18,126 - WARNING - [AUDIT] 4509625010772837 订单丢失纠偏
2026-08-02 10:30:18,126 - WARNING - [AUDIT] 9098766676952057 订单丢失纠偏
2026-08-02 10:30:18,126 - WARNING - [AUDIT] 8711246570211379 订单丢失纠偏
2026-08-02 10:30:18,126 - WARNING - [AUDIT] 1032006299324973 订单丢失纠偏
2026-08-02 10:30:18,126 - WARNING - [AUDIT] 8071034618251825 订单丢失纠偏
2026-08-02 10:30:18,127 - WARNING - [AUDIT] 1097972663079309 订单丢失纠偏
2026-08-02 10:30:18,127 - WARNING - [AUDIT] 1030437601221276 订单丢失纠偏
2026-08-02 10:30:18,127 - WARNING - [AUDIT] 4651348273860366 订单丢失纠偏
2026-08-02 10:30:18,127 - WARNING - [AUDIT] 1012708966570768 订单丢失纠偏
2026-08-02 10:30:18,128 - WARNING - [AUDIT] 6050404526417288 订单丢失纠偏
2026-08-02 10:30:18,128 - WARNING - [AUDIT] 8188163919804488 订单丢失纠偏
2026-08-02 10:30:18,128 - WARNING - [AUDIT] 2507426886711862 订单丢失纠偏
2026-08-02 10:30:18,128 - WARNING - [AUDIT] 7271500142911130 订单丢失纠偏
2026-08-02 10:30:18,128 - WARNING - [AUDIT] 9267674934686014 订单丢失纠偏
2026-08-02 10:30:18,128 - WARNING - [AUDIT] 6729075146352657 订单丢失纠偏
2026-08-02 10:30:18,128 - WARNING - [AUDIT] 7534297012306341 订单丢失纠偏
2026-08-02 10:30:18,128 - WARNING - [AUDIT] 9671289656064219 订单丢失纠偏
2026-08-02 10:30:18,129 - WARNING - [AUDIT] 1131349159365005 订单丢失纠偏
2026-08-02 10:30:18,129 - WARNING - [AUDIT] 9850982701736726 订单丢失纠偏
2026-08-02 10:30:18,129 - WARNING - [AUDIT] 6384542746596400 订单丢失纠偏
2026-08-02 10:30:18,129 - WARNING - [AUDIT] 6377929610712956 订单丢失纠偏
2026-08-02 10:30:18,129 - WARNING - [AUDIT] 6264469913402155 订单丢失纠偏
2026-08-02 10:30:18,129 - WARNING - [AUDIT] 1028866880986432 订单丢失纠偏
2026-08-02 10:30:18,129 - WARNING - [AUDIT] 1090889566703495 订单丢失纠偏
2026-08-02 10:30:18,129 - WARNING - [AUDIT] 7218838016638313 订单丢失纠偏
2026-08-02 10:30:18,129 - WARNING - [AUDIT] 5871258914307391 订单丢失纠偏
2026-08-02 10:30:18,129 - WARNING - [AUDIT] 8343787669814337 订单丢失纠偏
2026-08-02 10:30:18,129 - WARNING - [AUDIT] 2011341284551955 订单丢失纠偏
2026-08-02 10:30:18,129 - WARNING - [AUDIT] 1650518114172737 订单丢失纠偏
2026-08-02 10:30:18,130 - WARNING - [AUDIT] 1068161458391412 订单丢失纠偏
2026-08-02 10:30:18,130 - WARNING - [AUDIT] 4609008681435171 订单丢失纠偏
2026-08-02 10:30:18,130 - WARNING - [AUDIT] 7717208126253081 订单丢失纠偏
2026-08-02 10:30:18,130 - WARNING - [AUDIT] 3078568200620284 订单丢失纠偏
2026-08-02 10:30:18,130 - WARNING - [AUDIT] 6618369461304206 订单丢失纠偏
2026-08-02 10:30:18,130 - WARNING - [AUDIT] 1112818797963556 订单丢失纠偏
2026-08-02 10:30:18,130 - WARNING - [AUDIT] 8520248804100866 订单丢失纠偏
2026-08-02 10:30:18,130 - WARNING - [AUDIT] 4651158185808273 订单丢失纠偏
2026-08-02 10:30:18,130 - WARNING - [AUDIT] 6985283322451505 订单丢失纠偏
2026-08-02 10:30:18,130 - WARNING - [AUDIT] 4528346946170983 订单丢失纠偏
2026-08-02 10:30:18,130 - WARNING - [AUDIT] 1131579682711421 订单丢失纠偏
2026-08-02 10:30:18,130 - WARNING - [AUDIT] 1040376540533216 订单丢失纠偏
2026-08-02 10:30:18,130 - WARNING - [AUDIT] 3678275121283001 订单丢失纠偏
2026-08-02 10:30:18,130 - WARNING - [AUDIT] 7354666106171593 订单丢失纠偏
2026-08-02 10:30:18,130 - WARNING - [AUDIT] 1082314225736461 订单丢失纠偏
2026-08-02 10:30:18,130 - WARNING - [AUDIT] 6306746792115750 订单丢失纠偏
2026-08-02 10:30:18,131 - WARNING - [AUDIT] 3458722584047023 订单丢失纠偏
2026-08-02 10:30:18,131 - WARNING - [AUDIT] 1113727237633198 订单丢失纠偏
2026-08-02 10:30:18,131 - WARNING - [AUDIT] 9237895826239872 订单丢失纠偏
2026-08-02 10:30:18,131 - WARNING - [AUDIT] 5788667258485827 订单丢失纠偏
2026-08-02 10:30:18,131 - WARNING - [AUDIT] 5338844811683397 订单丢失纠偏
2026-08-02 10:30:18,131 - WARNING - [AUDIT] 3765295185177708 订单丢失纠偏
2026-08-02 10:30:18,131 - WARNING - [AUDIT] 9610031052282513 订单丢失纠偏
2026-08-02 10:30:18,131 - WARNING - [AUDIT] 3186964493822627 订单丢失纠偏
2026-08-02 10:30:18,131 - WARNING - [AUDIT] 7862219307672904 订单丢失纠偏
2026-08-02 10:30:18,131 - WARNING - [AUDIT] 1115462647168778 订单丢失纠偏
2026-08-02 10:30:18,131 - WARNING - [AUDIT] 1404384484295473 订单丢失纠偏
2026-08-02 10:30:18,131 - WARNING - [AUDIT] 3429168519566413 订单丢失纠偏
2026-08-02 10:30:18,131 - WARNING - [AUDIT] 8228846311781475 订单丢失纠偏
2026-08-02 10:30:18,131 - WARNING - [AUDIT] 9421526033893170 订单丢失纠偏
2026-08-02 10:30:23,721 - ERROR - [POSITION] 批量查询 best_bid 失败: HTTPSConnectionPool(host='clob.polymarket.com', port=443): Max retries exceeded with url: /books (Caused by SSLError(SSLEOFError(8, '[SSL: UNEXPECTED_EOF_WHILE_READING] EOF occurred in violation of protocol (_ssl.c:1000)')))
2026-08-02 10:31:06,150 - INFO - [SCREENER] 95 markets in 21.6s | yes:58 no:20 | next in 30s
2026-08-02 10:31:25,272 - INFO - [SCREENER] 96 markets in 8.2s | yes:59 no:20 | next in 30s
2026-08-02 10:32:03,025 - INFO - [SCREENER] 96 markets in 6.5s | yes:56 no:20 | next in 30s
2026-08-02 10:32:18,972 - ERROR - [AUDIT] 批量查询 best_bid 失败: HTTPSConnectionPool(host='clob.polymarket.com', port=443): Max retries exceeded with url: /books (Caused by SSLError(SSLEOFError(8, '[SSL: UNEXPECTED_EOF_WHILE_READING] EOF occurred in violation of protocol (_ssl.c:1000)')))
2026-08-02 10:32:21,310 - ERROR - [py_clob_client_v2] request error: Server disconnected
2026-08-02 10:32:21,311 - ERROR - 获取订单簿失败: 77172081262530812440... | PolyApiException[status_code=None, error_message=Request exception!]
2026-08-02 10:32:21,312 - ERROR - [py_clob_client_v2] request error: Server disconnected
2026-08-02 10:32:21,312 - ERROR - [py_clob_client_v2] request error: Server disconnected
2026-08-02 10:32:21,313 - ERROR - [py_clob_client_v2] request error: Server disconnected
2026-08-02 10:32:21,313 - ERROR - 获取订单簿失败: 20113412845519555056... | PolyApiException[status_code=None, error_message=Request exception!]
2026-08-02 10:32:21,313 - ERROR - [py_clob_client_v2] request error: Server disconnected
2026-08-02 10:32:21,313 - ERROR - [py_clob_client_v2] request error: Server disconnected
2026-08-02 10:32:21,313 - ERROR - 获取订单簿失败: 10681614583914129399... | PolyApiException[status_code=None, error_message=Request exception!]
2026-08-02 10:32:21,313 - ERROR - [py_clob_client_v2] request error: Server disconnected
2026-08-02 10:32:21,313 - ERROR - 获取订单簿失败: 30785682006202840860... | PolyApiException[status_code=None, error_message=Request exception!]
2026-08-02 10:32:21,313 - ERROR - 获取订单簿失败: 16505181141727373182... | PolyApiException[status_code=None, error_message=Request exception!]
2026-08-02 10:32:21,313 - ERROR - 获取订单簿失败: 66183694613042069773... | PolyApiException[status_code=None, error_message=Request exception!]
2026-08-02 10:32:21,315 - ERROR - 获取订单簿失败: 46090086814351715233... | PolyApiException[status_code=None, error_message=Request exception!]
2026-08-02 10:32:22,293 - WARNING - [RETRY] 2011341284551955 bids不足2档，10s后重试
2026-08-02 10:32:22,293 - WARNING - [RETRY] 1650518114172737 bids不足2档，10s后重试
2026-08-02 10:32:22,293 - WARNING - [RETRY] 1068161458391412 bids不足2档，10s后重试
2026-08-02 10:32:22,293 - WARNING - [RETRY] 4609008681435171 bids不足2档，10s后重试
2026-08-02 10:32:22,293 - WARNING - [RETRY] 7717208126253081 bids不足2档，10s后重试
2026-08-02 10:32:22,293 - WARNING - [RETRY] 3078568200620284 bids不足2档，10s后重试
2026-08-02 10:32:22,294 - WARNING - [RETRY] 6618369461304206 bids不足2档，10s后重试
2026-08-02 10:32:44,995 - INFO - [SCREENER] 96 markets in 14.7s | yes:52 no:20 | next in 30s
2026-08-02 10:32:50,463 - ERROR - [POLL] 批量查询异常: HTTPSConnectionPool(host='clob.polymarket.com', port=443): Max retries exceeded with url: /books (Caused by SSLError(SSLEOFError(8, '[SSL: UNEXPECTED_EOF_WHILE_READING] EOF occurred in violation of protocol (_ssl.c:1000)')))
2026-08-02 10:33:14,705 - INFO - [SCREENER] 95 markets in 14.2s | yes:52 no:21 | next in 30s
2026-08-02 10:33:42,581 - INFO - [SCREENER] 96 markets in 6.7s | yes:52 no:21 | next in 30s
2026-08-02 10:34:34,703 - INFO - [SCREENER] 98 markets in 21.3s | yes:52 no:21 | next in 30s
2026-08-02 10:34:59,556 - INFO - [SCREENER] 98 markets in 13.9s | yes:52 no:19 | next in 30s
2026-08-02 10:35:17,360 - ERROR - [POLL] 批量查询异常: HTTPSConnectionPool(host='clob.polymarket.com', port=443): Max retries exceeded with url: /books (Caused by SSLError(SSLEOFError(8, '[SSL: UNEXPECTED_EOF_WHILE_READING] EOF occurred in violation of protocol (_ssl.c:1000)')))
2026-08-02 10:35:34,092 - INFO - [SCREENER] 98 markets in 6.7s | yes:51 no:18 | next in 30s
2026-08-02 10:36:11,473 - INFO - [SCREENER] 98 markets in 6.5s | yes:50 no:18 | next in 30s
2026-08-02 10:36:49,518 - INFO - [SCREENER] 96 markets in 7.0s | yes:54 no:19 | next in 30s
2026-08-02 10:36:49,749 - ERROR - [py_clob_client_v2] request error: [SSL: UNEXPECTED_EOF_WHILE_READING] EOF occurred in violation of protocol (_ssl.c:1000)
2026-08-02 10:36:50,368 - ERROR - [HEARTBEAT] 失败 (连续 1 次): 401 Client Error: Unauthorized for url: https://clob.polymarket.com/v1/heartbeats
2026-08-02 10:37:05,378 - ERROR - [POLL] 批量查询异常: HTTPSConnectionPool(host='clob.polymarket.com', port=443): Max retries exceeded with url: /books (Caused by SSLError(SSLEOFError(8, '[SSL: UNEXPECTED_EOF_WHILE_READING] EOF occurred in violation of protocol (_ssl.c:1000)')))
2026-08-02 10:37:06,308 - WARNING - [AUDIT] 1012312022189723 订单丢失纠偏
2026-08-02 10:37:06,309 - WARNING - [AUDIT] 1016861883670799 订单丢失纠偏
2026-08-02 10:37:06,309 - WARNING - [AUDIT] 2931629179384381 订单丢失纠偏
2026-08-02 10:37:06,310 - WARNING - [AUDIT] 1040070068925496 订单丢失纠偏
2026-08-02 10:37:06,310 - WARNING - [AUDIT] 2540412876613684 订单丢失纠偏
2026-08-02 10:37:06,311 - WARNING - [AUDIT] 2504049173922608 订单丢失纠偏
2026-08-02 10:37:06,312 - WARNING - [AUDIT] 9650640438892016 订单丢失纠偏
2026-08-02 10:37:06,312 - WARNING - [AUDIT] 1286131942036290 订单丢失纠偏
2026-08-02 10:37:06,312 - WARNING - [AUDIT] 7449362386332492 订单丢失纠偏
2026-08-02 10:37:06,313 - WARNING - [AUDIT] 4509625010772837 订单丢失纠偏
2026-08-02 10:37:06,313 - WARNING - [AUDIT] 9098766676952057 订单丢失纠偏
2026-08-02 10:37:06,313 - WARNING - [AUDIT] 8711246570211379 订单丢失纠偏
2026-08-02 10:37:06,314 - WARNING - [AUDIT] 1032006299324973 订单丢失纠偏
2026-08-02 10:37:06,314 - WARNING - [AUDIT] 8071034618251825 订单丢失纠偏
2026-08-02 10:37:06,315 - WARNING - [AUDIT] 1097972663079309 订单丢失纠偏
2026-08-02 10:37:06,315 - WARNING - [AUDIT] 1030437601221276 订单丢失纠偏
2026-08-02 10:37:06,315 - WARNING - [AUDIT] 4651348273860366 订单丢失纠偏
2026-08-02 10:37:06,315 - WARNING - [AUDIT] 1012708966570768 订单丢失纠偏
2026-08-02 10:37:06,315 - WARNING - [AUDIT] 6050404526417288 订单丢失纠偏
2026-08-02 10:37:06,316 - WARNING - [AUDIT] 8188163919804488 订单丢失纠偏
2026-08-02 10:37:06,316 - WARNING - [AUDIT] 2507426886711862 订单丢失纠偏
2026-08-02 10:37:06,316 - WARNING - [AUDIT] 9267674934686014 订单丢失纠偏
2026-08-02 10:37:06,316 - WARNING - [AUDIT] 6729075146352657 订单丢失纠偏
2026-08-02 10:37:06,316 - WARNING - [AUDIT] 7534297012306341 订单丢失纠偏
2026-08-02 10:37:06,316 - WARNING - [AUDIT] 9671289656064219 订单丢失纠偏
2026-08-02 10:37:06,316 - WARNING - [AUDIT] 1131349159365005 订单丢失纠偏
2026-08-02 10:37:06,317 - WARNING - [AUDIT] 9850982701736726 订单丢失纠偏
2026-08-02 10:37:06,317 - WARNING - [AUDIT] 6384542746596400 订单丢失纠偏
2026-08-02 10:37:06,317 - WARNING - [AUDIT] 6377929610712956 订单丢失纠偏
2026-08-02 10:37:06,317 - WARNING - [AUDIT] 6264469913402155 订单丢失纠偏
2026-08-02 10:37:06,318 - WARNING - [AUDIT] 1028866880986432 订单丢失纠偏
2026-08-02 10:37:06,318 - WARNING - [AUDIT] 1090889566703495 订单丢失纠偏
2026-08-02 10:37:06,318 - WARNING - [AUDIT] 7218838016638313 订单丢失纠偏
2026-08-02 10:37:06,318 - WARNING - [AUDIT] 5871258914307391 订单丢失纠偏
2026-08-02 10:37:06,318 - WARNING - [AUDIT] 8343787669814337 订单丢失纠偏
2026-08-02 10:37:06,318 - WARNING - [AUDIT] 2011341284551955 订单丢失纠偏
2026-08-02 10:37:06,318 - WARNING - [AUDIT] 1650518114172737 订单丢失纠偏
2026-08-02 10:37:06,318 - WARNING - [AUDIT] 1068161458391412 订单丢失纠偏
2026-08-02 10:37:06,318 - WARNING - [AUDIT] 3078568200620284 订单丢失纠偏
2026-08-02 10:37:06,318 - WARNING - [AUDIT] 6618369461304206 订单丢失纠偏
2026-08-02 10:37:06,318 - WARNING - [AUDIT] 1112818797963556 订单丢失纠偏
2026-08-02 10:37:06,319 - WARNING - [AUDIT] 4651158185808273 订单丢失纠偏
2026-08-02 10:37:06,319 - WARNING - [AUDIT] 6985283322451505 订单丢失纠偏
2026-08-02 10:37:06,319 - WARNING - [AUDIT] 4528346946170983 订单丢失纠偏
2026-08-02 10:37:06,319 - WARNING - [AUDIT] 1131579682711421 订单丢失纠偏
2026-08-02 10:37:06,319 - WARNING - [AUDIT] 1040376540533216 订单丢失纠偏
2026-08-02 10:37:06,319 - WARNING - [AUDIT] 3678275121283001 订单丢失纠偏
2026-08-02 10:37:06,319 - WARNING - [AUDIT] 7354666106171593 订单丢失纠偏
2026-08-02 10:37:06,319 - WARNING - [AUDIT] 1082314225736461 订单丢失纠偏
2026-08-02 10:37:06,319 - WARNING - [AUDIT] 6306746792115750 订单丢失纠偏
2026-08-02 10:37:06,319 - WARNING - [AUDIT] 3458722584047023 订单丢失纠偏
2026-08-02 10:37:06,319 - WARNING - [AUDIT] 1113727237633198 订单丢失纠偏
2026-08-02 10:37:06,319 - WARNING - [AUDIT] 5788667258485827 订单丢失纠偏
2026-08-02 10:37:06,319 - WARNING - [AUDIT] 5338844811683397 订单丢失纠偏
2026-08-02 10:37:06,320 - WARNING - [AUDIT] 3765295185177708 订单丢失纠偏
2026-08-02 10:37:06,320 - WARNING - [AUDIT] 2563320167677268 订单丢失纠偏
2026-08-02 10:37:06,320 - WARNING - [AUDIT] 9630186204426031 订单丢失纠偏
2026-08-02 10:37:06,320 - WARNING - [AUDIT] 8027808051614500 订单丢失纠偏
2026-08-02 10:37:06,320 - WARNING - [AUDIT] 1105008437007383 订单丢失纠偏
2026-08-02 10:37:06,321 - WARNING - [AUDIT] 4158272995564500 订单丢失纠偏
2026-08-02 10:37:06,321 - WARNING - [AUDIT] 3186964493822627 订单丢失纠偏
2026-08-02 10:37:06,321 - WARNING - [AUDIT] 1115462647168778 订单丢失纠偏
2026-08-02 10:37:06,321 - WARNING - [AUDIT] 1404384484295473 订单丢失纠偏
2026-08-02 10:37:06,321 - WARNING - [AUDIT] 9421526033893170 订单丢失纠偏
2026-08-02 10:37:06,321 - WARNING - [AUDIT] 8520248804100866 订单丢失纠偏
2026-08-02 10:37:06,321 - WARNING - [AUDIT] 8929210349196583 订单丢失纠偏
2026-08-02 10:37:06,321 - WARNING - [AUDIT] 8032237424386719 订单丢失纠偏
2026-08-02 10:37:06,321 - WARNING - [AUDIT] 1965648286691718 订单丢失纠偏
2026-08-02 10:37:24,104 - INFO - [SCREENER] 96 markets in 6.3s | yes:51 no:20 | next in 30s
2026-08-02 10:38:09,430 - INFO - [SCREENER] 98 markets in 14.3s | yes:52 no:22 | next in 30s
2026-08-02 10:38:44,500 - INFO - [SCREENER] 101 markets in 14.3s | yes:52 no:24 | next in 30s
2026-08-02 10:38:46,913 - ERROR - [py_clob_client_v2] request error: [SSL: UNEXPECTED_EOF_WHILE_READING] EOF occurred in violation of protocol (_ssl.c:1000)
2026-08-02 10:38:47,325 - ERROR - [HEARTBEAT] 失败 (连续 1 次): 401 Client Error: Unauthorized for url: https://clob.polymarket.com/v1/heartbeats
2026-08-02 10:39:07,906 - ERROR - [py_clob_client_v2] request error: [SSL: UNEXPECTED_EOF_WHILE_READING] EOF occurred in violation of protocol (_ssl.c:1000)
2026-08-02 10:39:08,334 - ERROR - [HEARTBEAT] 失败 (连续 1 次): 401 Client Error: Unauthorized for url: https://clob.polymarket.com/v1/heartbeats
2026-08-02 10:39:14,714 - INFO - [SCREENER] 101 markets in 6.5s | yes:53 no:23 | next in 30s
2026-08-02 10:39:15,801 - WARNING - [AUDIT] 3393388919389587 订单丢失纠偏
2026-08-02 10:39:15,802 - WARNING - [AUDIT] 1141807591324228 订单丢失纠偏
2026-08-02 10:39:15,802 - WARNING - [AUDIT] 3013555906196480 订单丢失纠偏
2026-08-02 10:39:15,802 - WARNING - [AUDIT] 6264966702495633 订单丢失纠偏
2026-08-02 10:39:15,802 - WARNING - [AUDIT] 1024013626581953 订单丢失纠偏
2026-08-02 10:39:15,803 - WARNING - [AUDIT] 5784532344325291 订单丢失纠偏
2026-08-02 10:39:15,803 - WARNING - [AUDIT] 2554076350748580 订单丢失纠偏
2026-08-02 10:39:15,803 - WARNING - [AUDIT] 8228846311781475 订单丢失纠偏
2026-08-02 10:39:15,804 - WARNING - [AUDIT] 1404384484295473 订单丢失纠偏
2026-08-02 10:39:54,663 - INFO - [SCREENER] 100 markets in 6.6s | yes:52 no:23 | next in 30s
2026-08-02 10:40:33,342 - INFO - [SCREENER] 101 markets in 7.6s | yes:53 no:23 | next in 30s
2026-08-02 10:40:36,158 - ERROR - [py_clob_client_v2] request error: [SSL: UNEXPECTED_EOF_WHILE_READING] EOF occurred in violation of protocol (_ssl.c:1000)
2026-08-02 10:40:36,639 - ERROR - [HEARTBEAT] 失败 (连续 1 次): 401 Client Error: Unauthorized for url: https://clob.polymarket.com/v1/heartbeats
2026-08-02 10:41:05,227 - INFO - [SCREENER] 102 markets in 8.0s | yes:56 no:21 | next in 30s
2026-08-02 10:41:17,078 - WARNING - [AUDIT] 1012312022189723 订单丢失纠偏
2026-08-02 10:41:17,079 - WARNING - [AUDIT] 1016861883670799 订单丢失纠偏
2026-08-02 10:41:17,080 - WARNING - [AUDIT] 2931629179384381 订单丢失纠偏
2026-08-02 10:41:17,080 - WARNING - [AUDIT] 1040070068925496 订单丢失纠偏
2026-08-02 10:41:17,081 - WARNING - [AUDIT] 2540412876613684 订单丢失纠偏
2026-08-02 10:41:17,081 - WARNING - [AUDIT] 2504049173922608 订单丢失纠偏
2026-08-02 10:41:17,081 - WARNING - [AUDIT] 9650640438892016 订单丢失纠偏
2026-08-02 10:41:17,082 - WARNING - [AUDIT] 1286131942036290 订单丢失纠偏
2026-08-02 10:41:17,082 - WARNING - [AUDIT] 7449362386332492 订单丢失纠偏
2026-08-02 10:41:17,082 - WARNING - [AUDIT] 4509625010772837 订单丢失纠偏
2026-08-02 10:41:17,082 - WARNING - [AUDIT] 9098766676952057 订单丢失纠偏
2026-08-02 10:41:17,082 - WARNING - [AUDIT] 8711246570211379 订单丢失纠偏
2026-08-02 10:41:17,083 - WARNING - [AUDIT] 1032006299324973 订单丢失纠偏
2026-08-02 10:41:17,083 - WARNING - [AUDIT] 8071034618251825 订单丢失纠偏
2026-08-02 10:41:17,083 - WARNING - [AUDIT] 1097972663079309 订单丢失纠偏
2026-08-02 10:41:17,083 - WARNING - [AUDIT] 1030437601221276 订单丢失纠偏
2026-08-02 10:41:17,083 - WARNING - [AUDIT] 4651348273860366 订单丢失纠偏
2026-08-02 10:41:17,083 - WARNING - [AUDIT] 1012708966570768 订单丢失纠偏
2026-08-02 10:41:17,083 - WARNING - [AUDIT] 6050404526417288 订单丢失纠偏
2026-08-02 10:41:17,084 - WARNING - [AUDIT] 8188163919804488 订单丢失纠偏
2026-08-02 10:41:17,084 - WARNING - [AUDIT] 2507426886711862 订单丢失纠偏
2026-08-02 10:41:17,085 - WARNING - [AUDIT] 9267674934686014 订单丢失纠偏
2026-08-02 10:41:17,085 - WARNING - [AUDIT] 6729075146352657 订单丢失纠偏
2026-08-02 10:41:17,085 - WARNING - [AUDIT] 7534297012306341 订单丢失纠偏
2026-08-02 10:41:17,085 - WARNING - [AUDIT] 9671289656064219 订单丢失纠偏
2026-08-02 10:41:17,085 - WARNING - [AUDIT] 1131349159365005 订单丢失纠偏
2026-08-02 10:41:17,085 - WARNING - [AUDIT] 9850982701736726 订单丢失纠偏
2026-08-02 10:41:17,085 - WARNING - [AUDIT] 6377929610712956 订单丢失纠偏
2026-08-02 10:41:17,085 - WARNING - [AUDIT] 6264469913402155 订单丢失纠偏
2026-08-02 10:41:17,085 - WARNING - [AUDIT] 1028866880986432 订单丢失纠偏
2026-08-02 10:41:17,085 - WARNING - [AUDIT] 7218838016638313 订单丢失纠偏
2026-08-02 10:41:17,087 - WARNING - [AUDIT] 5871258914307391 订单丢失纠偏
2026-08-02 10:41:17,088 - WARNING - [AUDIT] 8343787669814337 订单丢失纠偏
2026-08-02 10:41:17,088 - WARNING - [AUDIT] 2011341284551955 订单丢失纠偏
2026-08-02 10:41:17,088 - WARNING - [AUDIT] 1650518114172737 订单丢失纠偏
2026-08-02 10:41:17,088 - WARNING - [AUDIT] 1068161458391412 订单丢失纠偏
2026-08-02 10:41:17,088 - WARNING - [AUDIT] 3078568200620284 订单丢失纠偏
2026-08-02 10:41:17,088 - WARNING - [AUDIT] 1112818797963556 订单丢失纠偏
2026-08-02 10:41:17,088 - WARNING - [AUDIT] 6985283322451505 订单丢失纠偏
2026-08-02 10:41:17,089 - WARNING - [AUDIT] 4528346946170983 订单丢失纠偏
2026-08-02 10:41:17,089 - WARNING - [AUDIT] 1131579682711421 订单丢失纠偏
2026-08-02 10:41:17,089 - WARNING - [AUDIT] 1040376540533216 订单丢失纠偏
2026-08-02 10:41:17,089 - WARNING - [AUDIT] 3678275121283001 订单丢失纠偏
2026-08-02 10:41:17,090 - WARNING - [AUDIT] 7354666106171593 订单丢失纠偏
2026-08-02 10:41:17,090 - WARNING - [AUDIT] 1082314225736461 订单丢失纠偏
2026-08-02 10:41:17,090 - WARNING - [AUDIT] 6306746792115750 订单丢失纠偏
2026-08-02 10:41:17,090 - WARNING - [AUDIT] 3458722584047023 订单丢失纠偏
2026-08-02 10:41:17,090 - WARNING - [AUDIT] 1113727237633198 订单丢失纠偏
2026-08-02 10:41:17,090 - WARNING - [AUDIT] 5788667258485827 订单丢失纠偏
2026-08-02 10:41:17,090 - WARNING - [AUDIT] 5338844811683397 订单丢失纠偏
2026-08-02 10:41:17,090 - WARNING - [AUDIT] 3765295185177708 订单丢失纠偏
2026-08-02 10:41:17,090 - WARNING - [AUDIT] 2563320167677268 订单丢失纠偏
2026-08-02 10:41:17,091 - WARNING - [AUDIT] 9630186204426031 订单丢失纠偏
2026-08-02 10:41:17,091 - WARNING - [AUDIT] 8027808051614500 订单丢失纠偏
2026-08-02 10:41:17,091 - WARNING - [AUDIT] 1105008437007383 订单丢失纠偏
2026-08-02 10:41:17,091 - WARNING - [AUDIT] 4158272995564500 订单丢失纠偏
2026-08-02 10:41:17,091 - WARNING - [AUDIT] 3186964493822627 订单丢失纠偏
2026-08-02 10:41:17,091 - WARNING - [AUDIT] 1115462647168778 订单丢失纠偏
2026-08-02 10:41:17,091 - WARNING - [AUDIT] 8520248804100866 订单丢失纠偏
2026-08-02 10:41:17,091 - WARNING - [AUDIT] 1965648286691718 订单丢失纠偏
2026-08-02 10:41:17,091 - WARNING - [AUDIT] 9421526033893170 订单丢失纠偏
2026-08-02 10:41:17,091 - WARNING - [AUDIT] 1130334525449621 订单丢失纠偏
2026-08-02 10:41:17,092 - WARNING - [AUDIT] 1011765749355830 订单丢失纠偏
2026-08-02 10:41:17,092 - WARNING - [AUDIT] 4241218821484315 订单丢失纠偏
2026-08-02 10:41:17,092 - WARNING - [AUDIT] 9237895826239872 订单丢失纠偏
2026-08-02 10:41:59,352 - INFO - [SCREENER] 101 markets in 31.0s | yes:52 no:21 | next in 30s
2026-08-02 10:42:04,920 - ERROR - [POLL] 批量查询异常: HTTPSConnectionPool(host='clob.polymarket.com', port=443): Max retries exceeded with url: /books (Caused by SSLError(SSLEOFError(8, '[SSL: UNEXPECTED_EOF_WHILE_READING] EOF occurred in violation of protocol (_ssl.c:1000)')))
2026-08-02 10:42:28,797 - INFO - [SCREENER] 101 markets in 13.9s | yes:51 no:22 | next in 30s
2026-08-02 10:42:57,028 - INFO - [SCREENER] 100 markets in 6.9s | yes:51 no:21 | next in 30s
2026-08-02 10:43:38,522 - INFO - [SCREENER] 101 markets in 8.5s | yes:52 no:21 | next in 30s
2026-08-02 10:44:16,199 - INFO - [SCREENER] 101 markets in 6.9s | yes:51 no:21 | next in 30s
2026-08-02 10:44:53,525 - INFO - [SCREENER] 100 markets in 6.3s | yes:49 no:21 | next in 30s
2026-08-02 10:45:31,401 - INFO - [SCREENER] 100 markets in 6.9s | yes:52 no:21 | next in 30s
2026-08-02 10:46:01,341 - INFO - [SCREENER] 99 markets in 6.7s | yes:54 no:22 | next in 30s
2026-08-02 10:46:46,643 - INFO - [SCREENER] 104 markets in 14.5s | yes:56 no:25 | next in 30s
2026-08-02 10:47:21,926 - INFO - [SCREENER] 103 markets in 14.0s | yes:56 no:24 | next in 30s
2026-08-02 10:47:37,395 - ERROR - [POLL] 批量查询异常: HTTPSConnectionPool(host='clob.polymarket.com', port=443): Max retries exceeded with url: /books (Caused by SSLError(SSLEOFError(8, '[SSL: UNEXPECTED_EOF_WHILE_READING] EOF occurred in violation of protocol (_ssl.c:1000)')))
2026-08-02 10:47:56,402 - INFO - [SCREENER] 102 markets in 6.7s | yes:55 no:25 | next in 30s
2026-08-02 10:48:11,663 - ERROR - [POLL] 批量查询异常: HTTPSConnectionPool(host='clob.polymarket.com', port=443): Max retries exceeded with url: /books (Caused by SSLError(SSLEOFError(8, '[SSL: UNEXPECTED_EOF_WHILE_READING] EOF occurred in violation of protocol (_ssl.c:1000)')))
2026-08-02 10:48:14,705 - ERROR - [py_clob_client_v2] request error: [SSL: UNEXPECTED_EOF_WHILE_READING] EOF occurred in violation of protocol (_ssl.c:1000)
2026-08-02 10:48:15,206 - ERROR - [HEARTBEAT] 失败 (连续 1 次): 401 Client Error: Unauthorized for url: https://clob.polymarket.com/v1/heartbeats
2026-08-02 10:48:19,714 - ERROR - [py_clob_client_v2] request error: [SSL: UNEXPECTED_EOF_WHILE_READING] EOF occurred in violation of protocol (_ssl.c:1000)
2026-08-02 10:48:19,715 - ERROR - 获取订单簿失败: 57845323443252919875... | PolyApiException[status_code=None, error_message=Request exception!]
2026-08-02 10:48:20,669 - WARNING - [RETRY] 5784532344325291 bids不足2档，10s后重试
2026-08-02 10:48:36,430 - INFO - [SCREENER] 102 markets in 14.8s | yes:55 no:24 | next in 30s
2026-08-02 10:48:37,784 - ERROR - [BATCH CANCEL FAIL] 0xeadc3c7bc039a0c800... | order can't be found - already canceled or matched
2026-08-02 10:48:38,541 - ERROR - [BATCH CANCEL] 5175763070794223 取消结果不明，回退 RESTING 等 audit 确认 | oid=0xeadc3c7bc039a0c800
2026-08-02 10:49:19,926 - INFO - [SCREENER] 102 markets in 22.4s | yes:57 no:24 | next in 30s
2026-08-02 10:49:25,187 - ERROR - [POLL] 批量查询异常: HTTPSConnectionPool(host='clob.polymarket.com', port=443): Max retries exceeded with url: /books (Caused by SSLError(SSLEOFError(8, '[SSL: UNEXPECTED_EOF_WHILE_READING] EOF occurred in violation of protocol (_ssl.c:1000)')))
2026-08-02 10:49:25,454 - ERROR - [BATCH CANCEL FAIL] 0xe261a1f940cdd9c931... | order can't be found - already canceled or matched
2026-08-02 10:49:26,190 - ERROR - [BATCH CANCEL] 9421526033893170 取消结果不明，回退 RESTING 等 audit 确认 | oid=0xe261a1f940cdd9c931
2026-08-02 10:49:50,963 - INFO - [SCREENER] 101 markets in 15.8s | yes:56 no:25 | next in 30s
2026-08-02 10:49:55,968 - ERROR - [py_clob_client_v2] request error: _ssl.c:983: The handshake operation timed out
2026-08-02 10:49:55,969 - ERROR - 查询订单失败: PolyApiException[status_code=None, error_message=Request exception!]
2026-08-02 10:49:55,969 - ERROR - [DISCOVER] 订单查询失败，跳过本周期
2026-08-02 10:49:57,537 - WARNING - [AUDIT] 1012312022189723 订单丢失纠偏
2026-08-02 10:49:57,538 - WARNING - [AUDIT] 1016861883670799 订单丢失纠偏
2026-08-02 10:49:57,538 - WARNING - [AUDIT] 2931629179384381 订单丢失纠偏
2026-08-02 10:49:57,538 - WARNING - [AUDIT] 1040070068925496 订单丢失纠偏
2026-08-02 10:49:57,538 - WARNING - [AUDIT] 2540412876613684 订单丢失纠偏
2026-08-02 10:49:57,538 - WARNING - [AUDIT] 2504049173922608 订单丢失纠偏
2026-08-02 10:49:57,538 - WARNING - [AUDIT] 9650640438892016 订单丢失纠偏
2026-08-02 10:49:57,539 - WARNING - [AUDIT] 1286131942036290 订单丢失纠偏
2026-08-02 10:49:57,539 - WARNING - [AUDIT] 7449362386332492 订单丢失纠偏
2026-08-02 10:49:57,539 - WARNING - [AUDIT] 4509625010772837 订单丢失纠偏
2026-08-02 10:49:57,539 - WARNING - [AUDIT] 9098766676952057 订单丢失纠偏
2026-08-02 10:49:57,539 - WARNING - [AUDIT] 8711246570211379 订单丢失纠偏
2026-08-02 10:49:57,539 - WARNING - [AUDIT] 1032006299324973 订单丢失纠偏
2026-08-02 10:49:57,539 - WARNING - [AUDIT] 8071034618251825 订单丢失纠偏
2026-08-02 10:49:57,539 - WARNING - [AUDIT] 1097972663079309 订单丢失纠偏
2026-08-02 10:49:57,540 - WARNING - [AUDIT] 1030437601221276 订单丢失纠偏
2026-08-02 10:49:57,540 - WARNING - [AUDIT] 4651348273860366 订单丢失纠偏
2026-08-02 10:49:57,540 - WARNING - [AUDIT] 1012708966570768 订单丢失纠偏
2026-08-02 10:49:57,540 - WARNING - [AUDIT] 8188163919804488 订单丢失纠偏
2026-08-02 10:49:57,540 - WARNING - [AUDIT] 2507426886711862 订单丢失纠偏
2026-08-02 10:49:57,540 - WARNING - [AUDIT] 9267674934686014 订单丢失纠偏
2026-08-02 10:49:57,540 - WARNING - [AUDIT] 6729075146352657 订单丢失纠偏
2026-08-02 10:49:57,540 - WARNING - [AUDIT] 7534297012306341 订单丢失纠偏
2026-08-02 10:49:57,540 - WARNING - [AUDIT] 9671289656064219 订单丢失纠偏
2026-08-02 10:49:57,540 - WARNING - [AUDIT] 1131349159365005 订单丢失纠偏
2026-08-02 10:49:57,540 - WARNING - [AUDIT] 9850982701736726 订单丢失纠偏
2026-08-02 10:49:57,540 - WARNING - [AUDIT] 6377929610712956 订单丢失纠偏
2026-08-02 10:49:57,540 - WARNING - [AUDIT] 6264469913402155 订单丢失纠偏
2026-08-02 10:49:57,541 - WARNING - [AUDIT] 1028866880986432 订单丢失纠偏
2026-08-02 10:49:57,541 - WARNING - [AUDIT] 7218838016638313 订单丢失纠偏
2026-08-02 10:49:57,541 - WARNING - [AUDIT] 5871258914307391 订单丢失纠偏
2026-08-02 10:49:57,541 - WARNING - [AUDIT] 8343787669814337 订单丢失纠偏
2026-08-02 10:49:57,541 - WARNING - [AUDIT] 2011341284551955 订单丢失纠偏
2026-08-02 10:49:57,541 - WARNING - [AUDIT] 1068161458391412 订单丢失纠偏
2026-08-02 10:49:57,541 - WARNING - [AUDIT] 3078568200620284 订单丢失纠偏
2026-08-02 10:49:57,541 - WARNING - [AUDIT] 1112818797963556 订单丢失纠偏
2026-08-02 10:49:57,541 - WARNING - [AUDIT] 6985283322451505 订单丢失纠偏
2026-08-02 10:49:57,541 - WARNING - [AUDIT] 4528346946170983 订单丢失纠偏
2026-08-02 10:49:57,541 - WARNING - [AUDIT] 1131579682711421 订单丢失纠偏
2026-08-02 10:49:57,541 - WARNING - [AUDIT] 1040376540533216 订单丢失纠偏
2026-08-02 10:49:57,541 - WARNING - [AUDIT] 3678275121283001 订单丢失纠偏
2026-08-02 10:49:57,541 - WARNING - [AUDIT] 7354666106171593 订单丢失纠偏
2026-08-02 10:49:57,541 - WARNING - [AUDIT] 1082314225736461 订单丢失纠偏
2026-08-02 10:49:57,542 - WARNING - [AUDIT] 6306746792115750 订单丢失纠偏
2026-08-02 10:49:57,542 - WARNING - [AUDIT] 3458722584047023 订单丢失纠偏
2026-08-02 10:49:57,542 - WARNING - [AUDIT] 1113727237633198 订单丢失纠偏
2026-08-02 10:49:57,542 - WARNING - [AUDIT] 5788667258485827 订单丢失纠偏
2026-08-02 10:49:57,542 - WARNING - [AUDIT] 5338844811683397 订单丢失纠偏
2026-08-02 10:49:57,542 - WARNING - [AUDIT] 3765295185177708 订单丢失纠偏
2026-08-02 10:49:57,542 - WARNING - [AUDIT] 2563320167677268 订单丢失纠偏
2026-08-02 10:49:57,542 - WARNING - [AUDIT] 9630186204426031 订单丢失纠偏
2026-08-02 10:49:57,542 - WARNING - [AUDIT] 1105008437007383 订单丢失纠偏
2026-08-02 10:49:57,542 - WARNING - [AUDIT] 3186964493822627 订单丢失纠偏
2026-08-02 10:49:57,543 - WARNING - [AUDIT] 1141807591324228 订单丢失纠偏
2026-08-02 10:49:57,543 - WARNING - [AUDIT] 6264966702495633 订单丢失纠偏
2026-08-02 10:49:57,543 - WARNING - [AUDIT] 1024013626581953 订单丢失纠偏
2026-08-02 10:49:57,543 - WARNING - [AUDIT] 8228846311781475 订单丢失纠偏
2026-08-02 10:49:57,543 - WARNING - [AUDIT] 1404384484295473 订单丢失纠偏
2026-08-02 10:49:57,543 - WARNING - [AUDIT] 9421526033893170 订单丢失纠偏
2026-08-02 10:49:57,543 - WARNING - [AUDIT] 1130334525449621 订单丢失纠偏
2026-08-02 10:49:57,543 - WARNING - [AUDIT] 1011765749355830 订单丢失纠偏
2026-08-02 10:49:57,543 - WARNING - [AUDIT] 4241218821484315 订单丢失纠偏
2026-08-02 10:49:57,543 - WARNING - [AUDIT] 9237895826239872 订单丢失纠偏
2026-08-02 10:49:57,543 - WARNING - [AUDIT] 5285693289453636 订单丢失纠偏
2026-08-02 10:49:57,543 - WARNING - [AUDIT] 8286161144980862 订单丢失纠偏
2026-08-02 10:49:57,543 - WARNING - [AUDIT] 3606385791936483 订单丢失纠偏
2026-08-02 10:49:57,543 - WARNING - [AUDIT] 5175763070794223 订单丢失纠偏
2026-08-02 10:49:57,543 - WARNING - [AUDIT] 7717208126253081 订单丢失纠偏
2026-08-02 10:49:57,545 - WARNING - [AUDIT] 1551987873355473 订单丢失纠偏
2026-08-02 10:49:57,545 - WARNING - [AUDIT] 1119094577730008 订单丢失纠偏
2026-08-02 10:49:57,545 - WARNING - [AUDIT] 4609008681435171 订单丢失纠偏
2026-08-02 10:49:57,545 - WARNING - [AUDIT] 4458000690662770 订单丢失纠偏
2026-08-02 10:49:57,545 - WARNING - [AUDIT] 4023752716982849 订单丢失纠偏
2026-08-02 10:49:57,545 - WARNING - [AUDIT] 6060669446213144 订单丢失纠偏
2026-08-02 10:50:02,550 - ERROR - 查询持仓失败: HTTPSConnectionPool(host='data-api.polymarket.com', port=443): Max retries exceeded with url: /positions?user=0x304bf40e9e50c265f6dd86417707d5b41d8ea619&sizeThreshold=1.0 (Caused by SSLError(SSLEOFError(8, '[SSL: UNEXPECTED_EOF_WHILE_READING] EOF occurred in violation of protocol (_ssl.c:1000)')))
2026-08-02 10:50:30,855 - ERROR - [py_clob_client_v2] request error: [SSL: UNEXPECTED_EOF_WHILE_READING] EOF occurred in violation of protocol (_ssl.c:1000)
2026-08-02 10:50:31,372 - ERROR - [HEARTBEAT] 失败 (连续 1 次): 401 Client Error: Unauthorized for url: https://clob.polymarket.com/v1/heartbeats
2026-08-02 10:50:35,954 - INFO - [SCREENER] 100 markets in 23.4s | yes:57 no:26 | next in 30s
2026-08-02 10:51:00,420 - INFO - [SCREENER] 100 markets in 13.6s | yes:55 no:24 | next in 30s
2026-08-02 10:51:27,959 - INFO - [SCREENER] 101 markets in 6.5s | yes:53 no:27 | next in 30s
2026-08-02 10:51:38,974 - WARNING - [AUDIT] 5784532344325291 订单丢失纠偏
2026-08-02 10:51:38,974 - WARNING - [AUDIT] 1090889566703495 订单丢失纠偏
2026-08-02 10:51:38,975 - WARNING - [AUDIT] 6618369461304206 订单丢失纠偏
2026-08-02 10:51:38,976 - WARNING - [AUDIT] 1650518114172737 订单丢失纠偏
2026-08-02 10:51:58,392 - ERROR - [py_clob_client_v2] request error: Server disconnected
2026-08-02 10:51:58,392 - ERROR - [py_clob_client_v2] request error: Server disconnected
2026-08-02 10:51:58,393 - ERROR - 获取订单簿失败: 87112465702113794188... | PolyApiException[status_code=None, error_message=Request exception!]
2026-08-02 10:51:58,393 - ERROR - [py_clob_client_v2] request error: Server disconnected
2026-08-02 10:51:58,393 - ERROR - 获取订单簿失败: 90987666769520579019... | PolyApiException[status_code=None, error_message=Request exception!]
2026-08-02 10:51:58,393 - ERROR - [py_clob_client_v2] request error: Server disconnected
2026-08-02 10:51:58,395 - ERROR - [py_clob_client_v2] request error: Server disconnected
2026-08-02 10:51:58,395 - ERROR - 获取订单簿失败: 10320062993249731101... | PolyApiException[status_code=None, error_message=Request exception!]
2026-08-02 10:51:58,395 - ERROR - 获取订单簿失败: 80710346182518254737... | PolyApiException[status_code=None, error_message=Request exception!]
2026-08-02 10:51:58,395 - ERROR - 获取订单簿失败: 10979726630793092412... | PolyApiException[status_code=None, error_message=Request exception!]
2026-08-02 10:51:59,075 - WARNING - [RETRY] 9098766676952057 bids不足2档，10s后重试
2026-08-02 10:51:59,077 - WARNING - [RETRY] 8711246570211379 bids不足2档，10s后重试
2026-08-02 10:51:59,077 - WARNING - [RETRY] 1032006299324973 bids不足2档，10s后重试
2026-08-02 10:51:59,077 - WARNING - [RETRY] 8071034618251825 bids不足2档，10s后重试
2026-08-02 10:51:59,080 - WARNING - [RETRY] 1097972663079309 bids不足2档，10s后重试
2026-08-02 10:52:07,624 - INFO - [SCREENER] 103 markets in 6.5s | yes:52 no:26 | next in 30s
2026-08-02 10:52:26,884 - ERROR - [py_clob_client_v2] request error: [SSL: UNEXPECTED_EOF_WHILE_READING] EOF occurred in violation of protocol (_ssl.c:1000)
2026-08-02 10:52:26,885 - ERROR - 获取订单簿失败: 12224380669112959876... | PolyApiException[status_code=None, error_message=Request exception!]
2026-08-02 10:52:28,463 - WARNING - [RETRY] 1222438066911295 bids不足2档，10s后重试
2026-08-02 10:52:45,570 - INFO - [SCREENER] 104 markets in 7.1s | yes:53 no:27 | next in 30s
2026-08-02 10:53:23,745 - INFO - [SCREENER] 103 markets in 7.3s | yes:52 no:25 | next in 30s
2026-08-02 10:53:59,115 - ERROR - [py_clob_client_v2] request error: [SSL: UNEXPECTED_EOF_WHILE_READING] EOF occurred in violation of protocol (_ssl.c:1000)
2026-08-02 10:53:59,116 - ERROR - [BATCH CANCEL ERR] 1 条 | PolyApiException[status_code=None, error_message=Request exception!]
2026-08-02 10:54:04,292 - INFO - [SCREENER] 104 markets in 7.2s | yes:54 no:25 | next in 30s
2026-08-02 10:54:04,961 - ERROR - [BATCH CANCEL] 1965648286691718 取消结果不明，回退 RESTING 等 audit 确认 | oid=0x7ddd6e45ebfc21e13d
2026-08-02 10:54:24,752 - ERROR - [py_clob_client_v2] request error: [SSL: UNEXPECTED_EOF_WHILE_READING] EOF occurred in violation of protocol (_ssl.c:1000)
2026-08-02 10:54:24,753 - ERROR - 获取订单簿失败: 11190945777300083007... | PolyApiException[status_code=None, error_message=Request exception!]
2026-08-02 10:54:25,748 - WARNING - [RETRY] 1119094577730008 bids不足2档，10s后重试
2026-08-02 10:54:57,228 - INFO - [SCREENER] 102 markets in 21.5s | yes:56 no:26 | next in 30s
2026-08-02 10:55:02,680 - ERROR - [POLL] 批量查询异常: HTTPSConnectionPool(host='clob.polymarket.com', port=443): Max retries exceeded with url: /books (Caused by SSLError(SSLEOFError(8, '[SSL: UNEXPECTED_EOF_WHILE_READING] EOF occurred in violation of protocol (_ssl.c:1000)')))
2026-08-02 10:55:19,375 - INFO - [SCREENER] 103 markets in 6.7s | yes:57 no:24 | next in 30s
2026-08-02 10:56:04,784 - INFO - [SCREENER] 105 markets in 14.2s | yes:55 no:22 | next in 30s
2026-08-02 10:56:06,235 - WARNING - [AUDIT] 1012312022189723 订单丢失纠偏
2026-08-02 10:56:06,236 - WARNING - [AUDIT] 1016861883670799 订单丢失纠偏
2026-08-02 10:56:06,236 - WARNING - [AUDIT] 2931629179384381 订单丢失纠偏
2026-08-02 10:56:06,237 - WARNING - [AUDIT] 1040070068925496 订单丢失纠偏
2026-08-02 10:56:06,237 - WARNING - [AUDIT] 2540412876613684 订单丢失纠偏
2026-08-02 10:56:06,237 - WARNING - [AUDIT] 2504049173922608 订单丢失纠偏
2026-08-02 10:56:06,239 - WARNING - [AUDIT] 9650640438892016 订单丢失纠偏
2026-08-02 10:56:06,239 - WARNING - [AUDIT] 1286131942036290 订单丢失纠偏
2026-08-02 10:56:06,240 - WARNING - [AUDIT] 7449362386332492 订单丢失纠偏
2026-08-02 10:56:06,240 - WARNING - [AUDIT] 4509625010772837 订单丢失纠偏
2026-08-02 10:56:06,241 - WARNING - [AUDIT] 9098766676952057 订单丢失纠偏
2026-08-02 10:56:06,241 - WARNING - [AUDIT] 1032006299324973 订单丢失纠偏
2026-08-02 10:56:06,241 - WARNING - [AUDIT] 8071034618251825 订单丢失纠偏
2026-08-02 10:56:06,241 - WARNING - [AUDIT] 1097972663079309 订单丢失纠偏
2026-08-02 10:56:06,241 - WARNING - [AUDIT] 1030437601221276 订单丢失纠偏
2026-08-02 10:56:06,241 - WARNING - [AUDIT] 4651348273860366 订单丢失纠偏
2026-08-02 10:56:06,241 - WARNING - [AUDIT] 1012708966570768 订单丢失纠偏
2026-08-02 10:56:06,241 - WARNING - [AUDIT] 8188163919804488 订单丢失纠偏
2026-08-02 10:56:06,242 - WARNING - [AUDIT] 2507426886711862 订单丢失纠偏
2026-08-02 10:56:06,242 - WARNING - [AUDIT] 9267674934686014 订单丢失纠偏
2026-08-02 10:56:06,242 - WARNING - [AUDIT] 6729075146352657 订单丢失纠偏
2026-08-02 10:56:06,242 - WARNING - [AUDIT] 7534297012306341 订单丢失纠偏
2026-08-02 10:56:06,243 - WARNING - [AUDIT] 9671289656064219 订单丢失纠偏
2026-08-02 10:56:06,243 - WARNING - [AUDIT] 1131349159365005 订单丢失纠偏
2026-08-02 10:56:06,243 - WARNING - [AUDIT] 9850982701736726 订单丢失纠偏
2026-08-02 10:56:06,243 - WARNING - [AUDIT] 6377929610712956 订单丢失纠偏
2026-08-02 10:56:06,244 - WARNING - [AUDIT] 6264469913402155 订单丢失纠偏
2026-08-02 10:56:06,244 - WARNING - [AUDIT] 1028866880986432 订单丢失纠偏
2026-08-02 10:56:06,244 - WARNING - [AUDIT] 7218838016638313 订单丢失纠偏
2026-08-02 10:56:06,244 - WARNING - [AUDIT] 5871258914307391 订单丢失纠偏
2026-08-02 10:56:06,244 - WARNING - [AUDIT] 8343787669814337 订单丢失纠偏
2026-08-02 10:56:06,244 - WARNING - [AUDIT] 2011341284551955 订单丢失纠偏
2026-08-02 10:56:06,244 - WARNING - [AUDIT] 1068161458391412 订单丢失纠偏
2026-08-02 10:56:06,244 - WARNING - [AUDIT] 3078568200620284 订单丢失纠偏
2026-08-02 10:56:06,245 - WARNING - [AUDIT] 1112818797963556 订单丢失纠偏
2026-08-02 10:56:06,245 - WARNING - [AUDIT] 6985283322451505 订单丢失纠偏
2026-08-02 10:56:06,245 - WARNING - [AUDIT] 4528346946170983 订单丢失纠偏
2026-08-02 10:56:06,245 - WARNING - [AUDIT] 1131579682711421 订单丢失纠偏
2026-08-02 10:56:06,246 - WARNING - [AUDIT] 1040376540533216 订单丢失纠偏
2026-08-02 10:56:06,246 - WARNING - [AUDIT] 3678275121283001 订单丢失纠偏
2026-08-02 10:56:06,246 - WARNING - [AUDIT] 1082314225736461 订单丢失纠偏
2026-08-02 10:56:06,246 - WARNING - [AUDIT] 6306746792115750 订单丢失纠偏
2026-08-02 10:56:06,246 - WARNING - [AUDIT] 1113727237633198 订单丢失纠偏
2026-08-02 10:56:06,246 - WARNING - [AUDIT] 5788667258485827 订单丢失纠偏
2026-08-02 10:56:06,246 - WARNING - [AUDIT] 5338844811683397 订单丢失纠偏
2026-08-02 10:56:06,246 - WARNING - [AUDIT] 2563320167677268 订单丢失纠偏
2026-08-02 10:56:06,246 - WARNING - [AUDIT] 9630186204426031 订单丢失纠偏
2026-08-02 10:56:06,246 - WARNING - [AUDIT] 1105008437007383 订单丢失纠偏
2026-08-02 10:56:06,246 - WARNING - [AUDIT] 3186964493822627 订单丢失纠偏
2026-08-02 10:56:06,246 - WARNING - [AUDIT] 1141807591324228 订单丢失纠偏
2026-08-02 10:56:06,246 - WARNING - [AUDIT] 1024013626581953 订单丢失纠偏
2026-08-02 10:56:06,247 - WARNING - [AUDIT] 8228846311781475 订单丢失纠偏
2026-08-02 10:56:06,247 - WARNING - [AUDIT] 1011765749355830 订单丢失纠偏
2026-08-02 10:56:06,247 - WARNING - [AUDIT] 4241218821484315 订单丢失纠偏
2026-08-02 10:56:06,247 - WARNING - [AUDIT] 9237895826239872 订单丢失纠偏
2026-08-02 10:56:06,247 - WARNING - [AUDIT] 5285693289453636 订单丢失纠偏
2026-08-02 10:56:06,247 - WARNING - [AUDIT] 8286161144980862 订单丢失纠偏
2026-08-02 10:56:06,247 - WARNING - [AUDIT] 7717208126253081 订单丢失纠偏
2026-08-02 10:56:06,247 - WARNING - [AUDIT] 1551987873355473 订单丢失纠偏
2026-08-02 10:56:06,247 - WARNING - [AUDIT] 4609008681435171 订单丢失纠偏
2026-08-02 10:56:06,247 - WARNING - [AUDIT] 4023752716982849 订单丢失纠偏
2026-08-02 10:56:06,247 - WARNING - [AUDIT] 5784532344325291 订单丢失纠偏
2026-08-02 10:56:06,247 - WARNING - [AUDIT] 1090889566703495 订单丢失纠偏
2026-08-02 10:56:06,247 - WARNING - [AUDIT] 1650518114172737 订单丢失纠偏
2026-08-02 10:56:06,247 - WARNING - [AUDIT] 2609207164579597 订单丢失纠偏
2026-08-02 10:56:06,247 - WARNING - [AUDIT] 3013555906196480 订单丢失纠偏
2026-08-02 10:56:06,247 - WARNING - [AUDIT] 7994415301706124 订单丢失纠偏
2026-08-02 10:56:06,247 - WARNING - [AUDIT] 1115462647168778 订单丢失纠偏
2026-08-02 10:56:06,247 - WARNING - [AUDIT] 1102381826783590 订单丢失纠偏
2026-08-02 10:56:06,247 - WARNING - [AUDIT] 1965648286691718 订单丢失纠偏
2026-08-02 10:56:11,254 - ERROR - 查询持仓失败: HTTPSConnectionPool(host='data-api.polymarket.com', port=443): Max retries exceeded with url: /positions?user=0x304bf40e9e50c265f6dd86417707d5b41d8ea619&sizeThreshold=1.0 (Caused by SSLError(SSLEOFError(8, '[SSL: UNEXPECTED_EOF_WHILE_READING] EOF occurred in violation of protocol (_ssl.c:1000)')))
2026-08-02 10:56:35,234 - ERROR - [py_clob_client_v2] request error: [SSL: UNEXPECTED_EOF_WHILE_READING] EOF occurred in violation of protocol (_ssl.c:1000)
2026-08-02 10:56:35,738 - ERROR - [HEARTBEAT] 失败 (连续 1 次): 401 Client Error: Unauthorized for url: https://clob.polymarket.com/v1/heartbeats
2026-08-02 10:56:42,364 - INFO - [SCREENER] 103 markets in 21.1s | yes:56 no:21 | next in 30s
2026-08-02 10:57:23,313 - INFO - [SCREENER] 104 markets in 29.9s | yes:56 no:22 | next in 30s
2026-08-02 10:57:26,196 - ERROR - [py_clob_client_v2] request error: [SSL: UNEXPECTED_EOF_WHILE_READING] EOF occurred in violation of protocol (_ssl.c:1000)
2026-08-02 10:57:31,207 - ERROR - [HEARTBEAT] 失败 (连续 1 次): HTTPSConnectionPool(host='clob.polymarket.com', port=443): Max retries exceeded with url: /v1/heartbeats (Caused by SSLError(SSLEOFError(8, '[SSL: UNEXPECTED_EOF_WHILE_READING] EOF occurred in violation of protocol (_ssl.c:1000)')))
2026-08-02 10:57:32,254 - ERROR - [py_clob_client_v2] request error: [SSL: UNEXPECTED_EOF_WHILE_READING] EOF occurred in violation of protocol (_ssl.c:1000)
2026-08-02 10:57:32,256 - ERROR - 获取订单簿失败: 10357188270740177734... | PolyApiException[status_code=None, error_message=Request exception!]
2026-08-02 10:57:33,254 - WARNING - [RETRY] 1035718827074017 bids不足2档，10s后重试
2026-08-02 10:57:44,068 - INFO - [SCREENER] 106 markets in 6.8s | yes:56 no:23 | next in 30s
2026-08-02 10:57:55,419 - WARNING - [AUDIT] 1119094577730008 订单丢失纠偏
2026-08-02 10:57:55,421 - WARNING - [AUDIT] 2777098014476441 订单丢失纠偏
2026-08-02 10:57:55,421 - WARNING - [AUDIT] 7373504739671642 订单丢失纠偏
2026-08-02 10:57:55,422 - WARNING - [AUDIT] 1404384484295473 订单丢失纠偏
2026-08-02 10:57:55,423 - WARNING - [AUDIT] 4158272995564500 订单丢失纠偏
2026-08-02 10:57:55,423 - WARNING - [AUDIT] 6493005562123275 订单丢失纠偏
2026-08-02 10:57:55,424 - WARNING - [AUDIT] 1436216773944936 订单丢失纠偏
2026-08-02 10:58:24,965 - INFO - [SCREENER] 103 markets in 7.3s | yes:52 no:24 | next in 30s
2026-08-02 10:59:10,275 - ERROR - [py_clob_client_v2] request error: [SSL: UNEXPECTED_EOF_WHILE_READING] EOF occurred in violation of protocol (_ssl.c:1000)
2026-08-02 10:59:10,421 - INFO - [SCREENER] 103 markets in 14.3s | yes:50 no:27 | next in 30s
2026-08-02 10:59:10,762 - ERROR - [HEARTBEAT] 失败 (连续 1 次): 401 Client Error: Unauthorized for url: https://clob.polymarket.com/v1/heartbeats
2026-08-02 10:59:26,032 - ERROR - [POLL] 批量查询异常: HTTPSConnectionPool(host='clob.polymarket.com', port=443): Max retries exceeded with url: /books (Caused by SSLError(SSLEOFError(8, '[SSL: UNEXPECTED_EOF_WHILE_READING] EOF occurred in violation of protocol (_ssl.c:1000)')))
2026-08-02 10:59:50,229 - INFO - [SCREENER] 103 markets in 14.2s | yes:51 no:23 | next in 30s
2026-08-02 11:00:02,308 - WARNING - [AUDIT] 1012312022189723 订单丢失纠偏
2026-08-02 11:00:02,309 - WARNING - [AUDIT] 1016861883670799 订单丢失纠偏
2026-08-02 11:00:02,309 - WARNING - [AUDIT] 2931629179384381 订单丢失纠偏
2026-08-02 11:00:02,309 - WARNING - [AUDIT] 1040070068925496 订单丢失纠偏
2026-08-02 11:00:02,310 - WARNING - [AUDIT] 2540412876613684 订单丢失纠偏
2026-08-02 11:00:02,310 - WARNING - [AUDIT] 2504049173922608 订单丢失纠偏
2026-08-02 11:00:02,310 - WARNING - [AUDIT] 9650640438892016 订单丢失纠偏
2026-08-02 11:00:02,311 - WARNING - [AUDIT] 1286131942036290 订单丢失纠偏
2026-08-02 11:00:02,311 - WARNING - [AUDIT] 7449362386332492 订单丢失纠偏
2026-08-02 11:00:02,311 - WARNING - [AUDIT] 4509625010772837 订单丢失纠偏
2026-08-02 11:00:02,311 - WARNING - [AUDIT] 9098766676952057 订单丢失纠偏
2026-08-02 11:00:02,311 - WARNING - [AUDIT] 1032006299324973 订单丢失纠偏
2026-08-02 11:00:02,311 - WARNING - [AUDIT] 8071034618251825 订单丢失纠偏
2026-08-02 11:00:02,311 - WARNING - [AUDIT] 1097972663079309 订单丢失纠偏
2026-08-02 11:00:02,312 - WARNING - [AUDIT] 1030437601221276 订单丢失纠偏
2026-08-02 11:00:02,312 - WARNING - [AUDIT] 4651348273860366 订单丢失纠偏
2026-08-02 11:00:02,312 - WARNING - [AUDIT] 1012708966570768 订单丢失纠偏
2026-08-02 11:00:02,312 - WARNING - [AUDIT] 2507426886711862 订单丢失纠偏
2026-08-02 11:00:02,312 - WARNING - [AUDIT] 9267674934686014 订单丢失纠偏
2026-08-02 11:00:02,312 - WARNING - [AUDIT] 6729075146352657 订单丢失纠偏
2026-08-02 11:00:02,313 - WARNING - [AUDIT] 7534297012306341 订单丢失纠偏
2026-08-02 11:00:02,313 - WARNING - [AUDIT] 9671289656064219 订单丢失纠偏
2026-08-02 11:00:02,313 - WARNING - [AUDIT] 1131349159365005 订单丢失纠偏
2026-08-02 11:00:02,313 - WARNING - [AUDIT] 9850982701736726 订单丢失纠偏
2026-08-02 11:00:02,313 - WARNING - [AUDIT] 6377929610712956 订单丢失纠偏
2026-08-02 11:00:02,313 - WARNING - [AUDIT] 6264469913402155 订单丢失纠偏
2026-08-02 11:00:02,313 - WARNING - [AUDIT] 1028866880986432 订单丢失纠偏
2026-08-02 11:00:02,313 - WARNING - [AUDIT] 7218838016638313 订单丢失纠偏
2026-08-02 11:00:02,313 - WARNING - [AUDIT] 5871258914307391 订单丢失纠偏
2026-08-02 11:00:02,313 - WARNING - [AUDIT] 8343787669814337 订单丢失纠偏
2026-08-02 11:00:02,313 - WARNING - [AUDIT] 2011341284551955 订单丢失纠偏
2026-08-02 11:00:02,313 - WARNING - [AUDIT] 1068161458391412 订单丢失纠偏
2026-08-02 11:00:02,313 - WARNING - [AUDIT] 3078568200620284 订单丢失纠偏
2026-08-02 11:00:02,314 - WARNING - [AUDIT] 1112818797963556 订单丢失纠偏
2026-08-02 11:00:02,314 - WARNING - [AUDIT] 6985283322451505 订单丢失纠偏
2026-08-02 11:00:02,314 - WARNING - [AUDIT] 4528346946170983 订单丢失纠偏
2026-08-02 11:00:02,314 - WARNING - [AUDIT] 1131579682711421 订单丢失纠偏
2026-08-02 11:00:02,314 - WARNING - [AUDIT] 1040376540533216 订单丢失纠偏
2026-08-02 11:00:02,314 - WARNING - [AUDIT] 3678275121283001 订单丢失纠偏
2026-08-02 11:00:02,314 - WARNING - [AUDIT] 1082314225736461 订单丢失纠偏
2026-08-02 11:00:02,315 - WARNING - [AUDIT] 6306746792115750 订单丢失纠偏
2026-08-02 11:00:02,315 - WARNING - [AUDIT] 1113727237633198 订单丢失纠偏
2026-08-02 11:00:02,315 - WARNING - [AUDIT] 5788667258485827 订单丢失纠偏
2026-08-02 11:00:02,315 - WARNING - [AUDIT] 5338844811683397 订单丢失纠偏
2026-08-02 11:00:02,317 - WARNING - [AUDIT] 9630186204426031 订单丢失纠偏
2026-08-02 11:00:02,317 - WARNING - [AUDIT] 1105008437007383 订单丢失纠偏
2026-08-02 11:00:02,317 - WARNING - [AUDIT] 3186964493822627 订单丢失纠偏
2026-08-02 11:00:02,317 - WARNING - [AUDIT] 1141807591324228 订单丢失纠偏
2026-08-02 11:00:02,317 - WARNING - [AUDIT] 1024013626581953 订单丢失纠偏
2026-08-02 11:00:02,317 - WARNING - [AUDIT] 1011765749355830 订单丢失纠偏
2026-08-02 11:00:02,317 - WARNING - [AUDIT] 4241218821484315 订单丢失纠偏
2026-08-02 11:00:02,317 - WARNING - [AUDIT] 9237895826239872 订单丢失纠偏
2026-08-02 11:00:02,317 - WARNING - [AUDIT] 1551987873355473 订单丢失纠偏
2026-08-02 11:00:02,317 - WARNING - [AUDIT] 4609008681435171 订单丢失纠偏
2026-08-02 11:00:02,317 - WARNING - [AUDIT] 5784532344325291 订单丢失纠偏
2026-08-02 11:00:02,317 - WARNING - [AUDIT] 1090889566703495 订单丢失纠偏
2026-08-02 11:00:02,317 - WARNING - [AUDIT] 1650518114172737 订单丢失纠偏
2026-08-02 11:00:02,317 - WARNING - [AUDIT] 7994415301706124 订单丢失纠偏
2026-08-02 11:00:02,317 - WARNING - [AUDIT] 1965648286691718 订单丢失纠偏
2026-08-02 11:00:02,317 - WARNING - [AUDIT] 7354666106171593 订单丢失纠偏
2026-08-02 11:00:02,317 - WARNING - [AUDIT] 9732723494041693 订单丢失纠偏
2026-08-02 11:00:02,317 - WARNING - [AUDIT] 1096695532886613 订单丢失纠偏
2026-08-02 11:00:02,317 - WARNING - [AUDIT] 3429168519566413 订单丢失纠偏
2026-08-02 11:00:02,317 - WARNING - [AUDIT] 8188163919804488 订单丢失纠偏
2026-08-02 11:00:20,988 - INFO - [SCREENER] 101 markets in 7.1s | yes:49 no:24 | next in 30s
2026-08-02 11:01:07,526 - INFO - [SCREENER] 100 markets in 15.6s | yes:49 no:24 | next in 30s
2026-08-02 11:01:07,947 - ERROR - [py_clob_client_v2] request error: [SSL: UNEXPECTED_EOF_WHILE_READING] EOF occurred in violation of protocol (_ssl.c:1000)
2026-08-02 11:01:08,448 - ERROR - [HEARTBEAT] 失败 (连续 1 次): 401 Client Error: Unauthorized for url: https://clob.polymarket.com/v1/heartbeats
2026-08-02 11:01:46,501 - INFO - 收到停止信号，优雅退出...
2026-08-02 11:01:56,690 - INFO - [SCREENER] 100 markets in 27.7s | yes:46 no:21 | next in 30s
2026-08-02 11:01:57,645 - INFO - 开始优雅关闭...
2026-08-02 11:01:57,893 - INFO - [CANCEL ALL] 10 已取消 | 系统关闭
2026-08-02 11:01:57,902 - WARNING - [USER WS] close code=None reason=None
2026-08-02 11:02:01,809 - INFO - [HEARTBEAT] 已停止
2026-08-02 11:02:01,809 - INFO - ============================================================
系统已停止
============================================================
2026-08-02 11:02:01,809 - INFO - [WssBot] 停止市场WS...
2026-08-02 11:02:01,838 - WARNING - [MarketWS] 连接断开 code=None msg=None
2026-08-02 11:02:02,056 - INFO - [MarketWS] 已停止
2026-08-02 11:03:14,879 - INFO - ============================================================
2026-08-02 11:03:14,880 - INFO - Maker-only Guardian V7.0 启动
2026-08-02 11:03:14,880 - INFO - 地址: 0x304bf40e9e50c265f6dd86417707d5b41d8ea619 | 档: 2 | 量: 50 | 冷却: 120s | 心跳: 7.0s
2026-08-02 11:03:14,880 - INFO - 筛选器: keyword=temp top1=100 top2=500 top3=1200 existing=3000 rewards>=10
2026-08-02 11:03:14,880 - INFO - 实例: wss | midpoint=[0.10, 0.90]
2026-08-02 11:03:14,880 - INFO - ============================================================
2026-08-02 11:03:14,880 - INFO - [WssBot] 市场WS初始化完成 url=wss://ws-subscriptions-clob.polymarket.com/ws/market ping=10s reconnect=5s
2026-08-02 11:03:14,880 - INFO - [WssBot] 启动市场WS...
2026-08-02 11:03:14,881 - INFO - [MarketWS] 启动，URL=wss://ws-subscriptions-clob.polymarket.com/ws/market
2026-08-02 11:03:14,882 - INFO - [HEARTBEAT] 已启动 interval=7.0s
2026-08-02 11:03:15,606 - INFO - [MarketWS] 已连接（暂无市场，等待动态订阅）
2026-08-02 11:03:19,889 - ERROR - [py_clob_client_v2] request error: [SSL: UNEXPECTED_EOF_WHILE_READING] EOF occurred in violation of protocol (_ssl.c:1000)
2026-08-02 11:03:24,899 - ERROR - [HEARTBEAT] 失败 (连续 1 次): HTTPSConnectionPool(host='clob.polymarket.com', port=443): Max retries exceeded with url: /v1/heartbeats (Caused by SSLError(SSLEOFError(8, '[SSL: UNEXPECTED_EOF_WHILE_READING] EOF occurred in violation of protocol (_ssl.c:1000)')))
2026-08-02 11:03:25,855 - ERROR - [MarketWS] 错误: Connection to remote host was lost.
2026-08-02 11:03:25,856 - ERROR - Connection to remote host was lost. - goodbye
2026-08-02 11:03:25,856 - WARNING - [MarketWS] 连接断开 code=None msg=None
2026-08-02 11:03:25,856 - WARNING - [WssBot] 市场WS断线，立即取消全部挂单
2026-08-02 11:03:25,858 - INFO - [MarketWS] 5.0s 后重连...
2026-08-02 11:03:26,398 - INFO - [CANCEL ALL] 0 已取消 | 市场WS断线
2026-08-02 11:03:31,524 - INFO - [MarketWS] 已连接（暂无市场，等待动态订阅）
2026-08-02 11:03:31,524 - INFO - [WssBot] 市场WS重连成功，将在下一个tick同步订阅
2026-08-02 11:03:40,932 - INFO - [SCREENER] 103 markets in 20.5s | yes:46 no:16 | next in 30s
2026-08-02 11:03:45,913 - ERROR - [py_clob_client_v2] request error: _ssl.c:983: The handshake operation timed out
2026-08-02 11:03:46,502 - ERROR - [HEARTBEAT] 失败 (连续 1 次): 401 Client Error: Unauthorized for url: https://clob.polymarket.com/v1/heartbeats
2026-08-02 11:03:47,388 - ERROR - [py_clob_client_v2] request error: Server disconnected
2026-08-02 11:03:47,388 - ERROR - [py_clob_client_v2] request error: Server disconnected
2026-08-02 11:03:47,389 - ERROR - [PLACE FAIL] 8071034618251825... price=0.18 attempt=1/2 | PolyApiException[status_code=None, error_message=Request exception!]
2026-08-02 11:03:47,389 - ERROR - [PLACE FAIL] 1012708966570768... price=0.24 attempt=1/2 | PolyApiException[status_code=None, error_message=Request exception!]
2026-08-02 11:03:52,503 - ERROR - [py_clob_client_v2] request error: _ssl.c:983: The handshake operation timed out
2026-08-02 11:03:52,977 - ERROR - [HEARTBEAT] 失败 (连续 2 次): 401 Client Error: Unauthorized for url: https://clob.polymarket.com/v1/heartbeats
2026-08-02 11:04:04,609 - INFO - [SCREENER] 102 markets in 13.7s | yes:48 no:16 | next in 30s
2026-08-02 11:04:32,708 - INFO - [SCREENER] 103 markets in 7.3s | yes:47 no:17 | next in 30s
2026-08-02 11:05:09,922 - INFO - [SCREENER] 105 markets in 6.4s | yes:52 no:20 | next in 30s
2026-08-02 11:06:05,738 - INFO - [SCREENER] 102 markets in 22.6s | yes:51 no:18 | next in 30s
2026-08-02 11:06:37,538 - INFO - [SCREENER] 105 markets in 20.6s | yes:50 no:19 | next in 30s
2026-08-02 11:06:55,802 - ERROR - [py_clob_client_v2] request error: [SSL: UNEXPECTED_EOF_WHILE_READING] EOF occurred in violation of protocol (_ssl.c:1000)
2026-08-02 11:06:55,916 - INFO - [SCREENER] 104 markets in 7.4s | yes:49 no:20 | next in 30s
2026-08-02 11:07:00,808 - ERROR - [HEARTBEAT] 失败 (连续 1 次): HTTPSConnectionPool(host='clob.polymarket.com', port=443): Max retries exceeded with url: /v1/heartbeats (Caused by SSLError(SSLEOFError(8, '[SSL: UNEXPECTED_EOF_WHILE_READING] EOF occurred in violation of protocol (_ssl.c:1000)')))
2026-08-02 11:07:17,494 - ERROR - [BATCH CANCEL FAIL] 0x1cc698e1ad6cc6f3d8... | order can't be found - already canceled or matched
2026-08-02 11:07:18,253 - ERROR - [BATCH CANCEL] 9630186204426031 取消结果不明，回退 RESTING 等 audit 确认 | oid=0x1cc698e1ad6cc6f3d8
2026-08-02 11:07:35,127 - INFO - [SCREENER] 102 markets in 7.9s | yes:50 no:19 | next in 30s
2026-08-02 11:07:46,344 - WARNING - [AUDIT] 1551987873355473 订单丢失纠偏
2026-08-02 11:07:46,345 - WARNING - [AUDIT] 1012312022189723 订单丢失纠偏
2026-08-02 11:07:46,345 - WARNING - [AUDIT] 6985283322451505 订单丢失纠偏
2026-08-02 11:07:46,345 - WARNING - [AUDIT] 1052246668598936 订单丢失纠偏
2026-08-02 11:07:46,345 - WARNING - [AUDIT] 1119094577730008 订单丢失纠偏
2026-08-02 11:07:46,346 - WARNING - [AUDIT] 9850982701736726 订单丢失纠偏
2026-08-02 11:07:46,346 - WARNING - [AUDIT] 4241218821484315 订单丢失纠偏
2026-08-02 11:07:46,346 - WARNING - [AUDIT] 9098766676952057 订单丢失纠偏
2026-08-02 11:07:46,346 - WARNING - [AUDIT] 3078568200620284 订单丢失纠偏
2026-08-02 11:07:46,347 - WARNING - [AUDIT] 1040376540533216 订单丢失纠偏
2026-08-02 11:07:46,347 - WARNING - [AUDIT] 7449362386332492 订单丢失纠偏
2026-08-02 11:07:46,347 - WARNING - [AUDIT] 3678275121283001 订单丢失纠偏
2026-08-02 11:07:46,347 - WARNING - [AUDIT] 1024013626581953 订单丢失纠偏
2026-08-02 11:07:46,348 - WARNING - [AUDIT] 6729075146352657 订单丢失纠偏
2026-08-02 11:07:46,348 - WARNING - [AUDIT] 8071034618251825 订单丢失纠偏
2026-08-02 11:07:46,348 - WARNING - [AUDIT] 4158272995564500 订单丢失纠偏
2026-08-02 11:07:46,348 - WARNING - [AUDIT] 1131349159365005 订单丢失纠偏
2026-08-02 11:07:46,348 - WARNING - [AUDIT] 5788667258485827 订单丢失纠偏
2026-08-02 11:07:46,348 - WARNING - [AUDIT] 8188163919804488 订单丢失纠偏
2026-08-02 11:07:46,349 - WARNING - [AUDIT] 9267674934686014 订单丢失纠偏
2026-08-02 11:07:46,349 - WARNING - [AUDIT] 2507426886711862 订单丢失纠偏
2026-08-02 11:07:46,349 - WARNING - [AUDIT] 2931629179384381 订单丢失纠偏
2026-08-02 11:07:46,349 - WARNING - [AUDIT] 9853822415801331 订单丢失纠偏
2026-08-02 11:07:46,349 - WARNING - [AUDIT] 4509625010772837 订单丢失纠偏
2026-08-02 11:07:46,349 - WARNING - [AUDIT] 6264469913402155 订单丢失纠偏
2026-08-02 11:07:46,350 - WARNING - [AUDIT] 2540412876613684 订单丢失纠偏
2026-08-02 11:07:46,350 - WARNING - [AUDIT] 1097972663079309 订单丢失纠偏
2026-08-02 11:07:46,350 - WARNING - [AUDIT] 4651348273860366 订单丢失纠偏
2026-08-02 11:07:46,350 - WARNING - [AUDIT] 1030437601221276 订单丢失纠偏
2026-08-02 11:07:46,351 - WARNING - [AUDIT] 5784532344325291 订单丢失纠偏
2026-08-02 11:07:46,351 - WARNING - [AUDIT] 1082314225736461 订单丢失纠偏
2026-08-02 11:07:46,351 - WARNING - [AUDIT] 5338844811683397 订单丢失纠偏
2026-08-02 11:07:46,351 - WARNING - [AUDIT] 4181140554317693 订单丢失纠偏
2026-08-02 11:07:46,351 - WARNING - [AUDIT] 4528346946170983 订单丢失纠偏
2026-08-02 11:07:46,351 - WARNING - [AUDIT] 5871258914307391 订单丢失纠偏
2026-08-02 11:07:46,352 - WARNING - [AUDIT] 9650640438892016 订单丢失纠偏
2026-08-02 11:07:46,352 - WARNING - [AUDIT] 1141807591324228 订单丢失纠偏
2026-08-02 11:07:46,352 - WARNING - [AUDIT] 7354666106171593 订单丢失纠偏
2026-08-02 11:07:46,352 - WARNING - [AUDIT] 9630186204426031 订单丢失纠偏
2026-08-02 11:07:46,352 - WARNING - [AUDIT] 1012708966570768 订单丢失纠偏
2026-08-02 11:07:46,352 - WARNING - [AUDIT] 6377929610712956 订单丢失纠偏
2026-08-02 11:07:46,353 - WARNING - [AUDIT] 1028866880986432 订单丢失纠偏
2026-08-02 11:07:46,353 - WARNING - [AUDIT] 1286131942036290 订单丢失纠偏
2026-08-02 11:07:46,353 - WARNING - [AUDIT] 6493005562123275 订单丢失纠偏
2026-08-02 11:07:46,353 - WARNING - [AUDIT] 6306746792115750 订单丢失纠偏
2026-08-02 11:07:46,353 - WARNING - [AUDIT] 1105008437007383 订单丢失纠偏
2026-08-02 11:07:46,353 - WARNING - [AUDIT] 9237895826239872 订单丢失纠偏
2026-08-02 11:07:46,353 - WARNING - [AUDIT] 1436216773944936 订单丢失纠偏
2026-08-02 11:07:46,353 - WARNING - [AUDIT] 1016861883670799 订单丢失纠偏
2026-08-02 11:07:46,353 - WARNING - [AUDIT] 7218838016638313 订单丢失纠偏
2026-08-02 11:07:46,353 - WARNING - [AUDIT] 8027808051614500 订单丢失纠偏
2026-08-02 11:07:46,354 - WARNING - [AUDIT] 2011341284551955 订单丢失纠偏
2026-08-02 11:07:46,354 - WARNING - [AUDIT] 2504049173922608 订单丢失纠偏
2026-08-02 11:07:46,354 - WARNING - [AUDIT] 7534297012306341 订单丢失纠偏
2026-08-02 11:07:46,354 - WARNING - [AUDIT] 9671289656064219 订单丢失纠偏
2026-08-02 11:07:46,354 - WARNING - [AUDIT] 1032006299324973 订单丢失纠偏
2026-08-02 11:07:46,354 - WARNING - [AUDIT] 8711246570211379 订单丢失纠偏
2026-08-02 11:07:46,355 - WARNING - [AUDIT] 1040070068925496 订单丢失纠偏
2026-08-02 11:07:46,355 - WARNING - [AUDIT] 3429168519566413 订单丢失纠偏
2026-08-02 11:07:46,355 - WARNING - [AUDIT] 1113727237633198 订单丢失纠偏
2026-08-02 11:07:46,355 - WARNING - [AUDIT] 2132633760404155 订单丢失纠偏
2026-08-02 11:07:46,355 - WARNING - [AUDIT] 5285693289453636 订单丢失纠偏
2026-08-02 11:07:46,355 - WARNING - [AUDIT] 7717208126253081 订单丢失纠偏
2026-08-02 11:07:46,355 - WARNING - [AUDIT] 6618369461304206 订单丢失纠偏
2026-08-02 11:07:46,355 - WARNING - [AUDIT] 1112818797963556 订单丢失纠偏
2026-08-02 11:07:46,355 - WARNING - [AUDIT] 2991989232111396 订单丢失纠偏
2026-08-02 11:07:46,355 - WARNING - [AUDIT] 4023752716982849 订单丢失纠偏
2026-08-02 11:08:11,712 - INFO - [SCREENER] 103 markets in 14.1s | yes:50 no:20 | next in 30s
2026-08-02 11:08:28,394 - ERROR - [py_clob_client_v2] request error: [SSL: UNEXPECTED_EOF_WHILE_READING] EOF occurred in violation of protocol (_ssl.c:1000)
2026-08-02 11:08:28,868 - ERROR - [HEARTBEAT] 失败 (连续 1 次): 401 Client Error: Unauthorized for url: https://clob.polymarket.com/v1/heartbeats
2026-08-02 11:08:39,194 - INFO - [SCREENER] 103 markets in 6.6s | yes:53 no:19 | next in 30s
2026-08-02 11:08:55,004 - ERROR - [py_clob_client_v2] request error: [SSL: UNEXPECTED_EOF_WHILE_READING] EOF occurred in violation of protocol (_ssl.c:1000)
2026-08-02 11:08:55,004 - ERROR - 获取订单簿失败: 44580006906627704449... | PolyApiException[status_code=None, error_message=Request exception!]
2026-08-02 11:08:56,002 - WARNING - [RETRY] 4458000690662770 bids不足2档，10s后重试
2026-08-02 11:09:30,620 - INFO - [SCREENER] 100 markets in 20.6s | yes:53 no:19 | next in 30s
2026-08-02 11:09:36,177 - ERROR - [POLL] 批量查询异常: HTTPSConnectionPool(host='clob.polymarket.com', port=443): Max retries exceeded with url: /books (Caused by SSLError(SSLEOFError(8, '[SSL: UNEXPECTED_EOF_WHILE_READING] EOF occurred in violation of protocol (_ssl.c:1000)')))
2026-08-02 11:10:01,005 - INFO - [SCREENER] 106 markets in 14.8s | yes:55 no:18 | next in 30s
2026-08-02 11:10:02,898 - WARNING - [AUDIT] 1011765749355830 订单丢失纠偏
2026-08-02 11:10:02,898 - WARNING - [AUDIT] 2777098014476441 订单丢失纠偏
2026-08-02 11:10:06,006 - ERROR - [py_clob_client_v2] request error: Server disconnected
2026-08-02 11:10:06,007 - ERROR - [py_clob_client_v2] request error: Server disconnected
2026-08-02 11:10:06,009 - ERROR - 获取订单簿失败: 34291685195664130879... | PolyApiException[status_code=None, error_message=Request exception!]
2026-08-02 11:10:06,009 - ERROR - [py_clob_client_v2] request error: Server disconnected
2026-08-02 11:10:06,010 - ERROR - 获取订单簿失败: 52856932894536367387... | PolyApiException[status_code=None, error_message=Request exception!]
2026-08-02 11:10:06,010 - ERROR - [py_clob_client_v2] request error: Server disconnected
2026-08-02 11:10:06,012 - ERROR - 获取订单簿失败: 11137272376331988695... | PolyApiException[status_code=None, error_message=Request exception!]
2026-08-02 11:10:06,013 - ERROR - 获取订单簿失败: 77172081262530812440... | PolyApiException[status_code=None, error_message=Request exception!]
2026-08-02 11:10:06,157 - WARNING - [RETRY] 3429168519566413 bids不足2档，10s后重试
2026-08-02 11:10:06,157 - WARNING - [RETRY] 1113727237633198 bids不足2档，10s后重试
2026-08-02 11:10:06,157 - WARNING - [RETRY] 5285693289453636 bids不足2档，10s后重试
2026-08-02 11:10:06,157 - WARNING - [RETRY] 7717208126253081 bids不足2档，10s后重试
2026-08-02 11:10:11,013 - ERROR - [py_clob_client_v2] request error: [SSL: UNEXPECTED_EOF_WHILE_READING] EOF occurred in violation of protocol (_ssl.c:1000)
2026-08-02 11:10:11,014 - ERROR - 获取订单簿失败: 66183694613042069773... | PolyApiException[status_code=None, error_message=Request exception!]
2026-08-02 11:10:11,163 - WARNING - [RETRY] 6618369461304206 bids不足2档，10s后重试
2026-08-02 11:10:16,026 - ERROR - [py_clob_client_v2] request error: [SSL: UNEXPECTED_EOF_WHILE_READING] EOF occurred in violation of protocol (_ssl.c:1000)
2026-08-02 11:10:16,027 - ERROR - [PLACE FAIL] 4241218821484315... price=0.26 attempt=1/2 | PolyApiException[status_code=None, error_message=Request exception!]
2026-08-02 11:10:21,041 - ERROR - [py_clob_client_v2] request error: [SSL: UNEXPECTED_EOF_WHILE_READING] EOF occurred in violation of protocol (_ssl.c:1000)
2026-08-02 11:10:21,042 - ERROR - [PLACE FAIL] 9098766676952057... price=0.37 attempt=1/2 | PolyApiException[status_code=None, error_message=Request exception!]
2026-08-02 11:10:31,380 - INFO - [SCREENER] 105 markets in 7.2s | yes:55 no:20 | next in 30s
2026-08-02 11:11:24,206 - INFO - [SCREENER] 105 markets in 21.8s | yes:54 no:22 | next in 30s
2026-08-02 11:11:49,444 - INFO - [SCREENER] 107 markets in 14.0s | yes:56 no:21 | next in 30s
2026-08-02 11:12:20,436 - INFO - [SCREENER] 107 markets in 7.5s | yes:56 no:19 | next in 30s
2026-08-02 11:12:43,049 - ERROR - [py_clob_client_v2] request error: [SSL: UNEXPECTED_EOF_WHILE_READING] EOF occurred in violation of protocol (_ssl.c:1000)
2026-08-02 11:12:43,578 - ERROR - [HEARTBEAT] 失败 (连续 1 次): 401 Client Error: Unauthorized for url: https://clob.polymarket.com/v1/heartbeats
2026-08-02 11:12:58,784 - INFO - [SCREENER] 105 markets in 7.1s | yes:54 no:20 | next in 30s
2026-08-02 11:13:57,950 - INFO - [SCREENER] 105 markets in 27.8s | yes:55 no:21 | next in 30s
2026-08-02 11:14:22,376 - INFO - [SCREENER] 107 markets in 13.3s | yes:55 no:22 | next in 30s
2026-08-02 11:14:29,183 - ERROR - 查询持仓失败: HTTPSConnectionPool(host='data-api.polymarket.com', port=443): Max retries exceeded with url: /positions?user=0x304bf40e9e50c265f6dd86417707d5b41d8ea619&sizeThreshold=1.0 (Caused by SSLError(SSLEOFError(8, '[SSL: UNEXPECTED_EOF_WHILE_READING] EOF occurred in violation of protocol (_ssl.c:1000)')))
2026-08-02 11:14:46,163 - INFO - [SCREENER] 106 markets in 7.0s | yes:53 no:23 | next in 30s
2026-08-02 11:15:19,607 - ERROR - [py_clob_client_v2] request error: [SSL: UNEXPECTED_EOF_WHILE_READING] EOF occurred in violation of protocol (_ssl.c:1000)
2026-08-02 11:15:20,098 - ERROR - [HEARTBEAT] 失败 (连续 1 次): 401 Client Error: Unauthorized for url: https://clob.polymarket.com/v1/heartbeats
2026-08-02 11:15:23,912 - INFO - [SCREENER] 109 markets in 6.9s | yes:54 no:20 | next in 30s
2026-08-02 11:16:17,849 - INFO - [SCREENER] 107 markets in 22.9s | yes:51 no:20 | next in 30s
2026-08-02 11:16:49,949 - INFO - [SCREENER] 104 markets in 20.9s | yes:46 no:20 | next in 30s
2026-08-02 11:16:52,126 - WARNING - [AUDIT] 1551987873355473 订单丢失纠偏
2026-08-02 11:16:52,126 - WARNING - [AUDIT] 1012312022189723 订单丢失纠偏
2026-08-02 11:16:52,126 - WARNING - [AUDIT] 1052246668598936 订单丢失纠偏
2026-08-02 11:16:52,126 - WARNING - [AUDIT] 1119094577730008 订单丢失纠偏
2026-08-02 11:16:52,126 - WARNING - [AUDIT] 9850982701736726 订单丢失纠偏
2026-08-02 11:16:52,126 - WARNING - [AUDIT] 9098766676952057 订单丢失纠偏
2026-08-02 11:16:52,126 - WARNING - [AUDIT] 3078568200620284 订单丢失纠偏
2026-08-02 11:16:52,128 - WARNING - [AUDIT] 7449362386332492 订单丢失纠偏
2026-08-02 11:16:52,128 - WARNING - [AUDIT] 3678275121283001 订单丢失纠偏
2026-08-02 11:16:52,128 - WARNING - [AUDIT] 1024013626581953 订单丢失纠偏
2026-08-02 11:16:52,128 - WARNING - [AUDIT] 8071034618251825 订单丢失纠偏
2026-08-02 11:16:52,128 - WARNING - [AUDIT] 1131349159365005 订单丢失纠偏
2026-08-02 11:16:52,128 - WARNING - [AUDIT] 5788667258485827 订单丢失纠偏
2026-08-02 11:16:52,129 - WARNING - [AUDIT] 8188163919804488 订单丢失纠偏
2026-08-02 11:16:52,129 - WARNING - [AUDIT] 9267674934686014 订单丢失纠偏
2026-08-02 11:16:52,129 - WARNING - [AUDIT] 2931629179384381 订单丢失纠偏
2026-08-02 11:16:52,129 - WARNING - [AUDIT] 9853822415801331 订单丢失纠偏
2026-08-02 11:16:52,129 - WARNING - [AUDIT] 4509625010772837 订单丢失纠偏
2026-08-02 11:16:52,129 - WARNING - [AUDIT] 6264469913402155 订单丢失纠偏
2026-08-02 11:16:52,129 - WARNING - [AUDIT] 2540412876613684 订单丢失纠偏
2026-08-02 11:16:52,129 - WARNING - [AUDIT] 1097972663079309 订单丢失纠偏
2026-08-02 11:16:52,129 - WARNING - [AUDIT] 4651348273860366 订单丢失纠偏
2026-08-02 11:16:52,130 - WARNING - [AUDIT] 1030437601221276 订单丢失纠偏
2026-08-02 11:16:52,130 - WARNING - [AUDIT] 5784532344325291 订单丢失纠偏
2026-08-02 11:16:52,130 - WARNING - [AUDIT] 1082314225736461 订单丢失纠偏
2026-08-02 11:16:52,130 - WARNING - [AUDIT] 5338844811683397 订单丢失纠偏
2026-08-02 11:16:52,130 - WARNING - [AUDIT] 4528346946170983 订单丢失纠偏
2026-08-02 11:16:52,130 - WARNING - [AUDIT] 5871258914307391 订单丢失纠偏
2026-08-02 11:16:52,130 - WARNING - [AUDIT] 9650640438892016 订单丢失纠偏
2026-08-02 11:16:52,130 - WARNING - [AUDIT] 9630186204426031 订单丢失纠偏
2026-08-02 11:16:52,130 - WARNING - [AUDIT] 6377929610712956 订单丢失纠偏
2026-08-02 11:16:52,130 - WARNING - [AUDIT] 1286131942036290 订单丢失纠偏
2026-08-02 11:16:52,130 - WARNING - [AUDIT] 1105008437007383 订单丢失纠偏
2026-08-02 11:16:52,130 - WARNING - [AUDIT] 9237895826239872 订单丢失纠偏
2026-08-02 11:16:52,130 - WARNING - [AUDIT] 1436216773944936 订单丢失纠偏
2026-08-02 11:16:52,130 - WARNING - [AUDIT] 1016861883670799 订单丢失纠偏
2026-08-02 11:16:52,130 - WARNING - [AUDIT] 7218838016638313 订单丢失纠偏
2026-08-02 11:16:52,130 - WARNING - [AUDIT] 8027808051614500 订单丢失纠偏
2026-08-02 11:16:52,130 - WARNING - [AUDIT] 2011341284551955 订单丢失纠偏
2026-08-02 11:16:52,130 - WARNING - [AUDIT] 2504049173922608 订单丢失纠偏
2026-08-02 11:16:52,130 - WARNING - [AUDIT] 7534297012306341 订单丢失纠偏
2026-08-02 11:16:52,130 - WARNING - [AUDIT] 1032006299324973 订单丢失纠偏
2026-08-02 11:16:52,130 - WARNING - [AUDIT] 1040070068925496 订单丢失纠偏
2026-08-02 11:16:52,130 - WARNING - [AUDIT] 3429168519566413 订单丢失纠偏
2026-08-02 11:16:52,130 - WARNING - [AUDIT] 1113727237633198 订单丢失纠偏
2026-08-02 11:16:52,130 - WARNING - [AUDIT] 7717208126253081 订单丢失纠偏
2026-08-02 11:16:52,132 - WARNING - [AUDIT] 6618369461304206 订单丢失纠偏
2026-08-02 11:16:52,132 - WARNING - [AUDIT] 1112818797963556 订单丢失纠偏
2026-08-02 11:16:52,132 - WARNING - [AUDIT] 2991989232111396 订单丢失纠偏
2026-08-02 11:16:52,132 - WARNING - [AUDIT] 4023752716982849 订单丢失纠偏
2026-08-02 11:16:52,132 - WARNING - [AUDIT] 1011765749355830 订单丢失纠偏
2026-08-02 11:16:52,132 - WARNING - [AUDIT] 2777098014476441 订单丢失纠偏
2026-08-02 11:16:52,132 - WARNING - [AUDIT] 4458000690662770 订单丢失纠偏
2026-08-02 11:16:52,132 - WARNING - [AUDIT] 1965648286691718 订单丢失纠偏
2026-08-02 11:16:52,133 - WARNING - [AUDIT] 8545580155717339 订单丢失纠偏
2026-08-02 11:16:52,133 - WARNING - [AUDIT] 3606385791936483 订单丢失纠偏
2026-08-02 11:16:52,133 - WARNING - [AUDIT] 1124237724760108 订单丢失纠偏
2026-08-02 11:16:52,133 - WARNING - [AUDIT] 1130625429013105 订单丢失纠偏
2026-08-02 11:16:52,133 - WARNING - [AUDIT] 1028866880986432 订单丢失纠偏
2026-08-02 11:17:12,030 - INFO - [SCREENER] 104 markets in 8.4s | yes:47 no:20 | next in 30s
2026-08-02 11:17:50,013 - INFO - [SCREENER] 102 markets in 6.9s | yes:49 no:24 | next in 30s
2026-08-02 11:18:27,796 - INFO - [SCREENER] 101 markets in 6.9s | yes:44 no:22 | next in 30s
2026-08-02 11:18:53,090 - ERROR - [py_clob_client_v2] request error: Server disconnected
2026-08-02 11:18:53,090 - ERROR - [py_clob_client_v2] request error: Server disconnected
2026-08-02 11:18:53,091 - ERROR - [py_clob_client_v2] request error: Server disconnected
2026-08-02 11:18:53,091 - ERROR - [py_clob_client_v2] request error: Server disconnected
2026-08-02 11:18:53,091 - ERROR - 获取订单簿失败: 90987666769520579019... | PolyApiException[status_code=None, error_message=Request exception!]
2026-08-02 11:18:53,091 - ERROR - [py_clob_client_v2] request error: Server disconnected
2026-08-02 11:18:53,091 - ERROR - [py_clob_client_v2] request error: Server disconnected
2026-08-02 11:18:53,091 - ERROR - [py_clob_client_v2] request error: Server disconnected
2026-08-02 11:18:53,091 - ERROR - 获取订单簿失败: 10240136265819534179... | PolyApiException[status_code=None, error_message=Request exception!]
2026-08-02 11:18:53,092 - ERROR - 获取订单簿失败: 36782751212830013085... | PolyApiException[status_code=None, error_message=Request exception!]
2026-08-02 11:18:53,093 - ERROR - 获取订单簿失败: 10123120221897238068... | PolyApiException[status_code=None, error_message=Request exception!]
2026-08-02 11:18:53,094 - ERROR - 获取订单簿失败: 80710346182518254737... | PolyApiException[status_code=None, error_message=Request exception!]
2026-08-02 11:18:53,094 - ERROR - 获取订单簿失败: 11190945777300083007... | PolyApiException[status_code=None, error_message=Request exception!]
2026-08-02 11:18:53,094 - ERROR - 获取订单簿失败: 98509827017367265520... | PolyApiException[status_code=None, error_message=Request exception!]
2026-08-02 11:18:53,835 - WARNING - [RETRY] 1012312022189723 bids不足2档，10s后重试
2026-08-02 11:18:53,836 - WARNING - [RETRY] 1119094577730008 bids不足2档，10s后重试
2026-08-02 11:18:53,836 - WARNING - [RETRY] 9850982701736726 bids不足2档，10s后重试
2026-08-02 11:18:53,836 - WARNING - [RETRY] 9098766676952057 bids不足2档，10s后重试
2026-08-02 11:18:53,836 - WARNING - [RETRY] 3678275121283001 bids不足2档，10s后重试
2026-08-02 11:18:53,836 - WARNING - [RETRY] 1024013626581953 bids不足2档，10s后重试
2026-08-02 11:18:53,836 - WARNING - [RETRY] 8071034618251825 bids不足2档，10s后重试
2026-08-02 11:19:07,750 - INFO - [SCREENER] 102 markets in 6.9s | yes:49 no:22 | next in 30s
2026-08-02 11:19:23,022 - ERROR - [POLL] 批量查询异常: HTTPSConnectionPool(host='clob.polymarket.com', port=443): Max retries exceeded with url: /books (Caused by SSLError(SSLEOFError(8, '[SSL: UNEXPECTED_EOF_WHILE_READING] EOF occurred in violation of protocol (_ssl.c:1000)')))
2026-08-02 11:19:30,273 - ERROR - [BATCH CANCEL FAIL] 0xcb2587a3aae9304b91... | order can't be found - already canceled or matched
2026-08-02 11:19:31,027 - ERROR - [BATCH CANCEL] 9421526033893170 取消结果不明，回退 RESTING 等 audit 确认 | oid=0xcb2587a3aae9304b91
2026-08-02 11:19:32,305 - ERROR - [BATCH CANCEL FAIL] 0xcb2587a3aae9304b91... | order can't be found - already canceled or matched
2026-08-02 11:19:47,455 - INFO - [SCREENER] 100 markets in 14.4s | yes:44 no:19 | next in 30s
2026-08-02 11:19:48,522 - ERROR - [BATCH CANCEL] 9421526033893170 取消结果不明，回退 RESTING 等 audit 确认 | oid=0xcb2587a3aae9304b91
2026-08-02 11:19:57,773 - ERROR - [BATCH CANCEL FAIL] 0xcb2587a3aae9304b91... | order can't be found - already canceled or matched
2026-08-02 11:19:58,526 - ERROR - [BATCH CANCEL] 9421526033893170 取消结果不明，回退 RESTING 等 audit 确认 | oid=0xcb2587a3aae9304b91
2026-08-02 11:20:22,120 - INFO - [SCREENER] 102 markets in 13.6s | yes:46 no:20 | next in 30s
2026-08-02 11:20:49,913 - INFO - [SCREENER] 101 markets in 6.9s | yes:48 no:20 | next in 30s
2026-08-02 11:20:52,238 - ERROR - [py_clob_client_v2] request error: [SSL: UNEXPECTED_EOF_WHILE_READING] EOF occurred in violation of protocol (_ssl.c:1000)
2026-08-02 11:20:52,738 - ERROR - [HEARTBEAT] 失败 (连续 1 次): 401 Client Error: Unauthorized for url: https://clob.polymarket.com/v1/heartbeats
2026-08-02 11:21:22,556 - INFO - [SCREENER] 100 markets in 6.7s | yes:48 no:19 | next in 30s
2026-08-02 11:21:28,119 - ERROR - [POLL] 批量查询异常: HTTPSConnectionPool(host='clob.polymarket.com', port=443): Max retries exceeded with url: /books (Caused by SSLError(SSLEOFError(8, '[SSL: UNEXPECTED_EOF_WHILE_READING] EOF occurred in violation of protocol (_ssl.c:1000)')))
2026-08-02 11:22:05,083 - ERROR - [py_clob_client_v2] request error: [SSL: UNEXPECTED_EOF_WHILE_READING] EOF occurred in violation of protocol (_ssl.c:1000)
2026-08-02 11:22:05,682 - ERROR - [HEARTBEAT] 失败 (连续 1 次): 401 Client Error: Unauthorized for url: https://clob.polymarket.com/v1/heartbeats
2026-08-02 11:22:09,053 - INFO - [SCREENER] 98 markets in 20.9s | yes:43 no:20 | next in 30s
2026-08-02 11:22:11,689 - ERROR - [py_clob_client_v2] request error: [SSL: UNEXPECTED_EOF_WHILE_READING] EOF occurred in violation of protocol (_ssl.c:1000)
2026-08-02 11:22:12,194 - ERROR - [HEARTBEAT] 失败 (连续 2 次): 401 Client Error: Unauthorized for url: https://clob.polymarket.com/v1/heartbeats
2026-08-02 11:22:13,531 - ERROR - [BATCH CANCEL FAIL] 0xbfa06d1e119ebd625e... | order can't be found - already canceled or matched
2026-08-02 11:22:13,972 - ERROR - [BATCH CANCEL] 2507426886711862 取消结果不明，回退 RESTING 等 audit 确认 | oid=0xbfa06d1e119ebd625e
2026-08-02 11:22:29,425 - INFO - [SCREENER] 97 markets in 6.4s | yes:41 no:21 | next in 30s
2026-08-02 11:22:50,809 - ERROR - [BATCH CANCEL FAIL] 0x833857e32a4f0450e3... | order can't be found - already canceled or matched
2026-08-02 11:22:51,330 - WARNING - [AUDIT] 1551987873355473 订单丢失纠偏
2026-08-02 11:22:51,331 - WARNING - [AUDIT] 1012312022189723 订单丢失纠偏
2026-08-02 11:22:51,331 - WARNING - [AUDIT] 1052246668598936 订单丢失纠偏
2026-08-02 11:22:51,332 - WARNING - [AUDIT] 9850982701736726 订单丢失纠偏
2026-08-02 11:22:51,332 - WARNING - [AUDIT] 9098766676952057 订单丢失纠偏
2026-08-02 11:22:51,332 - WARNING - [AUDIT] 3078568200620284 订单丢失纠偏
2026-08-02 11:22:51,333 - WARNING - [AUDIT] 3678275121283001 订单丢失纠偏
2026-08-02 11:22:51,333 - WARNING - [AUDIT] 1024013626581953 订单丢失纠偏
2026-08-02 11:22:51,333 - WARNING - [AUDIT] 8071034618251825 订单丢失纠偏
2026-08-02 11:22:51,333 - WARNING - [AUDIT] 1131349159365005 订单丢失纠偏
2026-08-02 11:22:51,334 - WARNING - [AUDIT] 5788667258485827 订单丢失纠偏
2026-08-02 11:22:51,335 - WARNING - [AUDIT] 8188163919804488 订单丢失纠偏
2026-08-02 11:22:51,335 - WARNING - [AUDIT] 9267674934686014 订单丢失纠偏
2026-08-02 11:22:51,335 - WARNING - [AUDIT] 2931629179384381 订单丢失纠偏
2026-08-02 11:22:51,335 - WARNING - [AUDIT] 9853822415801331 订单丢失纠偏
2026-08-02 11:22:51,335 - WARNING - [AUDIT] 6264469913402155 订单丢失纠偏
2026-08-02 11:22:51,335 - WARNING - [AUDIT] 2540412876613684 订单丢失纠偏
2026-08-02 11:22:51,336 - WARNING - [AUDIT] 1097972663079309 订单丢失纠偏
2026-08-02 11:22:51,336 - WARNING - [AUDIT] 4651348273860366 订单丢失纠偏
2026-08-02 11:22:51,336 - WARNING - [AUDIT] 1030437601221276 订单丢失纠偏
2026-08-02 11:22:51,336 - WARNING - [AUDIT] 5784532344325291 订单丢失纠偏
2026-08-02 11:22:51,336 - WARNING - [AUDIT] 1082314225736461 订单丢失纠偏
2026-08-02 11:22:51,336 - WARNING - [AUDIT] 5338844811683397 订单丢失纠偏
2026-08-02 11:22:51,336 - WARNING - [AUDIT] 4528346946170983 订单丢失纠偏
2026-08-02 11:22:51,336 - WARNING - [AUDIT] 9650640438892016 订单丢失纠偏
2026-08-02 11:22:51,336 - WARNING - [AUDIT] 9630186204426031 订单丢失纠偏
2026-08-02 11:22:51,336 - WARNING - [AUDIT] 6377929610712956 订单丢失纠偏
2026-08-02 11:22:51,336 - WARNING - [AUDIT] 1286131942036290 订单丢失纠偏
2026-08-02 11:22:51,338 - WARNING - [AUDIT] 9237895826239872 订单丢失纠偏
2026-08-02 11:22:51,338 - WARNING - [AUDIT] 1436216773944936 订单丢失纠偏
2026-08-02 11:22:51,338 - WARNING - [AUDIT] 1016861883670799 订单丢失纠偏
2026-08-02 11:22:51,338 - WARNING - [AUDIT] 7218838016638313 订单丢失纠偏
2026-08-02 11:22:51,338 - WARNING - [AUDIT] 2011341284551955 订单丢失纠偏
2026-08-02 11:22:51,338 - WARNING - [AUDIT] 2504049173922608 订单丢失纠偏
2026-08-02 11:22:51,338 - WARNING - [AUDIT] 7534297012306341 订单丢失纠偏
2026-08-02 11:22:51,338 - WARNING - [AUDIT] 1032006299324973 订单丢失纠偏
2026-08-02 11:22:51,338 - WARNING - [AUDIT] 1113727237633198 订单丢失纠偏
2026-08-02 11:22:51,338 - WARNING - [AUDIT] 6618369461304206 订单丢失纠偏
2026-08-02 11:22:51,338 - WARNING - [AUDIT] 2991989232111396 订单丢失纠偏
2026-08-02 11:22:51,339 - WARNING - [AUDIT] 1011765749355830 订单丢失纠偏
2026-08-02 11:22:51,339 - WARNING - [AUDIT] 2777098014476441 订单丢失纠偏
2026-08-02 11:22:51,339 - WARNING - [AUDIT] 8545580155717339 订单丢失纠偏
2026-08-02 11:22:51,339 - WARNING - [AUDIT] 3606385791936483 订单丢失纠偏
2026-08-02 11:22:51,340 - WARNING - [AUDIT] 1130625429013105 订单丢失纠偏
2026-08-02 11:22:51,340 - WARNING - [AUDIT] 8247733414597137 订单丢失纠偏
2026-08-02 11:22:51,340 - WARNING - [AUDIT] 8711246570211379 订单丢失纠偏
2026-08-02 11:22:51,340 - WARNING - [AUDIT] 1111315964843763 订单丢失纠偏
2026-08-02 11:22:51,340 - WARNING - [AUDIT] 9671289656064219 订单丢失纠偏
2026-08-02 11:22:51,340 - WARNING - [AUDIT] 3186964493822627 订单丢失纠偏
2026-08-02 11:22:51,340 - WARNING - [AUDIT] 2507426886711862 订单丢失纠偏
2026-08-02 11:22:51,340 - WARNING - [AUDIT] 1012708966570768 订单丢失纠偏
2026-08-02 11:22:51,340 - WARNING - [AUDIT] 3013555906196480 订单丢失纠偏
2026-08-02 11:22:51,340 - WARNING - [AUDIT] 8343787669814337 订单丢失纠偏
2026-08-02 11:22:51,340 - WARNING - [AUDIT] 3093363755026600 订单丢失纠偏
2026-08-02 11:22:51,340 - WARNING - [AUDIT] 4381031935101134 订单丢失纠偏
2026-08-02 11:22:51,340 - WARNING - [AUDIT] 6274111350870599 订单丢失纠偏
2026-08-02 11:22:52,975 - INFO - [LIMIT SELL] Will the highest temperature in London b | 50.0000 shares @ 0.33
2026-08-02 11:22:52,976 - INFO - [POSITION] 限价卖出 1 个持仓
2026-08-02 11:22:52,979 - ERROR - [BATCH CANCEL] 1124237724760108 取消结果不明，回退 RESTING 等 audit 确认 | oid=0x833857e32a4f0450e3
2026-08-02 11:23:26,144 - INFO - [SCREENER] 94 markets in 23.2s | yes:44 no:18 | next in 30s
2026-08-02 11:23:31,147 - ERROR - [py_clob_client_v2] request error: [SSL: UNEXPECTED_EOF_WHILE_READING] EOF occurred in violation of protocol (_ssl.c:1000)
2026-08-02 11:23:31,148 - ERROR - [CANCEL FAIL] 0x44e48d7a67a1fbdd67... | PolyApiException[status_code=None, error_message=Request exception!]
2026-08-02 11:23:32,376 - ERROR - [CANCEL FAIL] 0x44e48d7a67a1fbdd67 订单仍存活在交易所！保持 RESTING
2026-08-02 11:23:50,648 - INFO - [SCREENER] 92 markets in 8.3s | yes:44 no:16 | next in 30s
2026-08-02 11:24:35,732 - INFO - [SCREENER] 92 markets in 14.2s | yes:43 no:18 | next in 30s
2026-08-02 11:25:04,270 - INFO - [SCREENER] 91 markets in 7.1s | yes:44 no:18 | next in 30s
2026-08-02 11:25:05,354 - WARNING - [AUDIT] 7104614908350360 订单丢失纠偏
2026-08-02 11:25:06,995 - INFO - [LIMIT SELL] Will the highest temperature in London b | 45.0000 shares @ 0.32
2026-08-02 11:25:06,996 - INFO - [POSITION] 限价卖出 1 个持仓
2026-08-02 11:25:34,854 - INFO - [SCREENER] 94 markets in 7.2s | yes:42 no:18 | next in 30s
2026-08-02 11:26:20,571 - INFO - [SCREENER] 93 markets in 14.3s | yes:41 no:18 | next in 30s
2026-08-02 11:26:25,580 - ERROR - [py_clob_client_v2] request error: [SSL: UNEXPECTED_EOF_WHILE_READING] EOF occurred in violation of protocol (_ssl.c:1000)
2026-08-02 11:26:25,581 - ERROR - [CANCEL FAIL] 0x49d1f0ce8850c7bb4e... | PolyApiException[status_code=None, error_message=Request exception!]
2026-08-02 11:26:26,702 - ERROR - [CANCEL FAIL] 0x49d1f0ce8850c7bb4e 订单仍存活在交易所！保持 RESTING
2026-08-02 11:26:50,669 - INFO - [SCREENER] 94 markets in 14.0s | yes:40 no:19 | next in 30s
2026-08-02 11:27:02,412 - ERROR - [BATCH CANCEL FAIL] 0x3d9fd7442163c60040... | order can't be found - already canceled or matched
2026-08-02 11:27:02,936 - WARNING - [AUDIT] 1551987873355473 订单丢失纠偏
2026-08-02 11:27:02,937 - WARNING - [AUDIT] 1012312022189723 订单丢失纠偏
2026-08-02 11:27:02,937 - WARNING - [AUDIT] 1052246668598936 订单丢失纠偏
2026-08-02 11:27:02,938 - WARNING - [AUDIT] 9850982701736726 订单丢失纠偏
2026-08-02 11:27:02,938 - WARNING - [AUDIT] 3678275121283001 订单丢失纠偏
2026-08-02 11:27:02,939 - WARNING - [AUDIT] 1024013626581953 订单丢失纠偏
2026-08-02 11:27:02,939 - WARNING - [AUDIT] 8071034618251825 订单丢失纠偏
2026-08-02 11:27:02,939 - WARNING - [AUDIT] 1131349159365005 订单丢失纠偏
2026-08-02 11:27:02,940 - WARNING - [AUDIT] 5788667258485827 订单丢失纠偏
2026-08-02 11:27:02,940 - WARNING - [AUDIT] 9267674934686014 订单丢失纠偏
2026-08-02 11:27:02,941 - WARNING - [AUDIT] 2931629179384381 订单丢失纠偏
2026-08-02 11:27:02,941 - WARNING - [AUDIT] 9853822415801331 订单丢失纠偏
2026-08-02 11:27:02,941 - WARNING - [AUDIT] 6264469913402155 订单丢失纠偏
2026-08-02 11:27:02,942 - WARNING - [AUDIT] 2540412876613684 订单丢失纠偏
2026-08-02 11:27:02,942 - WARNING - [AUDIT] 1097972663079309 订单丢失纠偏
2026-08-02 11:27:02,942 - WARNING - [AUDIT] 4651348273860366 订单丢失纠偏
2026-08-02 11:27:02,942 - WARNING - [AUDIT] 1030437601221276 订单丢失纠偏
2026-08-02 11:27:02,942 - WARNING - [AUDIT] 1082314225736461 订单丢失纠偏
2026-08-02 11:27:02,943 - WARNING - [AUDIT] 5338844811683397 订单丢失纠偏
2026-08-02 11:27:02,943 - WARNING - [AUDIT] 4528346946170983 订单丢失纠偏
2026-08-02 11:27:02,943 - WARNING - [AUDIT] 9650640438892016 订单丢失纠偏
2026-08-02 11:27:02,943 - WARNING - [AUDIT] 9630186204426031 订单丢失纠偏
2026-08-02 11:27:02,943 - WARNING - [AUDIT] 6377929610712956 订单丢失纠偏
2026-08-02 11:27:02,944 - WARNING - [AUDIT] 1286131942036290 订单丢失纠偏
2026-08-02 11:27:02,944 - WARNING - [AUDIT] 9237895826239872 订单丢失纠偏
2026-08-02 11:27:02,944 - WARNING - [AUDIT] 1436216773944936 订单丢失纠偏
2026-08-02 11:27:02,944 - WARNING - [AUDIT] 1016861883670799 订单丢失纠偏
2026-08-02 11:27:02,944 - WARNING - [AUDIT] 7218838016638313 订单丢失纠偏
2026-08-02 11:27:02,944 - WARNING - [AUDIT] 2504049173922608 订单丢失纠偏
2026-08-02 11:27:02,944 - WARNING - [AUDIT] 7534297012306341 订单丢失纠偏
2026-08-02 11:27:02,944 - WARNING - [AUDIT] 1113727237633198 订单丢失纠偏
2026-08-02 11:27:02,944 - WARNING - [AUDIT] 2991989232111396 订单丢失纠偏
2026-08-02 11:27:02,944 - WARNING - [AUDIT] 1011765749355830 订单丢失纠偏
2026-08-02 11:27:02,944 - WARNING - [AUDIT] 2777098014476441 订单丢失纠偏
2026-08-02 11:27:02,944 - WARNING - [AUDIT] 8545580155717339 订单丢失纠偏
2026-08-02 11:27:02,944 - WARNING - [AUDIT] 3606385791936483 订单丢失纠偏
2026-08-02 11:27:02,944 - WARNING - [AUDIT] 1130625429013105 订单丢失纠偏
2026-08-02 11:27:02,944 - WARNING - [AUDIT] 8247733414597137 订单丢失纠偏
2026-08-02 11:27:02,944 - WARNING - [AUDIT] 9671289656064219 订单丢失纠偏
2026-08-02 11:27:02,944 - WARNING - [AUDIT] 3186964493822627 订单丢失纠偏
2026-08-02 11:27:02,944 - WARNING - [AUDIT] 8343787669814337 订单丢失纠偏
2026-08-02 11:27:02,944 - WARNING - [AUDIT] 3093363755026600 订单丢失纠偏
2026-08-02 11:27:02,944 - WARNING - [AUDIT] 6274111350870599 订单丢失纠偏
2026-08-02 11:27:02,944 - WARNING - [AUDIT] 3800278124344451 订单丢失纠偏
2026-08-02 11:27:02,944 - WARNING - [AUDIT] 1452548636388897 订单丢失纠偏
2026-08-02 11:27:02,944 - WARNING - [AUDIT] 5784532344325291 订单丢失纠偏
2026-08-02 11:27:02,947 - WARNING - [AUDIT] 1111315964843763 订单丢失纠偏
2026-08-02 11:27:02,947 - WARNING - [AUDIT] 1039833894374760 订单丢失纠偏
2026-08-02 11:27:02,947 - WARNING - [AUDIT] 1124237724760108 订单丢失纠偏
2026-08-02 11:27:02,947 - WARNING - [AUDIT] 2563320167677268 订单丢失纠偏
2026-08-02 11:27:02,947 - WARNING - [AUDIT] 9304744944364369 订单丢失纠偏
2026-08-02 11:27:02,947 - WARNING - [AUDIT] 6729075146352657 订单丢失纠偏
2026-08-02 11:27:02,947 - WARNING - [AUDIT] 1012708966570768 订单丢失纠偏
2026-08-02 11:27:04,265 - ERROR - [BATCH CANCEL] 2507426886711862 取消结果不明，回退 RESTING 等 audit 确认 | oid=0x3d9fd7442163c60040
2026-08-02 11:27:27,971 - INFO - [SCREENER] 96 markets in 13.7s | yes:39 no:19 | next in 30s
2026-08-02 11:27:55,963 - INFO - [SCREENER] 97 markets in 7.0s | yes:39 no:18 | next in 30s
2026-08-02 11:28:40,586 - INFO - [SCREENER] 96 markets in 13.8s | yes:39 no:20 | next in 30s
2026-08-02 11:28:44,375 - ERROR - [py_clob_client_v2] request error: [SSL: UNEXPECTED_EOF_WHILE_READING] EOF occurred in violation of protocol (_ssl.c:1000)
2026-08-02 11:28:44,924 - ERROR - [HEARTBEAT] 失败 (连续 1 次): 401 Client Error: Unauthorized for url: https://clob.polymarket.com/v1/heartbeats
2026-08-02 11:29:03,580 - ERROR - [py_clob_client_v2] request error: Server disconnected
2026-08-02 11:29:03,582 - ERROR - [py_clob_client_v2] request error: Server disconnected
2026-08-02 11:29:03,583 - ERROR - [py_clob_client_v2] request error: Server disconnected
2026-08-02 11:29:03,584 - ERROR - [py_clob_client_v2] request error: Server disconnected
2026-08-02 11:29:03,584 - ERROR - 获取订单簿失败: 15519878733554737005... | PolyApiException[status_code=None, error_message=Request exception!]
2026-08-02 11:29:03,584 - ERROR - [py_clob_client_v2] request error: Server disconnected
2026-08-02 11:29:03,584 - ERROR - 获取订单簿失败: 10123120221897238068... | PolyApiException[status_code=None, error_message=Request exception!]
2026-08-02 11:29:03,584 - ERROR - [py_clob_client_v2] request error: Server disconnected
2026-08-02 11:29:03,585 - ERROR - 获取订单簿失败: 10522466685989367693... | PolyApiException[status_code=None, error_message=Request exception!]
2026-08-02 11:29:03,585 - ERROR - 获取订单簿失败: 98509827017367265520... | PolyApiException[status_code=None, error_message=Request exception!]
2026-08-02 11:29:03,586 - ERROR - 获取订单簿失败: 36782751212830013085... | PolyApiException[status_code=None, error_message=Request exception!]
2026-08-02 11:29:03,586 - ERROR - 获取订单簿失败: 10240136265819534179... | PolyApiException[status_code=None, error_message=Request exception!]
2026-08-02 11:29:04,576 - WARNING - [RETRY] 1551987873355473 bids不足2档，10s后重试
2026-08-02 11:29:04,577 - WARNING - [RETRY] 1012312022189723 bids不足2档，10s后重试
2026-08-02 11:29:04,578 - WARNING - [RETRY] 1052246668598936 bids不足2档，10s后重试
2026-08-02 11:29:04,578 - WARNING - [RETRY] 9850982701736726 bids不足2档，10s后重试
2026-08-02 11:29:04,578 - WARNING - [RETRY] 3678275121283001 bids不足2档，10s后重试
2026-08-02 11:29:04,578 - WARNING - [RETRY] 1024013626581953 bids不足2档，10s后重试
2026-08-02 11:29:19,889 - INFO - [SCREENER] 96 markets in 14.3s | yes:37 no:17 | next in 30s
2026-08-02 11:29:20,788 - WARNING - [AUDIT] 4381031935101134 订单丢失纠偏
2026-08-02 11:29:20,788 - WARNING - [AUDIT] 6306746792115750 订单丢失纠偏
2026-08-02 11:29:20,790 - WARNING - [AUDIT] 3741202548831003 订单丢失纠偏
2026-08-02 11:29:20,790 - WARNING - [AUDIT] 2188911147145714 订单丢失纠偏
2026-08-02 11:29:50,297 - INFO - [SCREENER] 95 markets in 7.5s | yes:41 no:16 | next in 30s
2026-08-02 11:30:19,306 - ERROR - [py_clob_client_v2] request error: [SSL: UNEXPECTED_EOF_WHILE_READING] EOF occurred in violation of protocol (_ssl.c:1000)
2026-08-02 11:30:19,961 - ERROR - [HEARTBEAT] 失败 (连续 1 次): 401 Client Error: Unauthorized for url: https://clob.polymarket.com/v1/heartbeats
2026-08-02 11:30:28,731 - INFO - [SCREENER] 94 markets in 7.6s | yes:39 no:17 | next in 30s
2026-08-02 11:31:02,316 - INFO - 收到停止信号，优雅退出...
2026-08-02 11:31:05,910 - INFO - [SCREENER] 94 markets in 6.3s | yes:40 no:18 | next in 30s
2026-08-02 11:31:06,163 - INFO - 开始优雅关闭...
2026-08-02 11:31:06,406 - INFO - [CANCEL ALL] 4 已取消 | 系统关闭
2026-08-02 11:31:06,419 - WARNING - [USER WS] close code=None reason=None
2026-08-02 11:31:11,671 - INFO - [HEARTBEAT] 已停止
2026-08-02 11:31:11,671 - INFO - ============================================================
系统已停止
============================================================
2026-08-02 11:31:11,673 - INFO - [WssBot] 停止市场WS...
2026-08-02 11:31:11,745 - WARNING - [MarketWS] 连接断开 code=None msg=None
2026-08-02 11:31:11,915 - INFO - [MarketWS] 已停止
2026-08-02 11:35:46,490 - INFO - ============================================================
2026-08-02 11:35:46,492 - INFO - Maker-only Guardian V7.0 启动
2026-08-02 11:35:46,492 - INFO - 地址: 0x304bf40e9e50c265f6dd86417707d5b41d8ea619 | 档: 2 | 量: 50 | 冷却: 120s | 心跳: 7.0s
2026-08-02 11:35:46,492 - INFO - 筛选器: keyword=temp top1=100 top2=500 top3=1200 existing=3000 rewards>=10
2026-08-02 11:35:46,492 - INFO - 实例: wss | midpoint=[0.10, 0.90]
2026-08-02 11:35:46,492 - INFO - ============================================================
2026-08-02 11:35:46,492 - INFO - [WssBot] 市场WS初始化完成 url=wss://ws-subscriptions-clob.polymarket.com/ws/market ping=10s reconnect=5s
2026-08-02 11:35:46,492 - INFO - [WssBot] 启动市场WS...
2026-08-02 11:35:46,493 - INFO - [MarketWS] 启动，URL=wss://ws-subscriptions-clob.polymarket.com/ws/market
2026-08-02 11:35:46,495 - INFO - [HEARTBEAT] 已启动 interval=7.0s
2026-08-02 11:35:47,198 - INFO - [MarketWS] 已连接（暂无市场，等待动态订阅）
2026-08-02 11:35:57,445 - ERROR - [MarketWS] 错误: Connection to remote host was lost.
2026-08-02 11:35:57,445 - ERROR - Connection to remote host was lost. - goodbye
2026-08-02 11:35:57,446 - WARNING - [MarketWS] 连接断开 code=None msg=None
2026-08-02 11:35:57,446 - WARNING - [WssBot] 市场WS断线，立即取消全部挂单
2026-08-02 11:35:57,451 - INFO - [MarketWS] 5.0s 后重连...
2026-08-02 11:35:57,700 - INFO - [CANCEL ALL] 0 已取消 | 市场WS断线
2026-08-02 11:36:00,634 - INFO - [SCREENER] 102 markets in 13.6s | yes:48 no:26 | next in 30s
2026-08-02 11:36:02,997 - INFO - [MarketWS] 已连接，订阅 74 个市场
2026-08-02 11:36:02,999 - INFO - [WssBot] 市场WS重连成功，将在下一个tick同步订阅
2026-08-02 11:36:35,470 - INFO - [SCREENER] 106 markets in 14.1s | yes:50 no:27 | next in 30s
2026-08-02 11:37:17,633 - INFO - [SCREENER] 104 markets in 21.3s | yes:49 no:26 | next in 30s
2026-08-02 11:37:35,405 - INFO - [SCREENER] 104 markets in 6.7s | yes:48 no:26 | next in 30s
2026-08-02 11:38:02,980 - ERROR - [POSITION] 批量查询 best_bid 失败: HTTPSConnectionPool(host='clob.polymarket.com', port=443): Max retries exceeded with url: /books (Caused by SSLError(SSLEOFError(8, '[SSL: UNEXPECTED_EOF_WHILE_READING] EOF occurred in violation of protocol (_ssl.c:1000)')))
2026-08-02 11:38:18,496 - ERROR - [py_clob_client_v2] request error: [SSL: UNEXPECTED_EOF_WHILE_READING] EOF occurred in violation of protocol (_ssl.c:1000)
2026-08-02 11:38:18,998 - ERROR - [HEARTBEAT] 失败 (连续 1 次): 401 Client Error: Unauthorized for url: https://clob.polymarket.com/v1/heartbeats
2026-08-02 11:38:26,772 - INFO - [SCREENER] 103 markets in 13.5s | yes:45 no:26 | next in 30s
2026-08-02 11:39:32,137 - ERROR - [py_clob_client_v2] request error: [SSL: UNEXPECTED_EOF_WHILE_READING] EOF occurred in violation of protocol (_ssl.c:1000)
2026-08-02 11:39:32,410 - INFO - [SCREENER] 101 markets in 44.3s | yes:46 no:25 | next in 30s
2026-08-02 11:39:32,731 - ERROR - [HEARTBEAT] 失败 (连续 1 次): 401 Client Error: Unauthorized for url: https://clob.polymarket.com/v1/heartbeats
2026-08-02 11:39:51,610 - INFO - [SCREENER] 101 markets in 7.9s | yes:46 no:24 | next in 30s
2026-08-02 11:40:02,688 - WARNING - [AUDIT] 8343787669814337 订单丢失纠偏
2026-08-02 11:40:02,689 - WARNING - [AUDIT] 1111315964843763 订单丢失纠偏
2026-08-02 11:40:02,690 - WARNING - [AUDIT] 4609008681435171 订单丢失纠偏
2026-08-02 11:40:02,690 - WARNING - [AUDIT] 8247733414597137 订单丢失纠偏
2026-08-02 11:40:02,690 - WARNING - [AUDIT] 6306746792115750 订单丢失纠偏
2026-08-02 11:40:02,691 - WARNING - [AUDIT] 3606385791936483 订单丢失纠偏
2026-08-02 11:40:02,691 - WARNING - [AUDIT] 3678275121283001 订单丢失纠偏
2026-08-02 11:40:02,691 - WARNING - [AUDIT] 2188911147145714 订单丢失纠偏
2026-08-02 11:40:02,692 - WARNING - [AUDIT] 1551987873355473 订单丢失纠偏
2026-08-02 11:40:02,693 - WARNING - [AUDIT] 3078568200620284 订单丢失纠偏
2026-08-02 11:40:02,693 - WARNING - [AUDIT] 9850982701736726 订单丢失纠偏
2026-08-02 11:40:02,693 - WARNING - [AUDIT] 6264442192607507 订单丢失纠偏
2026-08-02 11:40:02,693 - WARNING - [AUDIT] 2132633760404155 订单丢失纠偏
2026-08-02 11:40:02,694 - WARNING - [AUDIT] 4509625010772837 订单丢失纠偏
2026-08-02 11:40:02,694 - WARNING - [AUDIT] 6264469913402155 订单丢失纠偏
2026-08-02 11:40:02,695 - WARNING - [AUDIT] 3800278124344451 订单丢失纠偏
2026-08-02 11:40:02,695 - WARNING - [AUDIT] 5788667258485827 订单丢失纠偏
2026-08-02 11:40:02,695 - WARNING - [AUDIT] 1052246668598936 订单丢失纠偏
2026-08-02 11:40:02,696 - WARNING - [AUDIT] 7449362386332492 订单丢失纠偏
2026-08-02 11:40:02,697 - WARNING - [AUDIT] 6729075146352657 订单丢失纠偏
2026-08-02 11:40:02,697 - WARNING - [AUDIT] 1024013626581953 订单丢失纠偏
2026-08-02 11:40:02,697 - WARNING - [AUDIT] 8071034618251825 订单丢失纠偏
2026-08-02 11:40:02,698 - WARNING - [AUDIT] 9267674934686014 订单丢失纠偏
2026-08-02 11:40:02,698 - WARNING - [AUDIT] 2777098014476441 订单丢失纠偏
2026-08-02 11:40:02,699 - WARNING - [AUDIT] 9853822415801331 订单丢失纠偏
2026-08-02 11:40:02,699 - WARNING - [AUDIT] 3093363755026600 订单丢失纠偏
2026-08-02 11:40:02,699 - WARNING - [AUDIT] 1082314225736461 订单丢失纠偏
2026-08-02 11:40:02,699 - WARNING - [AUDIT] 1131349159365005 订单丢失纠偏
2026-08-02 11:40:02,699 - WARNING - [AUDIT] 9650640438892016 订单丢失纠偏
2026-08-02 11:40:02,701 - WARNING - [AUDIT] 1030437601221276 订单丢失纠偏
2026-08-02 11:40:02,701 - WARNING - [AUDIT] 1012708966570768 订单丢失纠偏
2026-08-02 11:40:02,701 - WARNING - [AUDIT] 5338844811683397 订单丢失纠偏
2026-08-02 11:40:02,702 - WARNING - [AUDIT] 1097972663079309 订单丢失纠偏
2026-08-02 11:40:02,702 - WARNING - [AUDIT] 1286131942036290 订单丢失纠偏
2026-08-02 11:40:02,702 - WARNING - [AUDIT] 2540412876613684 订单丢失纠偏
2026-08-02 11:40:02,702 - WARNING - [AUDIT] 6377929610712956 订单丢失纠偏
2026-08-02 11:40:02,702 - WARNING - [AUDIT] 1028866880986432 订单丢失纠偏
2026-08-02 11:40:02,702 - WARNING - [AUDIT] 4886518226528886 订单丢失纠偏
2026-08-02 11:40:02,702 - WARNING - [AUDIT] 4528346946170983 订单丢失纠偏
2026-08-02 11:40:02,702 - WARNING - [AUDIT] 8032237424386719 订单丢失纠偏
2026-08-02 11:40:02,702 - WARNING - [AUDIT] 9764971007473861 订单丢失纠偏
2026-08-02 11:40:02,702 - WARNING - [AUDIT] 7534297012306341 订单丢失纠偏
2026-08-02 11:40:02,702 - WARNING - [AUDIT] 9671289656064219 订单丢失纠偏
2026-08-02 11:40:02,702 - WARNING - [AUDIT] 9630186204426031 订单丢失纠偏
2026-08-02 11:40:02,702 - WARNING - [AUDIT] 1113727237633198 订单丢失纠偏
2026-08-02 11:40:02,704 - WARNING - [AUDIT] 6050404526417288 订单丢失纠偏
2026-08-02 11:40:02,704 - WARNING - [AUDIT] 3326607483761825 订单丢失纠偏
2026-08-02 11:40:02,704 - WARNING - [AUDIT] 2931629179384381 订单丢失纠偏
2026-08-02 11:40:02,704 - WARNING - [AUDIT] 8545580155717339 订单丢失纠偏
2026-08-02 11:40:02,704 - WARNING - [AUDIT] 9724367486548052 订单丢失纠偏
2026-08-02 11:40:02,704 - WARNING - [AUDIT] 7218838016638313 订单丢失纠偏
2026-08-02 11:40:02,704 - WARNING - [AUDIT] 1012312022189723 订单丢失纠偏
2026-08-02 11:40:02,704 - WARNING - [AUDIT] 1016861883670799 订单丢失纠偏
2026-08-02 11:40:02,704 - WARNING - [AUDIT] 9098766676952057 订单丢失纠偏
2026-08-02 11:40:02,704 - WARNING - [AUDIT] 1039833894374760 订单丢失纠偏
2026-08-02 11:40:02,704 - WARNING - [AUDIT] 8228846311781475 订单丢失纠偏
2026-08-02 11:40:02,704 - WARNING - [AUDIT] 1124237724760108 订单丢失纠偏
2026-08-02 11:40:02,704 - WARNING - [AUDIT] 9237895826239872 订单丢失纠偏
2026-08-02 11:40:02,704 - WARNING - [AUDIT] 1436216773944936 订单丢失纠偏
2026-08-02 11:40:02,704 - WARNING - [AUDIT] 2563320167677268 订单丢失纠偏
2026-08-02 11:40:02,704 - WARNING - [AUDIT] 2504049173922608 订单丢失纠偏
2026-08-02 11:40:02,707 - WARNING - [AUDIT] 9456783018708075 订单丢失纠偏
2026-08-02 11:40:02,707 - WARNING - [AUDIT] 6618369461304206 订单丢失纠偏
2026-08-02 11:40:02,707 - WARNING - [AUDIT] 9732723494041693 订单丢失纠偏
2026-08-02 11:40:02,707 - WARNING - [AUDIT] 4023752716982849 订单丢失纠偏
2026-08-02 11:40:28,501 - INFO - [SCREENER] 101 markets in 14.5s | yes:47 no:24 | next in 30s
2026-08-02 11:40:57,041 - INFO - [SCREENER] 101 markets in 7.7s | yes:47 no:27 | next in 30s
2026-08-02 11:41:49,764 - INFO - [SCREENER] 102 markets in 21.9s | yes:47 no:28 | next in 30s
2026-08-02 11:41:55,013 - ERROR - [POLL] 批量查询异常: HTTPSConnectionPool(host='clob.polymarket.com', port=443): Max retries exceeded with url: /books (Caused by SSLError(SSLEOFError(8, '[SSL: UNEXPECTED_EOF_WHILE_READING] EOF occurred in violation of protocol (_ssl.c:1000)')))
2026-08-02 11:42:03,327 - ERROR - [py_clob_client_v2] request error: Server disconnected
2026-08-02 11:42:03,330 - ERROR - 获取订单簿失败: 62644421926075071247... | PolyApiException[status_code=None, error_message=Request exception!]
2026-08-02 11:42:03,330 - ERROR - [py_clob_client_v2] request error: Server disconnected
2026-08-02 11:42:03,331 - ERROR - [py_clob_client_v2] request error: Server disconnected
2026-08-02 11:42:03,331 - ERROR - 获取订单簿失败: 98509827017367265520... | PolyApiException[status_code=None, error_message=Request exception!]
2026-08-02 11:42:03,332 - ERROR - 获取订单簿失败: 21326337604041552888... | PolyApiException[status_code=None, error_message=Request exception!]
2026-08-02 11:42:03,668 - ERROR - [py_clob_client_v2] request error: Server disconnected
2026-08-02 11:42:03,668 - ERROR - [py_clob_client_v2] request error: Server disconnected
2026-08-02 11:42:03,668 - ERROR - [py_clob_client_v2] request error: Server disconnected
2026-08-02 11:42:03,669 - ERROR - 获取订单簿失败: 45096250107728378689... | PolyApiException[status_code=None, error_message=Request exception!]
2026-08-02 11:42:03,669 - ERROR - [py_clob_client_v2] request error: Server disconnected
2026-08-02 11:42:03,670 - ERROR - [py_clob_client_v2] request error: Server disconnected
2026-08-02 11:42:03,670 - ERROR - 获取订单簿失败: 10522466685989367693... | PolyApiException[status_code=None, error_message=Request exception!]
2026-08-02 11:42:03,670 - ERROR - [py_clob_client_v2] request error: Server disconnected
2026-08-02 11:42:03,670 - ERROR - 获取订单簿失败: 74493623863324921369... | PolyApiException[status_code=None, error_message=Request exception!]
2026-08-02 11:42:03,670 - ERROR - [py_clob_client_v2] request error: Server disconnected
2026-08-02 11:42:03,671 - ERROR - [py_clob_client_v2] request error: Server disconnected
2026-08-02 11:42:03,673 - ERROR - [py_clob_client_v2] request error: Server disconnected
2026-08-02 11:42:03,674 - ERROR - [py_clob_client_v2] request error: Server disconnected
2026-08-02 11:42:03,674 - ERROR - 获取订单簿失败: 92676749346860144628... | PolyApiException[status_code=None, error_message=Request exception!]
2026-08-02 11:42:03,675 - ERROR - 获取订单簿失败: 67290751463526577693... | PolyApiException[status_code=None, error_message=Request exception!]
2026-08-02 11:42:03,676 - ERROR - 获取订单簿失败: 10240136265819534179... | PolyApiException[status_code=None, error_message=Request exception!]
2026-08-02 11:42:03,677 - ERROR - 获取订单簿失败: 62644699134021552580... | PolyApiException[status_code=None, error_message=Request exception!]
2026-08-02 11:42:03,677 - ERROR - 获取订单簿失败: 80710346182518254737... | PolyApiException[status_code=None, error_message=Request exception!]
2026-08-02 11:42:03,677 - ERROR - 获取订单簿失败: 38002781243444514346... | PolyApiException[status_code=None, error_message=Request exception!]
2026-08-02 11:42:03,682 - ERROR - 获取订单簿失败: 57886672584858270005... | PolyApiException[status_code=None, error_message=Request exception!]
2026-08-02 11:42:04,028 - WARNING - [RETRY] 9850982701736726 bids不足2档，10s后重试
2026-08-02 11:42:04,028 - WARNING - [RETRY] 6264442192607507 bids不足2档，10s后重试
2026-08-02 11:42:04,030 - WARNING - [RETRY] 2132633760404155 bids不足2档，10s后重试
2026-08-02 11:42:04,030 - WARNING - [RETRY] 4509625010772837 bids不足2档，10s后重试
2026-08-02 11:42:04,030 - WARNING - [RETRY] 6264469913402155 bids不足2档，10s后重试
2026-08-02 11:42:04,030 - WARNING - [RETRY] 3800278124344451 bids不足2档，10s后重试
2026-08-02 11:42:04,030 - WARNING - [RETRY] 5788667258485827 bids不足2档，10s后重试
2026-08-02 11:42:04,030 - WARNING - [RETRY] 1052246668598936 bids不足2档，10s后重试
2026-08-02 11:42:04,034 - WARNING - [RETRY] 7449362386332492 bids不足2档，10s后重试
2026-08-02 11:42:04,034 - WARNING - [RETRY] 6729075146352657 bids不足2档，10s后重试
2026-08-02 11:42:04,034 - WARNING - [RETRY] 1024013626581953 bids不足2档，10s后重试
2026-08-02 11:42:04,034 - WARNING - [RETRY] 8071034618251825 bids不足2档，10s后重试
2026-08-02 11:42:04,036 - WARNING - [RETRY] 9267674934686014 bids不足2档，10s后重试
2026-08-02 11:42:14,045 - INFO - [SCREENER] 105 markets in 9.0s | yes:48 no:30 | next in 30s
2026-08-02 11:43:06,429 - INFO - [SCREENER] 105 markets in 29.3s | yes:50 no:28 | next in 30s
2026-08-02 11:43:12,318 - ERROR - [POLL] 批量查询异常: HTTPSConnectionPool(host='clob.polymarket.com', port=443): Max retries exceeded with url: /books (Caused by SSLError(SSLEOFError(8, '[SSL: UNEXPECTED_EOF_WHILE_READING] EOF occurred in violation of protocol (_ssl.c:1000)')))
2026-08-02 11:43:36,141 - INFO - [SCREENER] 104 markets in 13.8s | yes:49 no:28 | next in 30s
2026-08-02 11:43:41,144 - ERROR - [py_clob_client_v2] request error: _ssl.c:983: The handshake operation timed out
2026-08-02 11:43:41,146 - ERROR - 查询订单失败: PolyApiException[status_code=None, error_message=Request exception!]
2026-08-02 11:43:41,146 - ERROR - [DISCOVER] 订单查询失败，跳过本周期
2026-08-02 11:44:37,687 - INFO - [SCREENER] 107 markets in 35.8s | yes:53 no:28 | next in 30s
2026-08-02 11:44:57,899 - INFO - [SCREENER] 106 markets in 9.0s | yes:51 no:26 | next in 30s
2026-08-02 11:44:59,273 - WARNING - [AUDIT] 8343787669814337 订单丢失纠偏
2026-08-02 11:44:59,274 - WARNING - [AUDIT] 1111315964843763 订单丢失纠偏
2026-08-02 11:44:59,275 - WARNING - [AUDIT] 4609008681435171 订单丢失纠偏
2026-08-02 11:44:59,275 - WARNING - [AUDIT] 8247733414597137 订单丢失纠偏
2026-08-02 11:44:59,275 - WARNING - [AUDIT] 6306746792115750 订单丢失纠偏
2026-08-02 11:44:59,275 - WARNING - [AUDIT] 3606385791936483 订单丢失纠偏
2026-08-02 11:44:59,275 - WARNING - [AUDIT] 3678275121283001 订单丢失纠偏
2026-08-02 11:44:59,275 - WARNING - [AUDIT] 2188911147145714 订单丢失纠偏
2026-08-02 11:44:59,276 - WARNING - [AUDIT] 1551987873355473 订单丢失纠偏
2026-08-02 11:44:59,276 - WARNING - [AUDIT] 3078568200620284 订单丢失纠偏
2026-08-02 11:44:59,276 - WARNING - [AUDIT] 9850982701736726 订单丢失纠偏
2026-08-02 11:44:59,276 - WARNING - [AUDIT] 6264442192607507 订单丢失纠偏
2026-08-02 11:44:59,276 - WARNING - [AUDIT] 2132633760404155 订单丢失纠偏
2026-08-02 11:44:59,277 - WARNING - [AUDIT] 4509625010772837 订单丢失纠偏
2026-08-02 11:44:59,277 - WARNING - [AUDIT] 6264469913402155 订单丢失纠偏
2026-08-02 11:44:59,277 - WARNING - [AUDIT] 3800278124344451 订单丢失纠偏
2026-08-02 11:44:59,277 - WARNING - [AUDIT] 5788667258485827 订单丢失纠偏
2026-08-02 11:44:59,277 - WARNING - [AUDIT] 1052246668598936 订单丢失纠偏
2026-08-02 11:44:59,277 - WARNING - [AUDIT] 7449362386332492 订单丢失纠偏
2026-08-02 11:44:59,277 - WARNING - [AUDIT] 6729075146352657 订单丢失纠偏
2026-08-02 11:44:59,278 - WARNING - [AUDIT] 1024013626581953 订单丢失纠偏
2026-08-02 11:44:59,278 - WARNING - [AUDIT] 8071034618251825 订单丢失纠偏
2026-08-02 11:44:59,278 - WARNING - [AUDIT] 9267674934686014 订单丢失纠偏
2026-08-02 11:44:59,278 - WARNING - [AUDIT] 2777098014476441 订单丢失纠偏
2026-08-02 11:44:59,278 - WARNING - [AUDIT] 9853822415801331 订单丢失纠偏
2026-08-02 11:44:59,278 - WARNING - [AUDIT] 3093363755026600 订单丢失纠偏
2026-08-02 11:44:59,278 - WARNING - [AUDIT] 1082314225736461 订单丢失纠偏
2026-08-02 11:44:59,278 - WARNING - [AUDIT] 1131349159365005 订单丢失纠偏
2026-08-02 11:44:59,278 - WARNING - [AUDIT] 9650640438892016 订单丢失纠偏
2026-08-02 11:44:59,278 - WARNING - [AUDIT] 1030437601221276 订单丢失纠偏
2026-08-02 11:44:59,280 - WARNING - [AUDIT] 1012708966570768 订单丢失纠偏
2026-08-02 11:44:59,280 - WARNING - [AUDIT] 5338844811683397 订单丢失纠偏
2026-08-02 11:44:59,280 - WARNING - [AUDIT] 1097972663079309 订单丢失纠偏
2026-08-02 11:44:59,280 - WARNING - [AUDIT] 1286131942036290 订单丢失纠偏
2026-08-02 11:44:59,281 - WARNING - [AUDIT] 2540412876613684 订单丢失纠偏
2026-08-02 11:44:59,281 - WARNING - [AUDIT] 6377929610712956 订单丢失纠偏
2026-08-02 11:44:59,281 - WARNING - [AUDIT] 1028866880986432 订单丢失纠偏
2026-08-02 11:44:59,281 - WARNING - [AUDIT] 4886518226528886 订单丢失纠偏
2026-08-02 11:44:59,281 - WARNING - [AUDIT] 4528346946170983 订单丢失纠偏
2026-08-02 11:44:59,281 - WARNING - [AUDIT] 8032237424386719 订单丢失纠偏
2026-08-02 11:44:59,281 - WARNING - [AUDIT] 9764971007473861 订单丢失纠偏
2026-08-02 11:44:59,282 - WARNING - [AUDIT] 7534297012306341 订单丢失纠偏
2026-08-02 11:44:59,282 - WARNING - [AUDIT] 9671289656064219 订单丢失纠偏
2026-08-02 11:44:59,282 - WARNING - [AUDIT] 9630186204426031 订单丢失纠偏
2026-08-02 11:44:59,282 - WARNING - [AUDIT] 1113727237633198 订单丢失纠偏
2026-08-02 11:44:59,282 - WARNING - [AUDIT] 6050404526417288 订单丢失纠偏
2026-08-02 11:44:59,282 - WARNING - [AUDIT] 3326607483761825 订单丢失纠偏
2026-08-02 11:44:59,282 - WARNING - [AUDIT] 2931629179384381 订单丢失纠偏
2026-08-02 11:44:59,282 - WARNING - [AUDIT] 8545580155717339 订单丢失纠偏
2026-08-02 11:44:59,282 - WARNING - [AUDIT] 9724367486548052 订单丢失纠偏
2026-08-02 11:44:59,282 - WARNING - [AUDIT] 7218838016638313 订单丢失纠偏
2026-08-02 11:44:59,282 - WARNING - [AUDIT] 1012312022189723 订单丢失纠偏
2026-08-02 11:44:59,282 - WARNING - [AUDIT] 1016861883670799 订单丢失纠偏
2026-08-02 11:44:59,282 - WARNING - [AUDIT] 9098766676952057 订单丢失纠偏
2026-08-02 11:44:59,282 - WARNING - [AUDIT] 1039833894374760 订单丢失纠偏
2026-08-02 11:44:59,282 - WARNING - [AUDIT] 8228846311781475 订单丢失纠偏
2026-08-02 11:44:59,282 - WARNING - [AUDIT] 1124237724760108 订单丢失纠偏
2026-08-02 11:44:59,283 - WARNING - [AUDIT] 9237895826239872 订单丢失纠偏
2026-08-02 11:44:59,283 - WARNING - [AUDIT] 1436216773944936 订单丢失纠偏
2026-08-02 11:44:59,283 - WARNING - [AUDIT] 2563320167677268 订单丢失纠偏
2026-08-02 11:44:59,283 - WARNING - [AUDIT] 2504049173922608 订单丢失纠偏
2026-08-02 11:44:59,283 - WARNING - [AUDIT] 6618369461304206 订单丢失纠偏
2026-08-02 11:44:59,283 - WARNING - [AUDIT] 9732723494041693 订单丢失纠偏
2026-08-02 11:44:59,283 - WARNING - [AUDIT] 2347971463879323 订单丢失纠偏
2026-08-02 11:44:59,283 - WARNING - [AUDIT] 1072612513038138 订单丢失纠偏
2026-08-02 11:44:59,283 - WARNING - [AUDIT] 2507426886711862 订单丢失纠偏
2026-08-02 11:44:59,284 - WARNING - [AUDIT] 1096695532886613 订单丢失纠偏
2026-08-02 11:44:59,284 - WARNING - [AUDIT] 6530991301181961 订单丢失纠偏
2026-08-02 11:44:59,284 - WARNING - [AUDIT] 8188163919804488 订单丢失纠偏
2026-08-02 11:44:59,284 - WARNING - [AUDIT] 2609207164579597 订单丢失纠偏
2026-08-02 11:45:28,416 - INFO - [SCREENER] 105 markets in 6.9s | yes:51 no:27 | next in 30s
2026-08-02 11:46:34,314 - INFO - [SCREENER] 112 markets in 35.1s | yes:52 no:26 | next in 30s
2026-08-02 11:47:06,384 - INFO - [SCREENER] 110 markets in 21.1s | yes:54 no:26 | next in 30s
2026-08-02 11:47:11,632 - ERROR - [POLL] 批量查询异常: HTTPSConnectionPool(host='clob.polymarket.com', port=443): Max retries exceeded with url: /books (Caused by SSLError(SSLEOFError(8, '[SSL: UNEXPECTED_EOF_WHILE_READING] EOF occurred in violation of protocol (_ssl.c:1000)')))
2026-08-02 11:47:28,539 - INFO - [SCREENER] 111 markets in 6.9s | yes:55 no:27 | next in 30s
2026-08-02 11:47:58,996 - INFO - [SCREENER] 113 markets in 7.3s | yes:55 no:27 | next in 30s
2026-08-02 11:48:50,867 - INFO - [SCREENER] 113 markets in 20.8s | yes:55 no:25 | next in 30s
2026-08-02 11:49:09,199 - INFO - [SCREENER] 114 markets in 7.2s | yes:56 no:26 | next in 30s
2026-08-02 11:49:19,838 - ERROR - [py_clob_client_v2] request error: [SSL: UNEXPECTED_EOF_WHILE_READING] EOF occurred in violation of protocol (_ssl.c:1000)
2026-08-02 11:49:20,470 - ERROR - [HEARTBEAT] 失败 (连续 1 次): 401 Client Error: Unauthorized for url: https://clob.polymarket.com/v1/heartbeats
2026-08-02 11:49:30,864 - WARNING - [AUDIT] 8343787669814337 订单丢失纠偏
2026-08-02 11:49:30,864 - WARNING - [AUDIT] 1111315964843763 订单丢失纠偏
2026-08-02 11:49:30,870 - WARNING - [AUDIT] 4609008681435171 订单丢失纠偏
2026-08-02 11:49:30,870 - WARNING - [AUDIT] 8247733414597137 订单丢失纠偏
2026-08-02 11:49:30,870 - WARNING - [AUDIT] 6306746792115750 订单丢失纠偏
2026-08-02 11:49:30,871 - WARNING - [AUDIT] 3606385791936483 订单丢失纠偏
2026-08-02 11:49:30,871 - WARNING - [AUDIT] 3678275121283001 订单丢失纠偏
2026-08-02 11:49:30,872 - WARNING - [AUDIT] 2188911147145714 订单丢失纠偏
2026-08-02 11:49:30,873 - WARNING - [AUDIT] 1551987873355473 订单丢失纠偏
2026-08-02 11:49:30,873 - WARNING - [AUDIT] 9850982701736726 订单丢失纠偏
2026-08-02 11:49:30,873 - WARNING - [AUDIT] 6264442192607507 订单丢失纠偏
2026-08-02 11:49:30,873 - WARNING - [AUDIT] 2132633760404155 订单丢失纠偏
2026-08-02 11:49:30,874 - WARNING - [AUDIT] 4509625010772837 订单丢失纠偏
2026-08-02 11:49:30,874 - WARNING - [AUDIT] 6264469913402155 订单丢失纠偏
2026-08-02 11:49:30,875 - WARNING - [AUDIT] 3800278124344451 订单丢失纠偏
2026-08-02 11:49:30,875 - WARNING - [AUDIT] 5788667258485827 订单丢失纠偏
2026-08-02 11:49:30,875 - WARNING - [AUDIT] 1052246668598936 订单丢失纠偏
2026-08-02 11:49:30,875 - WARNING - [AUDIT] 7449362386332492 订单丢失纠偏
2026-08-02 11:49:30,875 - WARNING - [AUDIT] 6729075146352657 订单丢失纠偏
2026-08-02 11:49:30,875 - WARNING - [AUDIT] 1024013626581953 订单丢失纠偏
2026-08-02 11:49:30,877 - WARNING - [AUDIT] 8071034618251825 订单丢失纠偏
2026-08-02 11:49:30,877 - WARNING - [AUDIT] 9267674934686014 订单丢失纠偏
2026-08-02 11:49:30,878 - WARNING - [AUDIT] 2777098014476441 订单丢失纠偏
2026-08-02 11:49:30,878 - WARNING - [AUDIT] 9853822415801331 订单丢失纠偏
2026-08-02 11:49:30,878 - WARNING - [AUDIT] 3093363755026600 订单丢失纠偏
2026-08-02 11:49:30,879 - WARNING - [AUDIT] 1131349159365005 订单丢失纠偏
2026-08-02 11:49:30,879 - WARNING - [AUDIT] 9650640438892016 订单丢失纠偏
2026-08-02 11:49:30,879 - WARNING - [AUDIT] 1030437601221276 订单丢失纠偏
2026-08-02 11:49:30,879 - WARNING - [AUDIT] 1012708966570768 订单丢失纠偏
2026-08-02 11:49:30,879 - WARNING - [AUDIT] 5338844811683397 订单丢失纠偏
2026-08-02 11:49:30,879 - WARNING - [AUDIT] 1097972663079309 订单丢失纠偏
2026-08-02 11:49:30,880 - WARNING - [AUDIT] 1286131942036290 订单丢失纠偏
2026-08-02 11:49:30,880 - WARNING - [AUDIT] 2540412876613684 订单丢失纠偏
2026-08-02 11:49:30,880 - WARNING - [AUDIT] 6377929610712956 订单丢失纠偏
2026-08-02 11:49:30,880 - WARNING - [AUDIT] 1028866880986432 订单丢失纠偏
2026-08-02 11:49:30,880 - WARNING - [AUDIT] 4886518226528886 订单丢失纠偏
2026-08-02 11:49:30,880 - WARNING - [AUDIT] 4528346946170983 订单丢失纠偏
2026-08-02 11:49:30,880 - WARNING - [AUDIT] 8032237424386719 订单丢失纠偏
2026-08-02 11:49:30,880 - WARNING - [AUDIT] 9764971007473861 订单丢失纠偏
2026-08-02 11:49:30,880 - WARNING - [AUDIT] 7534297012306341 订单丢失纠偏
2026-08-02 11:49:30,880 - WARNING - [AUDIT] 9671289656064219 订单丢失纠偏
2026-08-02 11:49:30,882 - WARNING - [AUDIT] 9630186204426031 订单丢失纠偏
2026-08-02 11:49:30,882 - WARNING - [AUDIT] 1113727237633198 订单丢失纠偏
2026-08-02 11:49:30,882 - WARNING - [AUDIT] 6050404526417288 订单丢失纠偏
2026-08-02 11:49:30,882 - WARNING - [AUDIT] 3326607483761825 订单丢失纠偏
2026-08-02 11:49:30,882 - WARNING - [AUDIT] 2931629179384381 订单丢失纠偏
2026-08-02 11:49:30,882 - WARNING - [AUDIT] 8545580155717339 订单丢失纠偏
2026-08-02 11:49:30,882 - WARNING - [AUDIT] 9724367486548052 订单丢失纠偏
2026-08-02 11:49:30,882 - WARNING - [AUDIT] 7218838016638313 订单丢失纠偏
2026-08-02 11:49:30,882 - WARNING - [AUDIT] 1012312022189723 订单丢失纠偏
2026-08-02 11:49:30,882 - WARNING - [AUDIT] 1016861883670799 订单丢失纠偏
2026-08-02 11:49:30,882 - WARNING - [AUDIT] 9098766676952057 订单丢失纠偏
2026-08-02 11:49:30,882 - WARNING - [AUDIT] 1039833894374760 订单丢失纠偏
2026-08-02 11:49:30,882 - WARNING - [AUDIT] 8228846311781475 订单丢失纠偏
2026-08-02 11:49:30,882 - WARNING - [AUDIT] 1124237724760108 订单丢失纠偏
2026-08-02 11:49:30,883 - WARNING - [AUDIT] 9237895826239872 订单丢失纠偏
2026-08-02 11:49:30,883 - WARNING - [AUDIT] 1436216773944936 订单丢失纠偏
2026-08-02 11:49:30,883 - WARNING - [AUDIT] 2504049173922608 订单丢失纠偏
2026-08-02 11:49:30,883 - WARNING - [AUDIT] 9732723494041693 订单丢失纠偏
2026-08-02 11:49:30,883 - WARNING - [AUDIT] 2347971463879323 订单丢失纠偏
2026-08-02 11:49:30,883 - WARNING - [AUDIT] 2507426886711862 订单丢失纠偏
2026-08-02 11:49:30,884 - WARNING - [AUDIT] 8188163919804488 订单丢失纠偏
2026-08-02 11:49:30,884 - WARNING - [AUDIT] 7624255093445185 订单丢失纠偏
2026-08-02 11:49:30,884 - WARNING - [AUDIT] 7584686447051593 订单丢失纠偏
2026-08-02 11:49:30,884 - WARNING - [AUDIT] 1452548636388897 订单丢失纠偏
2026-08-02 11:49:30,884 - WARNING - [AUDIT] 8973252493302230 订单丢失纠偏
2026-08-02 11:49:30,884 - WARNING - [AUDIT] 5222153542762444 订单丢失纠偏
2026-08-02 11:49:30,884 - WARNING - [AUDIT] 1112818797963556 订单丢失纠偏
2026-08-02 11:49:30,885 - WARNING - [AUDIT] 1222480355306977 订单丢失纠偏
2026-08-02 11:49:30,885 - WARNING - [AUDIT] 1199614361642263 订单丢失纠偏
2026-08-02 11:49:30,885 - WARNING - [AUDIT] 1152677477699218 订单丢失纠偏
2026-08-02 11:49:30,885 - WARNING - [AUDIT] 1119094577730008 订单丢失纠偏
2026-08-02 11:49:30,885 - WARNING - [AUDIT] 8242794547483866 订单丢失纠偏
2026-08-02 11:49:30,885 - WARNING - [AUDIT] 1140790485163807 订单丢失纠偏
2026-08-02 11:49:30,885 - WARNING - [AUDIT] 3078568200620284 订单丢失纠偏
2026-08-02 11:49:30,885 - WARNING - [AUDIT] 4651348273860366 订单丢失纠偏
2026-08-02 11:49:30,885 - WARNING - [AUDIT] 9892862992173509 订单丢失纠偏
2026-08-02 11:49:30,885 - WARNING - [AUDIT] 1090889566703495 订单丢失纠偏
2026-08-02 11:49:30,885 - WARNING - [AUDIT] 7242042432976683 订单丢失纠偏
2026-08-02 11:49:36,446 - ERROR - [POSITION] 批量查询 best_bid 失败: HTTPSConnectionPool(host='clob.polymarket.com', port=443): Max retries exceeded with url: /books (Caused by SSLError(SSLEOFError(8, '[SSL: UNEXPECTED_EOF_WHILE_READING] EOF occurred in violation of protocol (_ssl.c:1000)')))
2026-08-02 11:49:54,528 - INFO - [SCREENER] 112 markets in 7.8s | yes:54 no:26 | next in 30s
2026-08-02 11:50:32,053 - INFO - [SCREENER] 111 markets in 6.5s | yes:55 no:26 | next in 30s
2026-08-02 11:51:30,605 - INFO - [SCREENER] 113 markets in 27.7s | yes:54 no:22 | next in 30s
2026-08-02 11:51:55,461 - INFO - [SCREENER] 114 markets in 14.0s | yes:52 no:25 | next in 30s
2026-08-02 11:52:41,469 - INFO - [SCREENER] 115 markets in 22.5s | yes:54 no:24 | next in 30s
2026-08-02 11:52:53,726 - ERROR - [py_clob_client_v2] request error: [SSL: UNEXPECTED_EOF_WHILE_READING] EOF occurred in violation of protocol (_ssl.c:1000)
2026-08-02 11:52:54,197 - ERROR - [HEARTBEAT] 失败 (连续 1 次): 401 Client Error: Unauthorized for url: https://clob.polymarket.com/v1/heartbeats
2026-08-02 11:53:05,973 - INFO - [SCREENER] 114 markets in 13.7s | yes:54 no:25 | next in 30s
2026-08-02 11:53:41,222 - INFO - [SCREENER] 114 markets in 14.4s | yes:54 no:24 | next in 30s
2026-08-02 11:53:53,030 - WARNING - [AUDIT] 8343787669814337 订单丢失纠偏
2026-08-02 11:53:53,030 - WARNING - [AUDIT] 1111315964843763 订单丢失纠偏
2026-08-02 11:53:53,030 - WARNING - [AUDIT] 8247733414597137 订单丢失纠偏
2026-08-02 11:53:53,031 - WARNING - [AUDIT] 6306746792115750 订单丢失纠偏
2026-08-02 11:53:53,031 - WARNING - [AUDIT] 3606385791936483 订单丢失纠偏
2026-08-02 11:53:53,032 - WARNING - [AUDIT] 3678275121283001 订单丢失纠偏
2026-08-02 11:53:53,032 - WARNING - [AUDIT] 2188911147145714 订单丢失纠偏
2026-08-02 11:53:53,032 - WARNING - [AUDIT] 1551987873355473 订单丢失纠偏
2026-08-02 11:53:53,032 - WARNING - [AUDIT] 9850982701736726 订单丢失纠偏
2026-08-02 11:53:53,032 - WARNING - [AUDIT] 6264442192607507 订单丢失纠偏
2026-08-02 11:53:53,032 - WARNING - [AUDIT] 2132633760404155 订单丢失纠偏
2026-08-02 11:53:53,032 - WARNING - [AUDIT] 4509625010772837 订单丢失纠偏
2026-08-02 11:53:53,032 - WARNING - [AUDIT] 6264469913402155 订单丢失纠偏
2026-08-02 11:53:53,032 - WARNING - [AUDIT] 3800278124344451 订单丢失纠偏
2026-08-02 11:53:53,033 - WARNING - [AUDIT] 5788667258485827 订单丢失纠偏
2026-08-02 11:53:53,033 - WARNING - [AUDIT] 1052246668598936 订单丢失纠偏
2026-08-02 11:53:53,033 - WARNING - [AUDIT] 7449362386332492 订单丢失纠偏
2026-08-02 11:53:53,033 - WARNING - [AUDIT] 6729075146352657 订单丢失纠偏
2026-08-02 11:53:53,033 - WARNING - [AUDIT] 1024013626581953 订单丢失纠偏
2026-08-02 11:53:53,033 - WARNING - [AUDIT] 8071034618251825 订单丢失纠偏
2026-08-02 11:53:53,033 - WARNING - [AUDIT] 9267674934686014 订单丢失纠偏
2026-08-02 11:53:53,033 - WARNING - [AUDIT] 2777098014476441 订单丢失纠偏
2026-08-02 11:53:53,033 - WARNING - [AUDIT] 9853822415801331 订单丢失纠偏
2026-08-02 11:53:53,033 - WARNING - [AUDIT] 3093363755026600 订单丢失纠偏
2026-08-02 11:53:53,034 - WARNING - [AUDIT] 1131349159365005 订单丢失纠偏
2026-08-02 11:53:53,034 - WARNING - [AUDIT] 9650640438892016 订单丢失纠偏
2026-08-02 11:53:53,034 - WARNING - [AUDIT] 1030437601221276 订单丢失纠偏
2026-08-02 11:53:53,034 - WARNING - [AUDIT] 1012708966570768 订单丢失纠偏
2026-08-02 11:53:53,034 - WARNING - [AUDIT] 5338844811683397 订单丢失纠偏
2026-08-02 11:53:53,034 - WARNING - [AUDIT] 1097972663079309 订单丢失纠偏
2026-08-02 11:53:53,034 - WARNING - [AUDIT] 1286131942036290 订单丢失纠偏
2026-08-02 11:53:53,034 - WARNING - [AUDIT] 2540412876613684 订单丢失纠偏
2026-08-02 11:53:53,034 - WARNING - [AUDIT] 6377929610712956 订单丢失纠偏
2026-08-02 11:53:53,034 - WARNING - [AUDIT] 1028866880986432 订单丢失纠偏
2026-08-02 11:53:53,034 - WARNING - [AUDIT] 4886518226528886 订单丢失纠偏
2026-08-02 11:53:53,034 - WARNING - [AUDIT] 4528346946170983 订单丢失纠偏
2026-08-02 11:53:53,034 - WARNING - [AUDIT] 8032237424386719 订单丢失纠偏
2026-08-02 11:53:53,034 - WARNING - [AUDIT] 9764971007473861 订单丢失纠偏
2026-08-02 11:53:53,035 - WARNING - [AUDIT] 7534297012306341 订单丢失纠偏
2026-08-02 11:53:53,035 - WARNING - [AUDIT] 9671289656064219 订单丢失纠偏
2026-08-02 11:53:53,035 - WARNING - [AUDIT] 1113727237633198 订单丢失纠偏
2026-08-02 11:53:53,035 - WARNING - [AUDIT] 6050404526417288 订单丢失纠偏
2026-08-02 11:53:53,035 - WARNING - [AUDIT] 3326607483761825 订单丢失纠偏
2026-08-02 11:53:53,035 - WARNING - [AUDIT] 2931629179384381 订单丢失纠偏
2026-08-02 11:53:53,035 - WARNING - [AUDIT] 8545580155717339 订单丢失纠偏
2026-08-02 11:53:53,035 - WARNING - [AUDIT] 7218838016638313 订单丢失纠偏
2026-08-02 11:53:53,035 - WARNING - [AUDIT] 1012312022189723 订单丢失纠偏
2026-08-02 11:53:53,035 - WARNING - [AUDIT] 1016861883670799 订单丢失纠偏
2026-08-02 11:53:53,035 - WARNING - [AUDIT] 9098766676952057 订单丢失纠偏
2026-08-02 11:53:53,036 - WARNING - [AUDIT] 1039833894374760 订单丢失纠偏
2026-08-02 11:53:53,036 - WARNING - [AUDIT] 8228846311781475 订单丢失纠偏
2026-08-02 11:53:53,036 - WARNING - [AUDIT] 1124237724760108 订单丢失纠偏
2026-08-02 11:53:53,037 - WARNING - [AUDIT] 9237895826239872 订单丢失纠偏
2026-08-02 11:53:53,037 - WARNING - [AUDIT] 1436216773944936 订单丢失纠偏
2026-08-02 11:53:53,037 - WARNING - [AUDIT] 2504049173922608 订单丢失纠偏
2026-08-02 11:53:53,037 - WARNING - [AUDIT] 9732723494041693 订单丢失纠偏
2026-08-02 11:53:53,037 - WARNING - [AUDIT] 2347971463879323 订单丢失纠偏
2026-08-02 11:53:53,037 - WARNING - [AUDIT] 2507426886711862 订单丢失纠偏
2026-08-02 11:53:53,037 - WARNING - [AUDIT] 8188163919804488 订单丢失纠偏
2026-08-02 11:53:53,037 - WARNING - [AUDIT] 7624255093445185 订单丢失纠偏
2026-08-02 11:53:53,037 - WARNING - [AUDIT] 7584686447051593 订单丢失纠偏
2026-08-02 11:53:53,037 - WARNING - [AUDIT] 1452548636388897 订单丢失纠偏
2026-08-02 11:53:53,037 - WARNING - [AUDIT] 1112818797963556 订单丢失纠偏
2026-08-02 11:53:53,037 - WARNING - [AUDIT] 1222480355306977 订单丢失纠偏
2026-08-02 11:53:53,038 - WARNING - [AUDIT] 1199614361642263 订单丢失纠偏
2026-08-02 11:53:53,038 - WARNING - [AUDIT] 1152677477699218 订单丢失纠偏
2026-08-02 11:53:53,038 - WARNING - [AUDIT] 8242794547483866 订单丢失纠偏
2026-08-02 11:53:53,038 - WARNING - [AUDIT] 1140790485163807 订单丢失纠偏
2026-08-02 11:53:53,038 - WARNING - [AUDIT] 4651348273860366 订单丢失纠偏
2026-08-02 11:53:53,038 - WARNING - [AUDIT] 9892862992173509 订单丢失纠偏
2026-08-02 11:53:53,038 - WARNING - [AUDIT] 7242042432976683 订单丢失纠偏
2026-08-02 11:53:53,038 - WARNING - [AUDIT] 5267541647827808 订单丢失纠偏
2026-08-02 11:53:53,038 - WARNING - [AUDIT] 1035718827074017 订单丢失纠偏
2026-08-02 11:53:53,038 - WARNING - [AUDIT] 3078568200620284 订单丢失纠偏
2026-08-02 11:54:18,422 - INFO - [SCREENER] 118 markets in 13.7s | yes:53 no:25 | next in 30s
2026-08-02 11:54:46,568 - INFO - [SCREENER] 117 markets in 7.3s | yes:52 no:24 | next in 30s
2026-08-02 11:55:12,115 - ERROR - [POLL] 批量查询异常: HTTPSConnectionPool(host='clob.polymarket.com', port=443): Max retries exceeded with url: /books (Caused by SSLError(SSLEOFError(8, '[SSL: UNEXPECTED_EOF_WHILE_READING] EOF occurred in violation of protocol (_ssl.c:1000)')))
2026-08-02 11:55:35,762 - INFO - [SCREENER] 109 markets in 13.6s | yes:52 no:26 | next in 30s
2026-08-02 11:55:42,619 - INFO - 收到停止信号，优雅退出...
2026-08-02 11:55:43,020 - INFO - 开始优雅关闭...
2026-08-02 11:55:43,291 - INFO - [CANCEL ALL] 4 已取消 | 系统关闭
2026-08-02 11:55:43,535 - WARNING - [USER WS] close code=None reason=None
2026-08-02 11:55:46,275 - INFO - [HEARTBEAT] 已停止
2026-08-02 11:55:46,275 - INFO - ============================================================
系统已停止
============================================================
2026-08-02 11:55:46,275 - INFO - [WssBot] 停止市场WS...
2026-08-02 11:55:46,302 - WARNING - [MarketWS] 连接断开 code=None msg=None
2026-08-02 11:55:46,522 - INFO - [MarketWS] 已停止
2026-08-02 12:31:08,659 - INFO - ============================================================
2026-08-02 12:31:08,660 - INFO - Maker-only Guardian V7.0 启动
2026-08-02 12:31:08,660 - INFO - 地址: 0x304bf40e9e50c265f6dd86417707d5b41d8ea619 | 档: 2 | 量: 50 | 冷却: 120s | 心跳: 7.0s
2026-08-02 12:31:08,660 - INFO - 筛选器: keyword=temp top1=100 top2=500 top3=1200 existing=3000 rewards>=10
2026-08-02 12:31:08,660 - INFO - 实例: wss | midpoint=[0.10, 0.90]
2026-08-02 12:31:08,660 - INFO - ============================================================
2026-08-02 12:31:08,660 - INFO - [WssBot] 市场WS初始化完成 url=wss://ws-subscriptions-clob.polymarket.com/ws/market ping=10s reconnect=5s
2026-08-02 12:31:08,660 - INFO - [WssBot] 启动市场WS...
2026-08-02 12:31:08,660 - INFO - [MarketWS] 启动，URL=wss://ws-subscriptions-clob.polymarket.com/ws/market
2026-08-02 12:31:08,662 - INFO - [HEARTBEAT] 已启动 interval=7.0s
2026-08-02 12:31:09,474 - INFO - [MarketWS] 已连接（暂无市场，等待动态订阅）
2026-08-02 12:31:19,753 - ERROR - [MarketWS] 错误: Connection to remote host was lost.
2026-08-02 12:31:19,754 - ERROR - Connection to remote host was lost. - goodbye
2026-08-02 12:31:19,754 - WARNING - [MarketWS] 连接断开 code=None msg=None
2026-08-02 12:31:19,754 - WARNING - [WssBot] 市场WS断线，立即取消全部挂单
2026-08-02 12:31:19,755 - INFO - [MarketWS] 5.0s 后重连...
2026-08-02 12:31:20,022 - INFO - [CANCEL ALL] 2 已取消 | 市场WS断线
2026-08-02 12:31:23,013 - INFO - [SCREENER] 114 markets in 13.7s | yes:63 no:28 | next in 30s
2026-08-02 12:31:25,472 - INFO - [MarketWS] 已连接，订阅 91 个市场
2026-08-02 12:31:25,473 - INFO - [WssBot] 市场WS重连成功，将在下一个tick同步订阅
2026-08-02 12:31:34,589 - ERROR - [py_clob_client_v2] request error: Server disconnected
2026-08-02 12:31:34,589 - ERROR - [py_clob_client_v2] request error: Server disconnected
2026-08-02 12:31:34,590 - ERROR - [PLACE FAIL] 2132633760404155... price=0.50 attempt=1/2 | PolyApiException[status_code=None, error_message=Request exception!]
2026-08-02 12:31:34,590 - ERROR - [PLACE FAIL] 1012312022189723... price=0.35 attempt=1/2 | PolyApiException[status_code=None, error_message=Request exception!]
2026-08-02 12:31:57,498 - INFO - [SCREENER] 118 markets in 13.8s | yes:58 no:33 | next in 30s
2026-08-02 12:32:48,505 - INFO - [SCREENER] 114 markets in 30.1s | yes:58 no:32 | next in 30s
2026-08-02 12:32:53,800 - ERROR - [POLL] 批量查询异常: HTTPSConnectionPool(host='clob.polymarket.com', port=443): Max retries exceeded with url: /books (Caused by SSLError(SSLEOFError(8, '[SSL: UNEXPECTED_EOF_WHILE_READING] EOF occurred in violation of protocol (_ssl.c:1000)')))
2026-08-02 12:33:10,976 - INFO - [SCREENER] 113 markets in 7.2s | yes:62 no:33 | next in 30s
2026-08-02 12:33:41,203 - ERROR - [py_clob_client_v2] request error: [SSL: UNEXPECTED_EOF_WHILE_READING] EOF occurred in violation of protocol (_ssl.c:1000)
2026-08-02 12:33:41,691 - ERROR - [HEARTBEAT] 失败 (连续 1 次): 401 Client Error: Unauthorized for url: https://clob.polymarket.com/v1/heartbeats
2026-08-02 12:33:48,106 - INFO - [SCREENER] 112 markets in 14.0s | yes:59 no:34 | next in 30s
2026-08-02 12:33:59,392 - ERROR - [BATCH CANCEL FAIL] 0xa864655d29d37a3f98... | order can't be found - already canceled or matched
2026-08-02 12:34:00,136 - ERROR - [BATCH CANCEL] 1100324030314739 取消结果不明，回退 RESTING 等 audit 确认 | oid=0xa864655d29d37a3f98
2026-08-02 12:34:44,770 - INFO - [SCREENER] 113 markets in 35.6s | yes:58 no:34 | next in 30s
2026-08-02 12:35:09,937 - INFO - [SCREENER] 113 markets in 14.0s | yes:57 no:35 | next in 30s
2026-08-02 12:35:39,077 - INFO - [SCREENER] 111 markets in 7.9s | yes:57 no:33 | next in 30s
2026-08-02 12:35:40,204 - WARNING - [AUDIT] 8247733414597137 订单丢失纠偏
2026-08-02 12:35:40,204 - WARNING - [AUDIT] 7721406147430922 订单丢失纠偏
2026-08-02 12:35:40,204 - WARNING - [AUDIT] 9237895826239872 订单丢失纠偏
2026-08-02 12:35:40,204 - WARNING - [AUDIT] 1075075528602313 订单丢失纠偏
2026-08-02 12:35:40,205 - WARNING - [AUDIT] 9914378772371567 订单丢失纠偏
2026-08-02 12:35:40,205 - WARNING - [AUDIT] 2290230363553847 订单丢失纠偏
2026-08-02 12:35:40,205 - WARNING - [AUDIT] 1404384484295473 订单丢失纠偏
2026-08-02 12:35:40,205 - WARNING - [AUDIT] 7624255093445185 订单丢失纠偏
2026-08-02 12:35:40,205 - WARNING - [AUDIT] 6306746792115750 订单丢失纠偏
2026-08-02 12:35:40,205 - WARNING - [AUDIT] 9456783018708075 订单丢失纠偏
2026-08-02 12:35:40,206 - WARNING - [AUDIT] 1131040456446104 订单丢失纠偏
2026-08-02 12:35:40,206 - WARNING - [AUDIT] 7584686447051593 订单丢失纠偏
2026-08-02 12:35:40,206 - WARNING - [AUDIT] 8973252493302230 订单丢失纠偏
2026-08-02 12:35:40,206 - WARNING - [AUDIT] 2777098014476441 订单丢失纠偏
2026-08-02 12:35:40,206 - WARNING - [AUDIT] 1052246668598936 订单丢失纠偏
2026-08-02 12:35:40,206 - WARNING - [AUDIT] 3606385791936483 订单丢失纠偏
2026-08-02 12:35:40,206 - WARNING - [AUDIT] 9850982701736726 订单丢失纠偏
2026-08-02 12:35:40,207 - WARNING - [AUDIT] 2188911147145714 订单丢失纠偏
2026-08-02 12:35:40,207 - WARNING - [AUDIT] 6264469913402155 订单丢失纠偏
2026-08-02 12:35:40,207 - WARNING - [AUDIT] 1551987873355473 订单丢失纠偏
2026-08-02 12:35:40,207 - WARNING - [AUDIT] 2507426886711862 订单丢失纠偏
2026-08-02 12:35:40,207 - WARNING - [AUDIT] 3800278124344451 订单丢失纠偏
2026-08-02 12:35:40,207 - WARNING - [AUDIT] 5222153542762444 订单丢失纠偏
2026-08-02 12:35:40,207 - WARNING - [AUDIT] 3078568200620284 订单丢失纠偏
2026-08-02 12:35:40,207 - WARNING - [AUDIT] 5788667258485827 订单丢失纠偏
2026-08-02 12:35:40,207 - WARNING - [AUDIT] 8071034618251825 订单丢失纠偏
2026-08-02 12:35:40,208 - WARNING - [AUDIT] 9267674934686014 订单丢失纠偏
2026-08-02 12:35:40,208 - WARNING - [AUDIT] 3093363755026600 订单丢失纠偏
2026-08-02 12:35:40,208 - WARNING - [AUDIT] 1113727237633198 订单丢失纠偏
2026-08-02 12:35:40,208 - WARNING - [AUDIT] 1024013626581953 订单丢失纠偏
2026-08-02 12:35:40,208 - WARNING - [AUDIT] 1265034593328029 订单丢失纠偏
2026-08-02 12:35:40,208 - WARNING - [AUDIT] 6618369461304206 订单丢失纠偏
2026-08-02 12:35:40,208 - WARNING - [AUDIT] 8188163919804488 订单丢失纠偏
2026-08-02 12:35:40,208 - WARNING - [AUDIT] 9853822415801331 订单丢失纠偏
2026-08-02 12:35:40,208 - WARNING - [AUDIT] 1030437601221276 订单丢失纠偏
2026-08-02 12:35:40,208 - WARNING - [AUDIT] 7449362386332492 订单丢失纠偏
2026-08-02 12:35:40,208 - WARNING - [AUDIT] 1112818797963556 订单丢失纠偏
2026-08-02 12:35:40,208 - WARNING - [AUDIT] 6729075146352657 订单丢失纠偏
2026-08-02 12:35:40,208 - WARNING - [AUDIT] 7988909988012805 订单丢失纠偏
2026-08-02 12:35:40,208 - WARNING - [AUDIT] 1131349159365005 订单丢失纠偏
2026-08-02 12:35:40,208 - WARNING - [AUDIT] 4241218821484315 订单丢失纠偏
2026-08-02 12:35:40,208 - WARNING - [AUDIT] 8711246570211379 订单丢失纠偏
2026-08-02 12:35:40,209 - WARNING - [AUDIT] 1286131942036290 订单丢失纠偏
2026-08-02 12:35:40,209 - WARNING - [AUDIT] 5267541647827808 订单丢失纠偏
2026-08-02 12:35:40,209 - WARNING - [AUDIT] 5278531042861990 订单丢失纠偏
2026-08-02 12:35:40,209 - WARNING - [AUDIT] 8545580155717339 订单丢失纠偏
2026-08-02 12:35:40,209 - WARNING - [AUDIT] 1199614361642263 订单丢失纠偏
2026-08-02 12:35:40,209 - WARNING - [AUDIT] 2931629179384381 订单丢失纠偏
2026-08-02 12:35:40,209 - WARNING - [AUDIT] 6050404526417288 订单丢失纠偏
2026-08-02 12:35:40,210 - WARNING - [AUDIT] 1016861883670799 订单丢失纠偏
2026-08-02 12:35:40,210 - WARNING - [AUDIT] 6377929610712956 订单丢失纠偏
2026-08-02 12:35:40,210 - WARNING - [AUDIT] 7534297012306341 订单丢失纠偏
2026-08-02 12:35:40,210 - WARNING - [AUDIT] 6264442192607507 订单丢失纠偏
2026-08-02 12:35:40,210 - WARNING - [AUDIT] 2132633760404155 订单丢失纠偏
2026-08-02 12:35:40,210 - WARNING - [AUDIT] 8032237424386719 订单丢失纠偏
2026-08-02 12:35:40,210 - WARNING - [AUDIT] 1097972663079309 订单丢失纠偏
2026-08-02 12:35:40,210 - WARNING - [AUDIT] 4651348273860366 订单丢失纠偏
2026-08-02 12:35:40,210 - WARNING - [AUDIT] 7242042432976683 订单丢失纠偏
2026-08-02 12:35:40,210 - WARNING - [AUDIT] 2011341284551955 订单丢失纠偏
2026-08-02 12:35:40,211 - WARNING - [AUDIT] 4886518226528886 订单丢失纠偏
2026-08-02 12:35:40,211 - WARNING - [AUDIT] 4528346946170983 订单丢失纠偏
2026-08-02 12:35:40,211 - WARNING - [AUDIT] 9650640438892016 订单丢失纠偏
2026-08-02 12:35:40,211 - WARNING - [AUDIT] 7218838016638313 订单丢失纠偏
2026-08-02 12:35:40,211 - WARNING - [AUDIT] 8343787669814337 订单丢失纠偏
2026-08-02 12:35:40,211 - WARNING - [AUDIT] 1436216773944936 订单丢失纠偏
2026-08-02 12:35:40,211 - WARNING - [AUDIT] 2563320167677268 订单丢失纠偏
2026-08-02 12:35:40,211 - WARNING - [AUDIT] 7276505265983696 订单丢失纠偏
2026-08-02 12:35:40,212 - WARNING - [AUDIT] 6985283322451505 订单丢失纠偏
2026-08-02 12:35:40,212 - WARNING - [AUDIT] 1012312022189723 订单丢失纠偏
2026-08-02 12:35:40,212 - WARNING - [AUDIT] 9098766676952057 订单丢失纠偏
2026-08-02 12:35:40,212 - WARNING - [AUDIT] 1039833894374760 订单丢失纠偏
2026-08-02 12:35:40,213 - WARNING - [AUDIT] 9732723494041693 订单丢失纠偏
2026-08-02 12:35:40,213 - WARNING - [AUDIT] 2504049173922608 订单丢失纠偏
2026-08-02 12:35:40,213 - WARNING - [AUDIT] 1100324030314739 订单丢失纠偏
2026-08-02 12:35:40,213 - WARNING - [AUDIT] 8062130920515222 订单丢失纠偏
2026-08-02 12:35:40,213 - WARNING - [AUDIT] 3971246441084740 订单丢失纠偏
2026-08-02 12:35:40,213 - WARNING - [AUDIT] 7354666106171593 订单丢失纠偏
2026-08-02 12:35:40,213 - WARNING - [AUDIT] 2401073149447007 订单丢失纠偏
2026-08-02 12:35:40,213 - WARNING - [AUDIT] 1955986299766403 订单丢失纠偏
2026-08-02 12:35:40,213 - WARNING - [AUDIT] 1124237724760108 订单丢失纠偏
2026-08-02 12:35:40,214 - WARNING - [AUDIT] 9630186204426031 订单丢失纠偏
2026-08-02 12:35:40,214 - WARNING - [AUDIT] 9421526033893170 订单丢失纠偏
2026-08-02 12:36:30,999 - INFO - [SCREENER] 113 markets in 28.5s | yes:58 no:30 | next in 30s
2026-08-02 12:36:48,695 - INFO - [SCREENER] 112 markets in 6.9s | yes:55 no:28 | next in 30s
2026-08-02 12:37:41,210 - INFO - [SCREENER] 110 markets in 21.7s | yes:56 no:30 | next in 30s
2026-08-02 12:37:42,060 - ERROR - [py_clob_client_v2] request error: Server disconnected
2026-08-02 12:37:42,060 - ERROR - [py_clob_client_v2] request error: Server disconnected
2026-08-02 12:37:42,061 - ERROR - 获取订单簿失败: 82477334145971370317... | PolyApiException[status_code=None, error_message=Request exception!]
2026-08-02 12:37:42,062 - ERROR - [py_clob_client_v2] request error: Server disconnected
2026-08-02 12:37:42,062 - ERROR - 获取订单簿失败: 92378958262398725612... | PolyApiException[status_code=None, error_message=Request exception!]
2026-08-02 12:37:42,062 - ERROR - [py_clob_client_v2] request error: Server disconnected
2026-08-02 12:37:42,062 - ERROR - [py_clob_client_v2] request error: Server disconnected
2026-08-02 12:37:42,063 - ERROR - [py_clob_client_v2] request error: Server disconnected
2026-08-02 12:37:42,063 - ERROR - [py_clob_client_v2] request error: Server disconnected
2026-08-02 12:37:42,063 - ERROR - 获取订单簿失败: 10750755286023131669... | PolyApiException[status_code=None, error_message=Request exception!]
2026-08-02 12:37:42,064 - ERROR - 获取订单簿失败: 14043844842954732214... | PolyApiException[status_code=None, error_message=Request exception!]
2026-08-02 12:37:42,064 - ERROR - 获取订单簿失败: 76242550934451858130... | PolyApiException[status_code=None, error_message=Request exception!]
2026-08-02 12:37:42,064 - ERROR - 获取订单簿失败: 99143787723715677489... | PolyApiException[status_code=None, error_message=Request exception!]
2026-08-02 12:37:42,064 - ERROR - 获取订单簿失败: 63067467921157504857... | PolyApiException[status_code=None, error_message=Request exception!]
2026-08-02 12:37:43,042 - WARNING - [RETRY] 8247733414597137 bids不足2档，10s后重试
2026-08-02 12:37:43,042 - WARNING - [RETRY] 9237895826239872 bids不足2档，10s后重试
2026-08-02 12:37:43,042 - WARNING - [RETRY] 1075075528602313 bids不足2档，10s后重试
2026-08-02 12:37:43,042 - WARNING - [RETRY] 9914378772371567 bids不足2档，10s后重试
2026-08-02 12:37:43,042 - WARNING - [RETRY] 1404384484295473 bids不足2档，10s后重试
2026-08-02 12:37:43,043 - WARNING - [RETRY] 7624255093445185 bids不足2档，10s后重试
2026-08-02 12:37:43,043 - WARNING - [RETRY] 6306746792115750 bids不足2档，10s后重试
2026-08-02 12:38:05,939 - INFO - [SCREENER] 109 markets in 13.9s | yes:60 no:30 | next in 30s
2026-08-02 12:38:11,443 - ERROR - [AUDIT] 批量查询 best_bid 失败: HTTPSConnectionPool(host='clob.polymarket.com', port=443): Max retries exceeded with url: /books (Caused by SSLError(SSLEOFError(8, '[SSL: UNEXPECTED_EOF_WHILE_READING] EOF occurred in violation of protocol (_ssl.c:1000)')))
2026-08-02 12:38:36,807 - INFO - [SCREENER] 109 markets in 13.9s | yes:57 no:31 | next in 30s
2026-08-02 12:38:50,828 - ERROR - [py_clob_client_v2] request error: [SSL: UNEXPECTED_EOF_WHILE_READING] EOF occurred in violation of protocol (_ssl.c:1000)
2026-08-02 12:38:50,829 - ERROR - 获取订单簿失败: 45041528769773786088... | PolyApiException[status_code=None, error_message=Request exception!]
2026-08-02 12:38:51,825 - WARNING - [RETRY] 4504152876977378 bids不足2档，10s后重试
2026-08-02 12:39:13,093 - INFO - [SCREENER] 109 markets in 15.3s | yes:58 no:31 | next in 30s
2026-08-02 12:39:32,832 - ERROR - [py_clob_client_v2] request error: _ssl.c:983: The handshake operation timed out
2026-08-02 12:39:33,323 - ERROR - [HEARTBEAT] 失败 (连续 1 次): 401 Client Error: Unauthorized for url: https://clob.polymarket.com/v1/heartbeats
2026-08-02 12:39:41,864 - INFO - [SCREENER] 112 markets in 7.3s | yes:57 no:31 | next in 30s
2026-08-02 12:40:13,015 - INFO - [SCREENER] 114 markets in 7.7s | yes:57 no:32 | next in 30s
2026-08-02 12:40:36,869 - INFO - 收到停止信号，优雅退出...
2026-08-02 12:40:36,924 - INFO - 开始优雅关闭...
2026-08-02 12:40:37,184 - INFO - [CANCEL ALL] 87 已取消 | 系统关闭
2026-08-02 12:40:37,195 - WARNING - [USER WS] close code=None reason=None
2026-08-02 12:40:41,064 - INFO - [HEARTBEAT] 已停止
2026-08-02 12:40:41,064 - INFO - ============================================================
系统已停止
============================================================
2026-08-02 12:40:41,064 - INFO - [WssBot] 停止市场WS...
2026-08-02 12:40:41,196 - WARNING - [MarketWS] 连接断开 code=None msg=None
2026-08-02 12:40:41,312 - INFO - [MarketWS] 已停止
2026-08-02 12:42:10,526 - INFO - ============================================================
2026-08-02 12:42:10,526 - INFO - Maker-only Guardian V7.0 启动
2026-08-02 12:42:10,526 - INFO - 地址: 0x304bf40e9e50c265f6dd86417707d5b41d8ea619 | 档: 2 | 量: 50 | 冷却: 120s | 心跳: 7.0s
2026-08-02 12:42:10,527 - INFO - 筛选器: keyword=temp top1=100 top2=500 top3=1200 existing=3000 rewards>=10
2026-08-02 12:42:10,527 - INFO - 实例: wss | midpoint=[0.10, 0.90]
2026-08-02 12:42:10,527 - INFO - ============================================================
2026-08-02 12:42:10,527 - INFO - [WssBot] 市场WS初始化完成 url=wss://ws-subscriptions-clob.polymarket.com/ws/market ping=10s reconnect=5s
2026-08-02 12:42:10,527 - INFO - [WssBot] 启动市场WS...
2026-08-02 12:42:10,528 - INFO - [MarketWS] 启动，URL=wss://ws-subscriptions-clob.polymarket.com/ws/market
2026-08-02 12:42:10,529 - INFO - [HEARTBEAT] 已启动 interval=7.0s
2026-08-02 12:42:15,522 - ERROR - [py_clob_client_v2] request error: _ssl.c:983: The handshake operation timed out
2026-08-02 12:42:16,216 - ERROR - [HEARTBEAT] 失败 (连续 1 次): 401 Client Error: Unauthorized for url: https://clob.polymarket.com/v1/heartbeats
2026-08-02 12:42:16,396 - INFO - [MarketWS] 已连接（暂无市场，等待动态订阅）
2026-08-02 12:42:22,231 - ERROR - [py_clob_client_v2] request error: _ssl.c:983: The handshake operation timed out
2026-08-02 12:42:26,708 - ERROR - [MarketWS] 错误: Connection to remote host was lost.
2026-08-02 12:42:26,709 - ERROR - Connection to remote host was lost. - goodbye
2026-08-02 12:42:26,710 - WARNING - [MarketWS] 连接断开 code=None msg=None
2026-08-02 12:42:26,710 - WARNING - [WssBot] 市场WS断线，立即取消全部挂单
2026-08-02 12:42:26,712 - INFO - [MarketWS] 5.0s 后重连...
2026-08-02 12:42:27,933 - INFO - [CANCEL ALL] 0 已取消 | 市场WS断线
2026-08-02 12:42:28,407 - ERROR - [HEARTBEAT] 失败 (连续 2 次): 401 Client Error: Unauthorized for url: https://clob.polymarket.com/v1/heartbeats
2026-08-02 12:42:37,618 - INFO - [MarketWS] 已连接（暂无市场，等待动态订阅）
2026-08-02 12:42:37,618 - INFO - [WssBot] 市场WS重连成功，将在下一个tick同步订阅
2026-08-02 12:42:41,733 - ERROR - [py_clob_client_v2] request error: _ssl.c:983: The handshake operation timed out
2026-08-02 12:42:47,422 - ERROR - [HEARTBEAT] 失败 (连续 1 次): 401 Client Error: Unauthorized for url: https://clob.polymarket.com/v1/heartbeats
2026-08-02 12:42:47,933 - ERROR - [MarketWS] 错误: Connection to remote host was lost.
2026-08-02 12:42:47,934 - ERROR - Connection to remote host was lost. - goodbye
2026-08-02 12:42:47,934 - WARNING - [MarketWS] 连接断开 code=None msg=None
2026-08-02 12:42:47,934 - WARNING - [WssBot] 市场WS断线，立即取消全部挂单
2026-08-02 12:42:47,936 - INFO - [MarketWS] 5.0s 后重连...
2026-08-02 12:42:53,352 - INFO - [CANCEL ALL] 0 已取消 | 市场WS断线
2026-08-02 12:42:58,749 - INFO - [MarketWS] 已连接（暂无市场，等待动态订阅）
2026-08-02 12:42:58,750 - INFO - [WssBot] 市场WS重连成功，将在下一个tick同步订阅
2026-08-02 12:43:09,044 - ERROR - [MarketWS] 错误: Connection to remote host was lost.
2026-08-02 12:43:09,045 - ERROR - Connection to remote host was lost. - goodbye
2026-08-02 12:43:09,045 - WARNING - [MarketWS] 连接断开 code=None msg=None
2026-08-02 12:43:09,045 - WARNING - [WssBot] 市场WS断线，立即取消全部挂单
2026-08-02 12:43:09,045 - INFO - [MarketWS] 5.0s 后重连...
2026-08-02 12:43:14,058 - ERROR - [py_clob_client_v2] request error: _ssl.c:983: The handshake operation timed out
2026-08-02 12:43:14,066 - ERROR - [CANCEL ALL ERR] 市场WS断线 | PolyApiException[status_code=None, error_message=Request exception!]
2026-08-02 12:43:18,088 - INFO - 收到停止信号，优雅退出...
2026-08-02 12:43:19,097 - ERROR - [py_clob_client_v2] request error: _ssl.c:983: The handshake operation timed out
2026-08-02 12:43:20,252 - INFO - [MarketWS] 已连接（暂无市场，等待动态订阅）
2026-08-02 12:43:20,253 - INFO - [WssBot] 市场WS重连成功，将在下一个tick同步订阅
2026-08-02 12:43:24,823 - ERROR - [HEARTBEAT] 失败 (连续 1 次): 401 Client Error: Unauthorized for url: https://clob.polymarket.com/v1/heartbeats
2026-08-02 12:43:30,564 - ERROR - [MarketWS] 错误: Connection to remote host was lost.
2026-08-02 12:43:30,564 - ERROR - Connection to remote host was lost. - goodbye
2026-08-02 12:43:30,565 - WARNING - [MarketWS] 连接断开 code=None msg=None
2026-08-02 12:43:30,565 - WARNING - [WssBot] 市场WS断线，立即取消全部挂单
2026-08-02 12:43:30,565 - INFO - [MarketWS] 5.0s 后重连...
2026-08-02 12:43:30,899 - INFO - [CANCEL ALL] 0 已取消 | 市场WS断线
2026-08-02 12:43:32,745 - ERROR - [USER WS ERR] Connection to remote host was lost.
2026-08-02 12:43:32,749 - ERROR - Connection to remote host was lost. - goodbye
2026-08-02 12:43:32,749 - WARNING - [USER WS] close code=None reason=None
2026-08-02 12:43:32,750 - WARNING - [USER WS] 断开，5s 后重连...
2026-08-02 12:43:46,899 - ERROR - [py_clob_client_v2] request error: timed out
2026-08-02 12:43:56,581 - ERROR - [MarketWS] 错误: [WinError 10060] 由于连接方在一段时间后没有正确答复或连接的主机没有反应，连接尝试失败。
2026-08-02 12:43:56,581 - ERROR - [WinError 10060] 由于连接方在一段时间后没有正确答复或连接的主机没有反应，连接尝试失败。 - goodbye
2026-08-02 12:43:56,583 - WARNING - [MarketWS] 连接断开 code=None msg=None
2026-08-02 12:43:56,583 - WARNING - [WssBot] 市场WS断线，立即取消全部挂单
2026-08-02 12:43:56,583 - INFO - [MarketWS] 5.0s 后重连...
2026-08-02 12:43:58,774 - ERROR - [USER WS ERR] [WinError 10060] 由于连接方在一段时间后没有正确答复或连接的主机没有反应，连接尝试失败。
2026-08-02 12:43:58,775 - ERROR - [WinError 10060] 由于连接方在一段时间后没有正确答复或连接的主机没有反应，连接尝试失败。 - goodbye
2026-08-02 12:43:58,775 - WARNING - [USER WS] close code=None reason=None
2026-08-02 12:43:58,775 - WARNING - [USER WS] 断开，5s 后重连...
2026-08-02 12:44:06,593 - ERROR - [py_clob_client_v2] request error: timed out
2026-08-02 12:44:06,593 - ERROR - [CANCEL ALL ERR] 市场WS断线 | PolyApiException[status_code=None, error_message=Request exception!]
2026-08-02 12:44:06,914 - ERROR - [HEARTBEAT] 失败 (连续 1 次): HTTPSConnectionPool(host='clob.polymarket.com', port=443): Max retries exceeded with url: /v1/heartbeats (Caused by ConnectTimeoutError(<urllib3.connection.HTTPSConnection object at 0x00000247406CF290>, 'Connection to clob.polymarket.com timed out. (connect timeout=10)'))
2026-08-02 12:44:17,937 - ERROR - [py_clob_client_v2] request error: timed out
2026-08-02 12:44:18,443 - ERROR - [HEARTBEAT] 失败 (连续 2 次): 401 Client Error: Unauthorized for url: https://clob.polymarket.com/v1/heartbeats
2026-08-02 12:44:22,628 - ERROR - [MarketWS] 错误: [WinError 10060] 由于连接方在一段时间后没有正确答复或连接的主机没有反应，连接尝试失败。
2026-08-02 12:44:22,629 - ERROR - [WinError 10060] 由于连接方在一段时间后没有正确答复或连接的主机没有反应，连接尝试失败。 - goodbye
2026-08-02 12:44:22,629 - WARNING - [MarketWS] 连接断开 code=None msg=None
2026-08-02 12:44:22,629 - WARNING - [WssBot] 市场WS断线，立即取消全部挂单
2026-08-02 12:44:22,629 - INFO - [MarketWS] 5.0s 后重连...
2026-08-02 12:44:24,807 - ERROR - [USER WS ERR] [WinError 10060] 由于连接方在一段时间后没有正确答复或连接的主机没有反应，连接尝试失败。
2026-08-02 12:44:24,808 - ERROR - [WinError 10060] 由于连接方在一段时间后没有正确答复或连接的主机没有反应，连接尝试失败。 - goodbye
2026-08-02 12:44:24,808 - WARNING - [USER WS] close code=None reason=None
2026-08-02 12:44:24,808 - WARNING - [USER WS] 断开，5s 后重连...
2026-08-02 12:44:29,455 - ERROR - [py_clob_client_v2] request error: timed out
2026-08-02 12:44:29,948 - ERROR - [HEARTBEAT] 失败 (连续 3 次): 401 Client Error: Unauthorized for url: https://clob.polymarket.com/v1/heartbeats
2026-08-02 12:44:29,949 - CRITICAL - [HEARTBEAT] 连续失败 3 次！订单将在 ~7 秒后被交易所自动取消！
2026-08-02 12:44:31,227 - INFO - [SCREENER] 115 markets in 133.9s | yes:55 no:27 | next in 30s
2026-08-02 12:44:31,227 - INFO - 开始优雅关闭...
2026-08-02 12:44:39,460 - ERROR - [py_clob_client_v2] request error: timed out
2026-08-02 12:44:39,460 - ERROR - [CANCEL ALL ERR] 市场WS断线 | PolyApiException[status_code=None, error_message=Request exception!]
2026-08-02 12:44:41,238 - ERROR - [py_clob_client_v2] request error: timed out
2026-08-02 12:44:41,238 - ERROR - [CANCEL ALL ERR] 系统关闭 | PolyApiException[status_code=None, error_message=Request exception!]
2026-08-02 12:44:46,241 - INFO - [HEARTBEAT] 已停止
2026-08-02 12:44:46,242 - INFO - ============================================================
系统已停止
============================================================
2026-08-02 12:44:46,242 - INFO - [WssBot] 停止市场WS...
2026-08-02 12:44:46,242 - INFO - [MarketWS] 已停止
2026-08-02 12:44:48,676 - ERROR - [MarketWS] 错误: [WinError 10060] 由于连接方在一段时间后没有正确答复或连接的主机没有反应，连接尝试失败。
2026-08-02 12:44:48,677 - ERROR - [WinError 10060] 由于连接方在一段时间后没有正确答复或连接的主机没有反应，连接尝试失败。 - goodbye
2026-08-02 12:44:48,677 - WARNING - [MarketWS] 连接断开 code=None msg=None
2026-08-02 13:21:44,306 - INFO - ============================================================
2026-08-02 13:21:44,309 - INFO - Maker-only Guardian V7.0 启动
2026-08-02 13:21:44,309 - INFO - 地址: 0x304bf40e9e50c265f6dd86417707d5b41d8ea619 | 档: 2 | 量: 50 | 冷却: 120s | 心跳: 7.0s
2026-08-02 13:21:44,309 - INFO - 筛选器: keyword=temp top1=100 top2=500 top3=1200 existing=3000 rewards>=10
2026-08-02 13:21:44,309 - INFO - 实例: wss | midpoint=[0.10, 0.90]
2026-08-02 13:21:44,310 - INFO - ============================================================
2026-08-02 13:21:44,310 - INFO - [WssBot] 市场WS初始化完成 url=wss://ws-subscriptions-clob.polymarket.com/ws/market ping=10s reconnect=5s
2026-08-02 13:21:44,310 - INFO - [WssBot] 启动市场WS...
2026-08-02 13:21:44,311 - INFO - [MarketWS] 启动，URL=wss://ws-subscriptions-clob.polymarket.com/ws/market
2026-08-02 13:21:44,312 - INFO - [HEARTBEAT] 已启动 interval=7.0s
2026-08-02 13:21:45,035 - INFO - [MarketWS] 已连接（暂无市场，等待动态订阅）
2026-08-02 13:21:55,284 - ERROR - [MarketWS] 错误: Connection to remote host was lost.
2026-08-02 13:21:55,284 - ERROR - Connection to remote host was lost. - goodbye
2026-08-02 13:21:55,284 - WARNING - [MarketWS] 连接断开 code=None msg=None
2026-08-02 13:21:55,285 - WARNING - [WssBot] 市场WS断线，立即取消全部挂单
2026-08-02 13:21:55,286 - INFO - [MarketWS] 5.0s 后重连...
2026-08-02 13:21:55,531 - INFO - [CANCEL ALL] 0 已取消 | 市场WS断线
2026-08-02 13:21:59,323 - INFO - [SCREENER] 116 markets in 14.3s | yes:47 no:23 | next in 30s
2026-08-02 13:22:00,981 - INFO - [MarketWS] 已连接，订阅 70 个市场
2026-08-02 13:22:00,981 - INFO - [WssBot] 市场WS重连成功，将在下一个tick同步订阅
2026-08-02 13:22:02,326 - ERROR - [py_clob_client_v2] request error: Server disconnected
2026-08-02 13:22:02,326 - ERROR - [py_clob_client_v2] request error: Server disconnected
2026-08-02 13:22:02,326 - ERROR - 获取订单簿失败: 82477334145971370317... | PolyApiException[status_code=None, error_message=Request exception!]
2026-08-02 13:22:02,327 - ERROR - 获取订单簿失败: 19656482866917181052... | PolyApiException[status_code=None, error_message=Request exception!]
2026-08-02 13:22:03,330 - WARNING - [RETRY] 8247733414597137 bids不足2档，10s后重试
2026-08-02 13:22:03,331 - WARNING - [RETRY] 1965648286691718 bids不足2档，10s后重试
2026-08-02 13:22:40,923 - INFO - [SCREENER] 117 markets in 21.0s | yes:50 no:24 | next in 30s
2026-08-02 13:22:46,175 - ERROR - [POLL] 批量查询异常: HTTPSConnectionPool(host='clob.polymarket.com', port=443): Max retries exceeded with url: /books (Caused by SSLError(SSLEOFError(8, '[SSL: UNEXPECTED_EOF_WHILE_READING] EOF occurred in violation of protocol (_ssl.c:1000)')))
2026-08-02 13:23:03,391 - INFO - [SCREENER] 118 markets in 7.2s | yes:49 no:24 | next in 30s
2026-08-02 13:23:41,630 - INFO - [SCREENER] 116 markets in 7.1s | yes:50 no:22 | next in 30s
2026-08-02 13:23:59,380 - ERROR - [POSITION] 批量查询 best_ask 失败: HTTPSConnectionPool(host='clob.polymarket.com', port=443): Max retries exceeded with url: /books (Caused by SSLError(SSLEOFError(8, '[SSL: UNEXPECTED_EOF_WHILE_READING] EOF occurred in violation of protocol (_ssl.c:1000)')))
2026-08-02 13:24:19,658 - INFO - 收到停止信号，优雅退出...
2026-08-02 13:24:23,581 - ERROR - [py_clob_client_v2] request error: [SSL: UNEXPECTED_EOF_WHILE_READING] EOF occurred in violation of protocol (_ssl.c:1000)
2026-08-02 13:24:25,999 - ERROR - [USER WS ERR] Connection to remote host was lost.
2026-08-02 13:24:26,000 - ERROR - [MarketWS] 错误: Connection to remote host was lost.
2026-08-02 13:24:26,000 - ERROR - Connection to remote host was lost. - goodbye
2026-08-02 13:24:26,000 - ERROR - [HEARTBEAT] 失败 (连续 1 次): ('Connection aborted.', ConnectionResetError(10054, '远程主机强迫关闭了一个现有的连接。', None, 10054, None))
2026-08-02 13:24:26,001 - ERROR - Connection to remote host was lost. - goodbye
2026-08-02 13:24:26,002 - WARNING - [USER WS] close code=None reason=None
2026-08-02 13:24:26,004 - WARNING - [MarketWS] 连接断开 code=None msg=None
2026-08-02 13:24:26,006 - WARNING - [USER WS] 断开，5s 后重连...
2026-08-02 13:24:26,006 - WARNING - [WssBot] 市场WS断线，立即取消全部挂单
2026-08-02 13:24:26,006 - INFO - [MarketWS] 5.0s 后重连...
2026-08-02 13:24:36,124 - ERROR - [py_clob_client_v2] request error: timed out
2026-08-02 13:24:36,126 - ERROR - [CANCEL ALL ERR] 市场WS断线 | PolyApiException[status_code=None, error_message=Request exception!]
2026-08-02 13:24:46,138 - ERROR - [py_clob_client_v2] request error: timed out
2026-08-02 13:24:52,049 - ERROR - [USER WS ERR] [WinError 10060] 由于连接方在一段时间后没有正确答复或连接的主机没有反应，连接尝试失败。
2026-08-02 13:24:52,050 - ERROR - [MarketWS] 错误: [WinError 10060] 由于连接方在一段时间后没有正确答复或连接的主机没有反应，连接尝试失败。
2026-08-02 13:24:52,050 - ERROR - [WinError 10060] 由于连接方在一段时间后没有正确答复或连接的主机没有反应，连接尝试失败。 - goodbye
2026-08-02 13:24:52,050 - ERROR - [WinError 10060] 由于连接方在一段时间后没有正确答复或连接的主机没有反应，连接尝试失败。 - goodbye
2026-08-02 13:24:52,050 - WARNING - [USER WS] close code=None reason=None
2026-08-02 13:24:52,050 - WARNING - [USER WS] 断开，5s 后重连...
2026-08-02 13:24:52,050 - WARNING - [MarketWS] 连接断开 code=None msg=None
2026-08-02 13:24:52,050 - WARNING - [WssBot] 市场WS断线，立即取消全部挂单
2026-08-02 13:24:52,050 - INFO - [MarketWS] 5.0s 后重连...
2026-08-02 13:24:56,163 - ERROR - [HEARTBEAT] 失败 (连续 2 次): HTTPSConnectionPool(host='clob.polymarket.com', port=443): Max retries exceeded with url: /v1/heartbeats (Caused by SSLError(SSLEOFError(8, '[SSL: UNEXPECTED_EOF_WHILE_READING] EOF occurred in violation of protocol (_ssl.c:1000)')))
2026-08-02 13:24:57,089 - ERROR - [USER WS ERR] [SSL: UNEXPECTED_EOF_WHILE_READING] EOF occurred in violation of protocol (_ssl.c:1000)
2026-08-02 13:24:57,089 - ERROR - [MarketWS] 错误: [SSL: UNEXPECTED_EOF_WHILE_READING] EOF occurred in violation of protocol (_ssl.c:1000)
2026-08-02 13:24:57,089 - ERROR - [py_clob_client_v2] request error: [SSL: UNEXPECTED_EOF_WHILE_READING] EOF occurred in violation of protocol (_ssl.c:1000)
2026-08-02 13:24:57,090 - ERROR - [SSL: UNEXPECTED_EOF_WHILE_READING] EOF occurred in violation of protocol (_ssl.c:1000) - goodbye
2026-08-02 13:24:57,090 - ERROR - [SSL: UNEXPECTED_EOF_WHILE_READING] EOF occurred in violation of protocol (_ssl.c:1000) - goodbye
2026-08-02 13:24:57,090 - WARNING - [MarketWS] 连接断开 code=None msg=None
2026-08-02 13:24:57,090 - WARNING - [USER WS] close code=None reason=None
2026-08-02 13:24:57,090 - WARNING - [USER WS] 断开，5s 后重连...
2026-08-02 13:24:57,091 - WARNING - [WssBot] 市场WS断线，立即取消全部挂单
2026-08-02 13:24:57,091 - ERROR - [CANCEL ALL ERR] 市场WS断线 | PolyApiException[status_code=None, error_message=Request exception!]
2026-08-02 13:24:57,092 - INFO - [MarketWS] 5.0s 后重连...
2026-08-02 13:24:57,109 - ERROR - [py_clob_client_v2] request error: [SSL: UNEXPECTED_EOF_WHILE_READING] EOF occurred in violation of protocol (_ssl.c:1000)
2026-08-02 13:24:57,109 - ERROR - [CANCEL ALL ERR] 市场WS断线 | PolyApiException[status_code=None, error_message=Request exception!]
2026-08-02 13:24:57,181 - ERROR - [py_clob_client_v2] request error: [SSL: UNEXPECTED_EOF_WHILE_READING] EOF occurred in violation of protocol (_ssl.c:1000)
2026-08-02 13:24:57,197 - ERROR - [HEARTBEAT] 失败 (连续 3 次): HTTPSConnectionPool(host='clob.polymarket.com', port=443): Max retries exceeded with url: /v1/heartbeats (Caused by SSLError(SSLEOFError(8, '[SSL: UNEXPECTED_EOF_WHILE_READING] EOF occurred in violation of protocol (_ssl.c:1000)')))
2026-08-02 13:24:57,198 - CRITICAL - [HEARTBEAT] 连续失败 3 次！订单将在 ~7 秒后被交易所自动取消！
2026-08-02 13:25:02,123 - ERROR - [USER WS ERR] [SSL: UNEXPECTED_EOF_WHILE_READING] EOF occurred in violation of protocol (_ssl.c:1000)
2026-08-02 13:25:02,124 - ERROR - [MarketWS] 错误: [SSL: UNEXPECTED_EOF_WHILE_READING] EOF occurred in violation of protocol (_ssl.c:1000)
2026-08-02 13:25:02,124 - ERROR - [SSL: UNEXPECTED_EOF_WHILE_READING] EOF occurred in violation of protocol (_ssl.c:1000) - goodbye
2026-08-02 13:25:02,124 - ERROR - [SSL: UNEXPECTED_EOF_WHILE_READING] EOF occurred in violation of protocol (_ssl.c:1000) - goodbye
2026-08-02 13:25:02,124 - WARNING - [USER WS] close code=None reason=None
2026-08-02 13:25:02,124 - WARNING - [MarketWS] 连接断开 code=None msg=None
2026-08-02 13:25:02,125 - WARNING - [USER WS] 断开，5s 后重连...
2026-08-02 13:25:02,125 - WARNING - [WssBot] 市场WS断线，立即取消全部挂单
2026-08-02 13:25:02,126 - INFO - [MarketWS] 5.0s 后重连...
2026-08-02 13:25:02,128 - ERROR - [py_clob_client_v2] request error: [WinError 10054] 远程主机强迫关闭了一个现有的连接。
2026-08-02 13:25:02,129 - ERROR - [CANCEL ALL ERR] 市场WS断线 | PolyApiException[status_code=None, error_message=Request exception!]
2026-08-02 13:25:09,201 - ERROR - [py_clob_client_v2] request error: _ssl.c:983: The handshake operation timed out
2026-08-02 13:25:10,081 - INFO - 收到停止信号，优雅退出...
2026-08-02 13:25:12,128 - ERROR - [USER WS ERR] [SSL: UNEXPECTED_EOF_WHILE_READING] EOF occurred in violation of protocol (_ssl.c:1000)
2026-08-02 13:25:12,129 - ERROR - [SSL: UNEXPECTED_EOF_WHILE_READING] EOF occurred in violation of protocol (_ssl.c:1000) - goodbye
2026-08-02 13:25:12,129 - WARNING - [USER WS] close code=None reason=None
2026-08-02 13:25:12,130 - WARNING - [USER WS] 断开，5s 后重连...
2026-08-02 13:25:12,130 - ERROR - [MarketWS] 错误: [SSL: UNEXPECTED_EOF_WHILE_READING] EOF occurred in violation of protocol (_ssl.c:1000)
2026-08-02 13:25:12,131 - ERROR - [SSL: UNEXPECTED_EOF_WHILE_READING] EOF occurred in violation of protocol (_ssl.c:1000) - goodbye
2026-08-02 13:25:12,131 - WARNING - [MarketWS] 连接断开 code=None msg=None
2026-08-02 13:25:12,131 - WARNING - [WssBot] 市场WS断线，立即取消全部挂单
2026-08-02 13:25:12,131 - INFO - [MarketWS] 5.0s 后重连...
2026-08-02 13:25:14,207 - ERROR - [HEARTBEAT] 失败 (连续 4 次): HTTPSConnectionPool(host='clob.polymarket.com', port=443): Max retries exceeded with url: /v1/heartbeats (Caused by SSLError(SSLEOFError(8, '[SSL: UNEXPECTED_EOF_WHILE_READING] EOF occurred in violation of protocol (_ssl.c:1000)')))
2026-08-02 13:25:14,208 - CRITICAL - [HEARTBEAT] 连续失败 4 次！订单将在 ~7 秒后被交易所自动取消！
2026-08-02 13:25:17,164 - ERROR - [py_clob_client_v2] request error: [SSL: UNEXPECTED_EOF_WHILE_READING] EOF occurred in violation of protocol (_ssl.c:1000)
2026-08-02 13:25:17,165 - ERROR - [CANCEL ALL ERR] 市场WS断线 | PolyApiException[status_code=None, error_message=Request exception!]
2026-08-02 13:25:22,137 - ERROR - [MarketWS] 错误: [SSL: UNEXPECTED_EOF_WHILE_READING] EOF occurred in violation of protocol (_ssl.c:1000)
2026-08-02 13:25:22,137 - ERROR - [USER WS ERR] [SSL: UNEXPECTED_EOF_WHILE_READING] EOF occurred in violation of protocol (_ssl.c:1000)
2026-08-02 13:25:22,137 - ERROR - [SSL: UNEXPECTED_EOF_WHILE_READING] EOF occurred in violation of protocol (_ssl.c:1000) - goodbye
2026-08-02 13:25:22,137 - ERROR - [SSL: UNEXPECTED_EOF_WHILE_READING] EOF occurred in violation of protocol (_ssl.c:1000) - goodbye
2026-08-02 13:25:22,137 - WARNING - [MarketWS] 连接断开 code=None msg=None
2026-08-02 13:25:22,137 - WARNING - [USER WS] close code=None reason=None
2026-08-02 13:25:22,137 - WARNING - [WssBot] 市场WS断线，立即取消全部挂单
2026-08-02 13:25:22,138 - WARNING - [USER WS] 断开，5s 后重连...
2026-08-02 13:25:22,139 - INFO - [MarketWS] 5.0s 后重连...
2026-08-02 13:25:26,212 - ERROR - [py_clob_client_v2] request error: [SSL: UNEXPECTED_EOF_WHILE_READING] EOF occurred in violation of protocol (_ssl.c:1000)
2026-08-02 13:25:31,219 - ERROR - [py_clob_client_v2] request error: [SSL: UNEXPECTED_EOF_WHILE_READING] EOF occurred in violation of protocol (_ssl.c:1000)
2026-08-02 13:25:31,219 - ERROR - [CANCEL ALL ERR] 市场WS断线 | PolyApiException[status_code=None, error_message=Request exception!]
2026-08-02 13:25:31,219 - ERROR - [HEARTBEAT] 失败 (连续 5 次): HTTPSConnectionPool(host='clob.polymarket.com', port=443): Max retries exceeded with url: /v1/heartbeats (Caused by SSLError(SSLEOFError(8, '[SSL: UNEXPECTED_EOF_WHILE_READING] EOF occurred in violation of protocol (_ssl.c:1000)')))
2026-08-02 13:25:31,220 - CRITICAL - [HEARTBEAT] 连续失败 5 次！订单将在 ~7 秒后被交易所自动取消！
2026-08-02 13:25:32,143 - ERROR - [MarketWS] 错误: [SSL: UNEXPECTED_EOF_WHILE_READING] EOF occurred in violation of protocol (_ssl.c:1000)
2026-08-02 13:25:32,143 - ERROR - [SSL: UNEXPECTED_EOF_WHILE_READING] EOF occurred in violation of protocol (_ssl.c:1000) - goodbye
2026-08-02 13:25:32,143 - WARNING - [MarketWS] 连接断开 code=None msg=None
2026-08-02 13:25:32,143 - WARNING - [WssBot] 市场WS断线，立即取消全部挂单
2026-08-02 13:25:32,144 - ERROR - [USER WS ERR] [SSL: UNEXPECTED_EOF_WHILE_READING] EOF occurred in violation of protocol (_ssl.c:1000)
2026-08-02 13:25:32,144 - INFO - [MarketWS] 5.0s 后重连...
2026-08-02 13:25:32,145 - ERROR - [SSL: UNEXPECTED_EOF_WHILE_READING] EOF occurred in violation of protocol (_ssl.c:1000) - goodbye
2026-08-02 13:25:32,146 - WARNING - [USER WS] close code=None reason=None
2026-08-02 13:25:32,146 - WARNING - [USER WS] 断开，5s 后重连...
2026-08-02 13:25:37,186 - ERROR - [py_clob_client_v2] request error: [SSL: UNEXPECTED_EOF_WHILE_READING] EOF occurred in violation of protocol (_ssl.c:1000)
2026-08-02 13:25:37,186 - ERROR - [CANCEL ALL ERR] 市场WS断线 | PolyApiException[status_code=None, error_message=Request exception!]
2026-08-02 13:25:42,152 - ERROR - [USER WS ERR] [SSL: UNEXPECTED_EOF_WHILE_READING] EOF occurred in violation of protocol (_ssl.c:1000)
2026-08-02 13:25:42,152 - ERROR - [MarketWS] 错误: [SSL: UNEXPECTED_EOF_WHILE_READING] EOF occurred in violation of protocol (_ssl.c:1000)
2026-08-02 13:25:42,152 - ERROR - [SSL: UNEXPECTED_EOF_WHILE_READING] EOF occurred in violation of protocol (_ssl.c:1000) - goodbye
2026-08-02 13:25:42,152 - ERROR - [SSL: UNEXPECTED_EOF_WHILE_READING] EOF occurred in violation of protocol (_ssl.c:1000) - goodbye
2026-08-02 13:25:42,153 - WARNING - [USER WS] close code=None reason=None
2026-08-02 13:25:42,153 - WARNING - [MarketWS] 连接断开 code=None msg=None
2026-08-02 13:25:42,153 - WARNING - [USER WS] 断开，5s 后重连...
2026-08-02 13:25:42,153 - WARNING - [WssBot] 市场WS断线，立即取消全部挂单
2026-08-02 13:25:42,155 - INFO - [MarketWS] 5.0s 后重连...
2026-08-02 13:25:43,102 - ERROR - [SCREENER] 筛选失败: HTTPSConnectionPool(host='clob.polymarket.com', port=443): Max retries exceeded with url: /sampling-markets?next_cursor=OTAwMA%3D%3D (Caused by SSLError(SSLEOFError(8, '[SSL: UNEXPECTED_EOF_WHILE_READING] EOF occurred in violation of protocol (_ssl.c:1000)')))
2026-08-02 13:25:43,227 - ERROR - [py_clob_client_v2] request error: [SSL: UNEXPECTED_EOF_WHILE_READING] EOF occurred in violation of protocol (_ssl.c:1000)
2026-08-02 13:25:48,230 - ERROR - [py_clob_client_v2] request error: [SSL: UNEXPECTED_EOF_WHILE_READING] EOF occurred in violation of protocol (_ssl.c:1000)
2026-08-02 13:25:48,231 - ERROR - [CANCEL ALL ERR] 市场WS断线 | PolyApiException[status_code=None, error_message=Request exception!]
2026-08-02 13:25:48,231 - ERROR - [HEARTBEAT] 失败 (连续 6 次): HTTPSConnectionPool(host='clob.polymarket.com', port=443): Max retries exceeded with url: /v1/heartbeats (Caused by SSLError(SSLEOFError(8, '[SSL: UNEXPECTED_EOF_WHILE_READING] EOF occurred in violation of protocol (_ssl.c:1000)')))
2026-08-02 13:25:48,232 - CRITICAL - [HEARTBEAT] 连续失败 6 次！订单将在 ~7 秒后被交易所自动取消！
2026-08-02 13:25:52,165 - ERROR - [USER WS ERR] [SSL: UNEXPECTED_EOF_WHILE_READING] EOF occurred in violation of protocol (_ssl.c:1000)
2026-08-02 13:25:52,165 - ERROR - [MarketWS] 错误: [SSL: UNEXPECTED_EOF_WHILE_READING] EOF occurred in violation of protocol (_ssl.c:1000)
2026-08-02 13:25:52,165 - ERROR - [SSL: UNEXPECTED_EOF_WHILE_READING] EOF occurred in violation of protocol (_ssl.c:1000) - goodbye
2026-08-02 13:25:52,165 - ERROR - [SSL: UNEXPECTED_EOF_WHILE_READING] EOF occurred in violation of protocol (_ssl.c:1000) - goodbye
2026-08-02 13:25:52,165 - WARNING - [USER WS] close code=None reason=None
2026-08-02 13:25:52,165 - WARNING - [MarketWS] 连接断开 code=None msg=None
2026-08-02 13:25:52,166 - WARNING - [USER WS] 断开，5s 后重连...
2026-08-02 13:25:52,167 - WARNING - [WssBot] 市场WS断线，立即取消全部挂单
2026-08-02 13:25:52,167 - INFO - [MarketWS] 5.0s 后重连...
2026-08-02 13:25:53,237 - ERROR - [py_clob_client_v2] request error: [SSL: UNEXPECTED_EOF_WHILE_READING] EOF occurred in violation of protocol (_ssl.c:1000)
2026-08-02 13:25:53,237 - ERROR - 查询订单失败: PolyApiException[status_code=None, error_message=Request exception!]
2026-08-02 13:25:53,238 - ERROR - [DISCOVER] 订单查询失败，跳过本周期
2026-08-02 13:25:57,207 - ERROR - [py_clob_client_v2] request error: [SSL: UNEXPECTED_EOF_WHILE_READING] EOF occurred in violation of protocol (_ssl.c:1000)
2026-08-02 13:25:57,218 - ERROR - [CANCEL ALL ERR] 市场WS断线 | PolyApiException[status_code=None, error_message=Request exception!]
2026-08-02 13:25:58,244 - ERROR - [POLL] 批量查询异常: HTTPSConnectionPool(host='clob.polymarket.com', port=443): Max retries exceeded with url: /books (Caused by SSLError(SSLEOFError(8, '[SSL: UNEXPECTED_EOF_WHILE_READING] EOF occurred in violation of protocol (_ssl.c:1000)')))
2026-08-02 13:25:58,246 - INFO - 开始优雅关闭...
2026-08-02 13:26:02,173 - ERROR - [USER WS ERR] [SSL: UNEXPECTED_EOF_WHILE_READING] EOF occurred in violation of protocol (_ssl.c:1000)
2026-08-02 13:26:02,173 - ERROR - [SSL: UNEXPECTED_EOF_WHILE_READING] EOF occurred in violation of protocol (_ssl.c:1000) - goodbye
2026-08-02 13:26:02,173 - WARNING - [USER WS] close code=None reason=None
2026-08-02 13:26:02,174 - WARNING - [USER WS] 断开，5s 后重连...
2026-08-02 13:26:02,174 - ERROR - [MarketWS] 错误: [SSL: UNEXPECTED_EOF_WHILE_READING] EOF occurred in violation of protocol (_ssl.c:1000)
2026-08-02 13:26:02,174 - ERROR - [SSL: UNEXPECTED_EOF_WHILE_READING] EOF occurred in violation of protocol (_ssl.c:1000) - goodbye
2026-08-02 13:26:02,174 - WARNING - [MarketWS] 连接断开 code=None msg=None
2026-08-02 13:26:02,175 - WARNING - [WssBot] 市场WS断线，立即取消全部挂单
2026-08-02 13:26:02,176 - INFO - [MarketWS] 5.0s 后重连...
2026-08-02 13:26:02,223 - ERROR - [py_clob_client_v2] request error: [SSL: UNEXPECTED_EOF_WHILE_READING] EOF occurred in violation of protocol (_ssl.c:1000)
2026-08-02 13:26:03,253 - ERROR - [py_clob_client_v2] request error: [SSL: UNEXPECTED_EOF_WHILE_READING] EOF occurred in violation of protocol (_ssl.c:1000)
2026-08-02 13:26:03,254 - ERROR - [CANCEL ALL ERR] 系统关闭 | PolyApiException[status_code=None, error_message=Request exception!]
2026-08-02 13:26:07,232 - ERROR - [HEARTBEAT] 失败 (连续 7 次): HTTPSConnectionPool(host='clob.polymarket.com', port=443): Max retries exceeded with url: /v1/heartbeats (Caused by SSLError(SSLEOFError(8, '[SSL: UNEXPECTED_EOF_WHILE_READING] EOF occurred in violation of protocol (_ssl.c:1000)')))
2026-08-02 13:26:07,232 - CRITICAL - [HEARTBEAT] 连续失败 7 次！订单将在 ~7 秒后被交易所自动取消！
2026-08-02 13:26:08,258 - ERROR - [py_clob_client_v2] request error: [SSL: UNEXPECTED_EOF_WHILE_READING] EOF occurred in violation of protocol (_ssl.c:1000)
2026-08-02 13:26:08,258 - ERROR - [CANCEL ALL ERR] 市场WS断线 | PolyApiException[status_code=None, error_message=Request exception!]
2026-08-02 13:26:12,191 - ERROR - [MarketWS] 错误: [SSL: UNEXPECTED_EOF_WHILE_READING] EOF occurred in violation of protocol (_ssl.c:1000)
2026-08-02 13:26:12,191 - ERROR - [SSL: UNEXPECTED_EOF_WHILE_READING] EOF occurred in violation of protocol (_ssl.c:1000) - goodbye
2026-08-02 13:26:12,191 - WARNING - [MarketWS] 连接断开 code=None msg=None
2026-08-02 13:26:12,192 - WARNING - [WssBot] 市场WS断线，立即取消全部挂单
2026-08-02 13:26:12,192 - ERROR - error from callback <bound method MarketWS._on_close of <wss.market_ws.MarketWS object at 0x0000017DA5C8D8E0>>: cannot schedule new futures after shutdown
2026-08-02 13:26:12,192 - ERROR - [MarketWS] 错误: cannot schedule new futures after shutdown
2026-08-02 13:26:12,192 - INFO - [MarketWS] 5.0s 后重连...
2026-08-02 13:26:13,265 - INFO - [HEARTBEAT] 已停止
2026-08-02 13:26:13,265 - INFO - ============================================================
系统已停止
============================================================
2026-08-02 13:26:13,265 - INFO - [WssBot] 停止市场WS...
2026-08-02 13:26:13,265 - INFO - [MarketWS] 已停止
2026-08-02 13:26:48,073 - INFO - ============================================================
2026-08-02 13:26:48,073 - INFO - Maker-only Guardian V7.0 启动
2026-08-02 13:26:48,073 - INFO - 地址: 0x304bf40e9e50c265f6dd86417707d5b41d8ea619 | 档: 2 | 量: 50 | 冷却: 120s | 心跳: 7.0s
2026-08-02 13:26:48,073 - INFO - 筛选器: keyword=temp top1=100 top2=500 top3=1200 existing=3000 rewards>=10
2026-08-02 13:26:48,073 - INFO - 实例: wss | midpoint=[0.10, 0.90]
2026-08-02 13:26:48,073 - INFO - ============================================================
2026-08-02 13:26:48,073 - INFO - [WssBot] 市场WS初始化完成 url=wss://ws-subscriptions-clob.polymarket.com/ws/market ping=10s reconnect=5s
2026-08-02 13:26:48,073 - INFO - [WssBot] 启动市场WS...
2026-08-02 13:26:48,073 - INFO - [MarketWS] 启动，URL=wss://ws-subscriptions-clob.polymarket.com/ws/market
2026-08-02 13:26:48,077 - INFO - [HEARTBEAT] 已启动 interval=7.0s
2026-08-02 13:26:48,880 - INFO - [MarketWS] 已连接（暂无市场，等待动态订阅）
2026-08-02 13:26:59,126 - ERROR - [MarketWS] 错误: Connection to remote host was lost.
2026-08-02 13:26:59,126 - ERROR - Connection to remote host was lost. - goodbye
2026-08-02 13:26:59,126 - WARNING - [MarketWS] 连接断开 code=None msg=None
2026-08-02 13:26:59,126 - WARNING - [WssBot] 市场WS断线，立即取消全部挂单
2026-08-02 13:26:59,128 - INFO - [MarketWS] 5.0s 后重连...
2026-08-02 13:26:59,386 - INFO - [CANCEL ALL] 0 已取消 | 市场WS断线
2026-08-02 13:27:03,854 - INFO - [SCREENER] 119 markets in 15.1s | yes:53 no:24 | next in 30s
2026-08-02 13:27:09,138 - ERROR - [MarketWS] 错误: [SSL: UNEXPECTED_EOF_WHILE_READING] EOF occurred in violation of protocol (_ssl.c:1000)
2026-08-02 13:27:09,138 - ERROR - [SSL: UNEXPECTED_EOF_WHILE_READING] EOF occurred in violation of protocol (_ssl.c:1000) - goodbye
2026-08-02 13:27:09,138 - WARNING - [MarketWS] 连接断开 code=None msg=None
2026-08-02 13:27:09,140 - WARNING - [WssBot] 市场WS断线，立即取消全部挂单
2026-08-02 13:27:09,141 - INFO - [MarketWS] 5.0s 后重连...
2026-08-02 13:27:09,829 - INFO - [CANCEL ALL] 6 已取消 | 市场WS断线
2026-08-02 13:27:14,877 - INFO - [MarketWS] 已连接，订阅 77 个市场
2026-08-02 13:27:14,878 - INFO - [WssBot] 市场WS重连成功，将在下一个tick同步订阅
2026-08-02 13:27:32,147 - INFO - [SCREENER] 118 markets in 7.6s | yes:55 no:24 | next in 30s
2026-08-02 13:27:32,704 - ERROR - [py_clob_client_v2] request error: Server disconnected
2026-08-02 13:27:32,705 - ERROR - [py_clob_client_v2] request error: Server disconnected
2026-08-02 13:27:32,705 - ERROR - 获取订单簿失败: 13415917978264638225... | PolyApiException[status_code=None, error_message=Request exception!]
2026-08-02 13:27:32,706 - ERROR - [py_clob_client_v2] request error: Server disconnected
2026-08-02 13:27:32,707 - ERROR - [py_clob_client_v2] request error: Server disconnected
2026-08-02 13:27:32,707 - ERROR - 获取订单簿失败: 52785310428619907800... | PolyApiException[status_code=None, error_message=Request exception!]
2026-08-02 13:27:32,707 - ERROR - [py_clob_client_v2] request error: Server disconnected
2026-08-02 13:27:32,707 - ERROR - [py_clob_client_v2] request error: Server disconnected
2026-08-02 13:27:32,708 - ERROR - 获取订单簿失败: 99143787723715677489... | PolyApiException[status_code=None, error_message=Request exception!]
2026-08-02 13:27:32,708 - ERROR - 获取订单簿失败: 80278080516145001696... | PolyApiException[status_code=None, error_message=Request exception!]
2026-08-02 13:27:32,708 - ERROR - 获取订单簿失败: 62644699134021552580... | PolyApiException[status_code=None, error_message=Request exception!]
2026-08-02 13:27:32,708 - ERROR - 获取订单簿失败: 96943081504890039977... | PolyApiException[status_code=None, error_message=Request exception!]
2026-08-02 13:27:32,709 - ERROR - [py_clob_client_v2] request error: [SSL: UNEXPECTED_EOF_WHILE_READING] EOF occurred in violation of protocol (_ssl.c:1000)
2026-08-02 13:27:32,711 - ERROR - 获取订单簿失败: 10240136265819534179... | PolyApiException[status_code=None, error_message=Request exception!]
2026-08-02 13:27:32,715 - ERROR - [py_clob_client_v2] request error: [SSL: UNEXPECTED_EOF_WHILE_READING] EOF occurred in violation of protocol (_ssl.c:1000)
2026-08-02 13:27:32,716 - ERROR - [py_clob_client_v2] request error: [SSL: UNEXPECTED_EOF_WHILE_READING] EOF occurred in violation of protocol (_ssl.c:1000)
2026-08-02 13:27:32,716 - ERROR - 获取订单簿失败: 52221535427624441795... | PolyApiException[status_code=None, error_message=Request exception!]
2026-08-02 13:27:32,716 - ERROR - 获取订单簿失败: 63779296107129569053... | PolyApiException[status_code=None, error_message=Request exception!]
2026-08-02 13:27:32,719 - ERROR - [py_clob_client_v2] request error: [SSL: UNEXPECTED_EOF_WHILE_READING] EOF occurred in violation of protocol (_ssl.c:1000)
2026-08-02 13:27:32,719 - ERROR - [py_clob_client_v2] request error: [SSL: UNEXPECTED_EOF_WHILE_READING] EOF occurred in violation of protocol (_ssl.c:1000)
2026-08-02 13:27:32,719 - ERROR - 获取订单簿失败: 92676749346860144628... | PolyApiException[status_code=None, error_message=Request exception!]
2026-08-02 13:27:32,719 - ERROR - 获取订单簿失败: 10168618836707993642... | PolyApiException[status_code=None, error_message=Request exception!]
2026-08-02 13:27:32,722 - ERROR - [py_clob_client_v2] request error: [SSL: UNEXPECTED_EOF_WHILE_READING] EOF occurred in violation of protocol (_ssl.c:1000)
2026-08-02 13:27:32,722 - ERROR - 获取订单簿失败: 19656482866917181052... | PolyApiException[status_code=None, error_message=Request exception!]
2026-08-02 13:27:32,723 - ERROR - [py_clob_client_v2] request error: [SSL: UNEXPECTED_EOF_WHILE_READING] EOF occurred in violation of protocol (_ssl.c:1000)
2026-08-02 13:27:32,724 - ERROR - [py_clob_client_v2] request error: [SSL: UNEXPECTED_EOF_WHILE_READING] EOF occurred in violation of protocol (_ssl.c:1000)
2026-08-02 13:27:32,724 - ERROR - 获取订单簿失败: 67290751463526577693... | PolyApiException[status_code=None, error_message=Request exception!]
2026-08-02 13:27:32,724 - ERROR - 获取订单簿失败: 80322374243867197877... | PolyApiException[status_code=None, error_message=Request exception!]
2026-08-02 13:27:32,726 - ERROR - [py_clob_client_v2] request error: [SSL: UNEXPECTED_EOF_WHILE_READING] EOF occurred in violation of protocol (_ssl.c:1000)
2026-08-02 13:27:32,727 - ERROR - 获取订单簿失败: 94215260338931701445... | PolyApiException[status_code=None, error_message=Request exception!]
2026-08-02 13:27:32,727 - ERROR - [py_clob_client_v2] request error: [SSL: UNEXPECTED_EOF_WHILE_READING] EOF occurred in violation of protocol (_ssl.c:1000)
2026-08-02 13:27:32,728 - ERROR - [py_clob_client_v2] request error: [SSL: UNEXPECTED_EOF_WHILE_READING] EOF occurred in violation of protocol (_ssl.c:1000)
2026-08-02 13:27:32,728 - ERROR - 获取订单簿失败: 53388448116833978576... | PolyApiException[status_code=None, error_message=Request exception!]
2026-08-02 13:27:32,728 - ERROR - 获取订单簿失败: 94567830187080756165... | PolyApiException[status_code=None, error_message=Request exception!]
2026-08-02 13:27:32,730 - ERROR - [py_clob_client_v2] request error: [SSL: UNEXPECTED_EOF_WHILE_READING] EOF occurred in violation of protocol (_ssl.c:1000)
2026-08-02 13:27:32,731 - ERROR - 获取订单簿失败: 60504045264172887920... | PolyApiException[status_code=None, error_message=Request exception!]
2026-08-02 13:27:32,731 - ERROR - [py_clob_client_v2] request error: [SSL: UNEXPECTED_EOF_WHILE_READING] EOF occurred in violation of protocol (_ssl.c:1000)
2026-08-02 13:27:32,731 - ERROR - 获取订单簿失败: 20113412845519555056... | PolyApiException[status_code=None, error_message=Request exception!]
2026-08-02 13:27:32,734 - ERROR - [py_clob_client_v2] request error: [SSL: UNEXPECTED_EOF_WHILE_READING] EOF occurred in violation of protocol (_ssl.c:1000)
2026-08-02 13:27:32,734 - ERROR - 获取订单簿失败: 92378958262398725612... | PolyApiException[status_code=None, error_message=Request exception!]
2026-08-02 13:27:32,735 - ERROR - [py_clob_client_v2] request error: [SSL: UNEXPECTED_EOF_WHILE_READING] EOF occurred in violation of protocol (_ssl.c:1000)
2026-08-02 13:27:32,735 - ERROR - 获取订单簿失败: 36063857919364833264... | PolyApiException[status_code=None, error_message=Request exception!]
2026-08-02 13:27:32,739 - ERROR - [py_clob_client_v2] request error: [SSL: UNEXPECTED_EOF_WHILE_READING] EOF occurred in violation of protocol (_ssl.c:1000)
2026-08-02 13:27:32,739 - ERROR - [PLACE FAIL] 4528346946170983... price=0.64 attempt=1/2 | PolyApiException[status_code=None, error_message=Request exception!]
2026-08-02 13:27:32,745 - ERROR - [py_clob_client_v2] request error: [SSL: UNEXPECTED_EOF_WHILE_READING] EOF occurred in violation of protocol (_ssl.c:1000)
2026-08-02 13:27:32,745 - ERROR - 获取订单簿失败: 25404128766136849274... | PolyApiException[status_code=None, error_message=Request exception!]
2026-08-02 13:27:32,759 - ERROR - [py_clob_client_v2] request error: [SSL: UNEXPECTED_EOF_WHILE_READING] EOF occurred in violation of protocol (_ssl.c:1000)
2026-08-02 13:27:32,759 - ERROR - 获取订单簿失败: 40237527169828490377... | PolyApiException[status_code=None, error_message=Request exception!]
2026-08-02 13:27:32,776 - ERROR - [py_clob_client_v2] request error: [SSL: UNEXPECTED_EOF_WHILE_READING] EOF occurred in violation of protocol (_ssl.c:1000)
2026-08-02 13:27:32,776 - ERROR - 获取订单簿失败: 48865182265288865878... | PolyApiException[status_code=None, error_message=Request exception!]
2026-08-02 13:27:32,932 - ERROR - [py_clob_client_v2] request error: [SSL: UNEXPECTED_EOF_WHILE_READING] EOF occurred in violation of protocol (_ssl.c:1000)
2026-08-02 13:27:32,932 - ERROR - [PLACE FAIL] 1100324030314739... price=0.59 attempt=1/2 | PolyApiException[status_code=None, error_message=Request exception!]
2026-08-02 13:27:33,701 - WARNING - [RETRY] 1341591797826463 bids不足2档，10s后重试
2026-08-02 13:27:33,701 - WARNING - [RETRY] 5278531042861990 bids不足2档，10s后重试
2026-08-02 13:27:33,702 - WARNING - [RETRY] 9914378772371567 bids不足2档，10s后重试
2026-08-02 13:27:33,702 - WARNING - [RETRY] 8027808051614500 bids不足2档，10s后重试
2026-08-02 13:27:33,702 - WARNING - [RETRY] 6264469913402155 bids不足2档，10s后重试
2026-08-02 13:27:33,702 - WARNING - [RETRY] 9694308150489003 bids不足2档，10s后重试
2026-08-02 13:27:33,702 - WARNING - [RETRY] 1024013626581953 bids不足2档，10s后重试
2026-08-02 13:27:33,702 - WARNING - [RETRY] 5222153542762444 bids不足2档，10s后重试
2026-08-02 13:27:33,702 - WARNING - [RETRY] 9267674934686014 bids不足2档，10s后重试
2026-08-02 13:27:33,702 - WARNING - [RETRY] 6729075146352657 bids不足2档，10s后重试
2026-08-02 13:27:33,703 - WARNING - [RETRY] 5338844811683397 bids不足2档，10s后重试
2026-08-02 13:27:33,703 - WARNING - [RETRY] 2540412876613684 bids不足2档，10s后重试
2026-08-02 13:27:33,703 - WARNING - [RETRY] 4023752716982849 bids不足2档，10s后重试
2026-08-02 13:27:33,703 - WARNING - [RETRY] 4886518226528886 bids不足2档，10s后重试
2026-08-02 13:27:33,703 - WARNING - [RETRY] 6377929610712956 bids不足2档，10s后重试
2026-08-02 13:27:33,704 - WARNING - [RETRY] 1016861883670799 bids不足2档，10s后重试
2026-08-02 13:27:33,704 - WARNING - [RETRY] 8032237424386719 bids不足2档，10s后重试
2026-08-02 13:27:33,704 - WARNING - [RETRY] 1965648286691718 bids不足2档，10s后重试
2026-08-02 13:27:33,704 - WARNING - [RETRY] 9421526033893170 bids不足2档，10s后重试
2026-08-02 13:27:33,704 - WARNING - [RETRY] 6050404526417288 bids不足2档，10s后重试
2026-08-02 13:27:33,704 - WARNING - [RETRY] 9237895826239872 bids不足2档，10s后重试
2026-08-02 13:27:33,704 - WARNING - [RETRY] 9456783018708075 bids不足2档，10s后重试
2026-08-02 13:27:33,704 - WARNING - [RETRY] 2011341284551955 bids不足2档，10s后重试
2026-08-02 13:27:33,704 - WARNING - [RETRY] 3606385791936483 bids不足2档，10s后重试
2026-08-02 13:28:11,231 - INFO - [SCREENER] 116 markets in 7.9s | yes:51 no:22 | next in 30s
2026-08-02 13:28:36,688 - ERROR - [POLL] 批量查询异常: HTTPSConnectionPool(host='clob.polymarket.com', port=443): Max retries exceeded with url: /books (Caused by SSLError(SSLEOFError(8, '[SSL: UNEXPECTED_EOF_WHILE_READING] EOF occurred in violation of protocol (_ssl.c:1000)')))
2026-08-02 13:29:07,794 - INFO - [SCREENER] 117 markets in 21.1s | yes:52 no:23 | next in 30s
2026-08-02 13:29:09,334 - ERROR - [BATCH CANCEL FAIL] 0xe3504dde79de678317... | the order is already canceled
2026-08-02 13:29:10,060 - ERROR - [BATCH CANCEL] 1119094577730008 取消结果不明，回退 RESTING 等 audit 确认 | oid=0xe3504dde79de678317
2026-08-02 13:29:33,606 - INFO - [SCREENER] 117 markets in 14.5s | yes:50 no:26 | next in 30s
2026-08-02 13:29:34,981 - WARNING - [AUDIT] 1119094577730008 订单丢失纠偏
2026-08-02 13:29:34,982 - WARNING - [AUDIT] 1030437601221276 订单丢失纠偏
2026-08-02 13:29:34,982 - WARNING - [AUDIT] 6384542746596400 订单丢失纠偏
2026-08-02 13:29:34,982 - WARNING - [AUDIT] 3387576696714131 订单丢失纠偏
2026-08-02 13:30:12,027 - INFO - [SCREENER] 116 markets in 15.0s | yes:51 no:26 | next in 30s
2026-08-02 13:30:27,291 - ERROR - [POLL] 批量查询异常: HTTPSConnectionPool(host='clob.polymarket.com', port=443): Max retries exceeded with url: /books (Caused by SSLError(SSLEOFError(8, '[SSL: UNEXPECTED_EOF_WHILE_READING] EOF occurred in violation of protocol (_ssl.c:1000)')))
2026-08-02 13:30:51,283 - INFO - [SCREENER] 112 markets in 14.0s | yes:51 no:25 | next in 30s
2026-08-02 13:30:56,287 - ERROR - [py_clob_client_v2] request error: [SSL: UNEXPECTED_EOF_WHILE_READING] EOF occurred in violation of protocol (_ssl.c:1000)
2026-08-02 13:30:56,287 - ERROR - [CANCEL FAIL] 0x448a5a62a4718e8a88... | PolyApiException[status_code=None, error_message=Request exception!]
2026-08-02 13:30:57,350 - ERROR - [CANCEL FAIL] 0x448a5a62a4718e8a88 订单仍存活在交易所！保持 RESTING
2026-08-02 13:31:35,681 - INFO - [SCREENER] 116 markets in 28.3s | yes:54 no:26 | next in 30s
2026-08-02 13:31:41,025 - ERROR - [POLL] 批量查询异常: HTTPSConnectionPool(host='clob.polymarket.com', port=443): Max retries exceeded with url: /books (Caused by SSLError(SSLEOFError(8, '[SSL: UNEXPECTED_EOF_WHILE_READING] EOF occurred in violation of protocol (_ssl.c:1000)')))
2026-08-02 13:32:37,926 - ERROR - [py_clob_client_v2] request error: [SSL: UNEXPECTED_EOF_WHILE_READING] EOF occurred in violation of protocol (_ssl.c:1000)
2026-08-02 13:32:38,413 - ERROR - [HEARTBEAT] 失败 (连续 1 次): 401 Client Error: Unauthorized for url: https://clob.polymarket.com/v1/heartbeats
2026-08-02 13:32:45,643 - INFO - [SCREENER] 116 markets in 54.6s | yes:57 no:26 | next in 30s
2026-08-02 13:32:46,999 - ERROR - [BATCH CANCEL FAIL] 0x448a5a62a4718e8a88... | order can't be found - already canceled or matched
2026-08-02 13:32:47,511 - WARNING - [AUDIT] 5267541647827808 订单丢失纠偏
2026-08-02 13:32:47,511 - WARNING - [AUDIT] 5278531042861990 订单丢失纠偏
2026-08-02 13:32:47,511 - WARNING - [AUDIT] 1404384484295473 订单丢失纠偏
2026-08-02 13:32:47,511 - WARNING - [AUDIT] 7534297012306341 订单丢失纠偏
2026-08-02 13:32:47,511 - WARNING - [AUDIT] 9671289656064219 订单丢失纠偏
2026-08-02 13:32:47,512 - WARNING - [AUDIT] 8027808051614500 订单丢失纠偏
2026-08-02 13:32:47,512 - WARNING - [AUDIT] 1551987873355473 订单丢失纠偏
2026-08-02 13:32:47,512 - WARNING - [AUDIT] 6264469913402155 订单丢失纠偏
2026-08-02 13:32:47,512 - WARNING - [AUDIT] 2132633760404155 订单丢失纠偏
2026-08-02 13:32:47,512 - WARNING - [AUDIT] 9694308150489003 订单丢失纠偏
2026-08-02 13:32:47,513 - WARNING - [AUDIT] 7218838016638313 订单丢失纠偏
2026-08-02 13:32:47,513 - WARNING - [AUDIT] 1024013626581953 订单丢失纠偏
2026-08-02 13:32:47,513 - WARNING - [AUDIT] 3078568200620284 订单丢失纠偏
2026-08-02 13:32:47,513 - WARNING - [AUDIT] 2188911147145714 订单丢失纠偏
2026-08-02 13:32:47,513 - WARNING - [AUDIT] 6751395722302698 订单丢失纠偏
2026-08-02 13:32:47,513 - WARNING - [AUDIT] 7373504739671642 订单丢失纠偏
2026-08-02 13:32:47,513 - WARNING - [AUDIT] 6264966702495633 订单丢失纠偏
2026-08-02 13:32:47,513 - WARNING - [AUDIT] 8071034618251825 订单丢失纠偏
2026-08-02 13:32:47,513 - WARNING - [AUDIT] 9267674934686014 订单丢失纠偏
2026-08-02 13:32:47,514 - WARNING - [AUDIT] 8545580155717339 订单丢失纠偏
2026-08-02 13:32:47,514 - WARNING - [AUDIT] 4241218821484315 订单丢失纠偏
2026-08-02 13:32:47,514 - WARNING - [AUDIT] 7449362386332492 订单丢失纠偏
2026-08-02 13:32:47,514 - WARNING - [AUDIT] 3971246441084740 订单丢失纠偏
2026-08-02 13:32:47,514 - WARNING - [AUDIT] 5338844811683397 订单丢失纠偏
2026-08-02 13:32:47,514 - WARNING - [AUDIT] 1112818797963556 订单丢失纠偏
2026-08-02 13:32:47,514 - WARNING - [AUDIT] 8520248804100866 订单丢失纠偏
2026-08-02 13:32:47,514 - WARNING - [AUDIT] 2540412876613684 订单丢失纠偏
2026-08-02 13:32:47,514 - WARNING - [AUDIT] 1131349159365005 订单丢失纠偏
2026-08-02 13:32:47,514 - WARNING - [AUDIT] 4886518226528886 订单丢失纠偏
2026-08-02 13:32:47,514 - WARNING - [AUDIT] 4528346946170983 订单丢失纠偏
2026-08-02 13:32:47,515 - WARNING - [AUDIT] 1286131942036290 订单丢失纠偏
2026-08-02 13:32:47,515 - WARNING - [AUDIT] 2931629179384381 订单丢失纠偏
2026-08-02 13:32:47,515 - WARNING - [AUDIT] 6377929610712956 订单丢失纠偏
2026-08-02 13:32:47,515 - WARNING - [AUDIT] 1016861883670799 订单丢失纠偏
2026-08-02 13:32:47,515 - WARNING - [AUDIT] 8032237424386719 订单丢失纠偏
2026-08-02 13:32:47,515 - WARNING - [AUDIT] 1097972663079309 订单丢失纠偏
2026-08-02 13:32:47,515 - WARNING - [AUDIT] 9421526033893170 订单丢失纠偏
2026-08-02 13:32:47,515 - WARNING - [AUDIT] 7994415301706124 订单丢失纠偏
2026-08-02 13:32:47,515 - WARNING - [AUDIT] 9237895826239872 订单丢失纠偏
2026-08-02 13:32:47,515 - WARNING - [AUDIT] 2011341284551955 订单丢失纠偏
2026-08-02 13:32:47,516 - WARNING - [AUDIT] 1436216773944936 订单丢失纠偏
2026-08-02 13:32:47,516 - WARNING - [AUDIT] 1100324030314739 订单丢失纠偏
2026-08-02 13:32:47,516 - WARNING - [AUDIT] 1012312022189723 订单丢失纠偏
2026-08-02 13:32:47,516 - WARNING - [AUDIT] 4386686358843660 订单丢失纠偏
2026-08-02 13:32:47,516 - WARNING - [AUDIT] 3606385791936483 订单丢失纠偏
2026-08-02 13:32:47,516 - WARNING - [AUDIT] 1131579682711421 订单丢失纠偏
2026-08-02 13:32:47,516 - WARNING - [AUDIT] 2504049173922608 订单丢失纠偏
2026-08-02 13:32:47,516 - WARNING - [AUDIT] 5788667258485827 订单丢失纠偏
2026-08-02 13:32:47,516 - WARNING - [AUDIT] 9724367486548052 订单丢失纠偏
2026-08-02 13:32:47,516 - WARNING - [AUDIT] 7505771146235619 订单丢失纠偏
2026-08-02 13:32:47,517 - WARNING - [AUDIT] 7151019277269422 订单丢失纠偏
2026-08-02 13:32:47,517 - WARNING - [AUDIT] 1012708966570768 订单丢失纠偏
2026-08-02 13:32:47,517 - WARNING - [AUDIT] 8062130920515222 订单丢失纠偏
2026-08-02 13:32:47,517 - WARNING - [AUDIT] 8929210349196583 订单丢失纠偏
2026-08-02 13:32:47,517 - WARNING - [AUDIT] 1955986299766403 订单丢失纠偏
2026-08-02 13:32:47,517 - WARNING - [AUDIT] 3678275121283001 订单丢失纠偏
2026-08-02 13:32:47,517 - WARNING - [AUDIT] 4504152876977378 订单丢失纠偏
2026-08-02 13:32:47,517 - WARNING - [AUDIT] 1199614361642263 订单丢失纠偏
2026-08-02 13:32:48,885 - ERROR - [BATCH CANCEL] 8343787669814337 取消结果不明，回退 RESTING 等 audit 确认 | oid=0x448a5a62a4718e8a88
2026-08-02 13:33:36,237 - INFO - [SCREENER] 112 markets in 37.3s | yes:52 no:30 | next in 30s
2026-08-02 13:33:36,279 - ERROR - [py_clob_client_v2] request error: [SSL: UNEXPECTED_EOF_WHILE_READING] EOF occurred in violation of protocol (_ssl.c:1000)
2026-08-02 13:33:36,751 - ERROR - [HEARTBEAT] 失败 (连续 1 次): 401 Client Error: Unauthorized for url: https://clob.polymarket.com/v1/heartbeats
2026-08-02 13:33:37,719 - ERROR - [BATCH CANCEL FAIL] 0x7b4443121ea357e575... | order can't be found - already canceled or matched
2026-08-02 13:33:38,455 - ERROR - [BATCH CANCEL] 1119094577730008 取消结果不明，回退 RESTING 等 audit 确认 | oid=0x7b4443121ea357e575
2026-08-02 13:33:54,450 - INFO - [SCREENER] 113 markets in 7.0s | yes:53 no:28 | next in 30s
2026-08-02 13:34:05,595 - WARNING - [AUDIT] 2945766980936116 订单丢失纠偏
2026-08-02 13:34:05,595 - WARNING - [AUDIT] 1119094577730008 订单丢失纠偏
2026-08-02 13:34:05,595 - WARNING - [AUDIT] 1030437601221276 订单丢失纠偏
2026-08-02 13:34:05,596 - WARNING - [AUDIT] 6384542746596400 订单丢失纠偏
2026-08-02 13:34:05,597 - WARNING - [AUDIT] 6729075146352657 订单丢失纠偏
2026-08-02 13:34:05,597 - WARNING - [AUDIT] 3387576696714131 订单丢失纠偏
2026-08-02 13:34:05,597 - WARNING - [AUDIT] 1061433481252145 订单丢失纠偏
2026-08-02 13:34:05,598 - WARNING - [AUDIT] 5884191822599605 订单丢失纠偏
2026-08-02 13:34:05,598 - WARNING - [AUDIT] 6306746792115750 订单丢失纠偏
2026-08-02 13:34:05,598 - WARNING - [AUDIT] 1028866880986432 订单丢失纠偏
2026-08-02 13:34:05,598 - WARNING - [AUDIT] 8228846311781475 订单丢失纠偏
2026-08-02 13:34:05,598 - WARNING - [AUDIT] 1341591797826463 订单丢失纠偏
2026-08-02 13:34:05,598 - WARNING - [AUDIT] 5222153542762444 订单丢失纠偏
2026-08-02 13:34:05,598 - WARNING - [AUDIT] 3326607483761825 订单丢失纠偏
2026-08-02 13:34:05,598 - WARNING - [AUDIT] 1124237724760108 订单丢失纠偏
2026-08-02 13:34:21,965 - ERROR - [POLL] 批量查询异常: HTTPSConnectionPool(host='clob.polymarket.com', port=443): Max retries exceeded with url: /books (Caused by SSLError(SSLEOFError(8, '[SSL: UNEXPECTED_EOF_WHILE_READING] EOF occurred in violation of protocol (_ssl.c:1000)')))
2026-08-02 13:34:41,820 - ERROR - [py_clob_client_v2] request error: [SSL: UNEXPECTED_EOF_WHILE_READING] EOF occurred in violation of protocol (_ssl.c:1000)
2026-08-02 13:34:42,391 - ERROR - [HEARTBEAT] 失败 (连续 1 次): 401 Client Error: Unauthorized for url: https://clob.polymarket.com/v1/heartbeats
2026-08-02 13:34:55,866 - ERROR - [py_clob_client_v2] request error: [SSL: UNEXPECTED_EOF_WHILE_READING] EOF occurred in violation of protocol (_ssl.c:1000)
2026-08-02 13:34:56,344 - ERROR - [HEARTBEAT] 失败 (连续 1 次): 401 Client Error: Unauthorized for url: https://clob.polymarket.com/v1/heartbeats
2026-08-02 13:35:00,348 - INFO - [SCREENER] 116 markets in 28.4s | yes:55 no:29 | next in 30s
2026-08-02 13:35:01,452 - ERROR - [py_clob_client_v2] request error: Server disconnected
2026-08-02 13:35:01,452 - ERROR - [py_clob_client_v2] request error: Server disconnected
2026-08-02 13:35:01,452 - ERROR - [py_clob_client_v2] request error: Server disconnected
2026-08-02 13:35:01,453 - ERROR - 获取订单簿失败: 62644699134021552580... | PolyApiException[status_code=None, error_message=Request exception!]
2026-08-02 13:35:01,455 - ERROR - [py_clob_client_v2] request error: Server disconnected
2026-08-02 13:35:01,455 - ERROR - 获取订单簿失败: 21326337604041552888... | PolyApiException[status_code=None, error_message=Request exception!]
2026-08-02 13:35:01,455 - ERROR - [py_clob_client_v2] request error: Server disconnected
2026-08-02 13:35:01,455 - ERROR - 获取订单簿失败: 72188380166383134138... | PolyApiException[status_code=None, error_message=Request exception!]
2026-08-02 13:35:01,455 - ERROR - [py_clob_client_v2] request error: Server disconnected
2026-08-02 13:35:01,456 - ERROR - 获取订单簿失败: 96712896560642195511... | PolyApiException[status_code=None, error_message=Request exception!]
2026-08-02 13:35:01,457 - ERROR - 获取订单簿失败: 10240136265819534179... | PolyApiException[status_code=None, error_message=Request exception!]
2026-08-02 13:35:01,457 - ERROR - 获取订单簿失败: 15519878733554737005... | PolyApiException[status_code=None, error_message=Request exception!]
2026-08-02 13:35:02,209 - WARNING - [RETRY] 9671289656064219 bids不足2档，10s后重试
2026-08-02 13:35:02,210 - WARNING - [RETRY] 1551987873355473 bids不足2档，10s后重试
2026-08-02 13:35:02,210 - WARNING - [RETRY] 6264469913402155 bids不足2档，10s后重试
2026-08-02 13:35:02,210 - WARNING - [RETRY] 2132633760404155 bids不足2档，10s后重试
2026-08-02 13:35:02,210 - WARNING - [RETRY] 7218838016638313 bids不足2档，10s后重试
2026-08-02 13:35:02,210 - WARNING - [RETRY] 1024013626581953 bids不足2档，10s后重试
2026-08-02 13:35:24,397 - ERROR - [py_clob_client_v2] request error: [SSL: UNEXPECTED_EOF_WHILE_READING] EOF occurred in violation of protocol (_ssl.c:1000)
2026-08-02 13:35:24,880 - ERROR - [HEARTBEAT] 失败 (连续 1 次): 401 Client Error: Unauthorized for url: https://clob.polymarket.com/v1/heartbeats
2026-08-02 13:35:25,073 - INFO - [SCREENER] 113 markets in 13.9s | yes:55 no:26 | next in 30s
2026-08-02 13:36:07,894 - ERROR - [py_clob_client_v2] request error: [SSL: UNEXPECTED_EOF_WHILE_READING] EOF occurred in violation of protocol (_ssl.c:1000)
2026-08-02 13:36:08,071 - INFO - [SCREENER] 115 markets in 21.8s | yes:54 no:25 | next in 30s
2026-08-02 13:36:08,451 - ERROR - [HEARTBEAT] 失败 (连续 1 次): 401 Client Error: Unauthorized for url: https://clob.polymarket.com/v1/heartbeats
2026-08-02 13:36:13,073 - ERROR - [py_clob_client_v2] request error: _ssl.c:983: The handshake operation timed out
2026-08-02 13:36:13,074 - ERROR - [CANCEL FAIL] 0x4af14e198967104230... | PolyApiException[status_code=None, error_message=Request exception!]
2026-08-02 13:36:14,379 - ERROR - [CANCEL FAIL] 0x4af14e198967104230 订单仍存活在交易所！保持 RESTING
2026-08-02 13:36:24,757 - INFO - 收到停止信号，优雅退出...
2026-08-02 13:36:45,021 - INFO - [SCREENER] 119 markets in 20.6s | yes:55 no:27 | next in 30s
2026-08-02 13:36:46,257 - ERROR - [BATCH CANCEL FAIL] 0x4af14e198967104230... | order can't be found - already canceled or matched
2026-08-02 13:36:46,762 - WARNING - [AUDIT] 5267541647827808 订单丢失纠偏
2026-08-02 13:36:46,763 - WARNING - [AUDIT] 5278531042861990 订单丢失纠偏
2026-08-02 13:36:46,763 - WARNING - [AUDIT] 1404384484295473 订单丢失纠偏
2026-08-02 13:36:46,763 - WARNING - [AUDIT] 7534297012306341 订单丢失纠偏
2026-08-02 13:36:46,764 - WARNING - [AUDIT] 9671289656064219 订单丢失纠偏
2026-08-02 13:36:46,764 - WARNING - [AUDIT] 8027808051614500 订单丢失纠偏
2026-08-02 13:36:46,764 - WARNING - [AUDIT] 1551987873355473 订单丢失纠偏
2026-08-02 13:36:46,764 - WARNING - [AUDIT] 6264469913402155 订单丢失纠偏
2026-08-02 13:36:46,764 - WARNING - [AUDIT] 2132633760404155 订单丢失纠偏
2026-08-02 13:36:46,765 - WARNING - [AUDIT] 7218838016638313 订单丢失纠偏
2026-08-02 13:36:46,765 - WARNING - [AUDIT] 1024013626581953 订单丢失纠偏
2026-08-02 13:36:46,765 - WARNING - [AUDIT] 3078568200620284 订单丢失纠偏
2026-08-02 13:36:46,765 - WARNING - [AUDIT] 2188911147145714 订单丢失纠偏
2026-08-02 13:36:46,766 - WARNING - [AUDIT] 6751395722302698 订单丢失纠偏
2026-08-02 13:36:46,766 - WARNING - [AUDIT] 7373504739671642 订单丢失纠偏
2026-08-02 13:36:46,766 - WARNING - [AUDIT] 6264966702495633 订单丢失纠偏
2026-08-02 13:36:46,766 - WARNING - [AUDIT] 8071034618251825 订单丢失纠偏
2026-08-02 13:36:46,766 - WARNING - [AUDIT] 9267674934686014 订单丢失纠偏
2026-08-02 13:36:46,766 - WARNING - [AUDIT] 8545580155717339 订单丢失纠偏
2026-08-02 13:36:46,766 - WARNING - [AUDIT] 4241218821484315 订单丢失纠偏
2026-08-02 13:36:46,766 - WARNING - [AUDIT] 7449362386332492 订单丢失纠偏
2026-08-02 13:36:46,766 - WARNING - [AUDIT] 3971246441084740 订单丢失纠偏
2026-08-02 13:36:46,766 - WARNING - [AUDIT] 5338844811683397 订单丢失纠偏
2026-08-02 13:36:46,767 - WARNING - [AUDIT] 1112818797963556 订单丢失纠偏
2026-08-02 13:36:46,767 - WARNING - [AUDIT] 8520248804100866 订单丢失纠偏
2026-08-02 13:36:46,767 - WARNING - [AUDIT] 2540412876613684 订单丢失纠偏
2026-08-02 13:36:46,767 - WARNING - [AUDIT] 1131349159365005 订单丢失纠偏
2026-08-02 13:36:46,767 - WARNING - [AUDIT] 4886518226528886 订单丢失纠偏
2026-08-02 13:36:46,767 - WARNING - [AUDIT] 4528346946170983 订单丢失纠偏
2026-08-02 13:36:46,768 - WARNING - [AUDIT] 1286131942036290 订单丢失纠偏
2026-08-02 13:36:46,768 - WARNING - [AUDIT] 2931629179384381 订单丢失纠偏
2026-08-02 13:36:46,768 - WARNING - [AUDIT] 6377929610712956 订单丢失纠偏
2026-08-02 13:36:46,768 - WARNING - [AUDIT] 1016861883670799 订单丢失纠偏
2026-08-02 13:36:46,768 - WARNING - [AUDIT] 8032237424386719 订单丢失纠偏
2026-08-02 13:36:46,768 - WARNING - [AUDIT] 1097972663079309 订单丢失纠偏
2026-08-02 13:36:46,768 - WARNING - [AUDIT] 9421526033893170 订单丢失纠偏
2026-08-02 13:36:46,768 - WARNING - [AUDIT] 9237895826239872 订单丢失纠偏
2026-08-02 13:36:46,768 - WARNING - [AUDIT] 2011341284551955 订单丢失纠偏
2026-08-02 13:36:46,768 - WARNING - [AUDIT] 1436216773944936 订单丢失纠偏
2026-08-02 13:36:46,768 - WARNING - [AUDIT] 1100324030314739 订单丢失纠偏
2026-08-02 13:36:46,768 - WARNING - [AUDIT] 1012312022189723 订单丢失纠偏
2026-08-02 13:36:46,768 - WARNING - [AUDIT] 4386686358843660 订单丢失纠偏
2026-08-02 13:36:46,768 - WARNING - [AUDIT] 3606385791936483 订单丢失纠偏
2026-08-02 13:36:46,768 - WARNING - [AUDIT] 1131579682711421 订单丢失纠偏
2026-08-02 13:36:46,768 - WARNING - [AUDIT] 2504049173922608 订单丢失纠偏
2026-08-02 13:36:46,769 - WARNING - [AUDIT] 5788667258485827 订单丢失纠偏
2026-08-02 13:36:46,769 - WARNING - [AUDIT] 9724367486548052 订单丢失纠偏
2026-08-02 13:36:46,769 - WARNING - [AUDIT] 7505771146235619 订单丢失纠偏
2026-08-02 13:36:46,769 - WARNING - [AUDIT] 1012708966570768 订单丢失纠偏
2026-08-02 13:36:46,769 - WARNING - [AUDIT] 8062130920515222 订单丢失纠偏
2026-08-02 13:36:46,769 - WARNING - [AUDIT] 8929210349196583 订单丢失纠偏
2026-08-02 13:36:46,769 - WARNING - [AUDIT] 3678275121283001 订单丢失纠偏
2026-08-02 13:36:46,769 - WARNING - [AUDIT] 1199614361642263 订单丢失纠偏
2026-08-02 13:36:46,769 - WARNING - [AUDIT] 4529410503206012 订单丢失纠偏
2026-08-02 13:36:46,769 - WARNING - [AUDIT] 8247733414597137 订单丢失纠偏
2026-08-02 13:36:46,769 - WARNING - [AUDIT] 4509625010772837 订单丢失纠偏
2026-08-02 13:36:46,769 - WARNING - [AUDIT] 6050404526417288 订单丢失纠偏
2026-08-02 13:36:46,770 - WARNING - [AUDIT] 8156533125036723 订单丢失纠偏
2026-08-02 13:36:46,770 - WARNING - [AUDIT] 9764971007473861 订单丢失纠偏
2026-08-02 13:36:46,770 - WARNING - [AUDIT] 3093363755026600 订单丢失纠偏
2026-08-02 13:36:46,770 - WARNING - [AUDIT] 9295188727115323 订单丢失纠偏
2026-08-02 13:36:46,770 - WARNING - [AUDIT] 1075075528602313 订单丢失纠偏
2026-08-02 13:36:46,770 - WARNING - [AUDIT] 9456783018708075 订单丢失纠偏
2026-08-02 13:36:46,770 - WARNING - [AUDIT] 8711246570211379 订单丢失纠偏
2026-08-02 13:36:46,771 - WARNING - [AUDIT] 7717208126253081 订单丢失纠偏
2026-08-02 13:36:52,469 - ERROR - [POSITION] 批量查询 best_ask 失败: HTTPSConnectionPool(host='clob.polymarket.com', port=443): Max retries exceeded with url: /books (Caused by SSLError(SSLEOFError(8, '[SSL: UNEXPECTED_EOF_WHILE_READING] EOF occurred in violation of protocol (_ssl.c:1000)')))
2026-08-02 13:36:52,710 - INFO - 开始优雅关闭...
2026-08-02 13:36:52,956 - INFO - [CANCEL ALL] 13 已取消 | 系统关闭
2026-08-02 13:36:52,963 - WARNING - [USER WS] close code=None reason=None
2026-08-02 13:36:57,574 - INFO - [HEARTBEAT] 已停止
2026-08-02 13:36:57,574 - INFO - ============================================================
系统已停止
============================================================
2026-08-02 13:36:57,574 - INFO - [WssBot] 停止市场WS...
2026-08-02 13:36:57,575 - WARNING - [MarketWS] 连接断开 code=None msg=None
2026-08-02 13:36:57,827 - INFO - [MarketWS] 已停止
2026-08-02 15:56:13,168 - INFO - ============================================================
2026-08-02 15:56:13,170 - INFO - Maker-only Guardian V7.0 启动
2026-08-02 15:56:13,170 - INFO - 地址: 0x304bf40e9e50c265f6dd86417707d5b41d8ea619 | 档: 2 | 量: 50 | 冷却: 120s | 心跳: 7.0s
2026-08-02 15:56:13,170 - INFO - 筛选器: keyword=temp top1=100 top2=500 top3=1200 existing=3000 rewards>=10
2026-08-02 15:56:13,170 - INFO - 实例: wss | midpoint=[0.10, 0.90]
2026-08-02 15:56:13,170 - INFO - ============================================================
2026-08-02 15:56:13,171 - INFO - [WssBot] 市场WS初始化完成 url=wss://ws-subscriptions-clob.polymarket.com/ws/market ping=10s reconnect=5s
2026-08-02 15:56:13,171 - INFO - [WssBot] 启动市场WS...
2026-08-02 15:56:13,171 - INFO - [MarketWS] 启动，URL=wss://ws-subscriptions-clob.polymarket.com/ws/market
2026-08-02 15:56:13,173 - INFO - [HEARTBEAT] 已启动 interval=7.0s
2026-08-02 15:56:25,843 - INFO - [SCREENER] 164 markets in 12.2s | yes:61 no:25 | next in 30s
2026-08-02 15:56:34,232 - ERROR - [MarketWS] 错误: [WinError 10060] 由于连接方在一段时间后没有正确答复或连接的主机没有反应，连接尝试失败。
2026-08-02 15:56:34,233 - ERROR - [USER WS ERR] [WinError 10060] 由于连接方在一段时间后没有正确答复或连接的主机没有反应，连接尝试失败。
2026-08-02 15:56:34,233 - ERROR - [WinError 10060] 由于连接方在一段时间后没有正确答复或连接的主机没有反应，连接尝试失败。 - goodbye
2026-08-02 15:56:34,233 - ERROR - [WinError 10060] 由于连接方在一段时间后没有正确答复或连接的主机没有反应，连接尝试失败。 - goodbye
2026-08-02 15:56:34,233 - WARNING - [MarketWS] 连接断开 code=None msg=None
2026-08-02 15:56:34,233 - WARNING - [USER WS] close code=None reason=None
2026-08-02 15:56:34,233 - WARNING - [WssBot] 市场WS断线，立即取消全部挂单
2026-08-02 15:56:34,233 - WARNING - [USER WS] 断开，5s 后重连...
2026-08-02 15:56:34,233 - INFO - [MarketWS] 5.0s 后重连...
2026-08-02 15:56:34,780 - INFO - [CANCEL ALL] 14 已取消 | 市场WS断线
2026-08-02 15:56:58,549 - INFO - [SCREENER] 158 markets in 12.1s | yes:58 no:25 | next in 30s
2026-08-02 15:56:59,262 - ERROR - [py_clob_client_v2] request error: Server disconnected
2026-08-02 15:56:59,264 - ERROR - [py_clob_client_v2] request error: Server disconnected
2026-08-02 15:56:59,264 - ERROR - [py_clob_client_v2] request error: Server disconnected
2026-08-02 15:56:59,264 - ERROR - [py_clob_client_v2] request error: Server disconnected
2026-08-02 15:56:59,264 - ERROR - 获取订单簿失败: 12650345933280295098... | PolyApiException[status_code=None, error_message=Request exception!]
2026-08-02 15:56:59,265 - ERROR - 获取订单簿失败: 36063857919364833264... | PolyApiException[status_code=None, error_message=Request exception!]
2026-08-02 15:56:59,265 - ERROR - [py_clob_client_v2] request error: Server disconnected
2026-08-02 15:56:59,265 - ERROR - 获取订单簿失败: 36220968515932085050... | PolyApiException[status_code=None, error_message=Request exception!]
2026-08-02 15:56:59,266 - ERROR - 获取订单簿失败: 63067467921157504857... | PolyApiException[status_code=None, error_message=Request exception!]
2026-08-02 15:56:59,266 - ERROR - [py_clob_client_v2] request error: Server disconnected
2026-08-02 15:56:59,268 - ERROR - 获取订单簿失败: 36782751212830013085... | PolyApiException[status_code=None, error_message=Request exception!]
2026-08-02 15:56:59,269 - ERROR - 获取订单簿失败: 54743596015351053106... | PolyApiException[status_code=None, error_message=Request exception!]
2026-08-02 15:57:00,013 - WARNING - [RETRY] 3678275121283001 bids不足2档，10s后重试
2026-08-02 15:57:00,013 - WARNING - [RETRY] 3622096851593208 bids不足2档，10s后重试
2026-08-02 15:57:00,013 - WARNING - [RETRY] 3606385791936483 bids不足2档，10s后重试
2026-08-02 15:57:00,013 - WARNING - [RETRY] 1265034593328029 bids不足2档，10s后重试
2026-08-02 15:57:00,013 - WARNING - [RETRY] 6306746792115750 bids不足2档，10s后重试
2026-08-02 15:57:00,015 - WARNING - [RETRY] 5474359601535105 bids不足2档，10s后重试
2026-08-02 15:57:00,275 - ERROR - [USER WS ERR] [WinError 10060] 由于连接方在一段时间后没有正确答复或连接的主机没有反应，连接尝试失败。
2026-08-02 15:57:00,275 - ERROR - [MarketWS] 错误: [WinError 10060] 由于连接方在一段时间后没有正确答复或连接的主机没有反应，连接尝试失败。
2026-08-02 15:57:00,275 - ERROR - [WinError 10060] 由于连接方在一段时间后没有正确答复或连接的主机没有反应，连接尝试失败。 - goodbye
2026-08-02 15:57:00,275 - ERROR - [WinError 10060] 由于连接方在一段时间后没有正确答复或连接的主机没有反应，连接尝试失败。 - goodbye
2026-08-02 15:57:00,277 - WARNING - [USER WS] close code=None reason=None
2026-08-02 15:57:00,280 - WARNING - [MarketWS] 连接断开 code=None msg=None
2026-08-02 15:57:00,280 - WARNING - [WssBot] 市场WS断线，立即取消全部挂单
2026-08-02 15:57:00,281 - WARNING - [USER WS] 断开，5s 后重连...
2026-08-02 15:57:00,281 - INFO - [MarketWS] 5.0s 后重连...
2026-08-02 15:57:03,620 - INFO - [CANCEL ALL] 59 已取消 | 市场WS断线
2026-08-02 15:57:09,831 - ERROR - [BATCH CANCEL FAIL] 0xb7f4091a9729c71dd6... | the order is already canceled
2026-08-02 15:57:10,583 - ERROR - [BATCH CANCEL] 3093363755026600 取消结果不明，回退 RESTING 等 audit 确认 | oid=0xb7f4091a9729c71dd6
2026-08-02 15:57:11,834 - ERROR - [py_clob_client_v2] request error: Server disconnected
2026-08-02 15:57:11,834 - ERROR - [py_clob_client_v2] request error: Server disconnected
2026-08-02 15:57:11,834 - ERROR - [PLACE FAIL] 3622096851593208... price=0.26 attempt=1/2 | PolyApiException[status_code=None, error_message=Request exception!]
2026-08-02 15:57:11,834 - ERROR - [PLACE FAIL] 3678275121283001... price=0.34 attempt=1/2 | PolyApiException[status_code=None, error_message=Request exception!]
2026-08-02 15:57:26,316 - ERROR - [MarketWS] 错误: [WinError 10060] 由于连接方在一段时间后没有正确答复或连接的主机没有反应，连接尝试失败。
2026-08-02 15:57:26,316 - ERROR - [USER WS ERR] [WinError 10060] 由于连接方在一段时间后没有正确答复或连接的主机没有反应，连接尝试失败。
2026-08-02 15:57:26,316 - ERROR - [WinError 10060] 由于连接方在一段时间后没有正确答复或连接的主机没有反应，连接尝试失败。 - goodbye
2026-08-02 15:57:26,316 - ERROR - [WinError 10060] 由于连接方在一段时间后没有正确答复或连接的主机没有反应，连接尝试失败。 - goodbye
2026-08-02 15:57:26,317 - WARNING - [MarketWS] 连接断开 code=None msg=None
2026-08-02 15:57:26,317 - WARNING - [USER WS] close code=None reason=None
2026-08-02 15:57:26,317 - WARNING - [WssBot] 市场WS断线，立即取消全部挂单
2026-08-02 15:57:26,317 - WARNING - [USER WS] 断开，5s 后重连...
2026-08-02 15:57:26,317 - INFO - [MarketWS] 5.0s 后重连...
2026-08-02 15:57:26,823 - INFO - [CANCEL ALL] 14 已取消 | 市场WS断线
2026-08-02 15:57:32,604 - INFO - [SCREENER] 156 markets in 13.0s | yes:53 no:24 | next in 30s
2026-08-02 15:57:49,337 - ERROR - [BATCH CANCEL FAIL] 0x265d48297abc0f764c... | the order is already canceled
2026-08-02 15:57:49,818 - ERROR - [BATCH CANCEL] 2011341284551955 取消结果不明，回退 RESTING 等 audit 确认 | oid=0x265d48297abc0f764c
2026-08-02 15:57:52,363 - ERROR - [USER WS ERR] [WinError 10060] 由于连接方在一段时间后没有正确答复或连接的主机没有反应，连接尝试失败。
2026-08-02 15:57:52,363 - ERROR - [MarketWS] 错误: [WinError 10060] 由于连接方在一段时间后没有正确答复或连接的主机没有反应，连接尝试失败。
2026-08-02 15:57:52,363 - ERROR - [WinError 10060] 由于连接方在一段时间后没有正确答复或连接的主机没有反应，连接尝试失败。 - goodbye
2026-08-02 15:57:52,364 - ERROR - [WinError 10060] 由于连接方在一段时间后没有正确答复或连接的主机没有反应，连接尝试失败。 - goodbye
2026-08-02 15:57:52,364 - WARNING - [USER WS] close code=None reason=None
2026-08-02 15:57:52,364 - WARNING - [MarketWS] 连接断开 code=None msg=None
2026-08-02 15:57:52,364 - WARNING - [USER WS] 断开，5s 后重连...
2026-08-02 15:57:52,364 - WARNING - [WssBot] 市场WS断线，立即取消全部挂单
2026-08-02 15:57:52,364 - INFO - [MarketWS] 5.0s 后重连...
2026-08-02 15:57:52,603 - INFO - [CANCEL ALL] 2 已取消 | 市场WS断线
2026-08-02 15:58:10,752 - INFO - [SCREENER] 152 markets in 11.9s | yes:50 no:19 | next in 30s
2026-08-02 15:58:18,412 - ERROR - [USER WS ERR] [WinError 10060] 由于连接方在一段时间后没有正确答复或连接的主机没有反应，连接尝试失败。
2026-08-02 15:58:18,414 - ERROR - [WinError 10060] 由于连接方在一段时间后没有正确答复或连接的主机没有反应，连接尝试失败。 - goodbye
2026-08-02 15:58:18,414 - WARNING - [USER WS] close code=None reason=None
2026-08-02 15:58:18,414 - WARNING - [USER WS] 断开，5s 后重连...
2026-08-02 15:58:18,426 - ERROR - [MarketWS] 错误: [WinError 10060] 由于连接方在一段时间后没有正确答复或连接的主机没有反应，连接尝试失败。
2026-08-02 15:58:18,426 - ERROR - [WinError 10060] 由于连接方在一段时间后没有正确答复或连接的主机没有反应，连接尝试失败。 - goodbye
2026-08-02 15:58:18,428 - WARNING - [MarketWS] 连接断开 code=None msg=None
2026-08-02 15:58:18,428 - WARNING - [WssBot] 市场WS断线，立即取消全部挂单
2026-08-02 15:58:18,429 - INFO - [MarketWS] 5.0s 后重连...
2026-08-02 15:58:18,950 - INFO - [CANCEL ALL] 0 已取消 | 市场WS断线
2026-08-02 15:58:22,448 - WARNING - [AUDIT] 6074786535182847 订单丢失纠偏
2026-08-02 15:58:22,448 - WARNING - [AUDIT] 4563308643572812 订单丢失纠偏
2026-08-02 15:58:22,448 - WARNING - [AUDIT] 7354666106171593 订单丢失纠偏
2026-08-02 15:58:22,448 - WARNING - [AUDIT] 8973252493302230 订单丢失纠偏
2026-08-02 15:58:22,448 - WARNING - [AUDIT] 1534393558660108 订单丢失纠偏
2026-08-02 15:58:22,448 - WARNING - [AUDIT] 1040618414431990 订单丢失纠偏
2026-08-02 15:58:22,448 - WARNING - [AUDIT] 3678275121283001 订单丢失纠偏
2026-08-02 15:58:22,448 - WARNING - [AUDIT] 4191649162743924 订单丢失纠偏
2026-08-02 15:58:22,448 - WARNING - [AUDIT] 1982672466101146 订单丢失纠偏
2026-08-02 15:58:22,448 - WARNING - [AUDIT] 9501757637611817 订单丢失纠偏
2026-08-02 15:58:22,448 - WARNING - [AUDIT] 1012708966570768 订单丢失纠偏
2026-08-02 15:58:22,448 - WARNING - [AUDIT] 6264469913402155 订单丢失纠偏
2026-08-02 15:58:22,448 - WARNING - [AUDIT] 3000879618212814 订单丢失纠偏
2026-08-02 15:58:22,448 - WARNING - [AUDIT] 3152864535544610 订单丢失纠偏
2026-08-02 15:58:22,451 - WARNING - [AUDIT] 1265034593328029 订单丢失纠偏
2026-08-02 15:58:22,451 - WARNING - [AUDIT] 9694308150489003 订单丢失纠偏
2026-08-02 15:58:22,451 - WARNING - [AUDIT] 8058522598902913 订单丢失纠偏
2026-08-02 15:58:22,451 - WARNING - [AUDIT] 1130334525449621 订单丢失纠偏
2026-08-02 15:58:22,451 - WARNING - [AUDIT] 6306746792115750 订单丢失纠偏
2026-08-02 15:58:22,451 - WARNING - [AUDIT] 9456783018708075 订单丢失纠偏
2026-08-02 15:58:22,451 - WARNING - [AUDIT] 8539143659569996 订单丢失纠偏
2026-08-02 15:58:22,451 - WARNING - [AUDIT] 7505771146235619 订单丢失纠偏
2026-08-02 15:58:22,452 - WARNING - [AUDIT] 3741202548831003 订单丢失纠偏
2026-08-02 15:58:22,452 - WARNING - [AUDIT] 8309486652768810 订单丢失纠偏
2026-08-02 15:58:22,452 - WARNING - [AUDIT] 1121669243723314 订单丢失纠偏
2026-08-02 15:58:22,452 - WARNING - [AUDIT] 9982698555462911 订单丢失纠偏
2026-08-02 15:58:22,452 - WARNING - [AUDIT] 1055539862568830 订单丢失纠偏
2026-08-02 15:58:22,452 - WARNING - [AUDIT] 1222480355306977 订单丢失纠偏
2026-08-02 15:58:22,452 - WARNING - [AUDIT] 7721406147430922 订单丢失纠偏
2026-08-02 15:58:22,452 - WARNING - [AUDIT] 4451010990082015 订单丢失纠偏
2026-08-02 15:58:22,452 - WARNING - [AUDIT] 1102381826783590 订单丢失纠偏
2026-08-02 15:58:22,452 - WARNING - [AUDIT] 9850982701736726 订单丢失纠偏
2026-08-02 15:58:22,452 - WARNING - [AUDIT] 1644383169509492 订单丢失纠偏
2026-08-02 15:58:22,452 - WARNING - [AUDIT] 2290230363553847 订单丢失纠偏
2026-08-02 15:58:22,452 - WARNING - [AUDIT] 1012312022189723 订单丢失纠偏
2026-08-02 15:58:22,453 - WARNING - [AUDIT] 2258367011859007 订单丢失纠偏
2026-08-02 15:58:22,453 - WARNING - [AUDIT] 5349002683465848 订单丢失纠偏
2026-08-02 15:58:22,453 - WARNING - [AUDIT] 4860770682123512 订单丢失纠偏
2026-08-02 15:58:22,453 - WARNING - [AUDIT] 7534297012306341 订单丢失纠偏
2026-08-02 15:58:22,453 - WARNING - [AUDIT] 9671289656064219 订单丢失纠偏
2026-08-02 15:58:22,453 - WARNING - [AUDIT] 6622122084320540 订单丢失纠偏
2026-08-02 15:58:22,453 - WARNING - [AUDIT] 1296711163487535 订单丢失纠偏
2026-08-02 15:58:22,453 - WARNING - [AUDIT] 1148037585875573 订单丢失纠偏
2026-08-02 15:58:22,453 - WARNING - [AUDIT] 3078568200620284 订单丢失纠偏
2026-08-02 15:58:22,453 - WARNING - [AUDIT] 1124237724760108 订单丢失纠偏
2026-08-02 15:58:22,453 - WARNING - [AUDIT] 1131349159365005 订单丢失纠偏
2026-08-02 15:58:22,453 - WARNING - [AUDIT] 7373504739671642 订单丢失纠偏
2026-08-02 15:58:22,453 - WARNING - [AUDIT] 4886518226528886 订单丢失纠偏
2026-08-02 15:58:22,453 - WARNING - [AUDIT] 2626449346138051 订单丢失纠偏
2026-08-02 15:58:22,453 - WARNING - [AUDIT] 3238281976279847 订单丢失纠偏
2026-08-02 15:58:22,454 - WARNING - [AUDIT] 9868587298916119 订单丢失纠偏
2026-08-02 15:58:22,454 - WARNING - [AUDIT] 6377929610712956 订单丢失纠偏
2026-08-02 15:58:22,454 - WARNING - [AUDIT] 1286131942036290 订单丢失纠偏
2026-08-02 15:58:22,454 - WARNING - [AUDIT] 1016861883670799 订单丢失纠偏
2026-08-02 15:58:22,454 - WARNING - [AUDIT] 2931629179384381 订单丢失纠偏
2026-08-02 15:58:22,454 - WARNING - [AUDIT] 6264442192607507 订单丢失纠偏
2026-08-02 15:58:22,454 - WARNING - [AUDIT] 1068161458391412 订单丢失纠偏
2026-08-02 15:58:22,454 - WARNING - [AUDIT] 1111315964843763 订单丢失纠偏
2026-08-02 15:58:22,454 - WARNING - [AUDIT] 1131579682711421 订单丢失纠偏
2026-08-02 15:58:22,455 - WARNING - [AUDIT] 8027808051614500 订单丢失纠偏
2026-08-02 15:58:22,455 - WARNING - [AUDIT] 1100324030314739 订单丢失纠偏
2026-08-02 15:58:22,455 - WARNING - [AUDIT] 9098766676952057 订单丢失纠偏
2026-08-02 15:58:22,455 - WARNING - [AUDIT] 6568011398427120 订单丢失纠偏
2026-08-02 15:58:22,455 - WARNING - [AUDIT] 1035709715783527 订单丢失纠偏
2026-08-02 15:58:22,455 - WARNING - [AUDIT] 1045988534739228 订单丢失纠偏
2026-08-02 15:58:23,637 - ERROR - [py_clob_client_v2] request error: _ssl.c:983: The handshake operation timed out
2026-08-02 15:58:24,167 - ERROR - [HEARTBEAT] 失败 (连续 1 次): 401 Client Error: Unauthorized for url: https://clob.polymarket.com/v1/heartbeats
2026-08-02 15:58:29,082 - INFO - 收到停止信号，优雅退出...
2026-08-02 15:58:29,839 - INFO - 开始优雅关闭...
2026-08-02 15:58:30,085 - INFO - [CANCEL ALL] 0 已取消 | 系统关闭
2026-08-02 15:58:32,415 - INFO - [HEARTBEAT] 已停止
2026-08-02 15:58:32,416 - INFO - ============================================================
系统已停止
============================================================
2026-08-02 15:58:32,416 - INFO - [WssBot] 停止市场WS...
2026-08-02 15:58:32,417 - INFO - [MarketWS] 已停止
2026-08-02 15:59:39,786 - INFO - ============================================================
2026-08-02 15:59:39,787 - INFO - Maker-only Guardian V7.0 启动
2026-08-02 15:59:39,787 - INFO - 地址: 0x304bf40e9e50c265f6dd86417707d5b41d8ea619 | 档: 2 | 量: 50 | 冷却: 120s | 心跳: 7.0s
2026-08-02 15:59:39,787 - INFO - 筛选器: keyword=temp top1=100 top2=500 top3=1200 existing=3000 rewards>=10
2026-08-02 15:59:39,787 - INFO - 实例: wss | midpoint=[0.10, 0.90]
2026-08-02 15:59:39,787 - INFO - ============================================================
2026-08-02 15:59:39,787 - INFO - [WssBot] 市场WS初始化完成 url=wss://ws-subscriptions-clob.polymarket.com/ws/market ping=10s reconnect=5s
2026-08-02 15:59:39,787 - INFO - [WssBot] 启动市场WS...
2026-08-02 15:59:39,787 - INFO - [MarketWS] 启动，URL=wss://ws-subscriptions-clob.polymarket.com/ws/market
2026-08-02 15:59:39,789 - INFO - [HEARTBEAT] 已启动 interval=7.0s
2026-08-02 15:59:40,602 - INFO - [MarketWS] 已连接（暂无市场，等待动态订阅）
2026-08-02 15:59:41,821 - ERROR - [py_clob_client_v2] request error: [WinError 10061] 由于目标计算机积极拒绝，无法连接。
2026-08-02 15:59:41,821 - ERROR - 查询订单失败: PolyApiException[status_code=None, error_message=Request exception!]
2026-08-02 15:59:41,821 - ERROR - [DISCOVER] 订单查询失败，跳过本周期
2026-08-02 15:59:41,834 - ERROR - [py_clob_client_v2] request error: [WinError 10061] 由于目标计算机积极拒绝，无法连接。
2026-08-02 15:59:43,865 - ERROR - [HEARTBEAT] 失败 (连续 1 次): HTTPSConnectionPool(host='clob.polymarket.com', port=443): Max retries exceeded with url: /v1/heartbeats (Caused by ProxyError('Unable to connect to proxy', NewConnectionError('<urllib3.connection.HTTPSConnection object at 0x000002C3E61297F0>: Failed to establish a new connection: [WinError 10061] 由于目标计算机积极拒绝，无法连接。')))
2026-08-02 15:59:46,911 - ERROR - [py_clob_client_v2] request error: [WinError 10061] 由于目标计算机积极拒绝，无法连接。
2026-08-02 15:59:48,944 - ERROR - [HEARTBEAT] 失败 (连续 2 次): HTTPSConnectionPool(host='clob.polymarket.com', port=443): Max retries exceeded with url: /v1/heartbeats (Caused by ProxyError('Unable to connect to proxy', NewConnectionError('<urllib3.connection.HTTPSConnection object at 0x000002C3E60F30E0>: Failed to establish a new connection: [WinError 10061] 由于目标计算机积极拒绝，无法连接。')))
2026-08-02 15:59:50,847 - ERROR - [MarketWS] 错误: Connection to remote host was lost.
2026-08-02 15:59:50,847 - ERROR - Connection to remote host was lost. - goodbye
2026-08-02 15:59:50,848 - WARNING - [MarketWS] 连接断开 code=None msg=None
2026-08-02 15:59:50,848 - WARNING - [WssBot] 市场WS断线，立即取消全部挂单
2026-08-02 15:59:50,849 - INFO - [MarketWS] 5.0s 后重连...
2026-08-02 15:59:51,991 - ERROR - [py_clob_client_v2] request error: [WinError 10061] 由于目标计算机积极拒绝，无法连接。
2026-08-02 15:59:52,864 - ERROR - [py_clob_client_v2] request error: [WinError 10061] 由于目标计算机积极拒绝，无法连接。
2026-08-02 15:59:52,865 - ERROR - [CANCEL ALL ERR] 市场WS断线 | PolyApiException[status_code=None, error_message=Request exception!]
2026-08-02 15:59:54,022 - ERROR - [HEARTBEAT] 失败 (连续 3 次): HTTPSConnectionPool(host='clob.polymarket.com', port=443): Max retries exceeded with url: /v1/heartbeats (Caused by ProxyError('Unable to connect to proxy', NewConnectionError('<urllib3.connection.HTTPSConnection object at 0x000002C3E6528140>: Failed to establish a new connection: [WinError 10061] 由于目标计算机积极拒绝，无法连接。')))
2026-08-02 15:59:54,023 - CRITICAL - [HEARTBEAT] 连续失败 3 次！订单将在 ~7 秒后被交易所自动取消！
2026-08-02 15:59:56,398 - INFO - 收到停止信号，优雅退出...
2026-08-02 15:59:56,569 - INFO - [MarketWS] 已连接（暂无市场，等待动态订阅）
2026-08-02 15:59:56,570 - INFO - [WssBot] 市场WS重连成功，将在下一个tick同步订阅
2026-08-02 16:00:03,059 - ERROR - [py_clob_client_v2] request error: [WinError 10061] 由于目标计算机积极拒绝，无法连接。
2026-08-02 16:00:05,091 - ERROR - [HEARTBEAT] 失败 (连续 4 次): HTTPSConnectionPool(host='clob.polymarket.com', port=443): Max retries exceeded with url: /v1/heartbeats (Caused by ProxyError('Unable to connect to proxy', NewConnectionError('<urllib3.connection.HTTPSConnection object at 0x000002C3E6128860>: Failed to establish a new connection: [WinError 10061] 由于目标计算机积极拒绝，无法连接。')))
2026-08-02 16:00:05,091 - CRITICAL - [HEARTBEAT] 连续失败 4 次！订单将在 ~7 秒后被交易所自动取消！
2026-08-02 16:00:06,816 - ERROR - [MarketWS] 错误: Connection to remote host was lost.
2026-08-02 16:00:06,816 - ERROR - Connection to remote host was lost. - goodbye
2026-08-02 16:00:06,816 - WARNING - [MarketWS] 连接断开 code=None msg=None
2026-08-02 16:00:06,816 - WARNING - [WssBot] 市场WS断线，立即取消全部挂单
2026-08-02 16:00:06,817 - INFO - [MarketWS] 5.0s 后重连...
2026-08-02 16:00:08,850 - ERROR - [py_clob_client_v2] request error: [WinError 10061] 由于目标计算机积极拒绝，无法连接。
2026-08-02 16:00:08,850 - ERROR - [CANCEL ALL ERR] 市场WS断线 | PolyApiException[status_code=None, error_message=Request exception!]
2026-08-02 16:00:12,049 - ERROR - [SCREENER] 筛选失败: HTTPSConnectionPool(host='clob.polymarket.com', port=443): Max retries exceeded with url: /sampling-markets (Caused by ProxyError('Unable to connect to proxy', NewConnectionError('<urllib3.connection.HTTPSConnection object at 0x000002C3E612A750>: Failed to establish a new connection: [WinError 10061] 由于目标计算机积极拒绝，无法连接。')))
2026-08-02 16:00:12,050 - INFO - 开始优雅关闭...
2026-08-02 16:00:12,535 - INFO - [MarketWS] 已连接（暂无市场，等待动态订阅）
2026-08-02 16:00:12,537 - INFO - [WssBot] 市场WS重连成功，将在下一个tick同步订阅
2026-08-02 16:00:14,083 - ERROR - [py_clob_client_v2] request error: [WinError 10061] 由于目标计算机积极拒绝，无法连接。
2026-08-02 16:00:14,083 - ERROR - [CANCEL ALL ERR] 系统关闭 | PolyApiException[status_code=None, error_message=Request exception!]
2026-08-02 16:00:14,129 - ERROR - [py_clob_client_v2] request error: [WinError 10061] 由于目标计算机积极拒绝，无法连接。
2026-08-02 16:00:14,334 - WARNING - [USER WS] close code=None reason=None
2026-08-02 16:00:16,186 - ERROR - [HEARTBEAT] 失败 (连续 5 次): HTTPSConnectionPool(host='clob.polymarket.com', port=443): Max retries exceeded with url: /v1/heartbeats (Caused by ProxyError('Unable to connect to proxy', NewConnectionError('<urllib3.connection.HTTPSConnection object at 0x000002C3E612A660>: Failed to establish a new connection: [WinError 10061] 由于目标计算机积极拒绝，无法连接。')))
2026-08-02 16:00:16,186 - CRITICAL - [HEARTBEAT] 连续失败 5 次！订单将在 ~7 秒后被交易所自动取消！
2026-08-02 16:00:19,338 - INFO - [HEARTBEAT] 已停止
2026-08-02 16:00:19,338 - INFO - ============================================================
系统已停止
============================================================
2026-08-02 16:00:19,338 - INFO - [WssBot] 停止市场WS...
2026-08-02 16:00:19,583 - WARNING - [MarketWS] 连接断开 code=None msg=None
2026-08-02 16:00:19,584 - INFO - [MarketWS] 已停止
2026-08-02 16:02:19,837 - INFO - ============================================================
2026-08-02 16:02:19,837 - INFO - Maker-only Guardian V7.0 启动
2026-08-02 16:02:19,837 - INFO - 地址: 0x304bf40e9e50c265f6dd86417707d5b41d8ea619 | 档: 2 | 量: 50 | 冷却: 120s | 心跳: 7.0s
2026-08-02 16:02:19,838 - INFO - 筛选器: keyword=temp top1=100 top2=500 top3=1200 existing=3000 rewards>=10
2026-08-02 16:02:19,838 - INFO - 实例: wss | midpoint=[0.10, 0.90]
2026-08-02 16:02:19,838 - INFO - ============================================================
2026-08-02 16:02:19,839 - INFO - [WssBot] 市场WS初始化完成 url=wss://ws-subscriptions-clob.polymarket.com/ws/market ping=10s reconnect=5s
2026-08-02 16:02:19,839 - INFO - [WssBot] 启动市场WS...
2026-08-02 16:02:19,839 - INFO - [MarketWS] 启动，URL=wss://ws-subscriptions-clob.polymarket.com/ws/market
2026-08-02 16:02:19,840 - INFO - [HEARTBEAT] 已启动 interval=7.0s
2026-08-02 16:02:34,327 - INFO - [SCREENER] 142 markets in 13.8s | yes:55 no:16 | next in 30s
2026-08-02 16:02:40,938 - ERROR - [USER WS ERR] [WinError 10060] 由于连接方在一段时间后没有正确答复或连接的主机没有反应，连接尝试失败。
2026-08-02 16:02:40,940 - ERROR - [MarketWS] 错误: [WinError 10060] 由于连接方在一段时间后没有正确答复或连接的主机没有反应，连接尝试失败。
2026-08-02 16:02:40,940 - ERROR - [WinError 10060] 由于连接方在一段时间后没有正确答复或连接的主机没有反应，连接尝试失败。 - goodbye
2026-08-02 16:02:40,941 - ERROR - [WinError 10060] 由于连接方在一段时间后没有正确答复或连接的主机没有反应，连接尝试失败。 - goodbye
2026-08-02 16:02:40,941 - WARNING - [USER WS] close code=None reason=None
2026-08-02 16:02:40,941 - WARNING - [MarketWS] 连接断开 code=None msg=None
2026-08-02 16:02:40,941 - WARNING - [USER WS] 断开，5s 后重连...
2026-08-02 16:02:40,943 - WARNING - [WssBot] 市场WS断线，立即取消全部挂单
2026-08-02 16:02:40,944 - INFO - [MarketWS] 5.0s 后重连...
2026-08-02 16:02:41,189 - INFO - [CANCEL ALL] 5 已取消 | 市场WS断线
2026-08-02 16:02:47,193 - ERROR - [py_clob_client_v2] request error: Server disconnected
2026-08-02 16:02:47,194 - ERROR - [py_clob_client_v2] request error: Server disconnected
2026-08-02 16:02:47,194 - ERROR - [py_clob_client_v2] request error: Server disconnected
2026-08-02 16:02:47,197 - ERROR - [PLACE FAIL] 1036483666143367... price=0.35 attempt=1/2 | PolyApiException[status_code=None, error_message=Request exception!]
2026-08-02 16:02:47,197 - ERROR - [PLACE FAIL] 4529410503206012... price=0.43 attempt=1/2 | PolyApiException[status_code=None, error_message=Request exception!]
2026-08-02 16:02:47,198 - ERROR - [PLACE FAIL] 2931629179384381... price=0.29 attempt=1/2 | PolyApiException[status_code=None, error_message=Request exception!]
2026-08-02 16:02:48,451 - INFO - 收到停止信号，优雅退出...
2026-08-02 16:02:48,930 - INFO - 开始优雅关闭...
2026-08-02 16:02:49,188 - INFO - [CANCEL ALL] 22 已取消 | 系统关闭
2026-08-02 16:02:49,840 - INFO - [HEARTBEAT] 已停止
2026-08-02 16:02:49,840 - INFO - ============================================================
系统已停止
============================================================
2026-08-02 16:02:49,840 - INFO - [WssBot] 停止市场WS...
2026-08-02 16:02:49,840 - INFO - [MarketWS] 已停止
2026-08-02 16:05:35,095 - INFO - ============================================================
2026-08-02 16:05:35,095 - INFO - Maker-only Guardian V7.0 启动
2026-08-02 16:05:35,095 - INFO - 地址: 0x304bf40e9e50c265f6dd86417707d5b41d8ea619 | 档: 2 | 量: 50 | 冷却: 120s | 心跳: 7.0s
2026-08-02 16:05:35,095 - INFO - 筛选器: keyword=temp top1=100 top2=500 top3=1200 existing=3000 rewards>=10
2026-08-02 16:05:35,095 - INFO - 实例: wss | midpoint=[0.10, 0.90]
2026-08-02 16:05:35,095 - INFO - ============================================================
2026-08-02 16:05:35,095 - INFO - [WssBot] 市场WS初始化完成 url=wss://ws-subscriptions-clob.polymarket.com/ws/market ping=10s reconnect=5s
2026-08-02 16:05:35,097 - INFO - [WssBot] 启动市场WS...
2026-08-02 16:05:35,098 - INFO - [MarketWS] 启动，URL=wss://ws-subscriptions-clob.polymarket.com/ws/market
2026-08-02 16:05:35,099 - INFO - [HEARTBEAT] 已启动 interval=7.0s
2026-08-02 16:05:35,803 - INFO - [MarketWS] 已连接（暂无市场，等待动态订阅）
2026-08-02 16:05:43,618 - INFO - [SCREENER] 146 markets in 8.0s | yes:43 no:19 | next in 30s
2026-08-02 16:05:47,626 - ERROR - [py_clob_client_v2] request error: Server disconnected
2026-08-02 16:05:47,627 - ERROR - [py_clob_client_v2] request error: Server disconnected
2026-08-02 16:05:47,628 - ERROR - 获取订单簿失败: 60747865351828474498... | PolyApiException[status_code=None, error_message=Request exception!]
2026-08-02 16:05:47,628 - ERROR - [py_clob_client_v2] request error: Server disconnected
2026-08-02 16:05:47,629 - ERROR - 获取订单簿失败: 19826724661011461612... | PolyApiException[status_code=None, error_message=Request exception!]
2026-08-02 16:05:47,629 - WARNING - [RETRY] 6074786535182847 bids不足2档，10s后重试
2026-08-02 16:05:47,629 - ERROR - 获取订单簿失败: 48607706821235127502... | PolyApiException[status_code=None, error_message=Request exception!]
2026-08-02 16:05:47,630 - WARNING - [RETRY] 1982672466101146 bids不足2档，10s后重试
2026-08-02 16:05:47,630 - WARNING - [RETRY] 4860770682123512 bids不足2档，10s后重试
2026-08-02 16:05:48,119 - ERROR - [py_clob_client_v2] request error: Server disconnected
2026-08-02 16:05:48,119 - ERROR - [py_clob_client_v2] request error: Server disconnected
2026-08-02 16:05:48,120 - ERROR - [PLACE FAIL] 1036483666143367... price=0.35 attempt=1/2 | PolyApiException[status_code=None, error_message=Request exception!]
2026-08-02 16:06:03,784 - ERROR - [py_clob_client_v2] request error: Server disconnected
2026-08-02 16:06:03,784 - ERROR - [py_clob_client_v2] request error: Server disconnected
2026-08-02 16:06:03,784 - ERROR - [py_clob_client_v2] request error: Server disconnected
2026-08-02 16:06:03,785 - ERROR - [PLACE FAIL] 2258367011859007... price=0.34 attempt=1/2 | PolyApiException[status_code=None, error_message=Request exception!]
2026-08-02 16:06:03,785 - ERROR - [PLACE FAIL] 4595214135124844... price=0.31 attempt=1/2 | PolyApiException[status_code=None, error_message=Request exception!]
2026-08-02 16:06:03,785 - ERROR - [PLACE FAIL] 1028866880986432... price=0.65 attempt=1/2 | PolyApiException[status_code=None, error_message=Request exception!]
2026-08-02 16:06:09,328 - ERROR - [py_clob_client_v2] request error: [SSL: UNEXPECTED_EOF_WHILE_READING] EOF occurred in violation of protocol (_ssl.c:1000)
2026-08-02 16:06:09,329 - ERROR - 获取订单簿失败: 66221220843205409710... | PolyApiException[status_code=None, error_message=Request exception!]
2026-08-02 16:06:10,324 - WARNING - [RETRY] 6622122084320540 bids不足2档，10s后重试
2026-08-02 16:06:28,770 - INFO - [SCREENER] 145 markets in 14.4s | yes:43 no:18 | next in 30s
2026-08-02 16:07:04,309 - INFO - [SCREENER] 144 markets in 14.7s | yes:45 no:18 | next in 30s
2026-08-02 16:07:39,486 - INFO - [SCREENER] 145 markets in 14.1s | yes:47 no:19 | next in 30s
2026-08-02 16:07:51,075 - WARNING - [AUDIT] 4595214135124844 检测到 2 份重复买单，撤销 1 份 (keep=0x342021cfbf58be9f8e)
2026-08-02 16:07:52,500 - INFO - [AUDIT] 重复买单撤销完成: 1 成功 / 1 请求
2026-08-02 16:08:09,932 - INFO - [SCREENER] 157 markets in 7.4s | yes:51 no:19 | next in 30s
2026-08-02 16:09:02,205 - INFO - [SCREENER] 155 markets in 21.2s | yes:50 no:23 | next in 30s
2026-08-02 16:09:07,665 - ERROR - [POLL] 批量查询异常: HTTPSConnectionPool(host='clob.polymarket.com', port=443): Max retries exceeded with url: /books (Caused by SSLError(SSLEOFError(8, '[SSL: UNEXPECTED_EOF_WHILE_READING] EOF occurred in violation of protocol (_ssl.c:1000)')))
2026-08-02 16:09:39,246 - INFO - [SCREENER] 155 markets in 21.6s | yes:50 no:22 | next in 30s
2026-08-02 16:10:04,197 - INFO - [SCREENER] 154 markets in 13.9s | yes:50 no:23 | next in 30s
2026-08-02 16:10:34,197 - INFO - [SCREENER] 159 markets in 6.7s | yes:49 no:23 | next in 30s
2026-08-02 16:11:20,208 - INFO - [SCREENER] 154 markets in 15.1s | yes:49 no:23 | next in 30s
2026-08-02 16:11:47,824 - ERROR - [py_clob_client_v2] request error: [SSL: UNEXPECTED_EOF_WHILE_READING] EOF occurred in violation of protocol (_ssl.c:1000)
2026-08-02 16:11:48,325 - ERROR - [HEARTBEAT] 失败 (连续 1 次): 401 Client Error: Unauthorized for url: https://clob.polymarket.com/v1/heartbeats
2026-08-02 16:12:03,632 - INFO - [SCREENER] 159 markets in 22.1s | yes:54 no:25 | next in 30s
2026-08-02 16:12:29,540 - INFO - [SCREENER] 157 markets in 14.5s | yes:58 no:25 | next in 30s
2026-08-02 16:13:07,590 - INFO - [SCREENER] 158 markets in 14.8s | yes:56 no:21 | next in 30s
2026-08-02 16:13:45,100 - ERROR - [py_clob_client_v2] request error: _ssl.c:983: The handshake operation timed out
2026-08-02 16:13:45,663 - ERROR - [HEARTBEAT] 失败 (连续 1 次): 401 Client Error: Unauthorized for url: https://clob.polymarket.com/v1/heartbeats
2026-08-02 16:13:51,640 - INFO - [SCREENER] 159 markets in 23.0s | yes:55 no:25 | next in 30s
2026-08-02 16:13:57,088 - ERROR - [POLL] 批量查询异常: HTTPSConnectionPool(host='clob.polymarket.com', port=443): Max retries exceeded with url: /books (Caused by SSLError(SSLEOFError(8, '[SSL: UNEXPECTED_EOF_WHILE_READING] EOF occurred in violation of protocol (_ssl.c:1000)')))
2026-08-02 16:14:20,976 - INFO - [SCREENER] 157 markets in 13.9s | yes:62 no:23 | next in 30s
2026-08-02 16:14:22,675 - ERROR - [py_clob_client_v2] request error: Server disconnected
2026-08-02 16:14:22,675 - ERROR - [py_clob_client_v2] request error: Server disconnected
2026-08-02 16:14:22,676 - ERROR - [PLACE FAIL] 7963635937489169... price=0.59 attempt=1/2 | PolyApiException[status_code=None, error_message=Request exception!]
2026-08-02 16:14:22,677 - ERROR - [PLACE FAIL] 1053676869759871... price=0.42 attempt=1/2 | PolyApiException[status_code=None, error_message=Request exception!]
2026-08-02 16:14:32,252 - ERROR - [BATCH CANCEL FAIL] 0x46599a2b5e40c87cbc... | order can't be found - already canceled or matched
2026-08-02 16:14:32,792 - WARNING - [AUDIT] 6074786535182847 订单丢失纠偏
2026-08-02 16:14:32,792 - WARNING - [AUDIT] 7354666106171593 订单丢失纠偏
2026-08-02 16:14:32,793 - WARNING - [AUDIT] 4595214135124844 订单丢失纠偏
2026-08-02 16:14:32,793 - WARNING - [AUDIT] 7179921193786318 订单丢失纠偏
2026-08-02 16:14:32,794 - WARNING - [AUDIT] 4563308643572812 订单丢失纠偏
2026-08-02 16:14:32,794 - WARNING - [AUDIT] 1131579682711421 订单丢失纠偏
2026-08-02 16:14:32,794 - WARNING - [AUDIT] 9501757637611817 订单丢失纠偏
2026-08-02 16:14:32,794 - WARNING - [AUDIT] 1982672466101146 订单丢失纠偏
2026-08-02 16:14:32,795 - WARNING - [AUDIT] 4529410503206012 订单丢失纠偏
2026-08-02 16:14:32,795 - WARNING - [AUDIT] 1341591797826463 订单丢失纠偏
2026-08-02 16:14:32,795 - WARNING - [AUDIT] 4191649162743924 订单丢失纠偏
2026-08-02 16:14:32,795 - WARNING - [AUDIT] 6264469913402155 订单丢失纠偏
2026-08-02 16:14:32,796 - WARNING - [AUDIT] 6377929610712956 订单丢失纠偏
2026-08-02 16:14:32,796 - WARNING - [AUDIT] 1534393558660108 订单丢失纠偏
2026-08-02 16:14:32,796 - WARNING - [AUDIT] 6306746792115750 订单丢失纠偏
2026-08-02 16:14:32,796 - WARNING - [AUDIT] 9850982701736726 订单丢失纠偏
2026-08-02 16:14:32,797 - WARNING - [AUDIT] 2777098014476441 订单丢失纠偏
2026-08-02 16:14:32,797 - WARNING - [AUDIT] 3622096851593208 订单丢失纠偏
2026-08-02 16:14:32,797 - WARNING - [AUDIT] 7534297012306341 订单丢失纠偏
2026-08-02 16:14:32,798 - WARNING - [AUDIT] 9671289656064219 订单丢失纠偏
2026-08-02 16:14:32,798 - WARNING - [AUDIT] 1222480355306977 订单丢失纠偏
2026-08-02 16:14:32,798 - WARNING - [AUDIT] 2945766980936116 订单丢失纠偏
2026-08-02 16:14:32,798 - WARNING - [AUDIT] 8309486652768810 订单丢失纠偏
2026-08-02 16:14:32,798 - WARNING - [AUDIT] 5349002683465848 订单丢失纠偏
2026-08-02 16:14:32,798 - WARNING - [AUDIT] 9267674934686014 订单丢失纠偏
2026-08-02 16:14:32,798 - WARNING - [AUDIT] 3078568200620284 订单丢失纠偏
2026-08-02 16:14:32,799 - WARNING - [AUDIT] 3741202548831003 订单丢失纠偏
2026-08-02 16:14:32,799 - WARNING - [AUDIT] 2258367011859007 订单丢失纠偏
2026-08-02 16:14:32,799 - WARNING - [AUDIT] 8520248804100866 订单丢失纠偏
2026-08-02 16:14:32,799 - WARNING - [AUDIT] 8545580155717339 订单丢失纠偏
2026-08-02 16:14:32,800 - WARNING - [AUDIT] 1131349159365005 订单丢失纠偏
2026-08-02 16:14:32,800 - WARNING - [AUDIT] 4886518226528886 订单丢失纠偏
2026-08-02 16:14:32,800 - WARNING - [AUDIT] 2626449346138051 订单丢失纠偏
2026-08-02 16:14:32,801 - WARNING - [AUDIT] 3238281976279847 订单丢失纠偏
2026-08-02 16:14:32,801 - WARNING - [AUDIT] 1286131942036290 订单丢失纠偏
2026-08-02 16:14:32,801 - WARNING - [AUDIT] 9868587298916119 订单丢失纠偏
2026-08-02 16:14:32,801 - WARNING - [AUDIT] 1016861883670799 订单丢失纠偏
2026-08-02 16:14:32,801 - WARNING - [AUDIT] 2931629179384381 订单丢失纠偏
2026-08-02 16:14:32,802 - WARNING - [AUDIT] 9098766676952057 订单丢失纠偏
2026-08-02 16:14:32,802 - WARNING - [AUDIT] 1100324030314739 订单丢失纠偏
2026-08-02 16:14:32,802 - WARNING - [AUDIT] 3152864535544610 订单丢失纠偏
2026-08-02 16:14:32,802 - WARNING - [AUDIT] 5994011457399558 订单丢失纠偏
2026-08-02 16:14:32,802 - WARNING - [AUDIT] 1040618414431990 订单丢失纠偏
2026-08-02 16:14:32,802 - WARNING - [AUDIT] 1736661309145607 订单丢失纠偏
2026-08-02 16:14:32,802 - WARNING - [AUDIT] 4763403212907441 订单丢失纠偏
2026-08-02 16:14:32,802 - WARNING - [AUDIT] 2290230363553847 订单丢失纠偏
2026-08-02 16:14:32,802 - WARNING - [AUDIT] 2529795567437543 订单丢失纠偏
2026-08-02 16:14:32,803 - WARNING - [AUDIT] 3678275121283001 订单丢失纠偏
2026-08-02 16:14:32,803 - WARNING - [AUDIT] 3805450729744036 订单丢失纠偏
2026-08-02 16:14:32,803 - WARNING - [AUDIT] 5474359601535105 订单丢失纠偏
2026-08-02 16:14:32,803 - WARNING - [AUDIT] 1123703612759290 订单丢失纠偏
2026-08-02 16:14:32,803 - WARNING - [AUDIT] 1148037585875573 订单丢失纠偏
2026-08-02 16:14:32,804 - WARNING - [AUDIT] 9404591369427478 订单丢失纠偏
2026-08-02 16:14:32,804 - WARNING - [AUDIT] 6212955601395922 订单丢失纠偏
2026-08-02 16:14:32,805 - WARNING - [AUDIT] 6568011398427120 订单丢失纠偏
2026-08-02 16:14:32,805 - WARNING - [AUDIT] 7242042432976683 订单丢失纠偏
2026-08-02 16:14:32,805 - WARNING - [AUDIT] 2132633760404155 订单丢失纠偏
2026-08-02 16:14:32,805 - WARNING - [AUDIT] 6622122084320540 订单丢失纠偏
2026-08-02 16:14:32,805 - WARNING - [AUDIT] 1650518114172737 订单丢失纠偏
2026-08-02 16:14:32,806 - WARNING - [AUDIT] 1222438066911295 订单丢失纠偏
2026-08-02 16:14:32,806 - WARNING - [AUDIT] 1012708966570768 订单丢失纠偏
2026-08-02 16:14:32,806 - WARNING - [AUDIT] 6274111350870599 订单丢失纠偏
2026-08-02 16:14:32,806 - WARNING - [AUDIT] 3800278124344451 订单丢失纠偏
2026-08-02 16:14:32,807 - WARNING - [AUDIT] 7373504739671642 订单丢失纠偏
2026-08-02 16:14:32,807 - WARNING - [AUDIT] 1436216773944936 订单丢失纠偏
2026-08-02 16:14:32,807 - WARNING - [AUDIT] 3387576696714131 订单丢失纠偏
2026-08-02 16:14:32,807 - WARNING - [AUDIT] 3393388919389587 订单丢失纠偏
2026-08-02 16:14:32,807 - WARNING - [AUDIT] 7963635937489169 检测到 2 份重复买单，撤销 1 份 (keep=0x7a7b0ff899286ec131)
2026-08-02 16:14:34,186 - ERROR - [BATCH CANCEL] 1028866880986432 取消结果不明，回退 RESTING 等 audit 确认 | oid=0x46599a2b5e40c87cbc
2026-08-02 16:14:34,188 - INFO - [AUDIT] 重复买单撤销完成: 1 成功 / 1 请求
2026-08-02 16:14:58,208 - ERROR - [py_clob_client_v2] request error: [SSL: UNEXPECTED_EOF_WHILE_READING] EOF occurred in violation of protocol (_ssl.c:1000)
2026-08-02 16:14:58,678 - ERROR - [HEARTBEAT] 失败 (连续 1 次): 401 Client Error: Unauthorized for url: https://clob.polymarket.com/v1/heartbeats
2026-08-02 16:15:00,517 - INFO - [SCREENER] 162 markets in 16.3s | yes:59 no:23 | next in 30s
2026-08-02 16:15:11,620 - ERROR - [BATCH CANCEL FAIL] 0x46599a2b5e40c87cbc... | order can't be found - already canceled or matched
2026-08-02 16:15:12,352 - ERROR - [BATCH CANCEL] 1028866880986432 取消结果不明，回退 RESTING 等 audit 确认 | oid=0x46599a2b5e40c87cbc
2026-08-02 16:15:28,135 - INFO - [SCREENER] 161 markets in 6.8s | yes:64 no:22 | next in 30s
2026-08-02 16:15:47,825 - INFO - 收到停止信号，优雅退出...
2026-08-02 16:15:48,646 - INFO - 开始优雅关闭...
2026-08-02 16:15:48,907 - INFO - [CANCEL ALL] 21 已取消 | 系统关闭
2026-08-02 16:15:48,913 - WARNING - [USER WS] close code=None reason=None
2026-08-02 16:15:50,685 - INFO - [HEARTBEAT] 已停止
2026-08-02 16:15:50,686 - INFO - ============================================================
系统已停止
============================================================
2026-08-02 16:15:50,686 - INFO - [WssBot] 停止市场WS...
2026-08-02 16:15:50,727 - WARNING - [MarketWS] 连接断开 code=None msg=None
2026-08-02 16:15:50,942 - INFO - [MarketWS] 已停止
2026-08-02 16:18:23,692 - INFO - ============================================================
2026-08-02 16:18:23,692 - INFO - Maker-only Guardian V7.0 启动
2026-08-02 16:18:23,692 - INFO - 地址: 0x304bf40e9e50c265f6dd86417707d5b41d8ea619 | 档: 2 | 量: 50 | 冷却: 120s | 心跳: 7.0s
2026-08-02 16:18:23,692 - INFO - 筛选器: keyword=temp top1=100 top2=500 top3=1200 existing=3000 rewards>=10
2026-08-02 16:18:23,692 - INFO - 实例: wss | midpoint=[0.10, 0.90]
2026-08-02 16:18:23,692 - INFO - ============================================================
2026-08-02 16:18:23,692 - INFO - [WssBot] 市场WS初始化完成 url=wss://ws-subscriptions-clob.polymarket.com/ws/market ping=10s reconnect=5s
2026-08-02 16:18:23,692 - INFO - [WssBot] 启动市场WS...
2026-08-02 16:18:23,696 - INFO - [MarketWS] 启动，URL=wss://ws-subscriptions-clob.polymarket.com/ws/market
2026-08-02 16:18:23,697 - INFO - [HEARTBEAT] 已启动 interval=7.0s
2026-08-02 16:18:31,181 - INFO - [SCREENER] 164 markets in 6.9s | yes:63 no:25 | next in 30s
2026-08-02 16:18:35,951 - ERROR - [py_clob_client_v2] request error: Server disconnected
2026-08-02 16:18:35,951 - ERROR - [py_clob_client_v2] request error: Server disconnected
2026-08-02 16:18:35,951 - ERROR - [PLACE FAIL] 4509625010772837... price=0.43 attempt=1/2 | PolyApiException[status_code=None, error_message=Request exception!]
2026-08-02 16:18:35,951 - ERROR - [PLACE FAIL] 3622096851593208... price=0.26 attempt=1/2 | PolyApiException[status_code=None, error_message=Request exception!]
2026-08-02 16:18:40,453 - INFO - 收到停止信号，优雅退出...
2026-08-02 16:18:41,217 - INFO - 开始优雅关闭...
2026-08-02 16:18:41,728 - INFO - [CANCEL ALL] 15 已取消 | 系统关闭
2026-08-02 16:18:44,765 - ERROR - [MarketWS] 错误: [WinError 10060] 由于连接方在一段时间后没有正确答复或连接的主机没有反应，连接尝试失败。
2026-08-02 16:18:44,765 - ERROR - [USER WS ERR] [WinError 10060] 由于连接方在一段时间后没有正确答复或连接的主机没有反应，连接尝试失败。
2026-08-02 16:18:44,766 - ERROR - [WinError 10060] 由于连接方在一段时间后没有正确答复或连接的主机没有反应，连接尝试失败。 - goodbye
2026-08-02 16:18:44,766 - ERROR - [WinError 10060] 由于连接方在一段时间后没有正确答复或连接的主机没有反应，连接尝试失败。 - goodbye
2026-08-02 16:18:44,767 - WARNING - [MarketWS] 连接断开 code=None msg=None
2026-08-02 16:18:44,767 - WARNING - [USER WS] close code=None reason=None
2026-08-02 16:18:44,767 - WARNING - [WssBot] 市场WS断线，立即取消全部挂单
2026-08-02 16:18:44,767 - ERROR - error from callback <bound method MarketWS._on_close of <wss.market_ws.MarketWS object at 0x000001D98CBDB650>>: cannot schedule new futures after shutdown
2026-08-02 16:18:44,767 - ERROR - [MarketWS] 错误: cannot schedule new futures after shutdown
2026-08-02 16:18:44,768 - INFO - [MarketWS] 5.0s 后重连...
2026-08-02 16:18:46,008 - INFO - [HEARTBEAT] 已停止
2026-08-02 16:18:46,009 - INFO - ============================================================
系统已停止
============================================================
2026-08-02 16:18:46,009 - INFO - [WssBot] 停止市场WS...
2026-08-02 16:18:46,009 - INFO - [MarketWS] 已停止
2026-08-02 16:57:31,547 - INFO - ============================================================
2026-08-02 16:57:31,547 - INFO - Maker-only Guardian V7.0 启动
2026-08-02 16:57:31,547 - INFO - 地址: 0x304bf40e9e50c265f6dd86417707d5b41d8ea619 | 档: 2 | 量: 50 | 冷却: 120s | 心跳: 7.0s
2026-08-02 16:57:31,547 - INFO - 筛选器: keyword=temp top1=100 top2=500 top3=1200 existing=3000 rewards>=10
2026-08-02 16:57:31,547 - INFO - 实例: wss | midpoint=[0.10, 0.90]
2026-08-02 16:57:31,547 - INFO - ============================================================
2026-08-02 16:57:31,547 - INFO - [WssBot] 市场WS初始化完成 url=wss://ws-subscriptions-clob.polymarket.com/ws/market ping=10s reconnect=5s
2026-08-02 16:57:31,547 - INFO - [WssBot] 启动市场WS...
2026-08-02 16:57:31,549 - INFO - [MarketWS] 启动，URL=wss://ws-subscriptions-clob.polymarket.com/ws/market
2026-08-02 16:57:31,551 - INFO - [HEARTBEAT] 已启动 interval=7.0s
2026-08-02 16:57:32,360 - INFO - [MarketWS] 已连接（暂无市场，等待动态订阅）
2026-08-02 16:57:42,617 - ERROR - [MarketWS] 错误: Connection to remote host was lost.
2026-08-02 16:57:42,618 - ERROR - Connection to remote host was lost. - goodbye
2026-08-02 16:57:42,618 - WARNING - [MarketWS] 连接断开 code=None msg=None
2026-08-02 16:57:42,619 - WARNING - [WssBot] 市场WS断线，立即取消全部挂单
2026-08-02 16:57:42,622 - INFO - [MarketWS] 5.0s 后重连...
2026-08-02 16:57:42,876 - INFO - [CANCEL ALL] 2 已取消 | 市场WS断线
2026-08-02 16:57:48,349 - INFO - [MarketWS] 已连接（暂无市场，等待动态订阅）
2026-08-02 16:57:48,349 - INFO - [WssBot] 市场WS重连成功，将在下一个tick同步订阅
2026-08-02 16:57:49,890 - INFO - [SCREENER] 157 markets in 17.7s | yes:53 no:22 | next in 30s
2026-08-02 16:58:07,933 - ERROR - [py_clob_client_v2] request error: Server disconnected
2026-08-02 16:58:07,934 - ERROR - [py_clob_client_v2] request error: Server disconnected
2026-08-02 16:58:07,934 - ERROR - [PLACE FAIL] 7577292901002434... price=0.31 attempt=1/2 | PolyApiException[status_code=None, error_message=Request exception!]
2026-08-02 16:58:07,934 - ERROR - [PLACE FAIL] 1124237724760108... price=0.59 attempt=1/2 | PolyApiException[status_code=None, error_message=Request exception!]
2026-08-02 16:58:18,379 - INFO - [SCREENER] 160 markets in 7.9s | yes:54 no:21 | next in 30s
2026-08-02 16:58:57,415 - INFO - [SCREENER] 158 markets in 8.0s | yes:57 no:20 | next in 30s
2026-08-02 16:59:46,321 - INFO - [SCREENER] 143 markets in 17.9s | yes:48 no:20 | next in 30s
2026-08-02 17:00:27,321 - INFO - [SCREENER] 141 markets in 12.9s | yes:44 no:18 | next in 30s
2026-08-02 17:00:37,872 - ERROR - [POLL] 批量查询异常: HTTPSConnectionPool(host='clob.polymarket.com', port=443): Read timed out. (read timeout=10)
2026-08-02 17:00:59,682 - INFO - [SCREENER] 136 markets in 11.8s | yes:45 no:18 | next in 30s
2026-08-02 17:01:32,165 - ERROR - [py_clob_client_v2] request error: _ssl.c:983: The handshake operation timed out
2026-08-02 17:01:32,280 - INFO - [SCREENER] 135 markets in 11.8s | yes:44 no:20 | next in 30s
2026-08-02 17:01:32,666 - ERROR - [HEARTBEAT] 失败 (连续 1 次): 401 Client Error: Unauthorized for url: https://clob.polymarket.com/v1/heartbeats
2026-08-02 17:02:00,800 - INFO - [SCREENER] 135 markets in 7.1s | yes:42 no:19 | next in 30s
2026-08-02 17:02:51,424 - INFO - [SCREENER] 137 markets in 27.4s | yes:41 no:17 | next in 30s
2026-08-02 17:03:14,245 - ERROR - [py_clob_client_v2] request error: _ssl.c:983: The handshake operation timed out
2026-08-02 17:03:19,757 - ERROR - [HEARTBEAT] 失败 (连续 1 次): 401 Client Error: Unauthorized for url: https://clob.polymarket.com/v1/heartbeats
2026-08-02 17:03:20,299 - INFO - [SCREENER] 144 markets in 17.8s | yes:41 no:16 | next in 30s
2026-08-02 17:03:31,702 - ERROR - [BATCH CANCEL FAIL] 0x133da4fea72c0aedde... | order can't be found - already canceled or matched
2026-08-02 17:03:32,443 - ERROR - [BATCH CANCEL] 9671289656064219 取消结果不明，回退 RESTING 等 audit 确认 | oid=0x133da4fea72c0aedde
2026-08-02 17:03:47,715 - ERROR - [py_clob_client_v2] request error: _ssl.c:983: The handshake operation timed out
2026-08-02 17:03:48,252 - ERROR - [HEARTBEAT] 失败 (连续 1 次): 401 Client Error: Unauthorized for url: https://clob.polymarket.com/v1/heartbeats
2026-08-02 17:03:53,735 - INFO - [SCREENER] 140 markets in 12.3s | yes:41 no:16 | next in 30s
2026-08-02 17:04:23,744 - ERROR - [py_clob_client_v2] request error: _ssl.c:983: The handshake operation timed out
2026-08-02 17:04:24,244 - ERROR - [HEARTBEAT] 失败 (连续 1 次): 401 Client Error: Unauthorized for url: https://clob.polymarket.com/v1/heartbeats
2026-08-02 17:04:26,770 - INFO - [SCREENER] 141 markets in 12.2s | yes:41 no:18 | next in 30s
2026-08-02 17:04:27,255 - WARNING - [AUDIT] 2459013383744652 订单丢失纠偏
2026-08-02 17:04:27,255 - WARNING - [AUDIT] 1534393558660108 订单丢失纠偏
2026-08-02 17:04:27,255 - WARNING - [AUDIT] 4529410503206012 订单丢失纠偏
2026-08-02 17:04:27,255 - WARNING - [AUDIT] 3627622925930383 订单丢失纠偏
2026-08-02 17:04:27,255 - WARNING - [AUDIT] 1040618414431990 订单丢失纠偏
2026-08-02 17:04:27,258 - WARNING - [AUDIT] 1736661309145607 订单丢失纠偏
2026-08-02 17:04:27,258 - WARNING - [AUDIT] 7354666106171593 订单丢失纠偏
2026-08-02 17:04:27,258 - WARNING - [AUDIT] 8592780208373999 订单丢失纠偏
2026-08-02 17:04:27,258 - WARNING - [AUDIT] 3000879618212814 订单丢失纠偏
2026-08-02 17:04:27,259 - WARNING - [AUDIT] 8343787669814337 订单丢失纠偏
2026-08-02 17:04:27,259 - WARNING - [AUDIT] 1222480355306977 订单丢失纠偏
2026-08-02 17:04:27,260 - WARNING - [AUDIT] 8871230353129604 订单丢失纠偏
2026-08-02 17:04:27,260 - WARNING - [AUDIT] 6274111350870599 订单丢失纠偏
2026-08-02 17:04:27,260 - WARNING - [AUDIT] 7577292901002434 订单丢失纠偏
2026-08-02 17:04:27,260 - WARNING - [AUDIT] 5349002683465848 订单丢失纠偏
2026-08-02 17:04:27,260 - WARNING - [AUDIT] 3238281976279847 订单丢失纠偏
2026-08-02 17:04:27,261 - WARNING - [AUDIT] 3622096851593208 订单丢失纠偏
2026-08-02 17:04:27,261 - WARNING - [AUDIT] 8539143659569996 订单丢失纠偏
2026-08-02 17:04:27,261 - WARNING - [AUDIT] 2258367011859007 订单丢失纠偏
2026-08-02 17:04:27,261 - WARNING - [AUDIT] 2434966322819098 订单丢失纠偏
2026-08-02 17:04:27,261 - WARNING - [AUDIT] 6514682511991858 订单丢失纠偏
2026-08-02 17:04:27,261 - WARNING - [AUDIT] 1650518114172737 订单丢失纠偏
2026-08-02 17:04:27,261 - WARNING - [AUDIT] 6306746792115750 订单丢失纠偏
2026-08-02 17:04:27,261 - WARNING - [AUDIT] 3387576696714131 订单丢失纠偏
2026-08-02 17:04:27,262 - WARNING - [AUDIT] 1341591797826463 订单丢失纠偏
2026-08-02 17:04:27,262 - WARNING - [AUDIT] 7624255093445185 订单丢失纠偏
2026-08-02 17:04:27,262 - WARNING - [AUDIT] 1436216773944936 订单丢失纠偏
2026-08-02 17:04:27,262 - WARNING - [AUDIT] 8545580155717339 订单丢失纠偏
2026-08-02 17:04:27,262 - WARNING - [AUDIT] 2951786020639466 订单丢失纠偏
2026-08-02 17:04:27,262 - WARNING - [AUDIT] 4241218821484315 订单丢失纠偏
2026-08-02 17:04:27,262 - WARNING - [AUDIT] 1123703612759290 订单丢失纠偏
2026-08-02 17:04:27,262 - WARNING - [AUDIT] 9892862992173509 订单丢失纠偏
2026-08-02 17:04:27,262 - WARNING - [AUDIT] 3152864535544610 订单丢失纠偏
2026-08-02 17:04:27,262 - WARNING - [AUDIT] 7218838016638313 订单丢失纠偏
2026-08-02 17:04:27,262 - WARNING - [AUDIT] 1131579682711421 订单丢失纠偏
2026-08-02 17:04:27,262 - WARNING - [AUDIT] 1156666774972145 订单丢失纠偏
2026-08-02 17:04:27,262 - WARNING - [AUDIT] 9982698555462911 订单丢失纠偏
2026-08-02 17:04:27,262 - WARNING - [AUDIT] 7235195536629389 订单丢失纠偏
2026-08-02 17:04:27,262 - WARNING - [AUDIT] 1965648286691718 订单丢失纠偏
2026-08-02 17:04:27,262 - WARNING - [AUDIT] 9237895826239872 订单丢失纠偏
2026-08-02 17:04:27,263 - WARNING - [AUDIT] 8228846311781475 订单丢失纠偏
2026-08-02 17:04:27,263 - WARNING - [AUDIT] 4609008681435171 订单丢失纠偏
2026-08-02 17:04:27,263 - WARNING - [AUDIT] 3393388919389587 订单丢失纠偏
2026-08-02 17:04:27,264 - WARNING - [AUDIT] 9732723494041693 订单丢失纠偏
2026-08-02 17:04:27,264 - WARNING - [AUDIT] 9417727545332384 订单丢失纠偏
2026-08-02 17:04:27,264 - WARNING - [AUDIT] 6622122084320540 订单丢失纠偏
2026-08-02 17:04:27,264 - WARNING - [AUDIT] 6780172861198093 订单丢失纠偏
2026-08-02 17:04:27,264 - WARNING - [AUDIT] 5278531042861990 订单丢失纠偏
2026-08-02 17:04:27,264 - WARNING - [AUDIT] 1016861883670799 订单丢失纠偏
2026-08-02 17:04:27,264 - WARNING - [AUDIT] 1075075528602313 订单丢失纠偏
2026-08-02 17:04:27,264 - WARNING - [AUDIT] 6729075146352657 订单丢失纠偏
2026-08-02 17:05:07,169 - INFO - [SCREENER] 145 markets in 18.0s | yes:44 no:17 | next in 30s
2026-08-02 17:05:29,609 - ERROR - [py_clob_client_v2] request error: _ssl.c:983: The handshake operation timed out
2026-08-02 17:05:30,138 - ERROR - [HEARTBEAT] 失败 (连续 1 次): 401 Client Error: Unauthorized for url: https://clob.polymarket.com/v1/heartbeats
2026-08-02 17:05:36,012 - ERROR - [py_clob_client_v2] request error: _ssl.c:983: The handshake operation timed out
2026-08-02 17:05:36,013 - ERROR - [PLACE FAIL] 2945766980936116... price=0.35 attempt=1/2 | PolyApiException[status_code=None, error_message=Request exception!]
2026-08-02 17:05:41,596 - ERROR - [py_clob_client_v2] request error: _ssl.c:983: The handshake operation timed out
2026-08-02 17:05:41,596 - ERROR - [PLACE FAIL] 1072612513038138... price=0.23 attempt=1/2 | PolyApiException[status_code=None, error_message=Request exception!]
2026-08-02 17:05:46,619 - ERROR - [py_clob_client_v2] request error: _ssl.c:983: The handshake operation timed out
2026-08-02 17:05:46,620 - ERROR - [PLACE FAIL] 2945766980936116... price=0.35 attempt=2/2 | PolyApiException[status_code=None, error_message=Request exception!]
2026-08-02 17:05:50,877 - INFO - [SCREENER] 151 markets in 17.9s | yes:46 no:17 | next in 30s
2026-08-02 17:05:51,691 - ERROR - [PLACE FAIL] 2945766980936116 price=0.35
2026-08-02 17:06:39,487 - INFO - [SCREENER] 149 markets in 27.8s | yes:47 no:15 | next in 30s
2026-08-02 17:06:41,290 - ERROR - [py_clob_client_v2] request error: Server disconnected
2026-08-02 17:06:41,290 - ERROR - [py_clob_client_v2] request error: Server disconnected
2026-08-02 17:06:41,290 - ERROR - 获取订单簿失败: 72188380166383134138... | PolyApiException[status_code=None, error_message=Request exception!]
2026-08-02 17:06:41,291 - ERROR - 获取订单簿失败: 85455801557173391489... | PolyApiException[status_code=None, error_message=Request exception!]
2026-08-02 17:06:41,291 - ERROR - [py_clob_client_v2] request error: Server disconnected
2026-08-02 17:06:41,292 - ERROR - [py_clob_client_v2] request error: Server disconnected
2026-08-02 17:06:41,293 - ERROR - [py_clob_client_v2] request error: Server disconnected
2026-08-02 17:06:41,293 - ERROR - 获取订单簿失败: 11315796827114212726... | PolyApiException[status_code=None, error_message=Request exception!]
2026-08-02 17:06:41,293 - ERROR - [py_clob_client_v2] request error: Server disconnected
2026-08-02 17:06:41,293 - ERROR - 获取订单簿失败: 11566667749721451560... | PolyApiException[status_code=None, error_message=Request exception!]
2026-08-02 17:06:41,294 - ERROR - 获取订单簿失败: 31528645355446108975... | PolyApiException[status_code=None, error_message=Request exception!]
2026-08-02 17:06:41,294 - ERROR - 获取订单簿失败: 99826985554629117321... | PolyApiException[status_code=None, error_message=Request exception!]
2026-08-02 17:06:41,306 - WARNING - [RETRY] 8545580155717339 bids不足2档，10s后重试
2026-08-02 17:06:41,306 - WARNING - [RETRY] 3152864535544610 bids不足2档，10s后重试
2026-08-02 17:06:41,306 - WARNING - [RETRY] 7218838016638313 bids不足2档，10s后重试
2026-08-02 17:06:41,307 - WARNING - [RETRY] 1131579682711421 bids不足2档，10s后重试
2026-08-02 17:06:41,307 - WARNING - [RETRY] 1156666774972145 bids不足2档，10s后重试
2026-08-02 17:06:41,307 - WARNING - [RETRY] 9982698555462911 bids不足2档，10s后重试
2026-08-02 17:06:47,735 - ERROR - [py_clob_client_v2] request error: Server disconnected
2026-08-02 17:06:47,738 - ERROR - [py_clob_client_v2] request error: Server disconnected
2026-08-02 17:06:47,738 - ERROR - [PLACE FAIL] 9237895826239872... price=0.53 attempt=1/2 | PolyApiException[status_code=None, error_message=Request exception!]
2026-08-02 17:06:47,738 - ERROR - 获取订单簿失败: 85113291919639547813... | PolyApiException[status_code=None, error_message=Request exception!]
2026-08-02 17:06:48,310 - WARNING - [RETRY] 8511329191963954 bids不足2档，10s后重试
2026-08-02 17:06:58,892 - INFO - 收到停止信号，优雅退出...
2026-08-02 17:07:12,314 - INFO - [SCREENER] 151 markets in 22.0s | yes:47 no:18 | next in 30s
2026-08-02 17:07:13,627 - ERROR - [BATCH CANCEL FAIL] 0x69db9d9243b4a23f3b... | order can't be found - already canceled or matched
2026-08-02 17:07:19,173 - WARNING - [AUDIT] 1265034593328029 订单丢失纠偏
2026-08-02 17:07:19,173 - WARNING - [AUDIT] 8894849160638811 订单丢失纠偏
2026-08-02 17:07:19,173 - WARNING - [AUDIT] 5267541647827808 订单丢失纠偏
2026-08-02 17:07:20,663 - INFO - 开始优雅关闭...
2026-08-02 17:07:20,937 - INFO - [CANCEL ALL] 45 已取消 | 系统关闭
2026-08-02 17:07:21,129 - WARNING - [USER WS] close code=None reason=None
2026-08-02 17:07:26,195 - INFO - [HEARTBEAT] 已停止
2026-08-02 17:07:26,195 - INFO - ============================================================
系统已停止
============================================================
2026-08-02 17:07:26,196 - INFO - [WssBot] 停止市场WS...
2026-08-02 17:07:26,238 - WARNING - [MarketWS] 连接断开 code=None msg=None
2026-08-02 17:07:26,442 - INFO - [MarketWS] 已停止
2026-08-02 17:47:25,427 - INFO - ============================================================
2026-08-02 17:47:25,427 - INFO - Maker-only Guardian V7.0 启动
2026-08-02 17:47:25,427 - INFO - 地址: 0x304bf40e9e50c265f6dd86417707d5b41d8ea619 | 档: 2 | 量: 50 | 冷却: 120s | 心跳: 7.0s
2026-08-02 17:47:25,427 - INFO - 筛选器: keyword=temp top1=100 top2=500 top3=1200 existing=3000 rewards>=10
2026-08-02 17:47:25,427 - INFO - 实例: wss | midpoint=[0.10, 0.90]
2026-08-02 17:47:25,427 - INFO - ============================================================
2026-08-02 17:47:25,427 - INFO - [WssBot] 市场WS初始化完成 url=wss://ws-subscriptions-clob.polymarket.com/ws/market ping=10s reconnect=5s
2026-08-02 17:47:25,429 - INFO - [WssBot] 启动市场WS...
2026-08-02 17:47:25,429 - INFO - [MarketWS] 启动，URL=wss://ws-subscriptions-clob.polymarket.com/ws/market
2026-08-02 17:47:25,430 - INFO - [HEARTBEAT] 已启动 interval=7.0s
2026-08-02 17:47:30,438 - ERROR - [MarketWS] 错误: [SSL: UNEXPECTED_EOF_WHILE_READING] EOF occurred in violation of protocol (_ssl.c:1000)
2026-08-02 17:47:30,438 - ERROR - [SSL: UNEXPECTED_EOF_WHILE_READING] EOF occurred in violation of protocol (_ssl.c:1000) - goodbye
2026-08-02 17:47:30,438 - WARNING - [MarketWS] 连接断开 code=None msg=None
2026-08-02 17:47:30,439 - WARNING - [WssBot] 市场WS断线，立即取消全部挂单
2026-08-02 17:47:30,440 - INFO - [MarketWS] 5.0s 后重连...
2026-08-02 17:47:30,695 - INFO - [CANCEL ALL] 0 已取消 | 市场WS断线
2026-08-02 17:47:32,580 - INFO - [SCREENER] 158 markets in 6.6s | yes:52 no:25 | next in 30s
2026-08-02 17:47:36,160 - INFO - [MarketWS] 已连接，订阅 77 个市场
2026-08-02 17:47:47,621 - ERROR - [POLL] 批量查询异常: HTTPSConnectionPool(host='clob.polymarket.com', port=443): Max retries exceeded with url: /books (Caused by SSLError(SSLEOFError(8, '[SSL: UNEXPECTED_EOF_WHILE_READING] EOF occurred in violation of protocol (_ssl.c:1000)')))
2026-08-02 17:48:05,801 - INFO - 收到停止信号，优雅退出...
2026-08-02 17:48:22,174 - ERROR - [py_clob_client_v2] request error: [SSL: UNEXPECTED_EOF_WHILE_READING] EOF occurred in violation of protocol (_ssl.c:1000)
2026-08-02 17:48:22,776 - ERROR - [HEARTBEAT] 失败 (连续 1 次): 401 Client Error: Unauthorized for url: https://clob.polymarket.com/v1/heartbeats
2026-08-02 17:48:25,808 - INFO - [SCREENER] 159 markets in 28.2s | yes:57 no:27 | next in 30s
2026-08-02 17:48:26,814 - INFO - 开始优雅关闭...
2026-08-02 17:48:27,289 - INFO - [CANCEL ALL] 48 已取消 | 系统关闭
2026-08-02 17:48:27,324 - WARNING - [USER WS] close code=None reason=None
2026-08-02 17:48:31,261 - INFO - [HEARTBEAT] 已停止
2026-08-02 17:48:31,262 - INFO - ============================================================
系统已停止
============================================================
2026-08-02 17:48:31,262 - INFO - [WssBot] 停止市场WS...
2026-08-02 17:48:31,322 - WARNING - [MarketWS] 连接断开 code=None msg=None
2026-08-02 17:48:31,507 - INFO - [MarketWS] 已停止
2026-08-02 19:03:54,760 - INFO - ============================================================
2026-08-02 19:03:54,760 - INFO - Maker-only Guardian V7.0 启动
2026-08-02 19:03:54,760 - INFO - 地址: 0x304bf40e9e50c265f6dd86417707d5b41d8ea619 | 档: 2 | 量: 50 | 冷却: 120s | 心跳: 7.0s
2026-08-02 19:03:54,760 - INFO - 筛选器: keyword=temp top1=100 top2=500 top3=1200 existing=3000 rewards>=10
2026-08-02 19:03:54,760 - INFO - 实例: wss | midpoint=[0.10, 0.90]
2026-08-02 19:03:54,760 - INFO - ============================================================
2026-08-02 19:03:54,762 - INFO - [WssBot] 市场WS初始化完成 url=wss://ws-subscriptions-clob.polymarket.com/ws/market ping=10s reconnect=5s
2026-08-02 19:03:54,762 - INFO - [WssBot] 启动市场WS...
2026-08-02 19:03:54,762 - INFO - [MarketWS] 启动，URL=wss://ws-subscriptions-clob.polymarket.com/ws/market
2026-08-02 19:03:54,762 - INFO - [HEARTBEAT] 已启动 interval=7.0s
2026-08-02 19:03:55,474 - INFO - [MarketWS] 已连接（暂无市场，等待动态订阅）
2026-08-02 19:04:05,785 - ERROR - [MarketWS] 错误: Connection to remote host was lost.
2026-08-02 19:04:05,785 - ERROR - Connection to remote host was lost. - goodbye
2026-08-02 19:04:05,785 - WARNING - [MarketWS] 连接断开 code=None msg=None
2026-08-02 19:04:05,786 - WARNING - [WssBot] 市场WS断线，立即取消全部挂单
2026-08-02 19:04:05,787 - INFO - [MarketWS] 5.0s 后重连...
2026-08-02 19:04:06,031 - INFO - [CANCEL ALL] 2 已取消 | 市场WS断线
2026-08-02 19:04:11,487 - INFO - [MarketWS] 已连接（暂无市场，等待动态订阅）
2026-08-02 19:04:11,488 - INFO - [WssBot] 市场WS重连成功，将在下一个tick同步订阅
2026-08-02 19:04:16,882 - INFO - [SCREENER] 141 markets in 21.6s | yes:52 no:19 | next in 30s
2026-08-02 19:04:40,693 - INFO - [SCREENER] 142 markets in 13.8s | yes:51 no:19 | next in 30s
2026-08-02 19:05:16,331 - INFO - [SCREENER] 145 markets in 14.8s | yes:53 no:15 | next in 30s
2026-08-02 19:05:52,134 - INFO - [SCREENER] 145 markets in 14.7s | yes:52 no:15 | next in 30s
2026-08-02 19:06:08,599 - ERROR - [AUDIT] 批量查询 best_bid 失败: HTTPSConnectionPool(host='clob.polymarket.com', port=443): Max retries exceeded with url: /books (Caused by SSLError(SSLEOFError(8, '[SSL: UNEXPECTED_EOF_WHILE_READING] EOF occurred in violation of protocol (_ssl.c:1000)')))
2026-08-02 19:06:14,229 - ERROR - [POSITION] 批量查询 best_ask 失败: HTTPSConnectionPool(host='clob.polymarket.com', port=443): Max retries exceeded with url: /books (Caused by SSLError(SSLEOFError(8, '[SSL: UNEXPECTED_EOF_WHILE_READING] EOF occurred in violation of protocol (_ssl.c:1000)')))
2026-08-02 19:06:53,712 - INFO - [SCREENER] 145 markets in 29.0s | yes:53 no:22 | next in 30s
2026-08-02 19:07:18,833 - ERROR - [py_clob_client_v2] request error: [SSL: UNEXPECTED_EOF_WHILE_READING] EOF occurred in violation of protocol (_ssl.c:1000)
2026-08-02 19:07:19,061 - INFO - [SCREENER] 148 markets in 14.3s | yes:53 no:19 | next in 30s
2026-08-02 19:07:19,340 - ERROR - [HEARTBEAT] 失败 (连续 1 次): 401 Client Error: Unauthorized for url: https://clob.polymarket.com/v1/heartbeats
2026-08-02 19:08:17,454 - INFO - [SCREENER] 153 markets in 37.2s | yes:48 no:21 | next in 30s
2026-08-02 19:08:31,998 - ERROR - [py_clob_client_v2] request error: [SSL: UNEXPECTED_EOF_WHILE_READING] EOF occurred in violation of protocol (_ssl.c:1000)
2026-08-02 19:08:32,480 - ERROR - [HEARTBEAT] 失败 (连续 1 次): 401 Client Error: Unauthorized for url: https://clob.polymarket.com/v1/heartbeats
2026-08-02 19:08:37,004 - ERROR - [py_clob_client_v2] request error: [SSL: UNEXPECTED_EOF_WHILE_READING] EOF occurred in violation of protocol (_ssl.c:1000)
2026-08-02 19:08:37,004 - ERROR - 获取订单簿失败: 58841918225996058833... | PolyApiException[status_code=None, error_message=Request exception!]
2026-08-02 19:08:43,458 - INFO - [SCREENER] 159 markets in 15.1s | yes:59 no:31 | next in 30s
2026-08-02 19:08:43,944 - WARNING - [AUDIT] 1131579682711421 订单丢失纠偏
2026-08-02 19:08:43,944 - WARNING - [AUDIT] 1199614361642263 订单丢失纠偏
2026-08-02 19:08:43,944 - WARNING - [AUDIT] 9501757637611817 订单丢失纠偏
2026-08-02 19:08:43,944 - WARNING - [AUDIT] 8266054831689190 订单丢失纠偏
2026-08-02 19:08:43,945 - WARNING - [AUDIT] 1341591797826463 订单丢失纠偏
2026-08-02 19:08:43,945 - WARNING - [AUDIT] 9732723494041693 订单丢失纠偏
2026-08-02 19:08:43,945 - WARNING - [AUDIT] 1068161458391412 订单丢失纠偏
2026-08-02 19:08:43,945 - WARNING - [AUDIT] 7354666106171593 订单丢失纠偏
2026-08-02 19:08:43,945 - WARNING - [AUDIT] 9982698555462911 订单丢失纠偏
2026-08-02 19:08:43,945 - WARNING - [AUDIT] 1222480355306977 订单丢失纠偏
2026-08-02 19:08:43,946 - WARNING - [AUDIT] 5677741241944891 订单丢失纠偏
2026-08-02 19:08:43,946 - WARNING - [AUDIT] 7179921193786318 订单丢失纠偏
2026-08-02 19:08:43,946 - WARNING - [AUDIT] 1049846528060497 订单丢失纠偏
2026-08-02 19:08:43,946 - WARNING - [AUDIT] 4529410503206012 订单丢失纠偏
2026-08-02 19:08:43,946 - WARNING - [AUDIT] 7624255093445185 订单丢失纠偏
2026-08-02 19:08:43,947 - WARNING - [AUDIT] 8871230353129604 订单丢失纠偏
2026-08-02 19:08:43,947 - WARNING - [AUDIT] 3152864535544610 订单丢失纠偏
2026-08-02 19:08:43,947 - WARNING - [AUDIT] 2504049173922608 订单丢失纠偏
2026-08-02 19:08:43,947 - WARNING - [AUDIT] 8062130920515222 订单丢失纠偏
2026-08-02 19:08:43,947 - WARNING - [AUDIT] 6264442192607507 订单丢失纠偏
2026-08-02 19:08:43,947 - WARNING - [AUDIT] 4241218821484315 订单丢失纠偏
2026-08-02 19:08:43,947 - WARNING - [AUDIT] 3680780756123564 订单丢失纠偏
2026-08-02 19:08:43,947 - WARNING - [AUDIT] 9764971007473861 订单丢失纠偏
2026-08-02 19:08:43,947 - WARNING - [AUDIT] 1030437601221276 订单丢失纠偏
2026-08-02 19:08:43,948 - WARNING - [AUDIT] 1982672466101146 订单丢失纠偏
2026-08-02 19:08:43,948 - WARNING - [AUDIT] 2754819220023754 订单丢失纠偏
2026-08-02 19:08:43,948 - WARNING - [AUDIT] 8592780208373999 订单丢失纠偏
2026-08-02 19:08:43,948 - WARNING - [AUDIT] 6561068311843790 订单丢失纠偏
2026-08-02 19:08:43,948 - WARNING - [AUDIT] 1032006299324973 订单丢失纠偏
2026-08-02 19:08:43,948 - WARNING - [AUDIT] 3000879618212814 订单丢失纠偏
2026-08-02 19:08:43,948 - WARNING - [AUDIT] 7449362386332492 订单丢失纠偏
2026-08-02 19:08:43,948 - WARNING - [AUDIT] 4386908719001780 订单丢失纠偏
2026-08-02 19:08:43,948 - WARNING - [AUDIT] 6622122084320540 订单丢失纠偏
2026-08-02 19:08:43,948 - WARNING - [AUDIT] 8894849160638811 订单丢失纠偏
2026-08-02 19:08:43,949 - WARNING - [AUDIT] 3238281976279847 订单丢失纠偏
2026-08-02 19:08:43,949 - WARNING - [AUDIT] 3622096851593208 订单丢失纠偏
2026-08-02 19:08:43,949 - WARNING - [AUDIT] 2434966322819098 订单丢失纠偏
2026-08-02 19:08:43,949 - WARNING - [AUDIT] 6780172861198093 订单丢失纠偏
2026-08-02 19:08:43,949 - WARNING - [AUDIT] 6050404526417288 订单丢失纠偏
2026-08-02 19:08:43,949 - WARNING - [AUDIT] 2848403813561249 订单丢失纠偏
2026-08-02 19:08:43,949 - WARNING - [AUDIT] 5278531042861990 订单丢失纠偏
2026-08-02 19:08:43,949 - WARNING - [AUDIT] 1040618414431990 订单丢失纠偏
2026-08-02 19:08:43,949 - WARNING - [AUDIT] 8545580155717339 订单丢失纠偏
2026-08-02 19:08:43,950 - WARNING - [AUDIT] 8228846311781475 订单丢失纠偏
2026-08-02 19:08:43,950 - WARNING - [AUDIT] 2945766980936116 订单丢失纠偏
2026-08-02 19:08:43,950 - WARNING - [AUDIT] 3387576696714131 订单丢失纠偏
2026-08-02 19:08:43,950 - WARNING - [AUDIT] 1100324030314739 订单丢失纠偏
2026-08-02 19:08:43,950 - WARNING - [AUDIT] 4944107666152638 订单丢失纠偏
2026-08-02 19:08:43,950 - WARNING - [AUDIT] 1313695639914136 订单丢失纠偏
2026-08-02 19:08:43,950 - WARNING - [AUDIT] 1090889566703495 订单丢失纠偏
2026-08-02 19:08:43,950 - WARNING - [AUDIT] 8575432606338656 订单丢失纠偏
2026-08-02 19:08:43,950 - WARNING - [AUDIT] 5267541647827808 订单丢失纠偏
2026-08-02 19:08:43,950 - WARNING - [AUDIT] 7994415301706124 订单丢失纠偏
2026-08-02 19:08:43,950 - WARNING - [AUDIT] 7235195536629389 订单丢失纠偏
2026-08-02 19:08:43,950 - WARNING - [AUDIT] 8343787669814337 订单丢失纠偏
2026-08-02 19:08:43,951 - WARNING - [AUDIT] 4023752716982849 订单丢失纠偏
2026-08-02 19:08:43,951 - WARNING - [AUDIT] 7151019277269422 订单丢失纠偏
2026-08-02 19:08:43,951 - WARNING - [AUDIT] 9923825575211402 订单丢失纠偏
2026-08-02 19:08:43,951 - WARNING - [AUDIT] 7027993610679283 订单丢失纠偏
2026-08-02 19:08:43,951 - WARNING - [AUDIT] 1035709715783527 订单丢失纠偏
2026-08-02 19:08:43,951 - WARNING - [AUDIT] 9078180853042629 订单丢失纠偏
2026-08-02 19:08:45,371 - WARNING - [RETRY] 5884191822599605 bids不足2档，10s后重试
2026-08-02 19:09:26,734 - INFO - [SCREENER] 170 markets in 20.7s | yes:58 no:33 | next in 30s
2026-08-02 19:09:29,205 - ERROR - [py_clob_client_v2] request error: Server disconnected
2026-08-02 19:09:29,206 - ERROR - [py_clob_client_v2] request error: Server disconnected
2026-08-02 19:09:29,206 - ERROR - [PLACE FAIL] 6693472666630221... price=0.24 attempt=1/2 | PolyApiException[status_code=None, error_message=Request exception!]
2026-08-02 19:09:29,206 - ERROR - [PLACE FAIL] 8511329191963954... price=0.51 attempt=1/2 | PolyApiException[status_code=None, error_message=Request exception!]
2026-08-02 19:10:13,988 - INFO - [SCREENER] 170 markets in 36.4s | yes:61 no:31 | next in 30s
2026-08-02 19:10:39,254 - INFO - [SCREENER] 168 markets in 14.3s | yes:61 no:33 | next in 30s
2026-08-02 19:10:55,790 - ERROR - [AUDIT] 批量查询 best_bid 失败: HTTPSConnectionPool(host='clob.polymarket.com', port=443): Max retries exceeded with url: /books (Caused by SSLError(SSLEOFError(8, '[SSL: UNEXPECTED_EOF_WHILE_READING] EOF occurred in violation of protocol (_ssl.c:1000)')))
2026-08-02 19:11:21,166 - INFO - [SCREENER] 167 markets in 13.7s | yes:60 no:34 | next in 30s
2026-08-02 19:11:21,373 - ERROR - [py_clob_client_v2] request error: [SSL: UNEXPECTED_EOF_WHILE_READING] EOF occurred in violation of protocol (_ssl.c:1000)
2026-08-02 19:11:21,877 - ERROR - [HEARTBEAT] 失败 (连续 1 次): 401 Client Error: Unauthorized for url: https://clob.polymarket.com/v1/heartbeats
2026-08-02 19:11:26,569 - ERROR - [py_clob_client_v2] request error: [SSL: UNEXPECTED_EOF_WHILE_READING] EOF occurred in violation of protocol (_ssl.c:1000)
2026-08-02 19:11:26,570 - ERROR - [CANCEL FAIL] 0xf6787bbb49695efe30... | PolyApiException[status_code=None, error_message=Request exception!]
2026-08-02 19:11:27,517 - ERROR - [CANCEL FAIL] 0xf6787bbb49695efe30 订单仍存活在交易所！保持 RESTING
2026-08-02 19:11:49,367 - INFO - [SCREENER] 169 markets in 6.8s | yes:59 no:34 | next in 30s
2026-08-02 19:12:04,827 - ERROR - [POLL] 批量查询异常: HTTPSConnectionPool(host='clob.polymarket.com', port=443): Max retries exceeded with url: /books (Caused by SSLError(SSLEOFError(8, '[SSL: UNEXPECTED_EOF_WHILE_READING] EOF occurred in violation of protocol (_ssl.c:1000)')))
2026-08-02 19:12:08,872 - ERROR - [py_clob_client_v2] request error: [SSL: UNEXPECTED_EOF_WHILE_READING] EOF occurred in violation of protocol (_ssl.c:1000)
2026-08-02 19:12:09,348 - ERROR - [HEARTBEAT] 失败 (连续 1 次): 401 Client Error: Unauthorized for url: https://clob.polymarket.com/v1/heartbeats
2026-08-02 19:12:45,221 - INFO - [SCREENER] 155 markets in 30.4s | yes:59 no:30 | next in 30s
2026-08-02 19:12:48,287 - ERROR - [BATCH CANCEL FAIL] 0xf6787bbb49695efe30... | order can't be found - already canceled or matched
2026-08-02 19:12:49,012 - ERROR - [BATCH CANCEL] 1340570479457880 取消结果不明，回退 RESTING 等 audit 确认 | oid=0xf6787bbb49695efe30
2026-08-02 19:13:04,259 - INFO - 收到停止信号，优雅退出...
2026-08-02 19:13:16,824 - INFO - [SCREENER] 154 markets in 20.8s | yes:57 no:30 | next in 30s
2026-08-02 19:13:18,586 - ERROR - [BATCH CANCEL FAIL] 0x56b700be9c2a065624... | order can't be found - already canceled or matched
2026-08-02 19:13:19,047 - WARNING - [AUDIT] 1199614361642263 订单丢失纠偏
2026-08-02 19:13:19,048 - WARNING - [AUDIT] 9501757637611817 订单丢失纠偏
2026-08-02 19:13:19,048 - WARNING - [AUDIT] 8266054831689190 订单丢失纠偏
2026-08-02 19:13:19,048 - WARNING - [AUDIT] 1341591797826463 订单丢失纠偏
2026-08-02 19:13:19,048 - WARNING - [AUDIT] 9732723494041693 订单丢失纠偏
2026-08-02 19:13:19,049 - WARNING - [AUDIT] 1068161458391412 订单丢失纠偏
2026-08-02 19:13:19,049 - WARNING - [AUDIT] 1222480355306977 订单丢失纠偏
2026-08-02 19:13:19,049 - WARNING - [AUDIT] 5677741241944891 订单丢失纠偏
2026-08-02 19:13:19,049 - WARNING - [AUDIT] 7179921193786318 订单丢失纠偏
2026-08-02 19:13:19,049 - WARNING - [AUDIT] 1049846528060497 订单丢失纠偏
2026-08-02 19:13:19,049 - WARNING - [AUDIT] 7624255093445185 订单丢失纠偏
2026-08-02 19:13:19,049 - WARNING - [AUDIT] 8871230353129604 订单丢失纠偏
2026-08-02 19:13:19,049 - WARNING - [AUDIT] 3152864535544610 订单丢失纠偏
2026-08-02 19:13:19,050 - WARNING - [AUDIT] 2504049173922608 订单丢失纠偏
2026-08-02 19:13:19,050 - WARNING - [AUDIT] 8062130920515222 订单丢失纠偏
2026-08-02 19:13:19,050 - WARNING - [AUDIT] 4241218821484315 订单丢失纠偏
2026-08-02 19:13:19,050 - WARNING - [AUDIT] 3680780756123564 订单丢失纠偏
2026-08-02 19:13:19,050 - WARNING - [AUDIT] 9764971007473861 订单丢失纠偏
2026-08-02 19:13:19,050 - WARNING - [AUDIT] 1030437601221276 订单丢失纠偏
2026-08-02 19:13:19,050 - WARNING - [AUDIT] 1982672466101146 订单丢失纠偏
2026-08-02 19:13:19,050 - WARNING - [AUDIT] 2754819220023754 订单丢失纠偏
2026-08-02 19:13:19,050 - WARNING - [AUDIT] 8592780208373999 订单丢失纠偏
2026-08-02 19:13:19,050 - WARNING - [AUDIT] 6561068311843790 订单丢失纠偏
2026-08-02 19:13:19,050 - WARNING - [AUDIT] 1032006299324973 订单丢失纠偏
2026-08-02 19:13:19,051 - WARNING - [AUDIT] 3000879618212814 订单丢失纠偏
2026-08-02 19:13:19,051 - WARNING - [AUDIT] 7449362386332492 订单丢失纠偏
2026-08-02 19:13:19,051 - WARNING - [AUDIT] 4386908719001780 订单丢失纠偏
2026-08-02 19:13:19,051 - WARNING - [AUDIT] 6622122084320540 订单丢失纠偏
2026-08-02 19:13:19,051 - WARNING - [AUDIT] 8894849160638811 订单丢失纠偏
2026-08-02 19:13:19,051 - WARNING - [AUDIT] 3238281976279847 订单丢失纠偏
2026-08-02 19:13:19,051 - WARNING - [AUDIT] 2434966322819098 订单丢失纠偏
2026-08-02 19:13:19,051 - WARNING - [AUDIT] 6780172861198093 订单丢失纠偏
2026-08-02 19:13:19,051 - WARNING - [AUDIT] 6050404526417288 订单丢失纠偏
2026-08-02 19:13:19,051 - WARNING - [AUDIT] 2848403813561249 订单丢失纠偏
2026-08-02 19:13:19,051 - WARNING - [AUDIT] 1040618414431990 订单丢失纠偏
2026-08-02 19:13:19,051 - WARNING - [AUDIT] 8545580155717339 订单丢失纠偏
2026-08-02 19:13:19,051 - WARNING - [AUDIT] 2945766980936116 订单丢失纠偏
2026-08-02 19:13:19,051 - WARNING - [AUDIT] 3387576696714131 订单丢失纠偏
2026-08-02 19:13:19,052 - WARNING - [AUDIT] 1100324030314739 订单丢失纠偏
2026-08-02 19:13:19,052 - WARNING - [AUDIT] 4944107666152638 订单丢失纠偏
2026-08-02 19:13:19,052 - WARNING - [AUDIT] 1313695639914136 订单丢失纠偏
2026-08-02 19:13:19,052 - WARNING - [AUDIT] 8575432606338656 订单丢失纠偏
2026-08-02 19:13:19,052 - WARNING - [AUDIT] 5267541647827808 订单丢失纠偏
2026-08-02 19:13:19,052 - WARNING - [AUDIT] 7994415301706124 订单丢失纠偏
2026-08-02 19:13:19,052 - WARNING - [AUDIT] 7235195536629389 订单丢失纠偏
2026-08-02 19:13:19,052 - WARNING - [AUDIT] 4023752716982849 订单丢失纠偏
2026-08-02 19:13:19,052 - WARNING - [AUDIT] 7151019277269422 订单丢失纠偏
2026-08-02 19:13:19,052 - WARNING - [AUDIT] 7027993610679283 订单丢失纠偏
2026-08-02 19:13:19,052 - WARNING - [AUDIT] 1035709715783527 订单丢失纠偏
2026-08-02 19:13:19,052 - WARNING - [AUDIT] 6481003326073671 订单丢失纠偏
2026-08-02 19:13:19,052 - WARNING - [AUDIT] 1943873593346624 订单丢失纠偏
2026-08-02 19:13:19,052 - WARNING - [AUDIT] 9850982701736726 订单丢失纠偏
2026-08-02 19:13:19,052 - WARNING - [AUDIT] 1955986299766403 订单丢失纠偏
2026-08-02 19:13:19,053 - WARNING - [AUDIT] 2852714132655737 订单丢失纠偏
2026-08-02 19:13:19,053 - WARNING - [AUDIT] 8511329191963954 订单丢失纠偏
2026-08-02 19:13:19,053 - WARNING - [AUDIT] 3053279700123510 订单丢失纠偏
2026-08-02 19:13:19,053 - WARNING - [AUDIT] 3678275121283001 订单丢失纠偏
2026-08-02 19:13:19,053 - WARNING - [AUDIT] 1102381826783590 订单丢失纠偏
2026-08-02 19:13:19,053 - WARNING - [AUDIT] 1130925862264848 订单丢失纠偏
2026-08-02 19:13:19,053 - WARNING - [AUDIT] 7908511800638556 订单丢失纠偏
2026-08-02 19:13:19,054 - WARNING - [AUDIT] 6514682511991858 订单丢失纠偏
2026-08-02 19:13:19,054 - WARNING - [AUDIT] 2729189128146958 订单丢失纠偏
2026-08-02 19:13:19,054 - WARNING - [AUDIT] 2290230363553847 订单丢失纠偏
2026-08-02 19:13:19,054 - WARNING - [AUDIT] 1040070068925496 订单丢失纠偏
2026-08-02 19:13:19,054 - WARNING - [AUDIT] 2626449346138051 订单丢失纠偏
2026-08-02 19:13:19,054 - WARNING - [AUDIT] 5884191822599605 订单丢失纠偏
2026-08-02 19:13:19,054 - WARNING - [AUDIT] 1340570479457880 订单丢失纠偏
2026-08-02 19:13:19,054 - WARNING - [AUDIT] 9982698555462911 订单丢失纠偏
2026-08-02 19:13:19,054 - WARNING - [AUDIT] 4529410503206012 订单丢失纠偏
2026-08-02 19:13:19,054 - WARNING - [AUDIT] 5117769243122821 订单丢失纠偏
2026-08-02 19:13:19,054 - WARNING - [AUDIT] 6010928584606899 订单丢失纠偏
2026-08-02 19:13:19,054 - WARNING - [AUDIT] 9923825575211402 订单丢失纠偏
2026-08-02 19:13:20,416 - INFO - 开始优雅关闭...
2026-08-02 19:13:20,690 - INFO - [CANCEL ALL] 4 已取消 | 系统关闭
2026-08-02 19:13:20,939 - WARNING - [USER WS] close code=None reason=None
2026-08-02 19:13:24,677 - INFO - [HEARTBEAT] 已停止
2026-08-02 19:13:24,677 - INFO - ============================================================
系统已停止
============================================================
2026-08-02 19:13:24,677 - INFO - [WssBot] 停止市场WS...
2026-08-02 19:13:24,692 - WARNING - [MarketWS] 连接断开 code=None msg=None
2026-08-02 19:13:24,926 - INFO - [MarketWS] 已停止
