2026-07-29 20:28:46,698 - INFO - ============================================================
2026-07-29 20:28:46,699 - INFO - Maker-only Guardian V7.0 启动
2026-07-29 20:28:46,699 - INFO - 地址: 0xE075279F71A4896C31d4706A61cb46a2105024F9 | 档: 3 | 量: 50 | 冷却: 120s | 心跳: 7.0s
2026-07-29 20:28:46,699 - INFO - 筛选器: keyword=temp top1=0 top2=500 top3=1500 existing=3000 rewards>=20
2026-07-29 20:28:46,699 - INFO - 实例: bot2 | midpoint=[0.15, 0.85]
2026-07-29 20:28:46,699 - INFO - ============================================================
2026-07-29 20:28:46,699 - INFO - [HEARTBEAT] 已启动 interval=7.0s
2026-07-29 20:29:19,841 - INFO - 收到停止信号，优雅退出...
2026-07-29 20:29:23,809 - INFO - [SCREENER] 152 markets in 6.5s | yes:68 no:6 | next in 30s
2026-07-29 20:29:25,189 - INFO - 开始优雅关闭...
2026-07-29 20:29:25,428 - INFO - [CANCEL ALL] 0 已取消 | 系统关闭
2026-07-29 20:29:25,671 - WARNING - [USER WS] close code=None reason=None
2026-07-29 20:29:30,690 - INFO - [HEARTBEAT] 已停止
2026-07-29 20:29:30,691 - INFO - ============================================================
系统已停止
============================================================
2026-07-29 20:30:24,685 - INFO - ============================================================
2026-07-29 20:30:24,685 - INFO - Maker-only Guardian V7.0 启动
2026-07-29 20:30:24,685 - INFO - 地址: 0xE075279F71A4896C31d4706A61cb46a2105024F9 | 档: 3 | 量: 20 | 冷却: 120s | 心跳: 7.0s
2026-07-29 20:30:24,685 - INFO - 筛选器: keyword=temp top1=0 top2=500 top3=1500 existing=3000 rewards>=20
2026-07-29 20:30:24,685 - INFO - 实例: bot2 | midpoint=[0.15, 0.85]
2026-07-29 20:30:24,685 - INFO - ============================================================
2026-07-29 20:30:24,686 - INFO - [HEARTBEAT] 已启动 interval=7.0s
2026-07-29 20:31:01,067 - INFO - [SCREENER] 149 markets in 5.8s | yes:65 no:7 | next in 30s
2026-07-29 20:31:20,980 - ERROR - [py_clob_client_v2] request error: Server disconnected
2026-07-29 20:31:20,980 - ERROR - [py_clob_client_v2] request error: Server disconnected
2026-07-29 20:31:20,980 - ERROR - [PLACE FAIL] 8985687337765311... price=0.26 attempt=1/2 | PolyApiException[status_code=None, error_message=Request exception!]
2026-07-29 20:31:20,981 - ERROR - [py_clob_client_v2] request error: Server disconnected
2026-07-29 20:31:20,981 - ERROR - [PLACE FAIL] 1107486019531506... price=0.32 attempt=1/2 | PolyApiException[status_code=None, error_message=Request exception!]
2026-07-29 20:31:20,982 - ERROR - [PLACE FAIL] 2798371224866267... price=0.36 attempt=1/2 | PolyApiException[status_code=None, error_message=Request exception!]
2026-07-29 20:31:40,033 - INFO - [SCREENER] 150 markets in 6.4s | yes:67 no:8 | next in 30s
2026-07-29 20:32:18,251 - INFO - [SCREENER] 149 markets in 5.9s | yes:70 no:8 | next in 30s
2026-07-29 20:32:58,609 - INFO - [SCREENER] 145 markets in 6.6s | yes:71 no:7 | next in 30s
2026-07-29 20:33:37,485 - INFO - [SCREENER] 145 markets in 6.0s | yes:71 no:9 | next in 30s
2026-07-29 20:34:17,188 - INFO - [SCREENER] 150 markets in 7.3s | yes:70 no:10 | next in 30s
2026-07-29 20:34:17,447 - ERROR - [py_clob_client_v2] request error: [SSL: UNEXPECTED_EOF_WHILE_READING] EOF occurred in violation of protocol (_ssl.c:1000)
2026-07-29 20:34:17,914 - ERROR - [HEARTBEAT] 失败 (连续 1 次): 401 Client Error: Unauthorized for url: https://clob.polymarket.com/v1/heartbeats
2026-07-29 20:34:19,155 - ERROR - [BATCH CANCEL FAIL] 0x7a0d5610a160b24590... | order can't be found - already canceled or matched
2026-07-29 20:34:19,747 - ERROR - [BATCH CANCEL] 6512084481618349 取消失败，清空 active_id 进入冷却兜底
2026-07-29 20:34:29,566 - ERROR - [BATCH CANCEL FAIL] 0xd7c4faddb7250b3e5e... | order can't be found - already canceled or matched
2026-07-29 20:34:29,566 - ERROR - [BATCH CANCEL FAIL] 0x5243b29078ebd099ff... | order can't be found - already canceled or matched
2026-07-29 20:34:29,566 - ERROR - [BATCH CANCEL FAIL] 0xd457dff461adf68884... | order can't be found - already canceled or matched
2026-07-29 20:34:29,568 - ERROR - [BATCH CANCEL FAIL] 0x1c965b377ca4a517cb... | order can't be found - already canceled or matched
2026-07-29 20:34:30,308 - ERROR - [BATCH CANCEL] 1158979346242362 取消失败，清空 active_id 进入冷却兜底
2026-07-29 20:34:30,308 - ERROR - [BATCH CANCEL] 4649822719517002 取消失败，清空 active_id 进入冷却兜底
2026-07-29 20:34:30,309 - ERROR - [BATCH CANCEL] 9658552550054792 取消失败，清空 active_id 进入冷却兜底
2026-07-29 20:34:30,309 - ERROR - [BATCH CANCEL] 1990157254269563 取消失败，清空 active_id 进入冷却兜底
2026-07-29 20:34:40,709 - WARNING - [AUDIT] 2155340172237723 订单丢失纠偏
2026-07-29 20:34:40,710 - WARNING - [AUDIT] 1117587924147036 订单丢失纠偏
2026-07-29 20:34:40,710 - WARNING - [AUDIT] 5628291943280744 订单丢失纠偏
2026-07-29 20:34:40,711 - WARNING - [AUDIT] 7373662748330488 订单丢失纠偏
2026-07-29 20:34:40,712 - WARNING - [AUDIT] 9209537011088003 订单丢失纠偏
2026-07-29 20:34:40,712 - WARNING - [AUDIT] 1303241453322048 订单丢失纠偏
2026-07-29 20:34:40,713 - WARNING - [AUDIT] 2397622545537952 订单丢失纠偏
2026-07-29 20:34:40,713 - WARNING - [AUDIT] 8807013473938409 订单丢失纠偏
2026-07-29 20:34:40,713 - WARNING - [AUDIT] 9777525359596273 订单丢失纠偏
2026-07-29 20:34:40,714 - WARNING - [AUDIT] 5742413509160652 订单丢失纠偏
2026-07-29 20:34:40,714 - WARNING - [AUDIT] 1140824289903172 订单丢失纠偏
2026-07-29 20:34:40,714 - WARNING - [AUDIT] 9658234936421319 订单丢失纠偏
2026-07-29 20:34:40,714 - WARNING - [AUDIT] 3475849100824778 订单丢失纠偏
2026-07-29 20:34:40,715 - WARNING - [AUDIT] 1022092457472070 订单丢失纠偏
2026-07-29 20:34:40,715 - WARNING - [AUDIT] 5665574963884049 订单丢失纠偏
2026-07-29 20:34:40,715 - WARNING - [AUDIT] 2353946486221127 订单丢失纠偏
2026-07-29 20:34:40,715 - WARNING - [AUDIT] 7549987038399964 订单丢失纠偏
2026-07-29 20:34:40,715 - WARNING - [AUDIT] 8376443486879834 订单丢失纠偏
2026-07-29 20:34:40,715 - WARNING - [AUDIT] 5166195493537182 订单丢失纠偏
2026-07-29 20:34:40,715 - WARNING - [AUDIT] 8665030358931242 订单丢失纠偏
2026-07-29 20:34:40,715 - WARNING - [AUDIT] 1113168410954942 订单丢失纠偏
2026-07-29 20:34:40,715 - WARNING - [AUDIT] 9077404512420004 订单丢失纠偏
2026-07-29 20:34:40,715 - WARNING - [AUDIT] 3268278949469979 订单丢失纠偏
2026-07-29 20:34:40,715 - WARNING - [AUDIT] 5483500589407724 订单丢失纠偏
2026-07-29 20:34:40,717 - WARNING - [AUDIT] 9605998236724750 订单丢失纠偏
2026-07-29 20:34:40,717 - WARNING - [AUDIT] 7878512989408810 订单丢失纠偏
2026-07-29 20:34:40,717 - WARNING - [AUDIT] 7567018887959061 订单丢失纠偏
2026-07-29 20:34:40,717 - WARNING - [AUDIT] 6759728210972296 订单丢失纠偏
2026-07-29 20:34:40,717 - WARNING - [AUDIT] 4455263676921725 订单丢失纠偏
2026-07-29 20:34:40,717 - WARNING - [AUDIT] 9079945568488785 订单丢失纠偏
2026-07-29 20:34:40,717 - WARNING - [AUDIT] 5552092961648777 订单丢失纠偏
2026-07-29 20:34:40,718 - WARNING - [AUDIT] 4469030833584170 订单丢失纠偏
2026-07-29 20:34:40,718 - WARNING - [AUDIT] 4329506741614242 订单丢失纠偏
2026-07-29 20:34:40,718 - WARNING - [AUDIT] 6381496004909133 订单丢失纠偏
2026-07-29 20:34:40,718 - WARNING - [AUDIT] 1101733377666130 订单丢失纠偏
2026-07-29 20:34:40,718 - WARNING - [AUDIT] 8985687337765311 订单丢失纠偏
2026-07-29 20:34:40,718 - WARNING - [AUDIT] 4021450910460381 订单丢失纠偏
2026-07-29 20:34:40,718 - WARNING - [AUDIT] 1107486019531506 订单丢失纠偏
2026-07-29 20:34:40,718 - WARNING - [AUDIT] 1042476319077633 订单丢失纠偏
2026-07-29 20:34:40,719 - WARNING - [AUDIT] 8796114787085919 订单丢失纠偏
2026-07-29 20:34:40,719 - WARNING - [AUDIT] 3163362723265445 订单丢失纠偏
2026-07-29 20:34:40,719 - WARNING - [AUDIT] 4577693276594738 订单丢失纠偏
2026-07-29 20:34:40,719 - WARNING - [AUDIT] 3317956206489901 订单丢失纠偏
2026-07-29 20:34:40,719 - WARNING - [AUDIT] 3068602426413270 订单丢失纠偏
2026-07-29 20:34:40,719 - WARNING - [AUDIT] 5690082784530203 订单丢失纠偏
2026-07-29 20:34:40,719 - WARNING - [AUDIT] 8161103130997014 订单丢失纠偏
2026-07-29 20:34:40,719 - WARNING - [AUDIT] 6319195884440646 订单丢失纠偏
2026-07-29 20:34:40,719 - WARNING - [AUDIT] 1050467039669960 订单丢失纠偏
2026-07-29 20:34:40,720 - WARNING - [AUDIT] 9471737552867176 订单丢失纠偏
2026-07-29 20:34:40,720 - WARNING - [AUDIT] 2798371224866267 订单丢失纠偏
2026-07-29 20:34:40,720 - WARNING - [AUDIT] 1096071201107726 订单丢失纠偏
2026-07-29 20:34:40,720 - WARNING - [AUDIT] 1495307552494407 订单丢失纠偏
2026-07-29 20:34:40,720 - WARNING - [AUDIT] 3028576635815887 订单丢失纠偏
2026-07-29 20:34:40,720 - WARNING - [AUDIT] 9557217740809434 订单丢失纠偏
2026-07-29 20:34:40,720 - WARNING - [AUDIT] 1047925632399163 订单丢失纠偏
2026-07-29 20:34:40,720 - WARNING - [AUDIT] 8455296868074346 订单丢失纠偏
2026-07-29 20:34:40,720 - WARNING - [AUDIT] 1154230654638001 订单丢失纠偏
2026-07-29 20:34:40,720 - WARNING - [AUDIT] 2268163722841394 订单丢失纠偏
2026-07-29 20:34:40,720 - WARNING - [AUDIT] 7912940889785135 订单丢失纠偏
2026-07-29 20:34:40,721 - WARNING - [AUDIT] 7386622261544735 订单丢失纠偏
2026-07-29 20:34:40,721 - WARNING - [AUDIT] 8602109109345929 订单丢失纠偏
2026-07-29 20:34:40,721 - WARNING - [AUDIT] 1881611846012403 订单丢失纠偏
2026-07-29 20:34:40,721 - WARNING - [AUDIT] 1980142990093654 订单丢失纠偏
2026-07-29 20:34:40,721 - WARNING - [AUDIT] 5173928304312758 订单丢失纠偏
2026-07-29 20:34:40,721 - WARNING - [AUDIT] 1044492815303529 订单丢失纠偏
2026-07-29 20:34:40,721 - WARNING - [AUDIT] 9923601734476122 订单丢失纠偏
2026-07-29 20:34:40,721 - WARNING - [AUDIT] 6614385806473436 订单丢失纠偏
2026-07-29 20:34:40,721 - WARNING - [AUDIT] 8011644069452108 订单丢失纠偏
2026-07-29 20:34:40,721 - WARNING - [AUDIT] 1113974223965767 订单丢失纠偏
2026-07-29 20:34:58,211 - INFO - [SCREENER] 151 markets in 6.8s | yes:66 no:8 | next in 30s
2026-07-29 20:35:36,427 - INFO - [SCREENER] 153 markets in 6.0s | yes:71 no:7 | next in 30s
2026-07-29 20:36:15,354 - INFO - [SCREENER] 154 markets in 6.7s | yes:71 no:8 | next in 30s
2026-07-29 20:36:41,080 - ERROR - [py_clob_client_v2] request error: Server disconnected
2026-07-29 20:36:41,082 - ERROR - [py_clob_client_v2] request error: Server disconnected
2026-07-29 20:36:41,082 - ERROR - 获取订单簿失败: 96582349364213199869... | PolyApiException[status_code=None, error_message=Request exception!]
2026-07-29 20:36:41,083 - ERROR - [py_clob_client_v2] request error: Server disconnected
2026-07-29 20:36:41,083 - ERROR - 获取订单簿失败: 34758491008247789151... | PolyApiException[status_code=None, error_message=Request exception!]
2026-07-29 20:36:41,084 - ERROR - 获取订单簿失败: 10220924574720706562... | PolyApiException[status_code=None, error_message=Request exception!]
2026-07-29 20:36:41,771 - WARNING - [RETRY] 9658234936421319 bids不足3档，10s后重试
2026-07-29 20:36:41,772 - WARNING - [RETRY] 3475849100824778 bids不足3档，10s后重试
2026-07-29 20:36:41,773 - WARNING - [RETRY] 1022092457472070 bids不足3档，10s后重试
2026-07-29 20:36:53,844 - INFO - [SCREENER] 155 markets in 6.1s | yes:69 no:9 | next in 30s
2026-07-29 20:37:34,220 - INFO - [SCREENER] 158 markets in 6.4s | yes:69 no:11 | next in 30s
2026-07-29 20:38:12,346 - INFO - [SCREENER] 160 markets in 5.8s | yes:68 no:7 | next in 30s
2026-07-29 20:38:51,535 - INFO - [SCREENER] 162 markets in 6.5s | yes:73 no:11 | next in 30s
2026-07-29 20:39:32,148 - INFO - [SCREENER] 163 markets in 6.6s | yes:73 no:18 | next in 30s
2026-07-29 20:40:10,504 - INFO - [SCREENER] 161 markets in 6.0s | yes:72 no:20 | next in 30s
2026-07-29 20:40:50,601 - INFO - [SCREENER] 162 markets in 6.5s | yes:77 no:18 | next in 30s
2026-07-29 20:41:09,493 - ERROR - [py_clob_client_v2] request error: Server disconnected
2026-07-29 20:41:09,493 - ERROR - [py_clob_client_v2] request error: Server disconnected
2026-07-29 20:41:09,493 - ERROR - [PLACE FAIL] 1065873366524977... price=0.43 attempt=1/2 | PolyApiException[status_code=None, error_message=Request exception!]
2026-07-29 20:41:09,493 - ERROR - [PLACE FAIL] 2133305250514714... price=0.28 attempt=1/2 | PolyApiException[status_code=None, error_message=Request exception!]
2026-07-29 20:41:31,926 - INFO - [SCREENER] 162 markets in 7.0s | yes:72 no:17 | next in 30s
2026-07-29 20:42:11,308 - INFO - [SCREENER] 166 markets in 6.3s | yes:83 no:22 | next in 30s
2026-07-29 20:42:50,193 - INFO - [SCREENER] 168 markets in 6.3s | yes:88 no:24 | next in 30s
2026-07-29 20:43:29,636 - INFO - [SCREENER] 171 markets in 6.8s | yes:89 no:22 | next in 30s
2026-07-29 20:44:00,644 - INFO - [SCREENER] 170 markets in 6.5s | yes:90 no:22 | next in 30s
2026-07-29 20:44:40,164 - INFO - [SCREENER] 169 markets in 7.0s | yes:94 no:22 | next in 30s
2026-07-29 20:45:18,920 - INFO - [SCREENER] 165 markets in 6.2s | yes:88 no:23 | next in 30s
2026-07-29 20:45:48,735 - INFO - [SCREENER] 167 markets in 6.0s | yes:82 no:15 | next in 30s
2026-07-29 20:46:29,251 - INFO - [SCREENER] 172 markets in 7.7s | yes:81 no:13 | next in 30s
2026-07-29 20:47:08,116 - INFO - [SCREENER] 164 markets in 6.5s | yes:81 no:13 | next in 30s
2026-07-29 20:47:47,100 - INFO - [SCREENER] 170 markets in 6.2s | yes:87 no:13 | next in 30s
2026-07-29 20:48:27,582 - INFO - [SCREENER] 164 markets in 6.3s | yes:87 no:13 | next in 30s
2026-07-29 20:48:46,227 - ERROR - [py_clob_client_v2] request error: Server disconnected
2026-07-29 20:48:46,227 - ERROR - [py_clob_client_v2] request error: Server disconnected
2026-07-29 20:48:46,228 - ERROR - 获取订单簿失败: 75670188879590610559... | PolyApiException[status_code=None, error_message=Request exception!]
2026-07-29 20:48:46,229 - ERROR - [PLACE FAIL] 1100234228660797... price=0.27 attempt=1/2 | PolyApiException[status_code=None, error_message=Request exception!]
2026-07-29 20:48:47,224 - WARNING - [RETRY] 7567018887959061 bids不足3档，10s后重试
2026-07-29 20:48:58,468 - ERROR - [USER WS ERR] Connection to remote host was lost.
2026-07-29 20:48:58,469 - ERROR - Connection to remote host was lost. - goodbye
2026-07-29 20:48:58,469 - WARNING - [USER WS] close code=None reason=None
2026-07-29 20:48:58,470 - WARNING - [USER WS] 断开，5s 后重连...
2026-07-29 20:49:05,816 - INFO - [SCREENER] 165 markets in 5.9s | yes:80 no:13 | next in 30s
2026-07-29 20:49:45,556 - INFO - [SCREENER] 165 markets in 7.0s | yes:79 no:12 | next in 30s
2026-07-29 20:50:15,759 - INFO - [SCREENER] 166 markets in 7.2s | yes:79 no:11 | next in 30s
2026-07-29 20:50:53,835 - INFO - [SCREENER] 167 markets in 6.0s | yes:83 no:11 | next in 30s
2026-07-29 20:51:32,188 - INFO - [SCREENER] 165 markets in 6.3s | yes:84 no:10 | next in 30s
2026-07-29 20:52:11,725 - INFO - [SCREENER] 161 markets in 7.0s | yes:79 no:10 | next in 30s
2026-07-29 20:52:41,369 - INFO - [SCREENER] 163 markets in 6.3s | yes:79 no:9 | next in 30s
2026-07-29 20:53:19,739 - INFO - [SCREENER] 154 markets in 6.4s | yes:78 no:10 | next in 30s
2026-07-29 20:53:58,592 - INFO - [SCREENER] 157 markets in 6.4s | yes:80 no:8 | next in 30s
2026-07-29 20:54:28,635 - INFO - [SCREENER] 157 markets in 5.8s | yes:81 no:8 | next in 30s
2026-07-29 20:55:08,182 - INFO - [SCREENER] 157 markets in 7.4s | yes:82 no:6 | next in 30s
2026-07-29 20:55:53,729 - INFO - [SCREENER] 154 markets in 13.0s | yes:75 no:6 | next in 30s
2026-07-29 20:56:23,088 - INFO - [SCREENER] 155 markets in 7.4s | yes:73 no:6 | next in 30s
2026-07-29 20:56:53,444 - INFO - [SCREENER] 155 markets in 6.7s | yes:77 no:8 | next in 30s
2026-07-29 20:57:33,080 - INFO - [SCREENER] 155 markets in 7.7s | yes:78 no:9 | next in 30s
2026-07-29 20:58:11,544 - INFO - [SCREENER] 152 markets in 6.3s | yes:70 no:4 | next in 30s
2026-07-29 20:58:52,147 - INFO - [SCREENER] 151 markets in 6.5s | yes:73 no:4 | next in 30s
2026-07-29 20:59:32,354 - INFO - [SCREENER] 146 markets in 7.9s | yes:75 no:3 | next in 30s
2026-07-29 21:00:10,665 - INFO - [SCREENER] 143 markets in 5.9s | yes:71 no:4 | next in 30s
2026-07-29 21:00:51,487 - INFO - [SCREENER] 148 markets in 7.2s | yes:71 no:3 | next in 30s
2026-07-29 21:01:30,328 - INFO - [SCREENER] 150 markets in 6.8s | yes:76 no:4 | next in 30s
2026-07-29 21:02:08,964 - INFO - [SCREENER] 150 markets in 6.2s | yes:78 no:4 | next in 30s
2026-07-29 21:02:49,356 - INFO - [SCREENER] 149 markets in 8.2s | yes:79 no:2 | next in 30s
2026-07-29 21:03:19,371 - INFO - [SCREENER] 147 markets in 7.0s | yes:76 no:3 | next in 30s
2026-07-29 21:03:19,678 - ERROR - [py_clob_client_v2] request error: Server disconnected
2026-07-29 21:03:19,678 - ERROR - [py_clob_client_v2] request error: Server disconnected
2026-07-29 21:03:19,679 - ERROR - [CANCEL FAIL] 0x5f5ed38696e083c7f2... | PolyApiException[status_code=None, error_message=Request exception!]
2026-07-29 21:03:19,679 - ERROR - [py_clob_client_v2] request error: Server disconnected
2026-07-29 21:03:19,679 - ERROR - 查询订单失败: PolyApiException[status_code=None, error_message=Request exception!]
2026-07-29 21:03:19,679 - ERROR - [CANCEL FAIL] 0xf780998e589fb34d53... | PolyApiException[status_code=None, error_message=Request exception!]
2026-07-29 21:03:19,679 - ERROR - [DISCOVER] 订单查询失败，跳过本周期
2026-07-29 21:03:20,229 - ERROR - [CANCEL FAIL] 0x5f5ed38696e083c7f2 订单仍存活在交易所！保持 RESTING
2026-07-29 21:03:20,229 - ERROR - [CANCEL FAIL] 0xf780998e589fb34d53 订单仍存活在交易所！保持 RESTING
2026-07-29 21:03:57,800 - INFO - [SCREENER] 146 markets in 6.3s | yes:73 no:2 | next in 30s
2026-07-29 21:04:39,465 - INFO - [SCREENER] 144 markets in 9.6s | yes:73 no:3 | next in 30s
2026-07-29 21:04:52,017 - WARNING - [AUDIT] 1044492815303529 订单丢失纠偏
2026-07-29 21:04:52,018 - WARNING - [AUDIT] 1004949569176251 订单丢失纠偏
2026-07-29 21:05:10,276 - INFO - [SCREENER] 145 markets in 7.6s | yes:72 no:2 | next in 30s
2026-07-29 21:05:49,349 - INFO - [SCREENER] 145 markets in 6.4s | yes:75 no:2 | next in 30s
2026-07-29 21:06:28,072 - INFO - [SCREENER] 145 markets in 6.7s | yes:71 no:3 | next in 30s
2026-07-29 21:07:06,616 - INFO - [SCREENER] 150 markets in 6.5s | yes:73 no:1 | next in 30s
2026-07-29 21:07:07,623 - ERROR - [py_clob_client_v2] request error: Server disconnected
2026-07-29 21:07:07,623 - ERROR - [py_clob_client_v2] request error: Server disconnected
2026-07-29 21:07:07,623 - ERROR - 查询订单失败: PolyApiException[status_code=None, error_message=Request exception!]
2026-07-29 21:07:07,623 - ERROR - [BATCH CANCEL ERR] 1 条 | PolyApiException[status_code=None, error_message=Request exception!]
2026-07-29 21:07:08,303 - ERROR - [BATCH CANCEL] 7878512989408810 取消失败，清空 active_id 进入冷却兜底
2026-07-29 21:07:45,792 - INFO - [SCREENER] 145 markets in 6.4s | yes:75 no:2 | next in 30s
2026-07-29 21:08:24,728 - INFO - [SCREENER] 159 markets in 6.3s | yes:92 no:3 | next in 30s
2026-07-29 21:09:01,479 - ERROR - [USER WS ERR] Connection to remote host was lost.
2026-07-29 21:09:01,479 - ERROR - Connection to remote host was lost. - goodbye
2026-07-29 21:09:01,479 - WARNING - [USER WS] close code=None reason=None
2026-07-29 21:09:01,480 - WARNING - [USER WS] 断开，5s 后重连...
2026-07-29 21:09:03,689 - INFO - [SCREENER] 157 markets in 6.6s | yes:87 no:3 | next in 30s
2026-07-29 21:09:35,046 - INFO - [SCREENER] 153 markets in 6.8s | yes:89 no:4 | next in 30s
2026-07-29 21:10:14,191 - INFO - [SCREENER] 154 markets in 6.4s | yes:86 no:5 | next in 30s
2026-07-29 21:10:54,264 - INFO - [SCREENER] 156 markets in 7.1s | yes:87 no:6 | next in 30s
2026-07-29 21:11:35,699 - INFO - [SCREENER] 158 markets in 7.5s | yes:87 no:7 | next in 30s
2026-07-29 21:12:05,270 - INFO - [SCREENER] 162 markets in 6.5s | yes:85 no:8 | next in 30s
2026-07-29 21:12:44,114 - INFO - [SCREENER] 162 markets in 6.3s | yes:86 no:7 | next in 30s
2026-07-29 21:13:23,316 - INFO - [SCREENER] 161 markets in 6.8s | yes:86 no:7 | next in 30s
2026-07-29 21:13:53,595 - INFO - [SCREENER] 161 markets in 6.2s | yes:86 no:9 | next in 30s
2026-07-29 21:14:34,120 - INFO - [SCREENER] 161 markets in 7.1s | yes:88 no:8 | next in 30s
2026-07-29 21:15:14,689 - INFO - [SCREENER] 161 markets in 8.4s | yes:91 no:6 | next in 30s
2026-07-29 21:15:46,929 - INFO - [SCREENER] 162 markets in 7.6s | yes:91 no:6 | next in 30s
2026-07-29 21:16:25,747 - INFO - [SCREENER] 161 markets in 6.4s | yes:89 no:7 | next in 30s
2026-07-29 21:17:04,384 - INFO - [SCREENER] 161 markets in 6.6s | yes:87 no:8 | next in 30s
2026-07-29 21:17:45,965 - INFO - [SCREENER] 162 markets in 7.0s | yes:83 no:7 | next in 30s
2026-07-29 21:18:24,687 - INFO - [SCREENER] 165 markets in 6.4s | yes:81 no:6 | next in 30s
2026-07-29 21:19:03,873 - INFO - [SCREENER] 166 markets in 7.1s | yes:82 no:9 | next in 30s
2026-07-29 21:19:43,021 - INFO - [SCREENER] 167 markets in 6.6s | yes:84 no:8 | next in 30s
2026-07-29 21:20:13,687 - INFO - [SCREENER] 167 markets in 6.3s | yes:78 no:7 | next in 30s
2026-07-29 21:20:52,599 - INFO - [SCREENER] 168 markets in 6.3s | yes:82 no:10 | next in 30s
2026-07-29 21:21:32,035 - INFO - [SCREENER] 166 markets in 7.0s | yes:88 no:8 | next in 30s
2026-07-29 21:21:43,898 - ERROR - [py_clob_client_v2] request error: Server disconnected
2026-07-29 21:21:43,898 - ERROR - [py_clob_client_v2] request error: Server disconnected
2026-07-29 21:21:43,898 - ERROR - 查询订单失败: PolyApiException[status_code=None, error_message=Request exception!]
2026-07-29 21:21:43,898 - ERROR - [BATCH CANCEL ERR] 1 条 | PolyApiException[status_code=None, error_message=Request exception!]
2026-07-29 21:21:45,243 - ERROR - [BATCH CANCEL] 9557217740809434 取消失败，清空 active_id 进入冷却兜底
2026-07-29 21:22:02,862 - INFO - [SCREENER] 168 markets in 7.6s | yes:86 no:9 | next in 30s
2026-07-29 21:22:43,056 - INFO - [SCREENER] 164 markets in 7.5s | yes:89 no:8 | next in 30s
2026-07-29 21:23:21,761 - INFO - [SCREENER] 167 markets in 6.4s | yes:86 no:10 | next in 30s
2026-07-29 21:24:01,910 - INFO - [SCREENER] 169 markets in 6.5s | yes:88 no:9 | next in 30s
2026-07-29 21:24:41,465 - INFO - [SCREENER] 168 markets in 6.1s | yes:85 no:7 | next in 30s
2026-07-29 21:25:20,712 - INFO - [SCREENER] 167 markets in 6.9s | yes:88 no:12 | next in 30s
2026-07-29 21:26:00,002 - INFO - [SCREENER] 164 markets in 7.0s | yes:87 no:10 | next in 30s
2026-07-29 21:26:30,410 - INFO - [SCREENER] 164 markets in 7.3s | yes:88 no:12 | next in 30s
2026-07-29 21:27:09,092 - INFO - [SCREENER] 162 markets in 6.0s | yes:87 no:12 | next in 30s
2026-07-29 21:27:47,676 - INFO - [SCREENER] 160 markets in 6.2s | yes:89 no:9 | next in 30s
2026-07-29 21:28:27,995 - INFO - [SCREENER] 157 markets in 6.4s | yes:82 no:6 | next in 30s
2026-07-29 21:29:15,933 - INFO - [SCREENER] 154 markets in 15.7s | yes:85 no:7 | next in 30s
2026-07-29 21:29:45,384 - INFO - [SCREENER] 156 markets in 7.9s | yes:85 no:8 | next in 30s
2026-07-29 21:30:34,556 - INFO - [SCREENER] 158 markets in 15.7s | yes:84 no:9 | next in 30s
2026-07-29 21:31:02,497 - INFO - [SCREENER] 155 markets in 6.4s | yes:81 no:7 | next in 30s
2026-07-29 21:31:41,484 - INFO - [SCREENER] 157 markets in 6.2s | yes:77 no:10 | next in 30s
2026-07-29 21:32:19,848 - INFO - [SCREENER] 159 markets in 6.0s | yes:76 no:7 | next in 30s
2026-07-29 21:33:00,424 - INFO - [SCREENER] 160 markets in 6.3s | yes:74 no:7 | next in 30s
2026-07-29 21:33:40,077 - INFO - [SCREENER] 165 markets in 7.3s | yes:79 no:7 | next in 30s
2026-07-29 21:34:18,678 - INFO - [SCREENER] 161 markets in 6.3s | yes:80 no:6 | next in 30s
2026-07-29 21:34:58,680 - INFO - [SCREENER] 159 markets in 6.2s | yes:84 no:8 | next in 30s
2026-07-29 21:35:10,304 - ERROR - [py_clob_client_v2] request error: Server disconnected
2026-07-29 21:35:10,305 - ERROR - [py_clob_client_v2] request error: Server disconnected
2026-07-29 21:35:10,305 - ERROR - 获取订单簿失败: 65120844816183490703... | PolyApiException[status_code=None, error_message=Request exception!]
2026-07-29 21:35:10,306 - ERROR - [BATCH CANCEL ERR] 1 条 | PolyApiException[status_code=None, error_message=Request exception!]
2026-07-29 21:35:11,304 - ERROR - [BATCH CANCEL] 1981470697000454 取消失败，清空 active_id 进入冷却兜底
2026-07-29 21:35:11,304 - WARNING - [RETRY] 6512084481618349 bids不足3档，10s后重试
2026-07-29 21:35:38,664 - INFO - [SCREENER] 157 markets in 7.8s | yes:86 no:7 | next in 30s
2026-07-29 21:36:18,131 - INFO - [SCREENER] 155 markets in 7.3s | yes:87 no:7 | next in 30s
2026-07-29 21:36:59,553 - INFO - [SCREENER] 154 markets in 6.9s | yes:88 no:8 | next in 30s
2026-07-29 21:37:39,363 - INFO - [SCREENER] 158 markets in 6.8s | yes:86 no:9 | next in 30s
2026-07-29 21:38:17,600 - INFO - [SCREENER] 159 markets in 6.3s | yes:82 no:7 | next in 30s
2026-07-29 21:38:56,338 - INFO - [SCREENER] 161 markets in 6.1s | yes:80 no:8 | next in 30s
2026-07-29 21:39:38,089 - INFO - [SCREENER] 164 markets in 7.6s | yes:83 no:12 | next in 30s
2026-07-29 21:39:43,543 - ERROR - [POLL] 批量查询异常: HTTPSConnectionPool(host='clob.polymarket.com', port=443): Max retries exceeded with url: /books (Caused by SSLError(SSLEOFError(8, '[SSL: UNEXPECTED_EOF_WHILE_READING] EOF occurred in violation of protocol (_ssl.c:1000)')))
2026-07-29 21:40:10,585 - INFO - [SCREENER] 162 markets in 6.3s | yes:83 no:12 | next in 30s
2026-07-29 21:40:49,499 - INFO - [SCREENER] 162 markets in 6.8s | yes:79 no:12 | next in 30s
2026-07-29 21:41:20,944 - INFO - [SCREENER] 163 markets in 7.4s | yes:75 no:11 | next in 30s
2026-07-29 21:41:59,546 - INFO - [SCREENER] 163 markets in 6.3s | yes:81 no:9 | next in 30s
2026-07-29 21:42:23,300 - ERROR - [py_clob_client_v2] request error: Server disconnected
2026-07-29 21:42:23,300 - ERROR - [py_clob_client_v2] request error: Server disconnected
2026-07-29 21:42:23,300 - ERROR - 获取订单簿失败: 11589793462423629066... | PolyApiException[status_code=None, error_message=Request exception!]
2026-07-29 21:42:23,301 - ERROR - 获取订单簿失败: 19901572542695634253... | PolyApiException[status_code=None, error_message=Request exception!]
2026-07-29 21:42:24,299 - WARNING - [RETRY] 1158979346242362 bids不足3档，10s后重试
2026-07-29 21:42:24,300 - WARNING - [RETRY] 1990157254269563 bids不足3档，10s后重试
2026-07-29 21:42:38,954 - INFO - [SCREENER] 168 markets in 6.7s | yes:86 no:13 | next in 30s
2026-07-29 21:42:43,808 - ERROR - [py_clob_client_v2] request error: Server disconnected
2026-07-29 21:42:43,808 - ERROR - [py_clob_client_v2] request error: Server disconnected
2026-07-29 21:42:43,808 - ERROR - 获取订单簿失败: 10363777370947700051... | PolyApiException[status_code=None, error_message=Request exception!]
2026-07-29 21:42:43,808 - ERROR - 获取订单簿失败: 80116440694521089843... | PolyApiException[status_code=None, error_message=Request exception!]
2026-07-29 21:42:44,806 - WARNING - [RETRY] 1036377737094770 bids不足3档，10s后重试
2026-07-29 21:42:44,806 - WARNING - [RETRY] 8011644069452108 bids不足3档，10s后重试
2026-07-29 21:43:18,880 - INFO - [SCREENER] 165 markets in 7.9s | yes:86 no:13 | next in 30s
2026-07-29 21:43:50,110 - INFO - [SCREENER] 165 markets in 7.2s | yes:86 no:11 | next in 30s
2026-07-29 21:44:31,669 - INFO - [SCREENER] 162 markets in 8.7s | yes:82 no:12 | next in 30s
2026-07-29 21:45:04,762 - INFO - [SCREENER] 163 markets in 11.3s | yes:77 no:10 | next in 30s
2026-07-29 21:45:34,014 - INFO - [SCREENER] 164 markets in 6.1s | yes:76 no:10 | next in 30s
2026-07-29 21:46:12,610 - INFO - [SCREENER] 165 markets in 5.9s | yes:77 no:10 | next in 30s
2026-07-29 21:46:51,790 - INFO - [SCREENER] 165 markets in 7.0s | yes:83 no:10 | next in 30s
2026-07-29 21:47:33,858 - INFO - [SCREENER] 167 markets in 9.7s | yes:86 no:12 | next in 30s
2026-07-29 21:47:34,150 - ERROR - [py_clob_client_v2] request error: Server disconnected
2026-07-29 21:47:34,150 - ERROR - [py_clob_client_v2] request error: Server disconnected
2026-07-29 21:47:34,151 - ERROR - [CANCEL FAIL] 0xaab70b1ca4ba8a76e2... | PolyApiException[status_code=None, error_message=Request exception!]
2026-07-29 21:47:34,151 - ERROR - 查询订单失败: PolyApiException[status_code=None, error_message=Request exception!]
2026-07-29 21:47:34,151 - ERROR - [py_clob_client_v2] request error: Server disconnected
2026-07-29 21:47:34,152 - ERROR - [DISCOVER] 订单查询失败，跳过本周期
2026-07-29 21:47:34,152 - ERROR - [CANCEL FAIL] 0xb691934950cd25f537... | PolyApiException[status_code=None, error_message=Request exception!]
2026-07-29 21:47:36,548 - ERROR - [CANCEL FAIL] 0xaab70b1ca4ba8a76e2 订单仍存活在交易所！保持 RESTING
2026-07-29 21:47:36,549 - ERROR - [CANCEL FAIL] 0xb691934950cd25f537 订单仍存活在交易所！保持 RESTING
2026-07-29 21:48:04,963 - INFO - [SCREENER] 165 markets in 7.8s | yes:83 no:13 | next in 30s
2026-07-29 21:48:06,443 - ERROR - [BATCH CANCEL FAIL] 0xb691934950cd25f537... | the order is already canceled
2026-07-29 21:48:07,188 - ERROR - [BATCH CANCEL] 4469030833584170 取消失败，清空 active_id 进入冷却兜底
2026-07-29 21:48:45,914 - INFO - [SCREENER] 165 markets in 8.6s | yes:85 no:14 | next in 30s
2026-07-29 21:49:14,525 - INFO - [SCREENER] 163 markets in 6.8s | yes:86 no:11 | next in 30s
2026-07-29 21:49:27,566 - WARNING - [AUDIT] 7192843993999372 订单丢失纠偏
2026-07-29 21:49:44,849 - INFO - [SCREENER] 163 markets in 6.1s | yes:88 no:12 | next in 30s
2026-07-29 21:50:28,620 - INFO - [SCREENER] 164 markets in 11.1s | yes:87 no:13 | next in 30s
2026-07-29 21:50:56,246 - INFO - [SCREENER] 164 markets in 5.9s | yes:85 no:16 | next in 30s
2026-07-29 21:50:57,102 - ERROR - [py_clob_client_v2] request error: Server disconnected
2026-07-29 21:50:57,102 - ERROR - [py_clob_client_v2] request error: Server disconnected
2026-07-29 21:50:57,102 - ERROR - [py_clob_client_v2] request error: Server disconnected
2026-07-29 21:50:57,102 - ERROR - 获取订单簿失败: 13998984912924079695... | PolyApiException[status_code=None, error_message=Request exception!]
2026-07-29 21:50:57,103 - ERROR - 获取订单簿失败: 65120844816183490703... | PolyApiException[status_code=None, error_message=Request exception!]
2026-07-29 21:50:57,103 - ERROR - 获取订单簿失败: 10027963289188979434... | PolyApiException[status_code=None, error_message=Request exception!]
2026-07-29 21:50:58,099 - WARNING - [RETRY] 1399898491292407 bids不足3档，10s后重试
2026-07-29 21:50:58,101 - WARNING - [RETRY] 6512084481618349 bids不足3档，10s后重试
2026-07-29 21:50:58,101 - WARNING - [RETRY] 1002796328918897 bids不足3档，10s后重试
2026-07-29 21:51:39,873 - INFO - [SCREENER] 160 markets in 10.2s | yes:89 no:10 | next in 30s
2026-07-29 21:52:10,048 - INFO - [SCREENER] 160 markets in 5.9s | yes:89 no:13 | next in 30s
2026-07-29 21:52:59,499 - INFO - [SCREENER] 156 markets in 17.1s | yes:81 no:9 | next in 30s
2026-07-29 21:53:29,567 - INFO - [SCREENER] 158 markets in 7.0s | yes:84 no:11 | next in 30s
2026-07-29 21:54:00,780 - INFO - [SCREENER] 154 markets in 6.3s | yes:81 no:11 | next in 30s
2026-07-29 21:54:35,003 - ERROR - [py_clob_client_v2] request error: [SSL: UNEXPECTED_EOF_WHILE_READING] EOF occurred in violation of protocol (_ssl.c:1000)
2026-07-29 21:54:35,490 - ERROR - [HEARTBEAT] 失败 (连续 1 次): 401 Client Error: Unauthorized for url: https://clob.polymarket.com/v1/heartbeats
2026-07-29 21:55:02,738 - INFO - [SCREENER] 160 markets in 29.7s | yes:85 no:7 | next in 30s
2026-07-29 21:55:29,018 - INFO - [SCREENER] 159 markets in 15.0s | yes:87 no:6 | next in 30s
2026-07-29 21:56:04,827 - INFO - [SCREENER] 161 markets in 13.6s | yes:87 no:12 | next in 30s
2026-07-29 21:56:43,453 - INFO - [SCREENER] 158 markets in 14.9s | yes:87 no:10 | next in 30s
2026-07-29 21:57:18,637 - INFO - [SCREENER] 159 markets in 13.3s | yes:87 no:12 | next in 30s
2026-07-29 21:58:01,814 - INFO - [SCREENER] 156 markets in 21.2s | yes:81 no:6 | next in 30s
2026-07-29 21:58:27,183 - INFO - [SCREENER] 153 markets in 14.1s | yes:81 no:7 | next in 30s
2026-07-29 21:58:31,574 - ERROR - [py_clob_client_v2] request error: [SSL: UNEXPECTED_EOF_WHILE_READING] EOF occurred in violation of protocol (_ssl.c:1000)
2026-07-29 21:58:32,124 - ERROR - [HEARTBEAT] 失败 (连续 1 次): 401 Client Error: Unauthorized for url: https://clob.polymarket.com/v1/heartbeats
2026-07-29 21:58:37,197 - ERROR - [POLL] 批量查询异常: HTTPSConnectionPool(host='clob.polymarket.com', port=443): Max retries exceeded with url: /books (Caused by SSLError(SSLEOFError(8, '[SSL: UNEXPECTED_EOF_WHILE_READING] EOF occurred in violation of protocol (_ssl.c:1000)')))
2026-07-29 21:58:37,436 - WARNING - [AUDIT] 1117587924147036 订单丢失纠偏
2026-07-29 21:58:37,437 - WARNING - [AUDIT] 5628291943280744 订单丢失纠偏
2026-07-29 21:58:37,437 - WARNING - [AUDIT] 8807013473938409 订单丢失纠偏
2026-07-29 21:58:37,437 - WARNING - [AUDIT] 5665574963884049 订单丢失纠偏
2026-07-29 21:58:37,437 - WARNING - [AUDIT] 5166195493537182 订单丢失纠偏
2026-07-29 21:58:37,438 - WARNING - [AUDIT] 9077404512420004 订单丢失纠偏
2026-07-29 21:58:37,438 - WARNING - [AUDIT] 4329506741614242 订单丢失纠偏
2026-07-29 21:58:37,438 - WARNING - [AUDIT] 6381496004909133 订单丢失纠偏
2026-07-29 21:58:37,438 - WARNING - [AUDIT] 8985687337765311 订单丢失纠偏
2026-07-29 21:58:37,439 - WARNING - [AUDIT] 4021450910460381 订单丢失纠偏
2026-07-29 21:58:37,439 - WARNING - [AUDIT] 3163362723265445 订单丢失纠偏
2026-07-29 21:58:37,439 - WARNING - [AUDIT] 3068602426413270 订单丢失纠偏
2026-07-29 21:58:37,439 - WARNING - [AUDIT] 5690082784530203 订单丢失纠偏
2026-07-29 21:58:37,439 - WARNING - [AUDIT] 1050467039669960 订单丢失纠偏
2026-07-29 21:58:37,439 - WARNING - [AUDIT] 1096071201107726 订单丢失纠偏
2026-07-29 21:58:37,439 - WARNING - [AUDIT] 1495307552494407 订单丢失纠偏
2026-07-29 21:58:37,441 - WARNING - [AUDIT] 1154230654638001 订单丢失纠偏
2026-07-29 21:58:37,441 - WARNING - [AUDIT] 5173928304312758 订单丢失纠偏
2026-07-29 21:58:37,441 - WARNING - [AUDIT] 6614385806473436 订单丢失纠偏
2026-07-29 21:58:37,441 - WARNING - [AUDIT] 1082561109215351 订单丢失纠偏
2026-07-29 21:58:37,441 - WARNING - [AUDIT] 8602109109345929 订单丢失纠偏
2026-07-29 21:58:37,441 - WARNING - [AUDIT] 9658234936421319 订单丢失纠偏
2026-07-29 21:58:37,441 - WARNING - [AUDIT] 8085588690987788 订单丢失纠偏
2026-07-29 21:58:37,442 - WARNING - [AUDIT] 2353946486221127 订单丢失纠偏
2026-07-29 21:58:37,442 - WARNING - [AUDIT] 1022092457472070 订单丢失纠偏
2026-07-29 21:58:37,442 - WARNING - [AUDIT] 6434882239083600 订单丢失纠偏
2026-07-29 21:58:37,442 - WARNING - [AUDIT] 9256148593125948 订单丢失纠偏
2026-07-29 21:58:37,442 - WARNING - [AUDIT] 1881611846012403 订单丢失纠偏
2026-07-29 21:58:37,443 - WARNING - [AUDIT] 9471737552867176 订单丢失纠偏
2026-07-29 21:58:37,443 - WARNING - [AUDIT] 2798371224866267 订单丢失纠偏
2026-07-29 21:58:37,443 - WARNING - [AUDIT] 1980142990093654 订单丢失纠偏
2026-07-29 21:58:37,443 - WARNING - [AUDIT] 6043790029541861 订单丢失纠偏
2026-07-29 21:58:37,443 - WARNING - [AUDIT] 8455296868074346 订单丢失纠偏
2026-07-29 21:58:37,443 - WARNING - [AUDIT] 9311264399013062 订单丢失纠偏
2026-07-29 21:58:37,444 - WARNING - [AUDIT] 2155340172237723 订单丢失纠偏
2026-07-29 21:58:37,444 - WARNING - [AUDIT] 1042476319077633 订单丢失纠偏
2026-07-29 21:58:37,444 - WARNING - [AUDIT] 3321786090116059 订单丢失纠偏
2026-07-29 21:58:37,444 - WARNING - [AUDIT] 7567018887959061 订单丢失纠偏
2026-07-29 21:58:37,444 - WARNING - [AUDIT] 4982711891639792 订单丢失纠偏
2026-07-29 21:58:37,444 - WARNING - [AUDIT] 1100234228660797 订单丢失纠偏
2026-07-29 21:58:37,444 - WARNING - [AUDIT] 1044492815303529 订单丢失纠偏
2026-07-29 21:58:37,446 - WARNING - [AUDIT] 1623736321694726 订单丢失纠偏
2026-07-29 21:58:37,446 - WARNING - [AUDIT] 8719793095183641 订单丢失纠偏
2026-07-29 21:58:37,446 - WARNING - [AUDIT] 7912940889785135 订单丢失纠偏
2026-07-29 21:58:37,447 - WARNING - [AUDIT] 6079413036958135 订单丢失纠偏
2026-07-29 21:58:37,447 - WARNING - [AUDIT] 5187525504137206 订单丢失纠偏
2026-07-29 21:58:37,447 - WARNING - [AUDIT] 2268163722841394 订单丢失纠偏
2026-07-29 21:58:37,447 - WARNING - [AUDIT] 2652508048102075 订单丢失纠偏
2026-07-29 21:58:37,448 - WARNING - [AUDIT] 8017685603829740 订单丢失纠偏
2026-07-29 21:58:37,448 - WARNING - [AUDIT] 9605998236724750 订单丢失纠偏
2026-07-29 21:58:37,448 - WARNING - [AUDIT] 4379785612426100 订单丢失纠偏
2026-07-29 21:58:37,448 - WARNING - [AUDIT] 4577693276594738 订单丢失纠偏
2026-07-29 21:58:37,448 - WARNING - [AUDIT] 1150178838612323 订单丢失纠偏
2026-07-29 21:58:37,449 - WARNING - [AUDIT] 1004949569176251 订单丢失纠偏
2026-07-29 21:58:37,449 - WARNING - [AUDIT] 9923108436582854 订单丢失纠偏
2026-07-29 21:58:37,449 - WARNING - [AUDIT] 3475849100824778 订单丢失纠偏
2026-07-29 21:58:37,449 - WARNING - [AUDIT] 1158979346242362 订单丢失纠偏
2026-07-29 21:58:37,450 - WARNING - [AUDIT] 9923601734476122 订单丢失纠偏
2026-07-29 21:58:37,450 - WARNING - [AUDIT] 4455263676921725 订单丢失纠偏
2026-07-29 21:58:37,450 - WARNING - [AUDIT] 7180695672126738 订单丢失纠偏
2026-07-29 21:58:37,450 - WARNING - [AUDIT] 8867253436598429 订单丢失纠偏
2026-07-29 21:58:37,450 - WARNING - [AUDIT] 4469030833584170 订单丢失纠偏
2026-07-29 21:58:37,451 - WARNING - [AUDIT] 1399898491292407 订单丢失纠偏
2026-07-29 21:58:37,451 - WARNING - [AUDIT] 1065873366524977 订单丢失纠偏
2026-07-29 21:58:37,451 - WARNING - [AUDIT] 7549987038399964 订单丢失纠偏
2026-07-29 21:58:37,451 - WARNING - [AUDIT] 5577167869714116 订单丢失纠偏
2026-07-29 21:58:37,451 - WARNING - [AUDIT] 4649822719517002 订单丢失纠偏
2026-07-29 21:58:37,451 - WARNING - [AUDIT] 6512084481618349 订单丢失纠偏
2026-07-29 21:58:37,451 - WARNING - [AUDIT] 1066884398268354 订单丢失纠偏
2026-07-29 21:58:37,452 - WARNING - [AUDIT] 2133305250514714 订单丢失纠偏
2026-07-29 21:58:37,452 - WARNING - [AUDIT] 9557217740809434 订单丢失纠偏
2026-07-29 21:58:37,452 - WARNING - [AUDIT] 3268278949469979 订单丢失纠偏
2026-07-29 21:58:37,452 - WARNING - [AUDIT] 7763887955587621 订单丢失纠偏
2026-07-29 21:58:37,452 - WARNING - [AUDIT] 9530461278633684 订单丢失纠偏
2026-07-29 21:58:37,452 - WARNING - [AUDIT] 9180087189180355 订单丢失纠偏
2026-07-29 21:58:37,452 - WARNING - [AUDIT] 9785542167570721 订单丢失纠偏
2026-07-29 21:58:37,454 - WARNING - [AUDIT] 4872872620891083 订单丢失纠偏
2026-07-29 21:58:37,454 - WARNING - [AUDIT] 1047925632399163 订单丢失纠偏
2026-07-29 21:59:00,127 - ERROR - [py_clob_client_v2] request error: [SSL: UNEXPECTED_EOF_WHILE_READING] EOF occurred in violation of protocol (_ssl.c:1000)
2026-07-29 21:59:00,694 - ERROR - [HEARTBEAT] 失败 (连续 1 次): 401 Client Error: Unauthorized for url: https://clob.polymarket.com/v1/heartbeats
2026-07-29 21:59:04,729 - INFO - [SCREENER] 151 markets in 14.9s | yes:77 no:6 | next in 30s
2026-07-29 21:59:40,707 - INFO - [SCREENER] 151 markets in 14.4s | yes:74 no:5 | next in 30s
2026-07-29 22:00:15,886 - INFO - [SCREENER] 153 markets in 13.5s | yes:74 no:4 | next in 30s
2026-07-29 22:00:28,090 - WARNING - [AUDIT] 7878512989408810 订单丢失纠偏
2026-07-29 22:00:42,643 - ERROR - [py_clob_client_v2] request error: [SSL: UNEXPECTED_EOF_WHILE_READING] EOF occurred in violation of protocol (_ssl.c:1000)
2026-07-29 22:00:43,174 - ERROR - [HEARTBEAT] 失败 (连续 1 次): 401 Client Error: Unauthorized for url: https://clob.polymarket.com/v1/heartbeats
2026-07-29 22:00:48,266 - ERROR - [py_clob_client_v2] request error: [SSL: UNEXPECTED_EOF_WHILE_READING] EOF occurred in violation of protocol (_ssl.c:1000)
2026-07-29 22:00:48,266 - ERROR - 获取订单簿失败: 31633627232654453821... | PolyApiException[status_code=None, error_message=Request exception!]
2026-07-29 22:00:52,341 - INFO - [SCREENER] 155 markets in 13.5s | yes:76 no:5 | next in 30s
2026-07-29 22:00:54,442 - WARNING - [RETRY] 3163362723265445 bids不足3档，10s后重试
2026-07-29 22:01:22,504 - INFO - [SCREENER] 152 markets in 7.4s | yes:77 no:6 | next in 30s
2026-07-29 22:02:01,271 - INFO - [SCREENER] 153 markets in 6.4s | yes:79 no:11 | next in 30s
2026-07-29 22:02:28,306 - ERROR - [POLL] 批量查询异常: HTTPSConnectionPool(host='clob.polymarket.com', port=443): Max retries exceeded with url: /books (Caused by SSLError(SSLEOFError(8, '[SSL: UNEXPECTED_EOF_WHILE_READING] EOF occurred in violation of protocol (_ssl.c:1000)')))
2026-07-29 22:03:21,149 - INFO - [SCREENER] 153 markets in 42.8s | yes:82 no:10 | next in 30s
2026-07-29 22:03:22,897 - WARNING - [AUDIT] 1107486019531506 订单丢失纠偏
2026-07-29 22:03:22,897 - WARNING - [AUDIT] 8245786010655962 订单丢失纠偏
2026-07-29 22:03:22,897 - WARNING - [AUDIT] 2008944663388461 订单丢失纠偏
2026-07-29 22:03:22,898 - WARNING - [AUDIT] 8161103130997014 订单丢失纠偏
2026-07-29 22:03:22,898 - WARNING - [AUDIT] 8461408730649695 订单丢失纠偏
2026-07-29 22:03:22,898 - WARNING - [AUDIT] 7192843993999372 订单丢失纠偏
2026-07-29 22:03:42,939 - INFO - [SCREENER] 152 markets in 8.8s | yes:83 no:10 | next in 30s
2026-07-29 22:04:32,490 - INFO - [SCREENER] 152 markets in 28.1s | yes:78 no:11 | next in 30s
2026-07-29 22:04:50,152 - INFO - [SCREENER] 154 markets in 6.4s | yes:76 no:12 | next in 30s
2026-07-29 22:05:08,459 - ERROR - [POLL] 批量查询异常: HTTPSConnectionPool(host='clob.polymarket.com', port=443): Max retries exceeded with url: /books (Caused by SSLError(SSLEOFError(8, '[SSL: UNEXPECTED_EOF_WHILE_READING] EOF occurred in violation of protocol (_ssl.c:1000)')))
2026-07-29 22:05:45,785 - INFO - [SCREENER] 153 markets in 27.3s | yes:79 no:12 | next in 30s
2026-07-29 22:05:50,787 - ERROR - [py_clob_client_v2] request error: [SSL: UNEXPECTED_EOF_WHILE_READING] EOF occurred in violation of protocol (_ssl.c:1000)
2026-07-29 22:05:50,787 - ERROR - [CANCEL FAIL] 0x8f30bdd7c560c0f896... | PolyApiException[status_code=None, error_message=Request exception!]
2026-07-29 22:05:52,894 - ERROR - [CANCEL FAIL] 0x8f30bdd7c560c0f896 订单仍存活在交易所！保持 RESTING
2026-07-29 22:06:10,597 - ERROR - [py_clob_client_v2] request error: [SSL: UNEXPECTED_EOF_WHILE_READING] EOF occurred in violation of protocol (_ssl.c:1000)
2026-07-29 22:06:11,121 - ERROR - [HEARTBEAT] 失败 (连续 1 次): 401 Client Error: Unauthorized for url: https://clob.polymarket.com/v1/heartbeats
2026-07-29 22:06:17,580 - INFO - [SCREENER] 152 markets in 14.7s | yes:78 no:9 | next in 30s
2026-07-29 22:06:19,242 - ERROR - [BATCH CANCEL FAIL] 0x1f57d0ad007c7f2e20... | order can't be found - already canceled or matched
2026-07-29 22:06:19,242 - ERROR - [BATCH CANCEL FAIL] 0x283109530f159a1e10... | order can't be found - already canceled or matched
2026-07-29 22:06:19,608 - ERROR - [BATCH CANCEL] 3317956206489901 取消失败，清空 active_id 进入冷却兜底
2026-07-29 22:06:19,608 - ERROR - [BATCH CANCEL] 1154230654638001 取消失败，清空 active_id 进入冷却兜底
2026-07-29 22:06:39,188 - ERROR - [py_clob_client_v2] request error: [SSL: UNEXPECTED_EOF_WHILE_READING] EOF occurred in violation of protocol (_ssl.c:1000)
2026-07-29 22:06:39,734 - ERROR - [HEARTBEAT] 失败 (连续 1 次): 401 Client Error: Unauthorized for url: https://clob.polymarket.com/v1/heartbeats
2026-07-29 22:06:45,740 - ERROR - [py_clob_client_v2] request error: [SSL: UNEXPECTED_EOF_WHILE_READING] EOF occurred in violation of protocol (_ssl.c:1000)
2026-07-29 22:06:46,296 - ERROR - [HEARTBEAT] 失败 (连续 2 次): 401 Client Error: Unauthorized for url: https://clob.polymarket.com/v1/heartbeats
2026-07-29 22:06:46,312 - INFO - [SCREENER] 153 markets in 7.1s | yes:79 no:8 | next in 30s
2026-07-29 22:06:59,440 - WARNING - [AUDIT] 1117587924147036 订单丢失纠偏
2026-07-29 22:06:59,441 - WARNING - [AUDIT] 5628291943280744 订单丢失纠偏
2026-07-29 22:06:59,441 - WARNING - [AUDIT] 8807013473938409 订单丢失纠偏
2026-07-29 22:06:59,441 - WARNING - [AUDIT] 5665574963884049 订单丢失纠偏
2026-07-29 22:06:59,442 - WARNING - [AUDIT] 9077404512420004 订单丢失纠偏
2026-07-29 22:06:59,442 - WARNING - [AUDIT] 4329506741614242 订单丢失纠偏
2026-07-29 22:06:59,442 - WARNING - [AUDIT] 6381496004909133 订单丢失纠偏
2026-07-29 22:06:59,442 - WARNING - [AUDIT] 8985687337765311 订单丢失纠偏
2026-07-29 22:06:59,443 - WARNING - [AUDIT] 4021450910460381 订单丢失纠偏
2026-07-29 22:06:59,443 - WARNING - [AUDIT] 3163362723265445 订单丢失纠偏
2026-07-29 22:06:59,443 - WARNING - [AUDIT] 3068602426413270 订单丢失纠偏
2026-07-29 22:06:59,443 - WARNING - [AUDIT] 1050467039669960 订单丢失纠偏
2026-07-29 22:06:59,443 - WARNING - [AUDIT] 1495307552494407 订单丢失纠偏
2026-07-29 22:06:59,444 - WARNING - [AUDIT] 5173928304312758 订单丢失纠偏
2026-07-29 22:06:59,444 - WARNING - [AUDIT] 6614385806473436 订单丢失纠偏
2026-07-29 22:06:59,444 - WARNING - [AUDIT] 1082561109215351 订单丢失纠偏
2026-07-29 22:06:59,444 - WARNING - [AUDIT] 8602109109345929 订单丢失纠偏
2026-07-29 22:06:59,444 - WARNING - [AUDIT] 8085588690987788 订单丢失纠偏
2026-07-29 22:06:59,445 - WARNING - [AUDIT] 1022092457472070 订单丢失纠偏
2026-07-29 22:06:59,445 - WARNING - [AUDIT] 6434882239083600 订单丢失纠偏
2026-07-29 22:06:59,445 - WARNING - [AUDIT] 9256148593125948 订单丢失纠偏
2026-07-29 22:06:59,445 - WARNING - [AUDIT] 1881611846012403 订单丢失纠偏
2026-07-29 22:06:59,445 - WARNING - [AUDIT] 9471737552867176 订单丢失纠偏
2026-07-29 22:06:59,446 - WARNING - [AUDIT] 1980142990093654 订单丢失纠偏
2026-07-29 22:06:59,446 - WARNING - [AUDIT] 6043790029541861 订单丢失纠偏
2026-07-29 22:06:59,447 - WARNING - [AUDIT] 8455296868074346 订单丢失纠偏
2026-07-29 22:06:59,447 - WARNING - [AUDIT] 1042476319077633 订单丢失纠偏
2026-07-29 22:06:59,447 - WARNING - [AUDIT] 3321786090116059 订单丢失纠偏
2026-07-29 22:06:59,447 - WARNING - [AUDIT] 1107486019531506 订单丢失纠偏
2026-07-29 22:06:59,448 - WARNING - [AUDIT] 7567018887959061 订单丢失纠偏
2026-07-29 22:06:59,448 - WARNING - [AUDIT] 4982711891639792 订单丢失纠偏
2026-07-29 22:06:59,448 - WARNING - [AUDIT] 1100234228660797 订单丢失纠偏
2026-07-29 22:06:59,448 - WARNING - [AUDIT] 1044492815303529 订单丢失纠偏
2026-07-29 22:06:59,449 - WARNING - [AUDIT] 1623736321694726 订单丢失纠偏
2026-07-29 22:06:59,449 - WARNING - [AUDIT] 8719793095183641 订单丢失纠偏
2026-07-29 22:06:59,449 - WARNING - [AUDIT] 7912940889785135 订单丢失纠偏
2026-07-29 22:06:59,449 - WARNING - [AUDIT] 5187525504137206 订单丢失纠偏
2026-07-29 22:06:59,449 - WARNING - [AUDIT] 2652508048102075 订单丢失纠偏
2026-07-29 22:06:59,450 - WARNING - [AUDIT] 8017685603829740 订单丢失纠偏
2026-07-29 22:06:59,450 - WARNING - [AUDIT] 9605998236724750 订单丢失纠偏
2026-07-29 22:06:59,450 - WARNING - [AUDIT] 4379785612426100 订单丢失纠偏
2026-07-29 22:06:59,450 - WARNING - [AUDIT] 4577693276594738 订单丢失纠偏
2026-07-29 22:06:59,450 - WARNING - [AUDIT] 1150178838612323 订单丢失纠偏
2026-07-29 22:06:59,451 - WARNING - [AUDIT] 9923108436582854 订单丢失纠偏
2026-07-29 22:06:59,451 - WARNING - [AUDIT] 3475849100824778 订单丢失纠偏
2026-07-29 22:06:59,451 - WARNING - [AUDIT] 1158979346242362 订单丢失纠偏
2026-07-29 22:06:59,451 - WARNING - [AUDIT] 4469030833584170 订单丢失纠偏
2026-07-29 22:06:59,452 - WARNING - [AUDIT] 1399898491292407 订单丢失纠偏
2026-07-29 22:06:59,452 - WARNING - [AUDIT] 7549987038399964 订单丢失纠偏
2026-07-29 22:06:59,452 - WARNING - [AUDIT] 5577167869714116 订单丢失纠偏
2026-07-29 22:06:59,452 - WARNING - [AUDIT] 4649822719517002 订单丢失纠偏
2026-07-29 22:06:59,453 - WARNING - [AUDIT] 9557217740809434 订单丢失纠偏
2026-07-29 22:06:59,453 - WARNING - [AUDIT] 9530461278633684 订单丢失纠偏
2026-07-29 22:06:59,453 - WARNING - [AUDIT] 7878512989408810 订单丢失纠偏
2026-07-29 22:06:59,453 - WARNING - [AUDIT] 2008944663388461 订单丢失纠偏
2026-07-29 22:06:59,453 - WARNING - [AUDIT] 8161103130997014 订单丢失纠偏
2026-07-29 22:06:59,454 - WARNING - [AUDIT] 8867253436598429 订单丢失纠偏
2026-07-29 22:06:59,454 - WARNING - [AUDIT] 9209537011088003 订单丢失纠偏
2026-07-29 22:06:59,454 - WARNING - [AUDIT] 1731101641756303 订单丢失纠偏
2026-07-29 22:06:59,454 - WARNING - [AUDIT] 4785924216663269 订单丢失纠偏
2026-07-29 22:06:59,454 - WARNING - [AUDIT] 1186180799404249 订单丢失纠偏
2026-07-29 22:06:59,455 - WARNING - [AUDIT] 1113974223965767 订单丢失纠偏
2026-07-29 22:06:59,455 - WARNING - [AUDIT] 8011644069452108 订单丢失纠偏
2026-07-29 22:06:59,455 - WARNING - [AUDIT] 1066884398268354 订单丢失纠偏
2026-07-29 22:06:59,455 - WARNING - [AUDIT] 9785542167570721 订单丢失纠偏
2026-07-29 22:06:59,455 - WARNING - [AUDIT] 9777525359596273 订单丢失纠偏
2026-07-29 22:06:59,456 - WARNING - [AUDIT] 1070616765467337 订单丢失纠偏
2026-07-29 22:06:59,456 - WARNING - [AUDIT] 5552092961648777 订单丢失纠偏
2026-07-29 22:06:59,456 - WARNING - [AUDIT] 7763887955587621 订单丢失纠偏
2026-07-29 22:06:59,456 - WARNING - [AUDIT] 2353946486221127 订单丢失纠偏
2026-07-29 22:06:59,457 - WARNING - [AUDIT] 5690082784530203 订单丢失纠偏
2026-07-29 22:06:59,457 - WARNING - [AUDIT] 1004949569176251 订单丢失纠偏
2026-07-29 22:06:59,458 - WARNING - [AUDIT] 4061207631473337 订单丢失纠偏
2026-07-29 22:06:59,458 - WARNING - [AUDIT] 1107830215603834 订单丢失纠偏
2026-07-29 22:06:59,458 - WARNING - [AUDIT] 8245786010655962 订单丢失纠偏
2026-07-29 22:06:59,458 - WARNING - [AUDIT] 7677103133706603 订单丢失纠偏
2026-07-29 22:06:59,459 - WARNING - [AUDIT] 2716076494033304 订单丢失纠偏
2026-07-29 22:07:25,316 - INFO - [SCREENER] 156 markets in 15.1s | yes:79 no:10 | next in 30s
2026-07-29 22:08:00,378 - INFO - [SCREENER] 157 markets in 13.6s | yes:75 no:10 | next in 30s
2026-07-29 22:08:16,559 - ERROR - [POLL] 批量查询异常: HTTPSConnectionPool(host='clob.polymarket.com', port=443): Max retries exceeded with url: /books (Caused by SSLError(SSLEOFError(8, '[SSL: UNEXPECTED_EOF_WHILE_READING] EOF occurred in violation of protocol (_ssl.c:1000)')))
2026-07-29 22:08:55,451 - INFO - [SCREENER] 161 markets in 28.9s | yes:88 no:13 | next in 30s
2026-07-29 22:09:01,149 - ERROR - [py_clob_client_v2] request error: Server disconnected
2026-07-29 22:09:01,149 - ERROR - [py_clob_client_v2] request error: Server disconnected
2026-07-29 22:09:01,149 - ERROR - [py_clob_client_v2] request error: Server disconnected
2026-07-29 22:09:01,150 - ERROR - [py_clob_client_v2] request error: Server disconnected
2026-07-29 22:09:01,150 - ERROR - 获取订单簿失败: 79129408897851355133... | PolyApiException[status_code=None, error_message=Request exception!]
2026-07-29 22:09:01,150 - ERROR - [py_clob_client_v2] request error: Server disconnected
2026-07-29 22:09:01,150 - ERROR - 获取订单簿失败: 16237363216947267538... | PolyApiException[status_code=None, error_message=Request exception!]
2026-07-29 22:09:01,150 - ERROR - [py_clob_client_v2] request error: Server disconnected
2026-07-29 22:09:01,151 - ERROR - [py_clob_client_v2] request error: Server disconnected
2026-07-29 22:09:01,152 - ERROR - 获取订单簿失败: 51875255041372063150... | PolyApiException[status_code=None, error_message=Request exception!]
2026-07-29 22:09:01,153 - ERROR - 获取订单簿失败: 11002342286607970432... | PolyApiException[status_code=None, error_message=Request exception!]
2026-07-29 22:09:01,156 - ERROR - 获取订单簿失败: 10444928153035298651... | PolyApiException[status_code=None, error_message=Request exception!]
2026-07-29 22:09:01,157 - ERROR - 获取订单簿失败: 26525080481020752332... | PolyApiException[status_code=None, error_message=Request exception!]
2026-07-29 22:09:01,158 - ERROR - 获取订单簿失败: 87197930951836413490... | PolyApiException[status_code=None, error_message=Request exception!]
2026-07-29 22:09:01,331 - WARNING - [RETRY] 1100234228660797 bids不足3档，10s后重试
2026-07-29 22:09:01,331 - WARNING - [RETRY] 1044492815303529 bids不足3档，10s后重试
2026-07-29 22:09:01,331 - WARNING - [RETRY] 1623736321694726 bids不足3档，10s后重试
2026-07-29 22:09:01,331 - WARNING - [RETRY] 8719793095183641 bids不足3档，10s后重试
2026-07-29 22:09:01,333 - WARNING - [RETRY] 7912940889785135 bids不足3档，10s后重试
2026-07-29 22:09:01,333 - WARNING - [RETRY] 5187525504137206 bids不足3档，10s后重试
2026-07-29 22:09:01,333 - WARNING - [RETRY] 2652508048102075 bids不足3档，10s后重试
2026-07-29 22:09:14,816 - ERROR - [py_clob_client_v2] request error: Server disconnected
2026-07-29 22:09:14,816 - ERROR - [py_clob_client_v2] request error: Server disconnected
2026-07-29 22:09:14,817 - ERROR - [py_clob_client_v2] request error: Server disconnected
2026-07-29 22:09:14,817 - ERROR - [PLACE FAIL] 2268163722841394... price=0.19 attempt=1/2 | PolyApiException[status_code=None, error_message=Request exception!]
2026-07-29 22:09:14,818 - ERROR - [PLACE FAIL] 1002833105886322... price=0.56 attempt=1/2 | PolyApiException[status_code=None, error_message=Request exception!]
2026-07-29 22:09:15,167 - INFO - [SCREENER] 161 markets in 8.8s | yes:85 no:15 | next in 30s
2026-07-29 22:09:15,393 - ERROR - [HEARTBEAT] 失败 (连续 1 次): 401 Client Error: Unauthorized for url: https://clob.polymarket.com/v1/heartbeats
2026-07-29 22:09:16,791 - ERROR - [py_clob_client_v2] request error status=400 url=https://clob.polymarket.com/v1/heartbeats body={"heartbeat_id":"398e00a5-e0f0-4d04-aeae-08a4c01c0153","error_msg":"Invalid Heartbeat ID"}
2026-07-29 22:09:16,792 - INFO - [HEARTBEAT] 从 SDK 错误恢复 heartbeat_id: 398e00a5-e0f0-4d (旧: 37083353-d7df-4f)
2026-07-29 22:09:17,047 - INFO - [HEARTBEAT] OK (recovered) id=cc18fc43-e5c5-4b
2026-07-29 22:09:21,802 - ERROR - [AUDIT] 批量查询 best_bid 失败: HTTPSConnectionPool(host='clob.polymarket.com', port=443): Max retries exceeded with url: /books (Caused by SSLError(SSLEOFError(8, '[SSL: UNEXPECTED_EOF_WHILE_READING] EOF occurred in violation of protocol (_ssl.c:1000)')))
2026-07-29 22:09:25,996 - ERROR - [py_clob_client_v2] request error: Server disconnected
2026-07-29 22:09:25,997 - ERROR - [py_clob_client_v2] request error: Server disconnected
2026-07-29 22:09:25,997 - ERROR - [py_clob_client_v2] request error: Server disconnected
2026-07-29 22:09:25,997 - ERROR - [py_clob_client_v2] request error: Server disconnected
2026-07-29 22:09:25,997 - ERROR - [PLACE FAIL] 7574535966689749... price=0.47 attempt=1/2 | PolyApiException[status_code=None, error_message=Request exception!]
2026-07-29 22:09:25,998 - ERROR - [PLACE FAIL] 2702503326839325... price=0.39 attempt=1/2 | PolyApiException[status_code=None, error_message=Request exception!]
2026-07-29 22:09:25,998 - ERROR - 获取订单簿失败: 87961147870859199041... | PolyApiException[status_code=None, error_message=Request exception!]
2026-07-29 22:09:25,999 - ERROR - [PLACE FAIL] 1086604758790294... price=0.59 attempt=1/2 | PolyApiException[status_code=None, error_message=Request exception!]
2026-07-29 22:09:26,483 - WARNING - [RETRY] 8796114787085919 bids不足3档，10s后重试
2026-07-29 22:09:57,882 - INFO - [SCREENER] 159 markets in 14.8s | yes:88 no:13 | next in 30s
2026-07-29 22:10:27,972 - INFO - [SCREENER] 153 markets in 7.7s | yes:90 no:14 | next in 30s
2026-07-29 22:11:11,929 - ERROR - [py_clob_client_v2] request error: [SSL: UNEXPECTED_EOF_WHILE_READING] EOF occurred in violation of protocol (_ssl.c:1000)
2026-07-29 22:11:12,441 - ERROR - [HEARTBEAT] 失败 (连续 1 次): 401 Client Error: Unauthorized for url: https://clob.polymarket.com/v1/heartbeats
2026-07-29 22:11:13,320 - INFO - [SCREENER] 153 markets in 23.0s | yes:91 no:14 | next in 30s
2026-07-29 22:11:18,321 - ERROR - [py_clob_client_v2] request error: [SSL: UNEXPECTED_EOF_WHILE_READING] EOF occurred in violation of protocol (_ssl.c:1000)
2026-07-29 22:11:18,321 - ERROR - [CANCEL FAIL] 0x716d9b749738ff8c33... | PolyApiException[status_code=None, error_message=Request exception!]
2026-07-29 22:11:19,794 - ERROR - [CANCEL FAIL] 0x716d9b749738ff8c33 订单仍存活在交易所！保持 RESTING
2026-07-29 22:11:20,380 - ERROR - [BATCH CANCEL FAIL] 0x76cd75eb4209559cc7... | order can't be found - already canceled or matched
2026-07-29 22:11:20,796 - ERROR - [BATCH CANCEL] 1070616765467337 取消失败，清空 active_id 进入冷却兜底
2026-07-29 22:11:38,414 - INFO - [SCREENER] 158 markets in 8.6s | yes:90 no:14 | next in 30s
2026-07-29 22:11:40,269 - WARNING - [AUDIT] 1117587924147036 订单丢失纠偏
2026-07-29 22:11:40,269 - WARNING - [AUDIT] 5628291943280744 订单丢失纠偏
2026-07-29 22:11:40,270 - WARNING - [AUDIT] 8807013473938409 订单丢失纠偏
2026-07-29 22:11:40,270 - WARNING - [AUDIT] 5665574963884049 订单丢失纠偏
2026-07-29 22:11:40,270 - WARNING - [AUDIT] 9077404512420004 订单丢失纠偏
2026-07-29 22:11:40,271 - WARNING - [AUDIT] 4329506741614242 订单丢失纠偏
2026-07-29 22:11:40,272 - WARNING - [AUDIT] 6381496004909133 订单丢失纠偏
2026-07-29 22:11:40,272 - WARNING - [AUDIT] 8985687337765311 订单丢失纠偏
2026-07-29 22:11:40,272 - WARNING - [AUDIT] 4021450910460381 订单丢失纠偏
2026-07-29 22:11:40,272 - WARNING - [AUDIT] 3163362723265445 订单丢失纠偏
2026-07-29 22:11:40,273 - WARNING - [AUDIT] 3068602426413270 订单丢失纠偏
2026-07-29 22:11:40,273 - WARNING - [AUDIT] 1050467039669960 订单丢失纠偏
2026-07-29 22:11:40,273 - WARNING - [AUDIT] 1495307552494407 订单丢失纠偏
2026-07-29 22:11:40,274 - WARNING - [AUDIT] 5173928304312758 订单丢失纠偏
2026-07-29 22:11:40,274 - WARNING - [AUDIT] 1082561109215351 订单丢失纠偏
2026-07-29 22:11:40,274 - WARNING - [AUDIT] 8602109109345929 订单丢失纠偏
2026-07-29 22:11:40,274 - WARNING - [AUDIT] 8085588690987788 订单丢失纠偏
2026-07-29 22:11:40,275 - WARNING - [AUDIT] 1022092457472070 订单丢失纠偏
2026-07-29 22:11:40,275 - WARNING - [AUDIT] 6434882239083600 订单丢失纠偏
2026-07-29 22:11:40,275 - WARNING - [AUDIT] 9256148593125948 订单丢失纠偏
2026-07-29 22:11:40,276 - WARNING - [AUDIT] 1881611846012403 订单丢失纠偏
2026-07-29 22:11:40,276 - WARNING - [AUDIT] 9471737552867176 订单丢失纠偏
2026-07-29 22:11:40,277 - WARNING - [AUDIT] 1980142990093654 订单丢失纠偏
2026-07-29 22:11:40,277 - WARNING - [AUDIT] 6043790029541861 订单丢失纠偏
2026-07-29 22:11:40,277 - WARNING - [AUDIT] 8455296868074346 订单丢失纠偏
2026-07-29 22:11:40,277 - WARNING - [AUDIT] 1042476319077633 订单丢失纠偏
2026-07-29 22:11:40,278 - WARNING - [AUDIT] 3321786090116059 订单丢失纠偏
2026-07-29 22:11:40,278 - WARNING - [AUDIT] 7567018887959061 订单丢失纠偏
2026-07-29 22:11:40,279 - WARNING - [AUDIT] 4982711891639792 订单丢失纠偏
2026-07-29 22:11:40,279 - WARNING - [AUDIT] 1100234228660797 订单丢失纠偏
2026-07-29 22:11:40,279 - WARNING - [AUDIT] 1044492815303529 订单丢失纠偏
2026-07-29 22:11:40,279 - WARNING - [AUDIT] 1623736321694726 订单丢失纠偏
2026-07-29 22:11:40,279 - WARNING - [AUDIT] 8719793095183641 订单丢失纠偏
2026-07-29 22:11:40,280 - WARNING - [AUDIT] 7912940889785135 订单丢失纠偏
2026-07-29 22:11:40,280 - WARNING - [AUDIT] 2652508048102075 订单丢失纠偏
2026-07-29 22:11:40,280 - WARNING - [AUDIT] 8017685603829740 订单丢失纠偏
2026-07-29 22:11:40,280 - WARNING - [AUDIT] 9605998236724750 订单丢失纠偏
2026-07-29 22:11:40,281 - WARNING - [AUDIT] 4379785612426100 订单丢失纠偏
2026-07-29 22:11:40,281 - WARNING - [AUDIT] 4577693276594738 订单丢失纠偏
2026-07-29 22:11:40,281 - WARNING - [AUDIT] 1150178838612323 订单丢失纠偏
2026-07-29 22:11:40,281 - WARNING - [AUDIT] 9923108436582854 订单丢失纠偏
2026-07-29 22:11:40,281 - WARNING - [AUDIT] 3475849100824778 订单丢失纠偏
2026-07-29 22:11:40,281 - WARNING - [AUDIT] 1158979346242362 订单丢失纠偏
2026-07-29 22:11:40,281 - WARNING - [AUDIT] 4469030833584170 订单丢失纠偏
2026-07-29 22:11:40,283 - WARNING - [AUDIT] 1399898491292407 订单丢失纠偏
2026-07-29 22:11:40,283 - WARNING - [AUDIT] 7549987038399964 订单丢失纠偏
2026-07-29 22:11:40,283 - WARNING - [AUDIT] 5577167869714116 订单丢失纠偏
2026-07-29 22:11:40,283 - WARNING - [AUDIT] 4649822719517002 订单丢失纠偏
2026-07-29 22:11:40,283 - WARNING - [AUDIT] 9557217740809434 订单丢失纠偏
2026-07-29 22:11:40,283 - WARNING - [AUDIT] 9530461278633684 订单丢失纠偏
2026-07-29 22:11:40,283 - WARNING - [AUDIT] 2008944663388461 订单丢失纠偏
2026-07-29 22:11:40,283 - WARNING - [AUDIT] 8161103130997014 订单丢失纠偏
2026-07-29 22:11:40,284 - WARNING - [AUDIT] 3317956206489901 订单丢失纠偏
2026-07-29 22:11:40,284 - WARNING - [AUDIT] 8867253436598429 订单丢失纠偏
2026-07-29 22:11:40,284 - WARNING - [AUDIT] 9209537011088003 订单丢失纠偏
2026-07-29 22:11:40,284 - WARNING - [AUDIT] 1113974223965767 订单丢失纠偏
2026-07-29 22:11:40,285 - WARNING - [AUDIT] 8011644069452108 订单丢失纠偏
2026-07-29 22:11:40,285 - WARNING - [AUDIT] 1066884398268354 订单丢失纠偏
2026-07-29 22:11:40,285 - WARNING - [AUDIT] 5552092961648777 订单丢失纠偏
2026-07-29 22:11:40,285 - WARNING - [AUDIT] 6079413036958135 订单丢失纠偏
2026-07-29 22:11:40,285 - WARNING - [AUDIT] 7763887955587621 订单丢失纠偏
2026-07-29 22:11:40,285 - WARNING - [AUDIT] 2353946486221127 订单丢失纠偏
2026-07-29 22:11:40,285 - WARNING - [AUDIT] 5690082784530203 订单丢失纠偏
2026-07-29 22:11:40,287 - WARNING - [AUDIT] 1004949569176251 订单丢失纠偏
2026-07-29 22:11:40,287 - WARNING - [AUDIT] 8245786010655962 订单丢失纠偏
2026-07-29 22:11:40,287 - WARNING - [AUDIT] 7180695672126738 订单丢失纠偏
2026-07-29 22:11:40,287 - WARNING - [AUDIT] 7677103133706603 订单丢失纠偏
2026-07-29 22:11:40,287 - WARNING - [AUDIT] 8461408730649695 订单丢失纠偏
2026-07-29 22:11:40,288 - WARNING - [AUDIT] 3028576635815887 订单丢失纠偏
2026-07-29 22:11:40,288 - WARNING - [AUDIT] 1096071201107726 订单丢失纠偏
2026-07-29 22:11:40,288 - WARNING - [AUDIT] 5069233318055878 订单丢失纠偏
2026-07-29 22:11:40,288 - WARNING - [AUDIT] 6512084481618349 订单丢失纠偏
2026-07-29 22:11:40,288 - WARNING - [AUDIT] 1648964280113991 订单丢失纠偏
2026-07-29 22:11:40,289 - WARNING - [AUDIT] 6640641711081564 订单丢失纠偏
2026-07-29 22:11:40,289 - WARNING - [AUDIT] 2702503326839325 订单丢失纠偏
2026-07-29 22:11:40,289 - WARNING - [AUDIT] 2268163722841394 订单丢失纠偏
2026-07-29 22:11:40,289 - WARNING - [AUDIT] 7574535966689749 订单丢失纠偏
2026-07-29 22:11:40,289 - WARNING - [AUDIT] 4061207631473337 订单丢失纠偏
2026-07-29 22:11:40,289 - WARNING - [AUDIT] 1126413069005528 订单丢失纠偏
2026-07-29 22:11:40,289 - WARNING - [AUDIT] 1086604758790294 订单丢失纠偏
2026-07-29 22:11:40,290 - WARNING - [AUDIT] 5746929709702643 订单丢失纠偏
2026-07-29 22:11:40,290 - WARNING - [AUDIT] 1107830215603834 订单丢失纠偏
2026-07-29 22:11:40,290 - WARNING - [AUDIT] 1101733377666130 订单丢失纠偏
2026-07-29 22:11:40,290 - WARNING - [AUDIT] 5895154120987857 订单丢失纠偏
2026-07-29 22:11:40,291 - WARNING - [AUDIT] 7878512989408810 订单丢失纠偏
2026-07-29 22:11:40,291 - WARNING - [AUDIT] 2777253507673553 订单丢失纠偏
2026-07-29 22:11:40,291 - WARNING - [AUDIT] 1990157254269563 订单丢失纠偏
2026-07-29 22:11:40,291 - WARNING - [AUDIT] 1154230654638001 订单丢失纠偏
2026-07-29 22:11:40,291 - WARNING - [AUDIT] 1113168410954942 订单丢失纠偏
2026-07-29 22:11:40,291 - WARNING - [AUDIT] 1047925632399163 订单丢失纠偏
2026-07-29 22:11:40,291 - WARNING - [AUDIT] 2608826086101062 订单丢失纠偏
2026-07-29 22:12:08,170 - INFO - [SCREENER] 159 markets in 6.6s | yes:90 no:15 | next in 30s
2026-07-29 22:12:13,162 - ERROR - [py_clob_client_v2] request error: _ssl.c:983: The handshake operation timed out
2026-07-29 22:12:13,163 - ERROR - [CANCEL FAIL] 0x468d8185aed0b06852... | PolyApiException[status_code=None, error_message=Request exception!]
2026-07-29 22:12:14,916 - ERROR - [CANCEL FAIL] 0x468d8185aed0b06852 订单仍存活在交易所！保持 RESTING
2026-07-29 22:12:49,945 - INFO - [SCREENER] 159 markets in 14.4s | yes:85 no:14 | next in 30s
2026-07-29 22:13:26,994 - INFO - [SCREENER] 156 markets in 15.0s | yes:84 no:14 | next in 30s
2026-07-29 22:13:27,306 - ERROR - [py_clob_client_v2] request error: Server disconnected
2026-07-29 22:13:27,306 - ERROR - [py_clob_client_v2] request error: Server disconnected
2026-07-29 22:13:27,306 - ERROR - [CANCEL FAIL] 0x00099b4294d3b16e81... | PolyApiException[status_code=None, error_message=Request exception!]
2026-07-29 22:13:27,306 - ERROR - 查询订单失败: PolyApiException[status_code=None, error_message=Request exception!]
2026-07-29 22:13:27,307 - ERROR - [py_clob_client_v2] request error: Server disconnected
2026-07-29 22:13:27,307 - ERROR - [py_clob_client_v2] request error: Server disconnected
2026-07-29 22:13:27,307 - ERROR - [DISCOVER] 订单查询失败，跳过本周期
2026-07-29 22:13:27,307 - ERROR - [CANCEL FAIL] 0x3091c9b00b84397274... | PolyApiException[status_code=None, error_message=Request exception!]
2026-07-29 22:13:27,772 - ERROR - [HEARTBEAT] 失败 (连续 1 次): 401 Client Error: Unauthorized for url: https://clob.polymarket.com/v1/heartbeats
2026-07-29 22:13:27,906 - ERROR - [CANCEL FAIL] 0x00099b4294d3b16e81 订单仍存活在交易所！保持 RESTING
2026-07-29 22:13:27,906 - ERROR - [CANCEL FAIL] 0x3091c9b00b84397274 订单仍存活在交易所！保持 RESTING
2026-07-29 22:13:29,030 - ERROR - [py_clob_client_v2] request error status=400 url=https://clob.polymarket.com/v1/heartbeats body={"heartbeat_id":"df659800-d19e-419e-b8f6-2a46a5e974ab","error_msg":"Invalid Heartbeat ID"}
2026-07-29 22:13:29,030 - INFO - [HEARTBEAT] 从 SDK 错误恢复 heartbeat_id: df659800-d19e-41 (旧: 8eaaed27-605f-48)
2026-07-29 22:13:29,292 - INFO - [HEARTBEAT] OK (recovered) id=6bf60a20-ad0a-45
2026-07-29 22:13:39,468 - WARNING - [AUDIT] 1002833105886322 订单丢失纠偏
2026-07-29 22:13:39,468 - WARNING - [AUDIT] 7830642697283363 订单丢失纠偏
2026-07-29 22:13:42,472 - ERROR - [py_clob_client_v2] request error: Server disconnected
2026-07-29 22:13:42,473 - ERROR - [py_clob_client_v2] request error: Server disconnected
2026-07-29 22:13:42,475 - ERROR - 获取订单簿失败: 92095370110880036815... | PolyApiException[status_code=None, error_message=Request exception!]
2026-07-29 22:13:42,475 - ERROR - [py_clob_client_v2] request error: Server disconnected
2026-07-29 22:13:42,475 - ERROR - [py_clob_client_v2] request error: Server disconnected
2026-07-29 22:13:42,477 - ERROR - 获取订单簿失败: 20089446633884619242... | PolyApiException[status_code=None, error_message=Request exception!]
2026-07-29 22:13:42,479 - ERROR - 获取订单簿失败: 11139742239657679579... | PolyApiException[status_code=None, error_message=Request exception!]
2026-07-29 22:13:42,479 - ERROR - 获取订单簿失败: 80116440694521089843... | PolyApiException[status_code=None, error_message=Request exception!]
2026-07-29 22:13:43,163 - WARNING - [RETRY] 2008944663388461 bids不足3档，10s后重试
2026-07-29 22:13:43,164 - WARNING - [RETRY] 9209537011088003 bids不足3档，10s后重试
2026-07-29 22:13:43,164 - WARNING - [RETRY] 1113974223965767 bids不足3档，10s后重试
2026-07-29 22:13:43,164 - WARNING - [RETRY] 8011644069452108 bids不足3档，10s后重试
2026-07-29 22:13:56,747 - INFO - [SCREENER] 159 markets in 6.6s | yes:82 no:11 | next in 30s
2026-07-29 22:14:18,163 - ERROR - [py_clob_client_v2] request error: [SSL: UNEXPECTED_EOF_WHILE_READING] EOF occurred in violation of protocol (_ssl.c:1000)
2026-07-29 22:14:18,694 - ERROR - [HEARTBEAT] 失败 (连续 1 次): 401 Client Error: Unauthorized for url: https://clob.polymarket.com/v1/heartbeats
2026-07-29 22:14:19,597 - ERROR - [BATCH CANCEL FAIL] 0x091bc409c16e7bc602... | order can't be found - already canceled or matched
2026-07-29 22:14:19,597 - ERROR - [BATCH CANCEL FAIL] 0xf091413eae1b0abe34... | order can't be found - already canceled or matched
2026-07-29 22:14:20,051 - ERROR - [BATCH CANCEL] 1399898491292407 取消失败，清空 active_id 进入冷却兜底
2026-07-29 22:14:20,051 - ERROR - [BATCH CANCEL] 5699871216473683 取消失败，清空 active_id 进入冷却兜底
2026-07-29 22:14:36,700 - INFO - [SCREENER] 162 markets in 7.6s | yes:81 no:11 | next in 30s
2026-07-29 22:14:48,861 - ERROR - [BATCH CANCEL FAIL] 0x3bceed26900b6f1bdb... | order can't be found - already canceled or matched
2026-07-29 22:14:49,343 - ERROR - [BATCH CANCEL] 5628291943280744 取消失败，清空 active_id 进入冷却兜底
2026-07-29 22:15:31,547 - ERROR - [py_clob_client_v2] request error: [SSL: UNEXPECTED_EOF_WHILE_READING] EOF occurred in violation of protocol (_ssl.c:1000)
2026-07-29 22:15:32,029 - ERROR - [HEARTBEAT] 失败 (连续 1 次): 401 Client Error: Unauthorized for url: https://clob.polymarket.com/v1/heartbeats
2026-07-29 22:15:49,380 - INFO - [SCREENER] 166 markets in 40.5s | yes:84 no:13 | next in 30s
2026-07-29 22:15:50,718 - ERROR - [BATCH CANCEL FAIL] 0x5f246d32efaa7f7fad... | order can't be found - already canceled or matched
2026-07-29 22:15:50,718 - ERROR - [BATCH CANCEL FAIL] 0x80bc076735df3590e4... | order can't be found - already canceled or matched
2026-07-29 22:15:51,457 - ERROR - [BATCH CANCEL] 8985687337765311 取消失败，清空 active_id 进入冷却兜底
2026-07-29 22:15:51,457 - ERROR - [BATCH CANCEL] 6512084481618349 取消失败，清空 active_id 进入冷却兜底
2026-07-29 22:16:14,139 - INFO - [SCREENER] 166 markets in 13.7s | yes:85 no:12 | next in 30s
2026-07-29 22:16:19,409 - ERROR - [POLL] 批量查询异常: HTTPSConnectionPool(host='clob.polymarket.com', port=443): Max retries exceeded with url: /books (Caused by SSLError(SSLEOFError(8, '[SSL: UNEXPECTED_EOF_WHILE_READING] EOF occurred in violation of protocol (_ssl.c:1000)')))
2026-07-29 22:16:19,690 - WARNING - [AUDIT] 1117587924147036 订单丢失纠偏
2026-07-29 22:16:19,692 - WARNING - [AUDIT] 8807013473938409 订单丢失纠偏
2026-07-29 22:16:19,692 - WARNING - [AUDIT] 5665574963884049 订单丢失纠偏
2026-07-29 22:16:19,692 - WARNING - [AUDIT] 9077404512420004 订单丢失纠偏
2026-07-29 22:16:19,692 - WARNING - [AUDIT] 4329506741614242 订单丢失纠偏
2026-07-29 22:16:19,692 - WARNING - [AUDIT] 6381496004909133 订单丢失纠偏
2026-07-29 22:16:19,693 - WARNING - [AUDIT] 4021450910460381 订单丢失纠偏
2026-07-29 22:16:19,693 - WARNING - [AUDIT] 3163362723265445 订单丢失纠偏
2026-07-29 22:16:19,693 - WARNING - [AUDIT] 3068602426413270 订单丢失纠偏
2026-07-29 22:16:19,693 - WARNING - [AUDIT] 1050467039669960 订单丢失纠偏
2026-07-29 22:16:19,693 - WARNING - [AUDIT] 1495307552494407 订单丢失纠偏
2026-07-29 22:16:19,693 - WARNING - [AUDIT] 5173928304312758 订单丢失纠偏
2026-07-29 22:16:19,693 - WARNING - [AUDIT] 6614385806473436 订单丢失纠偏
2026-07-29 22:16:19,693 - WARNING - [AUDIT] 1082561109215351 订单丢失纠偏
2026-07-29 22:16:19,694 - WARNING - [AUDIT] 8602109109345929 订单丢失纠偏
2026-07-29 22:16:19,694 - WARNING - [AUDIT] 8085588690987788 订单丢失纠偏
2026-07-29 22:16:19,694 - WARNING - [AUDIT] 1022092457472070 订单丢失纠偏
2026-07-29 22:16:19,694 - WARNING - [AUDIT] 6434882239083600 订单丢失纠偏
2026-07-29 22:16:19,694 - WARNING - [AUDIT] 1881611846012403 订单丢失纠偏
2026-07-29 22:16:19,694 - WARNING - [AUDIT] 9471737552867176 订单丢失纠偏
2026-07-29 22:16:19,694 - WARNING - [AUDIT] 1980142990093654 订单丢失纠偏
2026-07-29 22:16:19,694 - WARNING - [AUDIT] 6043790029541861 订单丢失纠偏
2026-07-29 22:16:19,695 - WARNING - [AUDIT] 8455296868074346 订单丢失纠偏
2026-07-29 22:16:19,695 - WARNING - [AUDIT] 3321786090116059 订单丢失纠偏
2026-07-29 22:16:19,695 - WARNING - [AUDIT] 7567018887959061 订单丢失纠偏
2026-07-29 22:16:19,695 - WARNING - [AUDIT] 4982711891639792 订单丢失纠偏
2026-07-29 22:16:19,695 - WARNING - [AUDIT] 1100234228660797 订单丢失纠偏
2026-07-29 22:16:19,695 - WARNING - [AUDIT] 1044492815303529 订单丢失纠偏
2026-07-29 22:16:19,695 - WARNING - [AUDIT] 1623736321694726 订单丢失纠偏
2026-07-29 22:16:19,695 - WARNING - [AUDIT] 8719793095183641 订单丢失纠偏
2026-07-29 22:16:19,695 - WARNING - [AUDIT] 7912940889785135 订单丢失纠偏
2026-07-29 22:16:19,697 - WARNING - [AUDIT] 8017685603829740 订单丢失纠偏
2026-07-29 22:16:19,697 - WARNING - [AUDIT] 9605998236724750 订单丢失纠偏
2026-07-29 22:16:19,697 - WARNING - [AUDIT] 4379785612426100 订单丢失纠偏
2026-07-29 22:16:19,697 - WARNING - [AUDIT] 4577693276594738 订单丢失纠偏
2026-07-29 22:16:19,697 - WARNING - [AUDIT] 1150178838612323 订单丢失纠偏
2026-07-29 22:16:19,697 - WARNING - [AUDIT] 9923108436582854 订单丢失纠偏
2026-07-29 22:16:19,698 - WARNING - [AUDIT] 3475849100824778 订单丢失纠偏
2026-07-29 22:16:19,698 - WARNING - [AUDIT] 1158979346242362 订单丢失纠偏
2026-07-29 22:16:19,698 - WARNING - [AUDIT] 4469030833584170 订单丢失纠偏
2026-07-29 22:16:19,698 - WARNING - [AUDIT] 7549987038399964 订单丢失纠偏
2026-07-29 22:16:19,698 - WARNING - [AUDIT] 4649822719517002 订单丢失纠偏
2026-07-29 22:16:19,699 - WARNING - [AUDIT] 9557217740809434 订单丢失纠偏
2026-07-29 22:16:19,699 - WARNING - [AUDIT] 9530461278633684 订单丢失纠偏
2026-07-29 22:16:19,699 - WARNING - [AUDIT] 2008944663388461 订单丢失纠偏
2026-07-29 22:16:19,699 - WARNING - [AUDIT] 9209537011088003 订单丢失纠偏
2026-07-29 22:16:19,699 - WARNING - [AUDIT] 1113974223965767 订单丢失纠偏
2026-07-29 22:16:19,699 - WARNING - [AUDIT] 8011644069452108 订单丢失纠偏
2026-07-29 22:16:19,699 - WARNING - [AUDIT] 1066884398268354 订单丢失纠偏
2026-07-29 22:16:19,699 - WARNING - [AUDIT] 6079413036958135 订单丢失纠偏
2026-07-29 22:16:19,700 - WARNING - [AUDIT] 7763887955587621 订单丢失纠偏
2026-07-29 22:16:19,700 - WARNING - [AUDIT] 2353946486221127 订单丢失纠偏
2026-07-29 22:16:19,700 - WARNING - [AUDIT] 5690082784530203 订单丢失纠偏
2026-07-29 22:16:19,700 - WARNING - [AUDIT] 1004949569176251 订单丢失纠偏
2026-07-29 22:16:19,700 - WARNING - [AUDIT] 8245786010655962 订单丢失纠偏
2026-07-29 22:16:19,700 - WARNING - [AUDIT] 7180695672126738 订单丢失纠偏
2026-07-29 22:16:19,700 - WARNING - [AUDIT] 7677103133706603 订单丢失纠偏
2026-07-29 22:16:19,700 - WARNING - [AUDIT] 8461408730649695 订单丢失纠偏
2026-07-29 22:16:19,700 - WARNING - [AUDIT] 3028576635815887 订单丢失纠偏
2026-07-29 22:16:19,700 - WARNING - [AUDIT] 1096071201107726 订单丢失纠偏
2026-07-29 22:16:19,700 - WARNING - [AUDIT] 5069233318055878 订单丢失纠偏
2026-07-29 22:16:19,701 - WARNING - [AUDIT] 1648964280113991 订单丢失纠偏
2026-07-29 22:16:19,701 - WARNING - [AUDIT] 6640641711081564 订单丢失纠偏
2026-07-29 22:16:19,701 - WARNING - [AUDIT] 7574535966689749 订单丢失纠偏
2026-07-29 22:16:19,701 - WARNING - [AUDIT] 4061207631473337 订单丢失纠偏
2026-07-29 22:16:19,701 - WARNING - [AUDIT] 1086604758790294 订单丢失纠偏
2026-07-29 22:16:19,701 - WARNING - [AUDIT] 4455263676921725 订单丢失纠偏
2026-07-29 22:16:19,702 - WARNING - [AUDIT] 1101733377666130 订单丢失纠偏
2026-07-29 22:16:19,702 - WARNING - [AUDIT] 7878512989408810 订单丢失纠偏
2026-07-29 22:16:19,702 - WARNING - [AUDIT] 1047925632399163 订单丢失纠偏
2026-07-29 22:16:19,703 - WARNING - [AUDIT] 6319195884440646 订单丢失纠偏
2026-07-29 22:16:19,703 - WARNING - [AUDIT] 7192843993999372 订单丢失纠偏
2026-07-29 22:16:19,703 - WARNING - [AUDIT] 5727082889551751 订单丢失纠偏
2026-07-29 22:16:19,703 - WARNING - [AUDIT] 3268278949469979 订单丢失纠偏
2026-07-29 22:16:19,703 - WARNING - [AUDIT] 2798371224866267 订单丢失纠偏
2026-07-29 22:16:19,704 - WARNING - [AUDIT] 1107486019531506 订单丢失纠偏
2026-07-29 22:16:19,704 - WARNING - [AUDIT] 7171131379441985 订单丢失纠偏
2026-07-29 22:16:19,704 - WARNING - [AUDIT] 7238355651593860 订单丢失纠偏
2026-07-29 22:16:19,704 - WARNING - [AUDIT] 1138950765091571 订单丢失纠偏
2026-07-29 22:16:19,704 - WARNING - [AUDIT] 6621982731843365 订单丢失纠偏
2026-07-29 22:16:19,704 - WARNING - [AUDIT] 2133305250514714 订单丢失纠偏
2026-07-29 22:16:19,704 - WARNING - [AUDIT] 2716076494033304 订单丢失纠偏
2026-07-29 22:16:19,704 - WARNING - [AUDIT] 9180087189180355 订单丢失纠偏
2026-07-29 22:16:19,705 - WARNING - [AUDIT] 4306399136212806 订单丢失纠偏
2026-07-29 22:16:19,705 - WARNING - [AUDIT] 1154230654638001 订单丢失纠偏
2026-07-29 22:16:19,705 - WARNING - [AUDIT] 1731101641756303 订单丢失纠偏
2026-07-29 22:16:20,558 - ERROR - [py_clob_client_v2] request error: Server disconnected
2026-07-29 22:16:20,558 - ERROR - [py_clob_client_v2] request error: Server disconnected
2026-07-29 22:16:20,558 - ERROR - [py_clob_client_v2] request error: Server disconnected
2026-07-29 22:16:20,558 - ERROR - [py_clob_client_v2] request error: Server disconnected
2026-07-29 22:16:20,558 - ERROR - 获取订单簿失败: 92561485931259489520... | PolyApiException[status_code=None, error_message=Request exception!]
2026-07-29 22:16:20,559 - ERROR - 获取订单簿失败: 99236017344761224547... | PolyApiException[status_code=None, error_message=Request exception!]
2026-07-29 22:16:20,559 - ERROR - 获取订单簿失败: 42064760106037198810... | PolyApiException[status_code=None, error_message=Request exception!]
2026-07-29 22:16:20,559 - ERROR - 获取订单簿失败: 81769964107964573279... | PolyApiException[status_code=None, error_message=Request exception!]
2026-07-29 22:16:21,555 - WARNING - [RETRY] 9256148593125948 bids不足3档，10s后重试
2026-07-29 22:16:21,555 - WARNING - [RETRY] 9923601734476122 bids不足3档，10s后重试
2026-07-29 22:16:21,555 - WARNING - [RETRY] 4206476010603719 bids不足3档，10s后重试
2026-07-29 22:16:21,555 - WARNING - [RETRY] 8176996410796457 bids不足3档，10s后重试
2026-07-29 22:16:30,128 - ERROR - [py_clob_client_v2] request error: [SSL: UNEXPECTED_EOF_WHILE_READING] EOF occurred in violation of protocol (_ssl.c:1000)
2026-07-29 22:16:30,635 - ERROR - [HEARTBEAT] 失败 (连续 1 次): 401 Client Error: Unauthorized for url: https://clob.polymarket.com/v1/heartbeats
2026-07-29 22:16:45,272 - INFO - [SCREENER] 166 markets in 14.7s | yes:89 no:13 | next in 30s
2026-07-29 22:16:58,598 - ERROR - [py_clob_client_v2] request error: Server disconnected
2026-07-29 22:16:58,600 - ERROR - [py_clob_client_v2] request error: Server disconnected
2026-07-29 22:16:58,600 - ERROR - 获取订单簿失败: 86650303589312423132... | PolyApiException[status_code=None, error_message=Request exception!]
2026-07-29 22:16:58,600 - ERROR - [PLACE FAIL] 5714644372500509... price=0.19 attempt=1/2 | PolyApiException[status_code=None, error_message=Request exception!]
2026-07-29 22:16:59,317 - WARNING - [RETRY] 8665030358931242 bids不足3档，10s后重试
2026-07-29 22:17:14,605 - INFO - [SCREENER] 166 markets in 7.3s | yes:91 no:13 | next in 30s
2026-07-29 22:17:55,589 - INFO - [SCREENER] 167 markets in 8.3s | yes:95 no:15 | next in 30s
2026-07-29 22:17:56,460 - ERROR - [py_clob_client_v2] request error: Server disconnected
2026-07-29 22:17:56,460 - ERROR - [py_clob_client_v2] request error: Server disconnected
2026-07-29 22:17:56,461 - ERROR - 获取订单簿失败: 89856873377653111467... | PolyApiException[status_code=None, error_message=Request exception!]
2026-07-29 22:17:56,461 - ERROR - 获取订单簿失败: 65120844816183490703... | PolyApiException[status_code=None, error_message=Request exception!]
2026-07-29 22:17:57,458 - WARNING - [RETRY] 8985687337765311 bids不足3档，10s后重试
2026-07-29 22:17:57,458 - WARNING - [RETRY] 6512084481618349 bids不足3档，10s后重试
2026-07-29 22:18:48,153 - INFO - [SCREENER] 167 markets in 29.4s | yes:91 no:12 | next in 30s
2026-07-29 22:19:13,160 - INFO - [SCREENER] 165 markets in 13.9s | yes:90 no:12 | next in 30s
2026-07-29 22:19:43,078 - INFO - [SCREENER] 162 markets in 6.4s | yes:87 no:14 | next in 30s
2026-07-29 22:19:59,134 - ERROR - [POLL] 批量查询异常: HTTPSConnectionPool(host='clob.polymarket.com', port=443): Max retries exceeded with url: /books (Caused by SSLError(SSLEOFError(8, '[SSL: UNEXPECTED_EOF_WHILE_READING] EOF occurred in violation of protocol (_ssl.c:1000)')))
2026-07-29 22:20:16,238 - INFO - [SCREENER] 162 markets in 7.1s | yes:88 no:13 | next in 30s
2026-07-29 22:20:21,543 - ERROR - [POLL] 批量查询异常: HTTPSConnectionPool(host='clob.polymarket.com', port=443): Max retries exceeded with url: /books (Caused by SSLError(SSLEOFError(8, '[SSL: UNEXPECTED_EOF_WHILE_READING] EOF occurred in violation of protocol (_ssl.c:1000)')))
2026-07-29 22:20:59,307 - INFO - [SCREENER] 162 markets in 14.9s | yes:93 no:14 | next in 30s
2026-07-29 22:21:35,240 - INFO - [SCREENER] 164 markets in 14.4s | yes:91 no:16 | next in 30s
2026-07-29 22:21:40,705 - ERROR - [POLL] 批量查询异常: HTTPSConnectionPool(host='clob.polymarket.com', port=443): Max retries exceeded with url: /books (Caused by SSLError(SSLEOFError(8, '[SSL: UNEXPECTED_EOF_WHILE_READING] EOF occurred in violation of protocol (_ssl.c:1000)')))
2026-07-29 22:22:16,037 - INFO - [SCREENER] 161 markets in 14.7s | yes:88 no:17 | next in 30s
2026-07-29 22:22:46,176 - INFO - [SCREENER] 160 markets in 6.6s | yes:88 no:16 | next in 30s
2026-07-29 22:23:25,244 - INFO - [SCREENER] 163 markets in 6.6s | yes:88 no:14 | next in 30s
2026-07-29 22:23:57,552 - ERROR - [py_clob_client_v2] request error: [SSL: UNEXPECTED_EOF_WHILE_READING] EOF occurred in violation of protocol (_ssl.c:1000)
2026-07-29 22:23:57,552 - ERROR - 获取订单簿失败: 43295067416142422967... | PolyApiException[status_code=None, error_message=Request exception!]
2026-07-29 22:24:12,481 - INFO - [SCREENER] 161 markets in 14.9s | yes:90 no:12 | next in 30s
2026-07-29 22:24:13,964 - WARNING - [RETRY] 4329506741614242 bids不足3档，10s后重试
2026-07-29 22:24:28,973 - ERROR - [POLL] 批量查询异常: HTTPSConnectionPool(host='clob.polymarket.com', port=443): Max retries exceeded with url: /books (Caused by SSLError(SSLEOFError(8, '[SSL: UNEXPECTED_EOF_WHILE_READING] EOF occurred in violation of protocol (_ssl.c:1000)')))
2026-07-29 22:24:45,396 - INFO - [SCREENER] 162 markets in 6.4s | yes:90 no:14 | next in 30s
2026-07-29 22:24:47,231 - WARNING - [AUDIT] 1117587924147036 订单丢失纠偏
2026-07-29 22:24:47,231 - WARNING - [AUDIT] 5628291943280744 订单丢失纠偏
2026-07-29 22:24:47,231 - WARNING - [AUDIT] 8807013473938409 订单丢失纠偏
2026-07-29 22:24:47,232 - WARNING - [AUDIT] 5665574963884049 订单丢失纠偏
2026-07-29 22:24:47,232 - WARNING - [AUDIT] 6381496004909133 订单丢失纠偏
2026-07-29 22:24:47,232 - WARNING - [AUDIT] 4021450910460381 订单丢失纠偏
2026-07-29 22:24:47,232 - WARNING - [AUDIT] 3163362723265445 订单丢失纠偏
2026-07-29 22:24:47,232 - WARNING - [AUDIT] 3068602426413270 订单丢失纠偏
2026-07-29 22:24:47,233 - WARNING - [AUDIT] 1050467039669960 订单丢失纠偏
2026-07-29 22:24:47,233 - WARNING - [AUDIT] 1495307552494407 订单丢失纠偏
2026-07-29 22:24:47,233 - WARNING - [AUDIT] 5173928304312758 订单丢失纠偏
2026-07-29 22:24:47,233 - WARNING - [AUDIT] 6614385806473436 订单丢失纠偏
2026-07-29 22:24:47,233 - WARNING - [AUDIT] 1082561109215351 订单丢失纠偏
2026-07-29 22:24:47,233 - WARNING - [AUDIT] 8602109109345929 订单丢失纠偏
2026-07-29 22:24:47,233 - WARNING - [AUDIT] 8085588690987788 订单丢失纠偏
2026-07-29 22:24:47,233 - WARNING - [AUDIT] 1022092457472070 订单丢失纠偏
2026-07-29 22:24:47,233 - WARNING - [AUDIT] 6434882239083600 订单丢失纠偏
2026-07-29 22:24:47,234 - WARNING - [AUDIT] 1881611846012403 订单丢失纠偏
2026-07-29 22:24:47,234 - WARNING - [AUDIT] 9471737552867176 订单丢失纠偏
2026-07-29 22:24:47,234 - WARNING - [AUDIT] 1980142990093654 订单丢失纠偏
2026-07-29 22:24:47,234 - WARNING - [AUDIT] 8455296868074346 订单丢失纠偏
2026-07-29 22:24:47,234 - WARNING - [AUDIT] 3321786090116059 订单丢失纠偏
2026-07-29 22:24:47,235 - WARNING - [AUDIT] 7567018887959061 订单丢失纠偏
2026-07-29 22:24:47,235 - WARNING - [AUDIT] 4982711891639792 订单丢失纠偏
2026-07-29 22:24:47,235 - WARNING - [AUDIT] 1100234228660797 订单丢失纠偏
2026-07-29 22:24:47,235 - WARNING - [AUDIT] 1623736321694726 订单丢失纠偏
2026-07-29 22:24:47,235 - WARNING - [AUDIT] 8719793095183641 订单丢失纠偏
2026-07-29 22:24:47,235 - WARNING - [AUDIT] 7912940889785135 订单丢失纠偏
2026-07-29 22:24:47,236 - WARNING - [AUDIT] 8017685603829740 订单丢失纠偏
2026-07-29 22:24:47,236 - WARNING - [AUDIT] 9605998236724750 订单丢失纠偏
2026-07-29 22:24:47,236 - WARNING - [AUDIT] 4379785612426100 订单丢失纠偏
2026-07-29 22:24:47,237 - WARNING - [AUDIT] 4577693276594738 订单丢失纠偏
2026-07-29 22:24:47,237 - WARNING - [AUDIT] 1150178838612323 订单丢失纠偏
2026-07-29 22:24:47,237 - WARNING - [AUDIT] 9923108436582854 订单丢失纠偏
2026-07-29 22:24:47,237 - WARNING - [AUDIT] 3475849100824778 订单丢失纠偏
2026-07-29 22:24:47,237 - WARNING - [AUDIT] 1158979346242362 订单丢失纠偏
2026-07-29 22:24:47,237 - WARNING - [AUDIT] 4469030833584170 订单丢失纠偏
2026-07-29 22:24:47,238 - WARNING - [AUDIT] 7549987038399964 订单丢失纠偏
2026-07-29 22:24:47,238 - WARNING - [AUDIT] 4649822719517002 订单丢失纠偏
2026-07-29 22:24:47,238 - WARNING - [AUDIT] 9557217740809434 订单丢失纠偏
2026-07-29 22:24:47,238 - WARNING - [AUDIT] 9530461278633684 订单丢失纠偏
2026-07-29 22:24:47,238 - WARNING - [AUDIT] 2008944663388461 订单丢失纠偏
2026-07-29 22:24:47,238 - WARNING - [AUDIT] 9209537011088003 订单丢失纠偏
2026-07-29 22:24:47,238 - WARNING - [AUDIT] 1113974223965767 订单丢失纠偏
2026-07-29 22:24:47,238 - WARNING - [AUDIT] 8011644069452108 订单丢失纠偏
2026-07-29 22:24:47,239 - WARNING - [AUDIT] 1066884398268354 订单丢失纠偏
2026-07-29 22:24:47,239 - WARNING - [AUDIT] 6079413036958135 订单丢失纠偏
2026-07-29 22:24:47,239 - WARNING - [AUDIT] 7763887955587621 订单丢失纠偏
2026-07-29 22:24:47,239 - WARNING - [AUDIT] 5690082784530203 订单丢失纠偏
2026-07-29 22:24:47,239 - WARNING - [AUDIT] 1004949569176251 订单丢失纠偏
2026-07-29 22:24:47,240 - WARNING - [AUDIT] 8245786010655962 订单丢失纠偏
2026-07-29 22:24:47,240 - WARNING - [AUDIT] 7180695672126738 订单丢失纠偏
2026-07-29 22:24:47,240 - WARNING - [AUDIT] 7677103133706603 订单丢失纠偏
2026-07-29 22:24:47,241 - WARNING - [AUDIT] 3028576635815887 订单丢失纠偏
2026-07-29 22:24:47,241 - WARNING - [AUDIT] 1096071201107726 订单丢失纠偏
2026-07-29 22:24:47,241 - WARNING - [AUDIT] 5069233318055878 订单丢失纠偏
2026-07-29 22:24:47,241 - WARNING - [AUDIT] 6512084481618349 订单丢失纠偏
2026-07-29 22:24:47,241 - WARNING - [AUDIT] 1648964280113991 订单丢失纠偏
2026-07-29 22:24:47,242 - WARNING - [AUDIT] 1086604758790294 订单丢失纠偏
2026-07-29 22:24:47,242 - WARNING - [AUDIT] 4455263676921725 订单丢失纠偏
2026-07-29 22:24:47,242 - WARNING - [AUDIT] 1101733377666130 订单丢失纠偏
2026-07-29 22:24:47,242 - WARNING - [AUDIT] 7192843993999372 订单丢失纠偏
2026-07-29 22:24:47,242 - WARNING - [AUDIT] 5727082889551751 订单丢失纠偏
2026-07-29 22:24:47,242 - WARNING - [AUDIT] 3268278949469979 订单丢失纠偏
2026-07-29 22:24:47,242 - WARNING - [AUDIT] 2798371224866267 订单丢失纠偏
2026-07-29 22:24:47,242 - WARNING - [AUDIT] 7238355651593860 订单丢失纠偏
2026-07-29 22:24:47,242 - WARNING - [AUDIT] 2133305250514714 订单丢失纠偏
2026-07-29 22:24:47,243 - WARNING - [AUDIT] 4306399136212806 订单丢失纠偏
2026-07-29 22:24:47,243 - WARNING - [AUDIT] 1154230654638001 订单丢失纠偏
2026-07-29 22:24:47,243 - WARNING - [AUDIT] 9256148593125948 订单丢失纠偏
2026-07-29 22:24:47,243 - WARNING - [AUDIT] 2268163722841394 订单丢失纠偏
2026-07-29 22:24:47,244 - WARNING - [AUDIT] 2155340172237723 订单丢失纠偏
2026-07-29 22:24:47,244 - WARNING - [AUDIT] 5552092961648777 订单丢失纠偏
2026-07-29 22:24:47,244 - WARNING - [AUDIT] 8665030358931242 订单丢失纠偏
2026-07-29 22:24:47,244 - WARNING - [AUDIT] 5577167869714116 订单丢失纠偏
2026-07-29 22:24:47,244 - WARNING - [AUDIT] 1211060500189335 订单丢失纠偏
2026-07-29 22:24:47,244 - WARNING - [AUDIT] 7830642697283363 订单丢失纠偏
2026-07-29 22:24:47,245 - WARNING - [AUDIT] 3317956206489901 订单丢失纠偏
2026-07-29 22:24:47,245 - WARNING - [AUDIT] 9468929500074011 订单丢失纠偏
2026-07-29 22:24:47,245 - WARNING - [AUDIT] 1097222110232354 订单丢失纠偏
2026-07-29 22:24:47,245 - WARNING - [AUDIT] 6640641711081564 订单丢失纠偏
2026-07-29 22:24:47,245 - WARNING - [AUDIT] 8176996410796457 订单丢失纠偏
2026-07-29 22:24:47,246 - WARNING - [AUDIT] 8376443486879834 订单丢失纠偏
2026-07-29 22:24:47,246 - WARNING - [AUDIT] 8867253436598429 订单丢失纠偏
2026-07-29 22:24:47,246 - WARNING - [AUDIT] 1399898491292407 订单丢失纠偏
2026-07-29 22:24:47,246 - WARNING - [AUDIT] 8985687337765311 订单丢失纠偏
2026-07-29 22:24:47,246 - WARNING - [AUDIT] 4792416315212796 订单丢失纠偏
2026-07-29 22:24:47,246 - WARNING - [AUDIT] 8461408730649695 订单丢失纠偏
2026-07-29 22:24:47,247 - WARNING - [AUDIT] 1044492815303529 订单丢失纠偏
2026-07-29 22:24:47,247 - WARNING - [AUDIT] 6759728210972296 订单丢失纠偏
2026-07-29 22:24:47,247 - WARNING - [AUDIT] 9180087189180355 订单丢失纠偏
2026-07-29 22:24:47,247 - WARNING - [AUDIT] 1990157254269563 订单丢失纠偏
2026-07-29 22:24:47,248 - WARNING - [AUDIT] 1113168410954942 订单丢失纠偏
2026-07-29 22:25:01,927 - ERROR - [py_clob_client_v2] request error: [SSL: UNEXPECTED_EOF_WHILE_READING] EOF occurred in violation of protocol (_ssl.c:1000)
2026-07-29 22:25:02,425 - ERROR - [HEARTBEAT] 失败 (连续 1 次): 401 Client Error: Unauthorized for url: https://clob.polymarket.com/v1/heartbeats
2026-07-29 22:25:33,510 - INFO - [SCREENER] 163 markets in 14.2s | yes:95 no:16 | next in 30s
2026-07-29 22:25:42,674 - ERROR - [py_clob_client_v2] request error: Server disconnected
2026-07-29 22:25:42,674 - ERROR - [py_clob_client_v2] request error: Server disconnected
2026-07-29 22:25:42,674 - ERROR - 获取订单簿失败: 10706167654673374006... | PolyApiException[status_code=None, error_message=Request exception!]
2026-07-29 22:25:42,675 - ERROR - 获取订单簿失败: 87961147870859199041... | PolyApiException[status_code=None, error_message=Request exception!]
2026-07-29 22:25:43,671 - WARNING - [RETRY] 1070616765467337 bids不足3档，10s后重试
2026-07-29 22:25:43,671 - WARNING - [RETRY] 8796114787085919 bids不足3档，10s后重试
2026-07-29 22:26:01,771 - INFO - [SCREENER] 163 markets in 6.5s | yes:91 no:16 | next in 30s
2026-07-29 22:26:37,742 - ERROR - [py_clob_client_v2] request error: [SSL: UNEXPECTED_EOF_WHILE_READING] EOF occurred in violation of protocol (_ssl.c:1000)
2026-07-29 22:26:38,214 - ERROR - [HEARTBEAT] 失败 (连续 1 次): 401 Client Error: Unauthorized for url: https://clob.polymarket.com/v1/heartbeats
2026-07-29 22:26:44,218 - ERROR - [py_clob_client_v2] request error: [SSL: UNEXPECTED_EOF_WHILE_READING] EOF occurred in violation of protocol (_ssl.c:1000)
2026-07-29 22:26:44,751 - ERROR - [HEARTBEAT] 失败 (连续 2 次): 401 Client Error: Unauthorized for url: https://clob.polymarket.com/v1/heartbeats
2026-07-29 22:26:49,348 - INFO - [SCREENER] 163 markets in 14.7s | yes:91 no:16 | next in 30s
2026-07-29 22:26:51,020 - ERROR - [py_clob_client_v2] request error: Server disconnected
2026-07-29 22:26:51,020 - ERROR - [py_clob_client_v2] request error: Server disconnected
2026-07-29 22:26:51,020 - ERROR - [py_clob_client_v2] request error: Server disconnected
2026-07-29 22:26:51,020 - ERROR - [py_clob_client_v2] request error: Server disconnected
2026-07-29 22:26:51,021 - ERROR - 获取订单簿失败: 10825611092153514167... | PolyApiException[status_code=None, error_message=Request exception!]
2026-07-29 22:26:51,021 - ERROR - [py_clob_client_v2] request error: Server disconnected
2026-07-29 22:26:51,021 - ERROR - [py_clob_client_v2] request error: Server disconnected
2026-07-29 22:26:51,021 - ERROR - 获取订单簿失败: 94717375528671760958... | PolyApiException[status_code=None, error_message=Request exception!]
2026-07-29 22:26:51,021 - ERROR - [py_clob_client_v2] request error: Server disconnected
2026-07-29 22:26:51,021 - ERROR - 获取订单簿失败: 80855886909877888687... | PolyApiException[status_code=None, error_message=Request exception!]
2026-07-29 22:26:51,021 - ERROR - [py_clob_client_v2] request error: Server disconnected
2026-07-29 22:26:51,022 - ERROR - 获取订单簿失败: 84552968680743469789... | PolyApiException[status_code=None, error_message=Request exception!]
2026-07-29 22:26:51,025 - ERROR - 获取订单簿失败: 18816118460124035317... | PolyApiException[status_code=None, error_message=Request exception!]
2026-07-29 22:26:51,025 - ERROR - 获取订单簿失败: 10220924574720706562... | PolyApiException[status_code=None, error_message=Request exception!]
2026-07-29 22:26:51,026 - ERROR - 获取订单簿失败: 33217860901160592700... | PolyApiException[status_code=None, error_message=Request exception!]
2026-07-29 22:26:51,027 - ERROR - 获取订单簿失败: 19801429900936549477... | PolyApiException[status_code=None, error_message=Request exception!]
2026-07-29 22:26:51,506 - WARNING - [RETRY] 1082561109215351 bids不足3档，10s后重试
2026-07-29 22:26:51,507 - WARNING - [RETRY] 8085588690987788 bids不足3档，10s后重试
2026-07-29 22:26:51,507 - WARNING - [RETRY] 1022092457472070 bids不足3档，10s后重试
2026-07-29 22:26:51,507 - WARNING - [RETRY] 1881611846012403 bids不足3档，10s后重试
2026-07-29 22:26:51,508 - WARNING - [RETRY] 9471737552867176 bids不足3档，10s后重试
2026-07-29 22:26:51,508 - WARNING - [RETRY] 1980142990093654 bids不足3档，10s后重试
2026-07-29 22:26:51,508 - WARNING - [RETRY] 8455296868074346 bids不足3档，10s后重试
2026-07-29 22:26:51,508 - WARNING - [RETRY] 3321786090116059 bids不足3档，10s后重试
2026-07-29 22:27:02,227 - WARNING - [AUDIT] 4329506741614242 订单丢失纠偏
2026-07-29 22:27:02,228 - WARNING - [AUDIT] 1107486019531506 订单丢失纠偏
2026-07-29 22:27:02,229 - WARNING - [AUDIT] 1042476319077633 订单丢失纠偏
2026-07-29 22:27:02,229 - WARNING - [AUDIT] 2652508048102075 订单丢失纠偏
2026-07-29 22:27:02,229 - WARNING - [AUDIT] 3753667433097096 订单丢失纠偏
2026-07-29 22:27:02,229 - WARNING - [AUDIT] 2353946486221127 订单丢失纠偏
2026-07-29 22:27:02,230 - WARNING - [AUDIT] 2777253507673553 订单丢失纠偏
2026-07-29 22:27:02,230 - WARNING - [AUDIT] 4061207631473337 订单丢失纠偏
2026-07-29 22:27:02,230 - WARNING - [AUDIT] 1070616765467337 订单丢失纠偏
2026-07-29 22:27:02,230 - WARNING - [AUDIT] 6319195884440646 订单丢失纠偏
2026-07-29 22:27:02,231 - WARNING - [AUDIT] 2527556165798565 订单丢失纠偏
2026-07-29 22:27:02,231 - WARNING - [AUDIT] 7386622261544735 订单丢失纠偏
2026-07-29 22:27:02,231 - WARNING - [AUDIT] 8796114787085919 订单丢失纠偏
2026-07-29 22:27:02,231 - WARNING - [AUDIT] 1132094708326207 订单丢失纠偏
2026-07-29 22:27:02,231 - WARNING - [AUDIT] 9658234936421319 订单丢失纠偏
2026-07-29 22:27:20,488 - INFO - [SCREENER] 160 markets in 7.2s | yes:94 no:15 | next in 30s
2026-07-29 22:27:42,164 - ERROR - [py_clob_client_v2] request error: [SSL: UNEXPECTED_EOF_WHILE_READING] EOF occurred in violation of protocol (_ssl.c:1000)
2026-07-29 22:27:42,651 - ERROR - [HEARTBEAT] 失败 (连续 1 次): 401 Client Error: Unauthorized for url: https://clob.polymarket.com/v1/heartbeats
2026-07-29 22:27:59,833 - INFO - [SCREENER] 156 markets in 6.8s | yes:95 no:13 | next in 30s
2026-07-29 22:28:39,698 - INFO - [SCREENER] 159 markets in 7.0s | yes:97 no:13 | next in 30s
2026-07-29 22:29:02,617 - WARNING - [AUDIT] 1117587924147036 订单丢失纠偏
2026-07-29 22:29:02,618 - WARNING - [AUDIT] 5628291943280744 订单丢失纠偏
2026-07-29 22:29:02,618 - WARNING - [AUDIT] 8807013473938409 订单丢失纠偏
2026-07-29 22:29:02,618 - WARNING - [AUDIT] 5665574963884049 订单丢失纠偏
2026-07-29 22:29:02,619 - WARNING - [AUDIT] 6381496004909133 订单丢失纠偏
2026-07-29 22:29:02,619 - WARNING - [AUDIT] 4021450910460381 订单丢失纠偏
2026-07-29 22:29:02,619 - WARNING - [AUDIT] 3163362723265445 订单丢失纠偏
2026-07-29 22:29:02,619 - WARNING - [AUDIT] 3068602426413270 订单丢失纠偏
2026-07-29 22:29:02,619 - WARNING - [AUDIT] 1050467039669960 订单丢失纠偏
2026-07-29 22:29:02,620 - WARNING - [AUDIT] 1495307552494407 订单丢失纠偏
2026-07-29 22:29:02,620 - WARNING - [AUDIT] 5173928304312758 订单丢失纠偏
2026-07-29 22:29:02,620 - WARNING - [AUDIT] 6614385806473436 订单丢失纠偏
2026-07-29 22:29:02,621 - WARNING - [AUDIT] 1082561109215351 订单丢失纠偏
2026-07-29 22:29:02,621 - WARNING - [AUDIT] 8602109109345929 订单丢失纠偏
2026-07-29 22:29:02,621 - WARNING - [AUDIT] 8085588690987788 订单丢失纠偏
2026-07-29 22:29:02,621 - WARNING - [AUDIT] 1022092457472070 订单丢失纠偏
2026-07-29 22:29:02,621 - WARNING - [AUDIT] 6434882239083600 订单丢失纠偏
2026-07-29 22:29:02,621 - WARNING - [AUDIT] 1881611846012403 订单丢失纠偏
2026-07-29 22:29:02,623 - WARNING - [AUDIT] 9471737552867176 订单丢失纠偏
2026-07-29 22:29:02,623 - WARNING - [AUDIT] 1980142990093654 订单丢失纠偏
2026-07-29 22:29:02,624 - WARNING - [AUDIT] 8455296868074346 订单丢失纠偏
2026-07-29 22:29:02,624 - WARNING - [AUDIT] 3321786090116059 订单丢失纠偏
2026-07-29 22:29:02,624 - WARNING - [AUDIT] 7567018887959061 订单丢失纠偏
2026-07-29 22:29:02,624 - WARNING - [AUDIT] 1100234228660797 订单丢失纠偏
2026-07-29 22:29:02,625 - WARNING - [AUDIT] 1623736321694726 订单丢失纠偏
2026-07-29 22:29:02,625 - WARNING - [AUDIT] 8719793095183641 订单丢失纠偏
2026-07-29 22:29:02,625 - WARNING - [AUDIT] 7912940889785135 订单丢失纠偏
2026-07-29 22:29:02,625 - WARNING - [AUDIT] 8017685603829740 订单丢失纠偏
2026-07-29 22:29:02,625 - WARNING - [AUDIT] 9605998236724750 订单丢失纠偏
2026-07-29 22:29:02,625 - WARNING - [AUDIT] 4379785612426100 订单丢失纠偏
2026-07-29 22:29:02,626 - WARNING - [AUDIT] 4577693276594738 订单丢失纠偏
2026-07-29 22:29:02,626 - WARNING - [AUDIT] 1150178838612323 订单丢失纠偏
2026-07-29 22:29:02,626 - WARNING - [AUDIT] 9923108436582854 订单丢失纠偏
2026-07-29 22:29:02,626 - WARNING - [AUDIT] 3475849100824778 订单丢失纠偏
2026-07-29 22:29:02,626 - WARNING - [AUDIT] 1158979346242362 订单丢失纠偏
2026-07-29 22:29:02,626 - WARNING - [AUDIT] 4469030833584170 订单丢失纠偏
2026-07-29 22:29:02,628 - WARNING - [AUDIT] 7549987038399964 订单丢失纠偏
2026-07-29 22:29:02,628 - WARNING - [AUDIT] 4649822719517002 订单丢失纠偏
2026-07-29 22:29:02,628 - WARNING - [AUDIT] 9557217740809434 订单丢失纠偏
2026-07-29 22:29:02,629 - WARNING - [AUDIT] 9530461278633684 订单丢失纠偏
2026-07-29 22:29:02,629 - WARNING - [AUDIT] 2008944663388461 订单丢失纠偏
2026-07-29 22:29:02,629 - WARNING - [AUDIT] 9209537011088003 订单丢失纠偏
2026-07-29 22:29:02,629 - WARNING - [AUDIT] 1113974223965767 订单丢失纠偏
2026-07-29 22:29:02,630 - WARNING - [AUDIT] 8011644069452108 订单丢失纠偏
2026-07-29 22:29:02,630 - WARNING - [AUDIT] 6079413036958135 订单丢失纠偏
2026-07-29 22:29:02,630 - WARNING - [AUDIT] 7763887955587621 订单丢失纠偏
2026-07-29 22:29:02,631 - WARNING - [AUDIT] 5690082784530203 订单丢失纠偏
2026-07-29 22:29:02,631 - WARNING - [AUDIT] 1004949569176251 订单丢失纠偏
2026-07-29 22:29:02,631 - WARNING - [AUDIT] 8245786010655962 订单丢失纠偏
2026-07-29 22:29:02,631 - WARNING - [AUDIT] 7180695672126738 订单丢失纠偏
2026-07-29 22:29:02,632 - WARNING - [AUDIT] 7677103133706603 订单丢失纠偏
2026-07-29 22:29:02,632 - WARNING - [AUDIT] 3028576635815887 订单丢失纠偏
2026-07-29 22:29:02,632 - WARNING - [AUDIT] 1096071201107726 订单丢失纠偏
2026-07-29 22:29:02,632 - WARNING - [AUDIT] 5069233318055878 订单丢失纠偏
2026-07-29 22:29:02,632 - WARNING - [AUDIT] 1648964280113991 订单丢失纠偏
2026-07-29 22:29:02,633 - WARNING - [AUDIT] 1086604758790294 订单丢失纠偏
2026-07-29 22:29:02,633 - WARNING - [AUDIT] 4455263676921725 订单丢失纠偏
2026-07-29 22:29:02,633 - WARNING - [AUDIT] 7192843993999372 订单丢失纠偏
2026-07-29 22:29:02,633 - WARNING - [AUDIT] 5727082889551751 订单丢失纠偏
2026-07-29 22:29:02,633 - WARNING - [AUDIT] 3268278949469979 订单丢失纠偏
2026-07-29 22:29:02,634 - WARNING - [AUDIT] 2798371224866267 订单丢失纠偏
2026-07-29 22:29:02,634 - WARNING - [AUDIT] 7238355651593860 订单丢失纠偏
2026-07-29 22:29:02,634 - WARNING - [AUDIT] 2133305250514714 订单丢失纠偏
2026-07-29 22:29:02,635 - WARNING - [AUDIT] 4306399136212806 订单丢失纠偏
2026-07-29 22:29:02,635 - WARNING - [AUDIT] 1154230654638001 订单丢失纠偏
2026-07-29 22:29:02,635 - WARNING - [AUDIT] 5552092961648777 订单丢失纠偏
2026-07-29 22:29:02,635 - WARNING - [AUDIT] 8665030358931242 订单丢失纠偏
2026-07-29 22:29:02,636 - WARNING - [AUDIT] 5577167869714116 订单丢失纠偏
2026-07-29 22:29:02,636 - WARNING - [AUDIT] 1211060500189335 订单丢失纠偏
2026-07-29 22:29:02,636 - WARNING - [AUDIT] 7830642697283363 订单丢失纠偏
2026-07-29 22:29:02,636 - WARNING - [AUDIT] 3317956206489901 订单丢失纠偏
2026-07-29 22:29:02,636 - WARNING - [AUDIT] 9468929500074011 订单丢失纠偏
2026-07-29 22:29:02,638 - WARNING - [AUDIT] 1097222110232354 订单丢失纠偏
2026-07-29 22:29:02,638 - WARNING - [AUDIT] 6640641711081564 订单丢失纠偏
2026-07-29 22:29:02,638 - WARNING - [AUDIT] 8176996410796457 订单丢失纠偏
2026-07-29 22:29:02,639 - WARNING - [AUDIT] 8376443486879834 订单丢失纠偏
2026-07-29 22:29:02,639 - WARNING - [AUDIT] 8867253436598429 订单丢失纠偏
2026-07-29 22:29:02,639 - WARNING - [AUDIT] 1399898491292407 订单丢失纠偏
2026-07-29 22:29:02,639 - WARNING - [AUDIT] 8985687337765311 订单丢失纠偏
2026-07-29 22:29:02,639 - WARNING - [AUDIT] 4792416315212796 订单丢失纠偏
2026-07-29 22:29:02,640 - WARNING - [AUDIT] 1044492815303529 订单丢失纠偏
2026-07-29 22:29:02,640 - WARNING - [AUDIT] 6759728210972296 订单丢失纠偏
2026-07-29 22:29:02,640 - WARNING - [AUDIT] 9180087189180355 订单丢失纠偏
2026-07-29 22:29:02,640 - WARNING - [AUDIT] 1138950765091571 订单丢失纠偏
2026-07-29 22:29:02,640 - WARNING - [AUDIT] 1047925632399163 订单丢失纠偏
2026-07-29 22:29:27,714 - INFO - [SCREENER] 161 markets in 14.3s | yes:95 no:13 | next in 30s
2026-07-29 22:29:57,072 - INFO - [SCREENER] 158 markets in 7.2s | yes:96 no:14 | next in 30s
2026-07-29 22:30:35,821 - INFO - [SCREENER] 158 markets in 6.2s | yes:95 no:14 | next in 30s
2026-07-29 22:30:59,763 - ERROR - [py_clob_client_v2] request error: [SSL: UNEXPECTED_EOF_WHILE_READING] EOF occurred in violation of protocol (_ssl.c:1000)
2026-07-29 22:30:59,763 - ERROR - 获取订单簿失败: 37588202822063277507... | PolyApiException[status_code=None, error_message=Request exception!]
2026-07-29 22:31:00,321 - WARNING - [RETRY] 3758820282206327 bids不足3档，10s后重试
2026-07-29 22:31:16,372 - INFO - [SCREENER] 159 markets in 8.0s | yes:96 no:14 | next in 30s
2026-07-29 22:31:46,825 - INFO - [SCREENER] 157 markets in 6.8s | yes:97 no:15 | next in 30s
2026-07-29 22:32:42,210 - INFO - [SCREENER] 159 markets in 22.8s | yes:92 no:15 | next in 30s
2026-07-29 22:33:06,596 - INFO - [SCREENER] 159 markets in 13.0s | yes:92 no:15 | next in 30s
2026-07-29 22:33:48,045 - INFO - [SCREENER] 155 markets in 16.3s | yes:92 no:18 | next in 30s
2026-07-29 22:34:25,658 - INFO - [SCREENER] 156 markets in 15.2s | yes:91 no:18 | next in 30s
2026-07-29 22:35:01,202 - INFO - [SCREENER] 158 markets in 13.6s | yes:92 no:19 | next in 30s
2026-07-29 22:35:31,709 - INFO - [SCREENER] 158 markets in 8.2s | yes:94 no:17 | next in 30s
2026-07-29 22:36:09,958 - INFO - [SCREENER] 160 markets in 13.7s | yes:95 no:19 | next in 30s
2026-07-29 22:36:47,732 - INFO - [SCREENER] 157 markets in 16.0s | yes:93 no:17 | next in 30s
2026-07-29 22:37:03,996 - ERROR - [POLL] 批量查询异常: HTTPSConnectionPool(host='clob.polymarket.com', port=443): Max retries exceeded with url: /books (Caused by SSLError(SSLEOFError(8, '[SSL: UNEXPECTED_EOF_WHILE_READING] EOF occurred in violation of protocol (_ssl.c:1000)')))
2026-07-29 22:37:20,817 - INFO - [SCREENER] 156 markets in 6.8s | yes:92 no:18 | next in 30s
2026-07-29 22:37:34,352 - ERROR - [py_clob_client_v2] request error: [SSL: UNEXPECTED_EOF_WHILE_READING] EOF occurred in violation of protocol (_ssl.c:1000)
2026-07-29 22:37:34,844 - WARNING - [AUDIT] 1117587924147036 订单丢失纠偏
2026-07-29 22:37:34,844 - WARNING - [AUDIT] 5628291943280744 订单丢失纠偏
2026-07-29 22:37:34,844 - WARNING - [AUDIT] 8807013473938409 订单丢失纠偏
2026-07-29 22:37:34,844 - WARNING - [AUDIT] 5665574963884049 订单丢失纠偏
2026-07-29 22:37:34,845 - WARNING - [AUDIT] 4329506741614242 订单丢失纠偏
2026-07-29 22:37:34,845 - WARNING - [AUDIT] 6381496004909133 订单丢失纠偏
2026-07-29 22:37:34,845 - WARNING - [AUDIT] 3163362723265445 订单丢失纠偏
2026-07-29 22:37:34,845 - WARNING - [AUDIT] 3068602426413270 订单丢失纠偏
2026-07-29 22:37:34,845 - WARNING - [AUDIT] 1050467039669960 订单丢失纠偏
2026-07-29 22:37:34,845 - WARNING - [AUDIT] 1495307552494407 订单丢失纠偏
2026-07-29 22:37:34,845 - WARNING - [AUDIT] 5173928304312758 订单丢失纠偏
2026-07-29 22:37:34,845 - WARNING - [AUDIT] 6614385806473436 订单丢失纠偏
2026-07-29 22:37:34,846 - WARNING - [AUDIT] 1082561109215351 订单丢失纠偏
2026-07-29 22:37:34,846 - WARNING - [AUDIT] 8602109109345929 订单丢失纠偏
2026-07-29 22:37:34,846 - WARNING - [AUDIT] 8085588690987788 订单丢失纠偏
2026-07-29 22:37:34,846 - WARNING - [AUDIT] 1022092457472070 订单丢失纠偏
2026-07-29 22:37:34,847 - WARNING - [AUDIT] 6434882239083600 订单丢失纠偏
2026-07-29 22:37:34,847 - WARNING - [AUDIT] 1881611846012403 订单丢失纠偏
2026-07-29 22:37:34,848 - WARNING - [AUDIT] 9471737552867176 订单丢失纠偏
2026-07-29 22:37:34,848 - WARNING - [AUDIT] 1980142990093654 订单丢失纠偏
2026-07-29 22:37:34,848 - WARNING - [AUDIT] 8455296868074346 订单丢失纠偏
2026-07-29 22:37:34,848 - WARNING - [AUDIT] 3321786090116059 订单丢失纠偏
2026-07-29 22:37:34,848 - WARNING - [AUDIT] 7567018887959061 订单丢失纠偏
2026-07-29 22:37:34,848 - WARNING - [AUDIT] 1100234228660797 订单丢失纠偏
2026-07-29 22:37:34,848 - WARNING - [AUDIT] 1623736321694726 订单丢失纠偏
2026-07-29 22:37:34,848 - WARNING - [AUDIT] 8719793095183641 订单丢失纠偏
2026-07-29 22:37:34,849 - WARNING - [AUDIT] 7912940889785135 订单丢失纠偏
2026-07-29 22:37:34,849 - WARNING - [AUDIT] 8017685603829740 订单丢失纠偏
2026-07-29 22:37:34,849 - WARNING - [AUDIT] 9605998236724750 订单丢失纠偏
2026-07-29 22:37:34,849 - WARNING - [AUDIT] 4379785612426100 订单丢失纠偏
2026-07-29 22:37:34,849 - WARNING - [AUDIT] 4577693276594738 订单丢失纠偏
2026-07-29 22:37:34,850 - WARNING - [AUDIT] 1150178838612323 订单丢失纠偏
2026-07-29 22:37:34,850 - WARNING - [AUDIT] 9923108436582854 订单丢失纠偏
2026-07-29 22:37:34,850 - WARNING - [AUDIT] 3475849100824778 订单丢失纠偏
2026-07-29 22:37:34,850 - WARNING - [AUDIT] 1158979346242362 订单丢失纠偏
2026-07-29 22:37:34,850 - WARNING - [AUDIT] 7549987038399964 订单丢失纠偏
2026-07-29 22:37:34,851 - WARNING - [AUDIT] 4649822719517002 订单丢失纠偏
2026-07-29 22:37:34,851 - WARNING - [AUDIT] 9557217740809434 订单丢失纠偏
2026-07-29 22:37:34,851 - WARNING - [AUDIT] 9530461278633684 订单丢失纠偏
2026-07-29 22:37:34,851 - WARNING - [AUDIT] 2008944663388461 订单丢失纠偏
2026-07-29 22:37:34,851 - WARNING - [AUDIT] 9209537011088003 订单丢失纠偏
2026-07-29 22:37:34,852 - WARNING - [AUDIT] 1113974223965767 订单丢失纠偏
2026-07-29 22:37:34,852 - WARNING - [AUDIT] 8011644069452108 订单丢失纠偏
2026-07-29 22:37:34,852 - WARNING - [AUDIT] 6079413036958135 订单丢失纠偏
2026-07-29 22:37:34,852 - WARNING - [AUDIT] 7763887955587621 订单丢失纠偏
2026-07-29 22:37:34,852 - WARNING - [AUDIT] 5690082784530203 订单丢失纠偏
2026-07-29 22:37:34,852 - WARNING - [AUDIT] 8245786010655962 订单丢失纠偏
2026-07-29 22:37:34,853 - WARNING - [AUDIT] 7180695672126738 订单丢失纠偏
2026-07-29 22:37:34,853 - WARNING - [AUDIT] 7677103133706603 订单丢失纠偏
2026-07-29 22:37:34,853 - WARNING - [AUDIT] 3028576635815887 订单丢失纠偏
2026-07-29 22:37:34,853 - WARNING - [AUDIT] 1096071201107726 订单丢失纠偏
2026-07-29 22:37:34,853 - WARNING - [AUDIT] 5069233318055878 订单丢失纠偏
2026-07-29 22:37:34,854 - WARNING - [AUDIT] 1648964280113991 订单丢失纠偏
2026-07-29 22:37:34,854 - WARNING - [AUDIT] 4455263676921725 订单丢失纠偏
2026-07-29 22:37:34,854 - WARNING - [AUDIT] 7192843993999372 订单丢失纠偏
2026-07-29 22:37:34,854 - WARNING - [AUDIT] 5727082889551751 订单丢失纠偏
2026-07-29 22:37:34,854 - WARNING - [AUDIT] 3268278949469979 订单丢失纠偏
2026-07-29 22:37:34,854 - WARNING - [AUDIT] 2798371224866267 订单丢失纠偏
2026-07-29 22:37:34,855 - WARNING - [AUDIT] 7238355651593860 订单丢失纠偏
2026-07-29 22:37:34,855 - WARNING - [AUDIT] 4306399136212806 订单丢失纠偏
2026-07-29 22:37:34,855 - WARNING - [AUDIT] 1154230654638001 订单丢失纠偏
2026-07-29 22:37:34,855 - WARNING - [AUDIT] 5552092961648777 订单丢失纠偏
2026-07-29 22:37:34,855 - WARNING - [AUDIT] 8665030358931242 订单丢失纠偏
2026-07-29 22:37:34,856 - WARNING - [AUDIT] 1211060500189335 订单丢失纠偏
2026-07-29 22:37:34,856 - WARNING - [AUDIT] 9468929500074011 订单丢失纠偏
2026-07-29 22:37:34,856 - WARNING - [AUDIT] 6640641711081564 订单丢失纠偏
2026-07-29 22:37:34,856 - WARNING - [AUDIT] 8176996410796457 订单丢失纠偏
2026-07-29 22:37:34,856 - WARNING - [AUDIT] 8867253436598429 订单丢失纠偏
2026-07-29 22:37:34,857 - WARNING - [AUDIT] 1399898491292407 订单丢失纠偏
2026-07-29 22:37:34,857 - WARNING - [AUDIT] 4792416315212796 订单丢失纠偏
2026-07-29 22:37:34,857 - WARNING - [AUDIT] 1044492815303529 订单丢失纠偏
2026-07-29 22:37:34,858 - WARNING - [AUDIT] 6759728210972296 订单丢失纠偏
2026-07-29 22:37:34,858 - WARNING - [AUDIT] 2353946486221127 订单丢失纠偏
2026-07-29 22:37:34,858 - WARNING - [AUDIT] 2777253507673553 订单丢失纠偏
2026-07-29 22:37:34,858 - WARNING - [AUDIT] 4061207631473337 订单丢失纠偏
2026-07-29 22:37:34,858 - WARNING - [AUDIT] 6319195884440646 订单丢失纠偏
2026-07-29 22:37:34,858 - WARNING - [AUDIT] 2702503326839325 订单丢失纠偏
2026-07-29 22:37:34,858 - WARNING - [AUDIT] 4785924216663269 订单丢失纠偏
2026-07-29 22:37:34,858 - WARNING - [AUDIT] 5187525504137206 订单丢失纠偏
2026-07-29 22:37:34,859 - WARNING - [AUDIT] 5714644372500509 订单丢失纠偏
2026-07-29 22:37:34,859 - WARNING - [AUDIT] 1066884398268354 订单丢失纠偏
2026-07-29 22:37:34,859 - WARNING - [AUDIT] 7878512989408810 订单丢失纠偏
2026-07-29 22:37:34,859 - WARNING - [AUDIT] 1101733377666130 订单丢失纠偏
2026-07-29 22:37:34,859 - WARNING - [AUDIT] 2716076494033304 订单丢失纠偏
2026-07-29 22:37:34,860 - WARNING - [AUDIT] 8985687337765311 订单丢失纠偏
2026-07-29 22:37:34,860 - WARNING - [AUDIT] 2268163722841394 订单丢失纠偏
2026-07-29 22:37:34,860 - WARNING - [AUDIT] 1138950765091571 订单丢失纠偏
2026-07-29 22:37:34,860 - WARNING - [AUDIT] 8426754621888280 订单丢失纠偏
2026-07-29 22:37:34,860 - WARNING - [AUDIT] 9777525359596273 订单丢失纠偏
2026-07-29 22:37:34,861 - WARNING - [AUDIT] 1645017920148622 订单丢失纠偏
2026-07-29 22:37:34,861 - WARNING - [AUDIT] 1002833105886322 订单丢失纠偏
2026-07-29 22:37:34,861 - WARNING - [AUDIT] 2314986233722398 订单丢失纠偏
2026-07-29 22:37:34,861 - WARNING - [AUDIT] 8161103130997014 订单丢失纠偏
2026-07-29 22:37:34,861 - WARNING - [AUDIT] 1042476319077633 订单丢失纠偏
2026-07-29 22:37:34,861 - WARNING - [AUDIT] 1086604758790294 订单丢失纠偏
2026-07-29 22:37:34,862 - WARNING - [AUDIT] 7830642697283363 订单丢失纠偏
2026-07-29 22:37:34,862 - WARNING - [AUDIT] 9256148593125948 订单丢失纠偏
2026-07-29 22:37:34,862 - WARNING - [AUDIT] 6512084481618349 订单丢失纠偏
2026-07-29 22:37:34,863 - WARNING - [AUDIT] 1011798340216868 订单丢失纠偏
2026-07-29 22:37:34,863 - WARNING - [AUDIT] 1132094708326207 订单丢失纠偏
2026-07-29 22:37:34,863 - WARNING - [AUDIT] 5166195493537182 订单丢失纠偏
2026-07-29 22:37:34,863 - WARNING - [AUDIT] 1113168410954942 订单丢失纠偏
2026-07-29 22:37:34,863 - WARNING - [AUDIT] 1990157254269563 订单丢失纠偏
2026-07-29 22:37:34,863 - WARNING - [AUDIT] 1022037764391217 订单丢失纠偏
2026-07-29 22:37:39,356 - ERROR - [HEARTBEAT] 失败 (连续 1 次): HTTPSConnectionPool(host='clob.polymarket.com', port=443): Max retries exceeded with url: /v1/heartbeats (Caused by SSLError(SSLEOFError(8, '[SSL: UNEXPECTED_EOF_WHILE_READING] EOF occurred in violation of protocol (_ssl.c:1000)')))
2026-07-29 22:37:59,574 - INFO - [SCREENER] 159 markets in 14.0s | yes:91 no:16 | next in 30s
2026-07-29 22:38:00,379 - ERROR - [py_clob_client_v2] request error: Server disconnected
2026-07-29 22:38:00,379 - ERROR - [py_clob_client_v2] request error: Server disconnected
2026-07-29 22:38:00,379 - ERROR - 获取订单簿失败: 40214509104603810034... | PolyApiException[status_code=None, error_message=Request exception!]
2026-07-29 22:38:00,379 - ERROR - 获取订单簿失败: 75745359666897498518... | PolyApiException[status_code=None, error_message=Request exception!]
2026-07-29 22:38:01,377 - WARNING - [RETRY] 4021450910460381 bids不足3档，10s后重试
2026-07-29 22:38:01,377 - WARNING - [RETRY] 7574535966689749 bids不足3档，10s后重试
2026-07-29 22:39:00,100 - INFO - [SCREENER] 160 markets in 39.1s | yes:87 no:14 | next in 30s
2026-07-29 22:39:25,107 - INFO - [SCREENER] 159 markets in 13.9s | yes:89 no:18 | next in 30s
2026-07-29 22:39:36,290 - ERROR - [py_clob_client_v2] request error: Server disconnected
2026-07-29 22:39:36,290 - ERROR - [py_clob_client_v2] request error: Server disconnected
2026-07-29 22:39:36,290 - ERROR - [py_clob_client_v2] request error: Server disconnected
2026-07-29 22:39:36,291 - ERROR - 获取订单簿失败: 16489642801139911856... | PolyApiException[status_code=None, error_message=Request exception!]
2026-07-29 22:39:36,291 - ERROR - [py_clob_client_v2] request error: Server disconnected
2026-07-29 22:39:36,291 - ERROR - [py_clob_client_v2] request error: Server disconnected
2026-07-29 22:39:36,291 - ERROR - 获取订单簿失败: 10960712011077260049... | PolyApiException[status_code=None, error_message=Request exception!]
2026-07-29 22:39:36,292 - ERROR - [py_clob_client_v2] request error: Server disconnected
2026-07-29 22:39:36,292 - ERROR - 获取订单簿失败: 60794130369581359877... | PolyApiException[status_code=None, error_message=Request exception!]
2026-07-29 22:39:36,292 - ERROR - [py_clob_client_v2] request error: Server disconnected
2026-07-29 22:39:36,293 - ERROR - 获取订单簿失败: 44552636769217256870... | PolyApiException[status_code=None, error_message=Request exception!]
2026-07-29 22:39:36,293 - ERROR - [py_clob_client_v2] request error: Server disconnected
2026-07-29 22:39:36,295 - ERROR - 获取订单簿失败: 50692333180558785774... | PolyApiException[status_code=None, error_message=Request exception!]
2026-07-29 22:39:36,296 - ERROR - 获取订单簿失败: 56900827845302032407... | PolyApiException[status_code=None, error_message=Request exception!]
2026-07-29 22:39:36,297 - ERROR - 获取订单簿失败: 71928439939993723793... | PolyApiException[status_code=None, error_message=Request exception!]
2026-07-29 22:39:36,297 - ERROR - 获取订单簿失败: 71806956721267380324... | PolyApiException[status_code=None, error_message=Request exception!]
2026-07-29 22:39:38,319 - WARNING - [RETRY] 6079413036958135 bids不足3档，10s后重试
2026-07-29 22:39:38,322 - WARNING - [RETRY] 5690082784530203 bids不足3档，10s后重试
2026-07-29 22:39:38,322 - WARNING - [RETRY] 7180695672126738 bids不足3档，10s后重试
2026-07-29 22:39:38,323 - WARNING - [RETRY] 1096071201107726 bids不足3档，10s后重试
2026-07-29 22:39:38,324 - WARNING - [RETRY] 5069233318055878 bids不足3档，10s后重试
2026-07-29 22:39:38,325 - WARNING - [RETRY] 1648964280113991 bids不足3档，10s后重试
2026-07-29 22:39:38,325 - WARNING - [RETRY] 4455263676921725 bids不足3档，10s后重试
2026-07-29 22:39:38,325 - WARNING - [RETRY] 7192843993999372 bids不足3档，10s后重试
2026-07-29 22:39:55,388 - INFO - [SCREENER] 161 markets in 7.0s | yes:88 no:17 | next in 30s
2026-07-29 22:40:33,697 - INFO - [SCREENER] 159 markets in 6.3s | yes:92 no:18 | next in 30s
2026-07-29 22:41:18,874 - ERROR - [py_clob_client_v2] request error: [SSL: UNEXPECTED_EOF_WHILE_READING] EOF occurred in violation of protocol (_ssl.c:1000)
2026-07-29 22:41:19,414 - ERROR - [HEARTBEAT] 失败 (连续 1 次): 401 Client Error: Unauthorized for url: https://clob.polymarket.com/v1/heartbeats
2026-07-29 22:41:20,684 - INFO - [SCREENER] 160 markets in 14.5s | yes:93 no:17 | next in 30s
2026-07-29 22:41:47,517 - ERROR - [py_clob_client_v2] request error: [SSL: UNEXPECTED_EOF_WHILE_READING] EOF occurred in violation of protocol (_ssl.c:1000)
2026-07-29 22:41:48,006 - ERROR - [HEARTBEAT] 失败 (连续 1 次): 401 Client Error: Unauthorized for url: https://clob.polymarket.com/v1/heartbeats
2026-07-29 22:41:57,604 - INFO - [SCREENER] 162 markets in 15.2s | yes:92 no:15 | next in 30s
2026-07-29 22:41:58,969 - WARNING - [AUDIT] 1117587924147036 订单丢失纠偏
2026-07-29 22:41:58,969 - WARNING - [AUDIT] 5628291943280744 订单丢失纠偏
2026-07-29 22:41:58,969 - WARNING - [AUDIT] 8807013473938409 订单丢失纠偏
2026-07-29 22:41:58,969 - WARNING - [AUDIT] 5665574963884049 订单丢失纠偏
2026-07-29 22:41:58,971 - WARNING - [AUDIT] 4329506741614242 订单丢失纠偏
2026-07-29 22:41:58,971 - WARNING - [AUDIT] 6381496004909133 订单丢失纠偏
2026-07-29 22:41:58,971 - WARNING - [AUDIT] 4021450910460381 订单丢失纠偏
2026-07-29 22:41:58,971 - WARNING - [AUDIT] 3163362723265445 订单丢失纠偏
2026-07-29 22:41:58,972 - WARNING - [AUDIT] 3068602426413270 订单丢失纠偏
2026-07-29 22:41:58,972 - WARNING - [AUDIT] 1050467039669960 订单丢失纠偏
2026-07-29 22:41:58,972 - WARNING - [AUDIT] 1495307552494407 订单丢失纠偏
2026-07-29 22:41:58,972 - WARNING - [AUDIT] 5173928304312758 订单丢失纠偏
2026-07-29 22:41:58,973 - WARNING - [AUDIT] 6614385806473436 订单丢失纠偏
2026-07-29 22:41:58,973 - WARNING - [AUDIT] 1082561109215351 订单丢失纠偏
2026-07-29 22:41:58,973 - WARNING - [AUDIT] 8602109109345929 订单丢失纠偏
2026-07-29 22:41:58,973 - WARNING - [AUDIT] 8085588690987788 订单丢失纠偏
2026-07-29 22:41:58,973 - WARNING - [AUDIT] 1022092457472070 订单丢失纠偏
2026-07-29 22:41:58,974 - WARNING - [AUDIT] 1881611846012403 订单丢失纠偏
2026-07-29 22:41:58,974 - WARNING - [AUDIT] 9471737552867176 订单丢失纠偏
2026-07-29 22:41:58,975 - WARNING - [AUDIT] 1980142990093654 订单丢失纠偏
2026-07-29 22:41:58,975 - WARNING - [AUDIT] 8455296868074346 订单丢失纠偏
2026-07-29 22:41:58,975 - WARNING - [AUDIT] 3321786090116059 订单丢失纠偏
2026-07-29 22:41:58,975 - WARNING - [AUDIT] 7567018887959061 订单丢失纠偏
2026-07-29 22:41:58,975 - WARNING - [AUDIT] 1100234228660797 订单丢失纠偏
2026-07-29 22:41:58,976 - WARNING - [AUDIT] 1623736321694726 订单丢失纠偏
2026-07-29 22:41:58,976 - WARNING - [AUDIT] 8719793095183641 订单丢失纠偏
2026-07-29 22:41:58,976 - WARNING - [AUDIT] 7912940889785135 订单丢失纠偏
2026-07-29 22:41:58,976 - WARNING - [AUDIT] 9605998236724750 订单丢失纠偏
2026-07-29 22:41:58,976 - WARNING - [AUDIT] 4379785612426100 订单丢失纠偏
2026-07-29 22:41:58,976 - WARNING - [AUDIT] 4577693276594738 订单丢失纠偏
2026-07-29 22:41:58,978 - WARNING - [AUDIT] 1150178838612323 订单丢失纠偏
2026-07-29 22:41:58,978 - WARNING - [AUDIT] 3475849100824778 订单丢失纠偏
2026-07-29 22:41:58,978 - WARNING - [AUDIT] 1158979346242362 订单丢失纠偏
2026-07-29 22:41:58,978 - WARNING - [AUDIT] 7549987038399964 订单丢失纠偏
2026-07-29 22:41:58,979 - WARNING - [AUDIT] 4649822719517002 订单丢失纠偏
2026-07-29 22:41:58,979 - WARNING - [AUDIT] 9557217740809434 订单丢失纠偏
2026-07-29 22:41:58,979 - WARNING - [AUDIT] 9530461278633684 订单丢失纠偏
2026-07-29 22:41:58,980 - WARNING - [AUDIT] 2008944663388461 订单丢失纠偏
2026-07-29 22:41:58,980 - WARNING - [AUDIT] 9209537011088003 订单丢失纠偏
2026-07-29 22:41:58,980 - WARNING - [AUDIT] 1113974223965767 订单丢失纠偏
2026-07-29 22:41:58,980 - WARNING - [AUDIT] 6079413036958135 订单丢失纠偏
2026-07-29 22:41:58,980 - WARNING - [AUDIT] 5690082784530203 订单丢失纠偏
2026-07-29 22:41:58,980 - WARNING - [AUDIT] 7180695672126738 订单丢失纠偏
2026-07-29 22:41:58,981 - WARNING - [AUDIT] 7677103133706603 订单丢失纠偏
2026-07-29 22:41:58,981 - WARNING - [AUDIT] 3028576635815887 订单丢失纠偏
2026-07-29 22:41:58,981 - WARNING - [AUDIT] 1096071201107726 订单丢失纠偏
2026-07-29 22:41:58,982 - WARNING - [AUDIT] 5069233318055878 订单丢失纠偏
2026-07-29 22:41:58,982 - WARNING - [AUDIT] 1648964280113991 订单丢失纠偏
2026-07-29 22:41:58,982 - WARNING - [AUDIT] 4455263676921725 订单丢失纠偏
2026-07-29 22:41:58,982 - WARNING - [AUDIT] 7192843993999372 订单丢失纠偏
2026-07-29 22:41:58,983 - WARNING - [AUDIT] 5727082889551751 订单丢失纠偏
2026-07-29 22:41:58,983 - WARNING - [AUDIT] 3268278949469979 订单丢失纠偏
2026-07-29 22:41:58,983 - WARNING - [AUDIT] 2798371224866267 订单丢失纠偏
2026-07-29 22:41:58,983 - WARNING - [AUDIT] 7238355651593860 订单丢失纠偏
2026-07-29 22:41:58,983 - WARNING - [AUDIT] 4306399136212806 订单丢失纠偏
2026-07-29 22:41:58,983 - WARNING - [AUDIT] 1154230654638001 订单丢失纠偏
2026-07-29 22:41:58,985 - WARNING - [AUDIT] 5552092961648777 订单丢失纠偏
2026-07-29 22:41:58,985 - WARNING - [AUDIT] 8665030358931242 订单丢失纠偏
2026-07-29 22:41:58,985 - WARNING - [AUDIT] 3317956206489901 订单丢失纠偏
2026-07-29 22:41:58,985 - WARNING - [AUDIT] 9468929500074011 订单丢失纠偏
2026-07-29 22:41:58,985 - WARNING - [AUDIT] 8176996410796457 订单丢失纠偏
2026-07-29 22:41:58,986 - WARNING - [AUDIT] 4792416315212796 订单丢失纠偏
2026-07-29 22:41:58,986 - WARNING - [AUDIT] 1044492815303529 订单丢失纠偏
2026-07-29 22:41:58,986 - WARNING - [AUDIT] 6759728210972296 订单丢失纠偏
2026-07-29 22:41:58,986 - WARNING - [AUDIT] 2353946486221127 订单丢失纠偏
2026-07-29 22:41:58,987 - WARNING - [AUDIT] 4061207631473337 订单丢失纠偏
2026-07-29 22:41:58,987 - WARNING - [AUDIT] 6319195884440646 订单丢失纠偏
2026-07-29 22:41:58,987 - WARNING - [AUDIT] 2702503326839325 订单丢失纠偏
2026-07-29 22:41:58,988 - WARNING - [AUDIT] 5187525504137206 订单丢失纠偏
2026-07-29 22:41:58,988 - WARNING - [AUDIT] 1047925632399163 订单丢失纠偏
2026-07-29 22:41:58,988 - WARNING - [AUDIT] 5714644372500509 订单丢失纠偏
2026-07-29 22:41:58,988 - WARNING - [AUDIT] 1066884398268354 订单丢失纠偏
2026-07-29 22:41:58,988 - WARNING - [AUDIT] 7878512989408810 订单丢失纠偏
2026-07-29 22:41:58,989 - WARNING - [AUDIT] 1101733377666130 订单丢失纠偏
2026-07-29 22:41:58,989 - WARNING - [AUDIT] 2716076494033304 订单丢失纠偏
2026-07-29 22:41:58,989 - WARNING - [AUDIT] 8985687337765311 订单丢失纠偏
2026-07-29 22:41:58,990 - WARNING - [AUDIT] 2268163722841394 订单丢失纠偏
2026-07-29 22:41:58,990 - WARNING - [AUDIT] 1138950765091571 订单丢失纠偏
2026-07-29 22:41:58,990 - WARNING - [AUDIT] 1086604758790294 订单丢失纠偏
2026-07-29 22:41:58,990 - WARNING - [AUDIT] 7830642697283363 订单丢失纠偏
2026-07-29 22:41:58,990 - WARNING - [AUDIT] 9256148593125948 订单丢失纠偏
2026-07-29 22:41:58,990 - WARNING - [AUDIT] 6512084481618349 订单丢失纠偏
2026-07-29 22:41:58,990 - WARNING - [AUDIT] 1011798340216868 订单丢失纠偏
2026-07-29 22:41:58,991 - WARNING - [AUDIT] 7574535966689749 订单丢失纠偏
2026-07-29 22:41:58,991 - WARNING - [AUDIT] 4754445492306527 订单丢失纠偏
2026-07-29 22:41:58,991 - WARNING - [AUDIT] 2608826086101062 订单丢失纠偏
2026-07-29 22:41:58,991 - WARNING - [AUDIT] 1186180799404249 订单丢失纠偏
2026-07-29 22:41:58,992 - WARNING - [AUDIT] 6043790029541861 订单丢失纠偏
2026-07-29 22:41:58,992 - WARNING - [AUDIT] 2652508048102075 订单丢失纠偏
2026-07-29 22:41:58,992 - WARNING - [AUDIT] 2527556165798565 订单丢失纠偏
2026-07-29 22:41:58,992 - WARNING - [AUDIT] 6434882239083600 订单丢失纠偏
2026-07-29 22:41:58,993 - WARNING - [AUDIT] 1107486019531506 订单丢失纠偏
2026-07-29 22:41:58,993 - WARNING - [AUDIT] 7386622261544735 订单丢失纠偏
2026-07-29 22:41:58,993 - WARNING - [AUDIT] 9923108436582854 订单丢失纠偏
2026-07-29 22:41:58,993 - WARNING - [AUDIT] 4785924216663269 订单丢失纠偏
2026-07-29 22:41:58,994 - WARNING - [AUDIT] 1211060500189335 订单丢失纠偏
2026-07-29 22:41:58,994 - WARNING - [AUDIT] 1042476319077633 订单丢失纠偏
2026-07-29 22:41:58,995 - WARNING - [AUDIT] 8461408730649695 订单丢失纠偏
2026-07-29 22:41:58,995 - WARNING - [AUDIT] 8376443486879834 订单丢失纠偏
2026-07-29 22:41:58,995 - WARNING - [AUDIT] 2777253507673553 订单丢失纠偏
2026-07-29 22:41:58,996 - WARNING - [AUDIT] 4469030833584170 订单丢失纠偏
2026-07-29 22:41:58,996 - WARNING - [AUDIT] 3753667433097096 订单丢失纠偏
2026-07-29 22:41:58,996 - WARNING - [AUDIT] 2033596243255553 订单丢失纠偏
2026-07-29 22:42:34,114 - INFO - [SCREENER] 164 markets in 13.6s | yes:97 no:20 | next in 30s
2026-07-29 22:43:09,625 - INFO - [SCREENER] 161 markets in 13.2s | yes:101 no:21 | next in 30s
2026-07-29 22:43:45,256 - INFO - [SCREENER] 165 markets in 13.3s | yes:100 no:19 | next in 30s
2026-07-29 22:44:00,347 - ERROR - [py_clob_client_v2] request error: Server disconnected
2026-07-29 22:44:00,347 - ERROR - [py_clob_client_v2] request error: Server disconnected
2026-07-29 22:44:00,347 - ERROR - 获取订单簿失败: 19801429900936549477... | PolyApiException[status_code=None, error_message=Request exception!]
2026-07-29 22:44:00,350 - ERROR - 获取订单簿失败: 10825611092153514167... | PolyApiException[status_code=None, error_message=Request exception!]
2026-07-29 22:44:00,351 - ERROR - [py_clob_client_v2] request error: Server disconnected
2026-07-29 22:44:00,351 - ERROR - [py_clob_client_v2] request error: Server disconnected
2026-07-29 22:44:00,354 - ERROR - 获取订单簿失败: 84552968680743469789... | PolyApiException[status_code=None, error_message=Request exception!]
2026-07-29 22:44:00,355 - ERROR - 获取订单簿失败: 33217860901160592700... | PolyApiException[status_code=None, error_message=Request exception!]
2026-07-29 22:44:00,659 - ERROR - [py_clob_client_v2] request error: Server disconnected
2026-07-29 22:44:00,659 - ERROR - [py_clob_client_v2] request error: Server disconnected
2026-07-29 22:44:00,659 - ERROR - [py_clob_client_v2] request error: Server disconnected
2026-07-29 22:44:00,660 - ERROR - [py_clob_client_v2] request error: Server disconnected
2026-07-29 22:44:00,660 - ERROR - 获取订单簿失败: 75670188879590610559... | PolyApiException[status_code=None, error_message=Request exception!]
2026-07-29 22:44:00,660 - ERROR - [py_clob_client_v2] request error: Server disconnected
2026-07-29 22:44:00,660 - ERROR - [py_clob_client_v2] request error: Server disconnected
2026-07-29 22:44:00,660 - ERROR - 获取订单簿失败: 16237363216947267538... | PolyApiException[status_code=None, error_message=Request exception!]
2026-07-29 22:44:00,660 - ERROR - [py_clob_client_v2] request error: Server disconnected
2026-07-29 22:44:00,660 - ERROR - [py_clob_client_v2] request error: Server disconnected
2026-07-29 22:44:00,661 - ERROR - 获取订单簿失败: 87197930951836413490... | PolyApiException[status_code=None, error_message=Request exception!]
2026-07-29 22:44:00,662 - ERROR - [py_clob_client_v2] request error: Server disconnected
2026-07-29 22:44:00,662 - ERROR - [py_clob_client_v2] request error: Server disconnected
2026-07-29 22:44:00,662 - ERROR - 获取订单簿失败: 79129408897851355133... | PolyApiException[status_code=None, error_message=Request exception!]
2026-07-29 22:44:00,663 - ERROR - 获取订单簿失败: 96059982367247500633... | PolyApiException[status_code=None, error_message=Request exception!]
2026-07-29 22:44:00,664 - ERROR - 获取订单簿失败: 43797856124261000394... | PolyApiException[status_code=None, error_message=Request exception!]
2026-07-29 22:44:00,666 - ERROR - 获取订单簿失败: 45776932765947385810... | PolyApiException[status_code=None, error_message=Request exception!]
2026-07-29 22:44:00,666 - ERROR - 获取订单簿失败: 11501788386123231059... | PolyApiException[status_code=None, error_message=Request exception!]
2026-07-29 22:44:00,667 - ERROR - 获取订单簿失败: 34758491008247789151... | PolyApiException[status_code=None, error_message=Request exception!]
2026-07-29 22:44:00,667 - ERROR - 获取订单簿失败: 11002342286607970432... | PolyApiException[status_code=None, error_message=Request exception!]
2026-07-29 22:44:00,836 - WARNING - [RETRY] 1082561109215351 bids不足3档，10s后重试
2026-07-29 22:44:00,837 - WARNING - [RETRY] 1980142990093654 bids不足3档，10s后重试
2026-07-29 22:44:00,838 - WARNING - [RETRY] 8455296868074346 bids不足3档，10s后重试
2026-07-29 22:44:00,838 - WARNING - [RETRY] 3321786090116059 bids不足3档，10s后重试
2026-07-29 22:44:00,838 - WARNING - [RETRY] 7567018887959061 bids不足3档，10s后重试
2026-07-29 22:44:00,838 - WARNING - [RETRY] 1100234228660797 bids不足3档，10s后重试
2026-07-29 22:44:00,838 - WARNING - [RETRY] 1623736321694726 bids不足3档，10s后重试
2026-07-29 22:44:00,838 - WARNING - [RETRY] 8719793095183641 bids不足3档，10s后重试
2026-07-29 22:44:00,839 - WARNING - [RETRY] 7912940889785135 bids不足3档，10s后重试
2026-07-29 22:44:00,839 - WARNING - [RETRY] 9605998236724750 bids不足3档，10s后重试
2026-07-29 22:44:00,839 - WARNING - [RETRY] 4379785612426100 bids不足3档，10s后重试
2026-07-29 22:44:00,840 - WARNING - [RETRY] 4577693276594738 bids不足3档，10s后重试
2026-07-29 22:44:00,840 - WARNING - [RETRY] 1150178838612323 bids不足3档，10s后重试
2026-07-29 22:44:00,840 - WARNING - [RETRY] 3475849100824778 bids不足3档，10s后重试
2026-07-29 22:44:17,203 - INFO - [SCREENER] 165 markets in 8.4s | yes:99 no:17 | next in 30s
2026-07-29 22:44:22,467 - ERROR - [POLL] 批量查询异常: HTTPSConnectionPool(host='clob.polymarket.com', port=443): Max retries exceeded with url: /books (Caused by SSLError(SSLEOFError(8, '[SSL: UNEXPECTED_EOF_WHILE_READING] EOF occurred in violation of protocol (_ssl.c:1000)')))
2026-07-29 22:44:51,306 - INFO - [SCREENER] 167 markets in 8.2s | yes:100 no:15 | next in 30s
2026-07-29 22:45:36,514 - INFO - [SCREENER] 169 markets in 12.9s | yes:92 no:10 | next in 30s
2026-07-29 22:46:05,958 - ERROR - [py_clob_client_v2] request error: [SSL: UNEXPECTED_EOF_WHILE_READING] EOF occurred in violation of protocol (_ssl.c:1000)
2026-07-29 22:46:06,464 - ERROR - [HEARTBEAT] 失败 (连续 1 次): 401 Client Error: Unauthorized for url: https://clob.polymarket.com/v1/heartbeats
2026-07-29 22:46:30,171 - INFO - [SCREENER] 172 markets in 31.6s | yes:95 no:11 | next in 30s
2026-07-29 22:46:31,503 - WARNING - [AUDIT] 1117587924147036 订单丢失纠偏
2026-07-29 22:46:31,504 - WARNING - [AUDIT] 5628291943280744 订单丢失纠偏
2026-07-29 22:46:31,504 - WARNING - [AUDIT] 5665574963884049 订单丢失纠偏
2026-07-29 22:46:31,504 - WARNING - [AUDIT] 4329506741614242 订单丢失纠偏
2026-07-29 22:46:31,505 - WARNING - [AUDIT] 6381496004909133 订单丢失纠偏
2026-07-29 22:46:31,506 - WARNING - [AUDIT] 4021450910460381 订单丢失纠偏
2026-07-29 22:46:31,506 - WARNING - [AUDIT] 3163362723265445 订单丢失纠偏
2026-07-29 22:46:31,506 - WARNING - [AUDIT] 3068602426413270 订单丢失纠偏
2026-07-29 22:46:31,507 - WARNING - [AUDIT] 1050467039669960 订单丢失纠偏
2026-07-29 22:46:31,507 - WARNING - [AUDIT] 1495307552494407 订单丢失纠偏
2026-07-29 22:46:31,507 - WARNING - [AUDIT] 5173928304312758 订单丢失纠偏
2026-07-29 22:46:31,508 - WARNING - [AUDIT] 6614385806473436 订单丢失纠偏
2026-07-29 22:46:31,508 - WARNING - [AUDIT] 1082561109215351 订单丢失纠偏
2026-07-29 22:46:31,508 - WARNING - [AUDIT] 8602109109345929 订单丢失纠偏
2026-07-29 22:46:31,509 - WARNING - [AUDIT] 8085588690987788 订单丢失纠偏
2026-07-29 22:46:31,509 - WARNING - [AUDIT] 1022092457472070 订单丢失纠偏
2026-07-29 22:46:31,509 - WARNING - [AUDIT] 1881611846012403 订单丢失纠偏
2026-07-29 22:46:31,509 - WARNING - [AUDIT] 9471737552867176 订单丢失纠偏
2026-07-29 22:46:31,509 - WARNING - [AUDIT] 1980142990093654 订单丢失纠偏
2026-07-29 22:46:31,510 - WARNING - [AUDIT] 8455296868074346 订单丢失纠偏
2026-07-29 22:46:31,510 - WARNING - [AUDIT] 3321786090116059 订单丢失纠偏
2026-07-29 22:46:31,510 - WARNING - [AUDIT] 7567018887959061 订单丢失纠偏
2026-07-29 22:46:31,510 - WARNING - [AUDIT] 1100234228660797 订单丢失纠偏
2026-07-29 22:46:31,510 - WARNING - [AUDIT] 1623736321694726 订单丢失纠偏
2026-07-29 22:46:31,510 - WARNING - [AUDIT] 8719793095183641 订单丢失纠偏
2026-07-29 22:46:31,510 - WARNING - [AUDIT] 7912940889785135 订单丢失纠偏
2026-07-29 22:46:31,510 - WARNING - [AUDIT] 8017685603829740 订单丢失纠偏
2026-07-29 22:46:31,510 - WARNING - [AUDIT] 9605998236724750 订单丢失纠偏
2026-07-29 22:46:31,510 - WARNING - [AUDIT] 4379785612426100 订单丢失纠偏
2026-07-29 22:46:31,510 - WARNING - [AUDIT] 4577693276594738 订单丢失纠偏
2026-07-29 22:46:31,510 - WARNING - [AUDIT] 1150178838612323 订单丢失纠偏
2026-07-29 22:46:31,511 - WARNING - [AUDIT] 3475849100824778 订单丢失纠偏
2026-07-29 22:46:31,511 - WARNING - [AUDIT] 1158979346242362 订单丢失纠偏
2026-07-29 22:46:31,511 - WARNING - [AUDIT] 7549987038399964 订单丢失纠偏
2026-07-29 22:46:31,511 - WARNING - [AUDIT] 4649822719517002 订单丢失纠偏
2026-07-29 22:46:31,511 - WARNING - [AUDIT] 9557217740809434 订单丢失纠偏
2026-07-29 22:46:31,511 - WARNING - [AUDIT] 9530461278633684 订单丢失纠偏
2026-07-29 22:46:31,511 - WARNING - [AUDIT] 2008944663388461 订单丢失纠偏
2026-07-29 22:46:31,511 - WARNING - [AUDIT] 9209537011088003 订单丢失纠偏
2026-07-29 22:46:31,511 - WARNING - [AUDIT] 1113974223965767 订单丢失纠偏
2026-07-29 22:46:31,511 - WARNING - [AUDIT] 6079413036958135 订单丢失纠偏
2026-07-29 22:46:31,511 - WARNING - [AUDIT] 5690082784530203 订单丢失纠偏
2026-07-29 22:46:31,511 - WARNING - [AUDIT] 7677103133706603 订单丢失纠偏
2026-07-29 22:46:31,511 - WARNING - [AUDIT] 3028576635815887 订单丢失纠偏
2026-07-29 22:46:31,511 - WARNING - [AUDIT] 1096071201107726 订单丢失纠偏
2026-07-29 22:46:31,512 - WARNING - [AUDIT] 5069233318055878 订单丢失纠偏
2026-07-29 22:46:31,512 - WARNING - [AUDIT] 1648964280113991 订单丢失纠偏
2026-07-29 22:46:31,512 - WARNING - [AUDIT] 4455263676921725 订单丢失纠偏
2026-07-29 22:46:31,512 - WARNING - [AUDIT] 7192843993999372 订单丢失纠偏
2026-07-29 22:46:31,512 - WARNING - [AUDIT] 5727082889551751 订单丢失纠偏
2026-07-29 22:46:31,512 - WARNING - [AUDIT] 3268278949469979 订单丢失纠偏
2026-07-29 22:46:31,512 - WARNING - [AUDIT] 2798371224866267 订单丢失纠偏
2026-07-29 22:46:31,512 - WARNING - [AUDIT] 7238355651593860 订单丢失纠偏
2026-07-29 22:46:31,512 - WARNING - [AUDIT] 4306399136212806 订单丢失纠偏
2026-07-29 22:46:31,512 - WARNING - [AUDIT] 1154230654638001 订单丢失纠偏
2026-07-29 22:46:31,512 - WARNING - [AUDIT] 5552092961648777 订单丢失纠偏
2026-07-29 22:46:31,512 - WARNING - [AUDIT] 8665030358931242 订单丢失纠偏
2026-07-29 22:46:31,512 - WARNING - [AUDIT] 3317956206489901 订单丢失纠偏
2026-07-29 22:46:31,512 - WARNING - [AUDIT] 9468929500074011 订单丢失纠偏
2026-07-29 22:46:31,513 - WARNING - [AUDIT] 4792416315212796 订单丢失纠偏
2026-07-29 22:46:31,513 - WARNING - [AUDIT] 6759728210972296 订单丢失纠偏
2026-07-29 22:46:31,513 - WARNING - [AUDIT] 2353946486221127 订单丢失纠偏
2026-07-29 22:46:31,513 - WARNING - [AUDIT] 4061207631473337 订单丢失纠偏
2026-07-29 22:46:31,513 - WARNING - [AUDIT] 6319195884440646 订单丢失纠偏
2026-07-29 22:46:31,513 - WARNING - [AUDIT] 2702503326839325 订单丢失纠偏
2026-07-29 22:46:31,513 - WARNING - [AUDIT] 5187525504137206 订单丢失纠偏
2026-07-29 22:46:31,513 - WARNING - [AUDIT] 5714644372500509 订单丢失纠偏
2026-07-29 22:46:31,513 - WARNING - [AUDIT] 1066884398268354 订单丢失纠偏
2026-07-29 22:46:31,513 - WARNING - [AUDIT] 7878512989408810 订单丢失纠偏
2026-07-29 22:46:31,513 - WARNING - [AUDIT] 2716076494033304 订单丢失纠偏
2026-07-29 22:46:31,513 - WARNING - [AUDIT] 8985687337765311 订单丢失纠偏
2026-07-29 22:46:31,514 - WARNING - [AUDIT] 2268163722841394 订单丢失纠偏
2026-07-29 22:46:31,514 - WARNING - [AUDIT] 1138950765091571 订单丢失纠偏
2026-07-29 22:46:31,514 - WARNING - [AUDIT] 7830642697283363 订单丢失纠偏
2026-07-29 22:46:31,514 - WARNING - [AUDIT] 9256148593125948 订单丢失纠偏
2026-07-29 22:46:31,514 - WARNING - [AUDIT] 6512084481618349 订单丢失纠偏
2026-07-29 22:46:31,514 - WARNING - [AUDIT] 1011798340216868 订单丢失纠偏
2026-07-29 22:46:31,514 - WARNING - [AUDIT] 2608826086101062 订单丢失纠偏
2026-07-29 22:46:31,514 - WARNING - [AUDIT] 2652508048102075 订单丢失纠偏
2026-07-29 22:46:31,514 - WARNING - [AUDIT] 6434882239083600 订单丢失纠偏
2026-07-29 22:46:31,514 - WARNING - [AUDIT] 1107486019531506 订单丢失纠偏
2026-07-29 22:46:31,514 - WARNING - [AUDIT] 9923108436582854 订单丢失纠偏
2026-07-29 22:46:31,514 - WARNING - [AUDIT] 4785924216663269 订单丢失纠偏
2026-07-29 22:46:31,515 - WARNING - [AUDIT] 1211060500189335 订单丢失纠偏
2026-07-29 22:46:31,515 - WARNING - [AUDIT] 8461408730649695 订单丢失纠偏
2026-07-29 22:46:31,515 - WARNING - [AUDIT] 2777253507673553 订单丢失纠偏
2026-07-29 22:46:31,515 - WARNING - [AUDIT] 4469030833584170 订单丢失纠偏
2026-07-29 22:46:31,515 - WARNING - [AUDIT] 2133305250514714 订单丢失纠偏
2026-07-29 22:46:31,515 - WARNING - [AUDIT] 7763887955587621 订单丢失纠偏
2026-07-29 22:46:31,515 - WARNING - [AUDIT] 3753667433097096 订单丢失纠偏
2026-07-29 22:46:31,515 - WARNING - [AUDIT] 9658552550054792 订单丢失纠偏
2026-07-29 22:46:31,515 - WARNING - [AUDIT] 1399898491292407 订单丢失纠偏
2026-07-29 22:46:31,515 - WARNING - [AUDIT] 4206476010603719 订单丢失纠偏
2026-07-29 22:46:31,515 - WARNING - [AUDIT] 1101733377666130 订单丢失纠偏
2026-07-29 22:46:31,515 - WARNING - [AUDIT] 9077404512420004 订单丢失纠偏
2026-07-29 22:46:36,521 - ERROR - 查询持仓失败: HTTPSConnectionPool(host='data-api.polymarket.com', port=443): Max retries exceeded with url: /positions?user=0xE075279F71A4896C31d4706A61cb46a2105024F9&sizeThreshold=1.0 (Caused by SSLError(SSLEOFError(8, '[SSL: UNEXPECTED_EOF_WHILE_READING] EOF occurred in violation of protocol (_ssl.c:1000)')))
2026-07-29 22:47:07,543 - INFO - [SCREENER] 174 markets in 21.0s | yes:90 no:12 | next in 30s
2026-07-29 22:47:32,777 - INFO - [SCREENER] 173 markets in 14.0s | yes:89 no:13 | next in 30s
2026-07-29 22:48:09,174 - INFO - [SCREENER] 170 markets in 14.9s | yes:90 no:13 | next in 30s
2026-07-29 22:48:26,183 - ERROR - [AUDIT] 批量查询 best_bid 失败: HTTPSConnectionPool(host='clob.polymarket.com', port=443): Max retries exceeded with url: /books (Caused by SSLError(SSLEOFError(8, '[SSL: UNEXPECTED_EOF_WHILE_READING] EOF occurred in violation of protocol (_ssl.c:1000)')))
2026-07-29 22:48:32,457 - ERROR - [py_clob_client_v2] request error: Server disconnected
2026-07-29 22:48:32,458 - ERROR - [py_clob_client_v2] request error: Server disconnected
2026-07-29 22:48:32,459 - ERROR - 获取订单簿失败: 33217860901160592700... | PolyApiException[status_code=None, error_message=Request exception!]
2026-07-29 22:48:32,459 - ERROR - [py_clob_client_v2] request error: Server disconnected
2026-07-29 22:48:32,459 - ERROR - [py_clob_client_v2] request error: Server disconnected
2026-07-29 22:48:32,460 - ERROR - 获取订单簿失败: 75670188879590610559... | PolyApiException[status_code=None, error_message=Request exception!]
2026-07-29 22:48:32,460 - ERROR - 获取订单簿失败: 84552968680743469789... | PolyApiException[status_code=None, error_message=Request exception!]
2026-07-29 22:48:32,460 - ERROR - [py_clob_client_v2] request error: Server disconnected
2026-07-29 22:48:32,460 - ERROR - [py_clob_client_v2] request error: Server disconnected
2026-07-29 22:48:32,461 - ERROR - 获取订单簿失败: 19801429900936549477... | PolyApiException[status_code=None, error_message=Request exception!]
2026-07-29 22:48:32,461 - ERROR - 获取订单簿失败: 11002342286607970432... | PolyApiException[status_code=None, error_message=Request exception!]
2026-07-29 22:48:32,461 - ERROR - 获取订单簿失败: 10220924574720706562... | PolyApiException[status_code=None, error_message=Request exception!]
2026-07-29 22:48:32,940 - WARNING - [RETRY] 1022092457472070 bids不足3档，10s后重试
2026-07-29 22:48:32,940 - WARNING - [RETRY] 1980142990093654 bids不足3档，10s后重试
2026-07-29 22:48:32,940 - WARNING - [RETRY] 8455296868074346 bids不足3档，10s后重试
2026-07-29 22:48:32,940 - WARNING - [RETRY] 3321786090116059 bids不足3档，10s后重试
2026-07-29 22:48:32,940 - WARNING - [RETRY] 7567018887959061 bids不足3档，10s后重试
2026-07-29 22:48:32,940 - WARNING - [RETRY] 1100234228660797 bids不足3档，10s后重试
2026-07-29 22:48:37,463 - ERROR - [py_clob_client_v2] request error: _ssl.c:983: The handshake operation timed out
2026-07-29 22:48:37,464 - ERROR - 获取订单簿失败: 16237363216947267538... | PolyApiException[status_code=None, error_message=Request exception!]
2026-07-29 22:48:52,515 - INFO - [SCREENER] 168 markets in 15.6s | yes:94 no:13 | next in 30s
2026-07-29 22:48:53,870 - WARNING - [RETRY] 1623736321694726 bids不足3档，10s后重试
2026-07-29 22:49:35,007 - INFO - [SCREENER] 161 markets in 20.5s | yes:86 no:13 | next in 30s
2026-07-29 22:49:59,774 - INFO - [SCREENER] 159 markets in 13.8s | yes:87 no:11 | next in 30s
2026-07-29 22:50:28,685 - INFO - [SCREENER] 159 markets in 7.3s | yes:81 no:11 | next in 30s
2026-07-29 22:50:34,962 - ERROR - [AUDIT] 批量查询 best_bid 失败: HTTPSConnectionPool(host='clob.polymarket.com', port=443): Max retries exceeded with url: /books (Caused by SSLError(SSLEOFError(8, '[SSL: UNEXPECTED_EOF_WHILE_READING] EOF occurred in violation of protocol (_ssl.c:1000)')))
2026-07-29 22:51:04,099 - INFO - [SCREENER] 158 markets in 7.8s | yes:83 no:9 | next in 30s
2026-07-29 22:51:44,700 - INFO - [SCREENER] 160 markets in 8.4s | yes:83 no:7 | next in 30s
2026-07-29 22:52:38,132 - INFO - [SCREENER] 159 markets in 21.2s | yes:79 no:11 | next in 30s
2026-07-29 22:52:57,615 - INFO - [SCREENER] 161 markets in 8.6s | yes:80 no:11 | next in 30s
2026-07-29 22:53:27,285 - INFO - [SCREENER] 155 markets in 6.4s | yes:84 no:10 | next in 30s
2026-07-29 22:54:05,855 - INFO - [SCREENER] 158 markets in 5.9s | yes:83 no:11 | next in 30s
2026-07-29 22:54:52,227 - INFO - [SCREENER] 158 markets in 13.8s | yes:84 no:12 | next in 30s
2026-07-29 22:55:22,285 - INFO - [SCREENER] 157 markets in 6.9s | yes:85 no:11 | next in 30s
2026-07-29 22:56:08,535 - INFO - [SCREENER] 150 markets in 14.0s | yes:79 no:11 | next in 30s
2026-07-29 22:56:39,387 - INFO - [SCREENER] 151 markets in 9.0s | yes:81 no:15 | next in 30s
2026-07-29 22:57:13,807 - ERROR - [py_clob_client_v2] request error: [SSL: UNEXPECTED_EOF_WHILE_READING] EOF occurred in violation of protocol (_ssl.c:1000)
2026-07-29 22:57:14,374 - ERROR - [HEARTBEAT] 失败 (连续 1 次): 401 Client Error: Unauthorized for url: https://clob.polymarket.com/v1/heartbeats
2026-07-29 22:57:28,954 - INFO - [SCREENER] 152 markets in 27.9s | yes:82 no:15 | next in 30s
2026-07-29 22:57:30,702 - ERROR - [BATCH CANCEL FAIL] 0x1a190357cc27655c49... | order can't be found - already canceled or matched
2026-07-29 22:57:31,436 - ERROR - [BATCH CANCEL] 1050467039669960 取消失败，清空 active_id 进入冷却兜底
2026-07-29 22:57:49,954 - ERROR - [py_clob_client_v2] request error: [SSL: UNEXPECTED_EOF_WHILE_READING] EOF occurred in violation of protocol (_ssl.c:1000)
2026-07-29 22:57:50,460 - ERROR - [HEARTBEAT] 失败 (连续 1 次): 401 Client Error: Unauthorized for url: https://clob.polymarket.com/v1/heartbeats
2026-07-29 22:57:54,133 - INFO - [SCREENER] 151 markets in 13.7s | yes:83 no:13 | next in 30s
2026-07-29 22:57:55,877 - WARNING - [AUDIT] 1117587924147036 订单丢失纠偏
2026-07-29 22:57:55,877 - WARNING - [AUDIT] 5628291943280744 订单丢失纠偏
2026-07-29 22:57:55,878 - WARNING - [AUDIT] 8807013473938409 订单丢失纠偏
2026-07-29 22:57:55,878 - WARNING - [AUDIT] 5665574963884049 订单丢失纠偏
2026-07-29 22:57:55,879 - WARNING - [AUDIT] 4329506741614242 订单丢失纠偏
2026-07-29 22:57:55,879 - WARNING - [AUDIT] 4021450910460381 订单丢失纠偏
2026-07-29 22:57:55,880 - WARNING - [AUDIT] 3163362723265445 订单丢失纠偏
2026-07-29 22:57:55,880 - WARNING - [AUDIT] 3068602426413270 订单丢失纠偏
2026-07-29 22:57:55,880 - WARNING - [AUDIT] 1495307552494407 订单丢失纠偏
2026-07-29 22:57:55,880 - WARNING - [AUDIT] 6614385806473436 订单丢失纠偏
2026-07-29 22:57:55,881 - WARNING - [AUDIT] 1082561109215351 订单丢失纠偏
2026-07-29 22:57:55,882 - WARNING - [AUDIT] 8602109109345929 订单丢失纠偏
2026-07-29 22:57:55,882 - WARNING - [AUDIT] 8085588690987788 订单丢失纠偏
2026-07-29 22:57:55,883 - WARNING - [AUDIT] 1022092457472070 订单丢失纠偏
2026-07-29 22:57:55,883 - WARNING - [AUDIT] 1881611846012403 订单丢失纠偏
2026-07-29 22:57:55,883 - WARNING - [AUDIT] 9471737552867176 订单丢失纠偏
2026-07-29 22:57:55,884 - WARNING - [AUDIT] 1980142990093654 订单丢失纠偏
2026-07-29 22:57:55,884 - WARNING - [AUDIT] 8455296868074346 订单丢失纠偏
2026-07-29 22:57:55,884 - WARNING - [AUDIT] 3321786090116059 订单丢失纠偏
2026-07-29 22:57:55,884 - WARNING - [AUDIT] 7567018887959061 订单丢失纠偏
2026-07-29 22:57:55,884 - WARNING - [AUDIT] 7912940889785135 订单丢失纠偏
2026-07-29 22:57:55,884 - WARNING - [AUDIT] 8017685603829740 订单丢失纠偏
2026-07-29 22:57:55,885 - WARNING - [AUDIT] 4379785612426100 订单丢失纠偏
2026-07-29 22:57:55,885 - WARNING - [AUDIT] 4577693276594738 订单丢失纠偏
2026-07-29 22:57:55,885 - WARNING - [AUDIT] 1150178838612323 订单丢失纠偏
2026-07-29 22:57:55,886 - WARNING - [AUDIT] 3475849100824778 订单丢失纠偏
2026-07-29 22:57:55,886 - WARNING - [AUDIT] 1158979346242362 订单丢失纠偏
2026-07-29 22:57:55,886 - WARNING - [AUDIT] 7549987038399964 订单丢失纠偏
2026-07-29 22:57:55,886 - WARNING - [AUDIT] 4649822719517002 订单丢失纠偏
2026-07-29 22:57:55,887 - WARNING - [AUDIT] 9557217740809434 订单丢失纠偏
2026-07-29 22:57:55,887 - WARNING - [AUDIT] 9530461278633684 订单丢失纠偏
2026-07-29 22:57:55,887 - WARNING - [AUDIT] 9209537011088003 订单丢失纠偏
2026-07-29 22:57:55,887 - WARNING - [AUDIT] 6079413036958135 订单丢失纠偏
2026-07-29 22:57:55,887 - WARNING - [AUDIT] 5690082784530203 订单丢失纠偏
2026-07-29 22:57:55,887 - WARNING - [AUDIT] 7677103133706603 订单丢失纠偏
2026-07-29 22:57:55,887 - WARNING - [AUDIT] 3028576635815887 订单丢失纠偏
2026-07-29 22:57:55,889 - WARNING - [AUDIT] 1096071201107726 订单丢失纠偏
2026-07-29 22:57:55,889 - WARNING - [AUDIT] 1648964280113991 订单丢失纠偏
2026-07-29 22:57:55,889 - WARNING - [AUDIT] 5727082889551751 订单丢失纠偏
2026-07-29 22:57:55,889 - WARNING - [AUDIT] 2798371224866267 订单丢失纠偏
2026-07-29 22:57:55,889 - WARNING - [AUDIT] 7238355651593860 订单丢失纠偏
2026-07-29 22:57:55,889 - WARNING - [AUDIT] 4306399136212806 订单丢失纠偏
2026-07-29 22:57:55,889 - WARNING - [AUDIT] 1154230654638001 订单丢失纠偏
2026-07-29 22:57:55,890 - WARNING - [AUDIT] 5552092961648777 订单丢失纠偏
2026-07-29 22:57:55,890 - WARNING - [AUDIT] 8665030358931242 订单丢失纠偏
2026-07-29 22:57:55,890 - WARNING - [AUDIT] 3317956206489901 订单丢失纠偏
2026-07-29 22:57:55,890 - WARNING - [AUDIT] 9468929500074011 订单丢失纠偏
2026-07-29 22:57:55,890 - WARNING - [AUDIT] 4792416315212796 订单丢失纠偏
2026-07-29 22:57:55,890 - WARNING - [AUDIT] 6759728210972296 订单丢失纠偏
2026-07-29 22:57:55,890 - WARNING - [AUDIT] 2353946486221127 订单丢失纠偏
2026-07-29 22:57:55,890 - WARNING - [AUDIT] 4061207631473337 订单丢失纠偏
2026-07-29 22:57:55,890 - WARNING - [AUDIT] 6319195884440646 订单丢失纠偏
2026-07-29 22:57:55,890 - WARNING - [AUDIT] 5714644372500509 订单丢失纠偏
2026-07-29 22:57:55,891 - WARNING - [AUDIT] 8985687337765311 订单丢失纠偏
2026-07-29 22:57:55,891 - WARNING - [AUDIT] 2268163722841394 订单丢失纠偏
2026-07-29 22:57:55,891 - WARNING - [AUDIT] 1011798340216868 订单丢失纠偏
2026-07-29 22:57:55,891 - WARNING - [AUDIT] 1107486019531506 订单丢失纠偏
2026-07-29 22:57:55,891 - WARNING - [AUDIT] 1211060500189335 订单丢失纠偏
2026-07-29 22:57:55,891 - WARNING - [AUDIT] 4469030833584170 订单丢失纠偏
2026-07-29 22:57:55,891 - WARNING - [AUDIT] 7763887955587621 订单丢失纠偏
2026-07-29 22:57:55,891 - WARNING - [AUDIT] 8161103130997014 订单丢失纠偏
2026-07-29 22:57:55,891 - WARNING - [AUDIT] 5166195493537182 订单丢失纠偏
2026-07-29 22:57:55,891 - WARNING - [AUDIT] 2652508048102075 订单丢失纠偏
2026-07-29 22:57:55,891 - WARNING - [AUDIT] 7180695672126738 订单丢失纠偏
2026-07-29 22:57:55,891 - WARNING - [AUDIT] 5069233318055878 订单丢失纠偏
2026-07-29 22:57:55,891 - WARNING - [AUDIT] 9311264399013062 订单丢失纠偏
2026-07-29 22:57:55,891 - WARNING - [AUDIT] 1981470697000454 订单丢失纠偏
2026-07-29 22:57:55,891 - WARNING - [AUDIT] 8288962153951680 订单丢失纠偏
2026-07-29 22:57:55,891 - WARNING - [AUDIT] 1004949569176251 订单丢失纠偏
2026-07-29 22:57:55,891 - WARNING - [AUDIT] 7192843993999372 订单丢失纠偏
2026-07-29 22:57:55,892 - WARNING - [AUDIT] 2397622545537952 订单丢失纠偏
2026-07-29 22:57:55,892 - WARNING - [AUDIT] 8376443486879834 订单丢失纠偏
2026-07-29 22:57:55,892 - WARNING - [AUDIT] 5577167869714116 订单丢失纠偏
2026-07-29 22:57:55,892 - WARNING - [AUDIT] 8685733861007292 订单丢失纠偏
2026-07-29 22:57:55,892 - WARNING - [AUDIT] 7878512989408810 订单丢失纠偏
2026-07-29 22:57:55,892 - WARNING - [AUDIT] 9923601734476122 订单丢失纠偏
2026-07-29 22:57:55,892 - WARNING - [AUDIT] 1002796328918897 订单丢失纠偏
2026-07-29 22:57:55,892 - WARNING - [AUDIT] 9923108436582854 订单丢失纠偏
2026-07-29 22:57:55,892 - WARNING - [AUDIT] 1113168410954942 订单丢失纠偏
2026-07-29 22:58:24,886 - INFO - [SCREENER] 142 markets in 6.2s | yes:73 no:8 | next in 30s
2026-07-29 22:59:05,615 - INFO - [SCREENER] 142 markets in 8.4s | yes:71 no:8 | next in 30s
2026-07-29 22:59:34,262 - INFO - [SCREENER] 137 markets in 6.9s | yes:66 no:7 | next in 30s
2026-07-29 23:00:04,725 - INFO - [SCREENER] 135 markets in 7.2s | yes:64 no:7 | next in 30s
2026-07-29 23:00:49,737 - INFO - [SCREENER] 135 markets in 13.0s | yes:64 no:8 | next in 30s
2026-07-29 23:01:18,505 - INFO - [SCREENER] 132 markets in 7.2s | yes:64 no:7 | next in 30s
2026-07-29 23:02:00,463 - ERROR - [py_clob_client_v2] request error: [SSL: UNEXPECTED_EOF_WHILE_READING] EOF occurred in violation of protocol (_ssl.c:1000)
2026-07-29 23:02:00,958 - ERROR - [HEARTBEAT] 失败 (连续 1 次): 401 Client Error: Unauthorized for url: https://clob.polymarket.com/v1/heartbeats
2026-07-29 23:02:04,217 - INFO - [SCREENER] 132 markets in 13.0s | yes:67 no:9 | next in 30s
2026-07-29 23:02:09,473 - ERROR - [POLL] 批量查询异常: HTTPSConnectionPool(host='clob.polymarket.com', port=443): Max retries exceeded with url: /books (Caused by SSLError(SSLEOFError(8, '[SSL: UNEXPECTED_EOF_WHILE_READING] EOF occurred in violation of protocol (_ssl.c:1000)')))
2026-07-29 23:02:57,335 - INFO - [SCREENER] 134 markets in 25.8s | yes:70 no:10 | next in 30s
2026-07-29 23:03:17,176 - INFO - [SCREENER] 131 markets in 9.0s | yes:71 no:8 | next in 30s
2026-07-29 23:03:46,449 - INFO - [SCREENER] 139 markets in 7.7s | yes:70 no:9 | next in 30s
2026-07-29 23:04:17,866 - INFO - [SCREENER] 138 markets in 7.2s | yes:69 no:9 | next in 30s
2026-07-29 23:04:57,489 - INFO - [SCREENER] 137 markets in 7.2s | yes:68 no:9 | next in 30s
2026-07-29 23:05:42,692 - INFO - [SCREENER] 141 markets in 13.2s | yes:66 no:9 | next in 30s
2026-07-29 23:06:14,633 - INFO - [SCREENER] 139 markets in 9.7s | yes:67 no:11 | next in 30s
2026-07-29 23:06:45,782 - INFO - [SCREENER] 145 markets in 8.0s | yes:67 no:10 | next in 30s
2026-07-29 23:06:51,056 - ERROR - [POLL] 批量查询异常: HTTPSConnectionPool(host='clob.polymarket.com', port=443): Max retries exceeded with url: /books (Caused by SSLError(SSLEOFError(8, '[SSL: UNEXPECTED_EOF_WHILE_READING] EOF occurred in violation of protocol (_ssl.c:1000)')))
2026-07-29 23:07:21,185 - INFO - [SCREENER] 145 markets in 9.5s | yes:68 no:10 | next in 30s
2026-07-29 23:07:54,144 - INFO - [SCREENER] 147 markets in 11.4s | yes:73 no:10 | next in 30s
2026-07-29 23:08:23,922 - INFO - [SCREENER] 153 markets in 6.4s | yes:80 no:13 | next in 30s
2026-07-29 23:09:02,464 - INFO - [SCREENER] 152 markets in 6.5s | yes:81 no:14 | next in 30s
2026-07-29 23:09:41,095 - INFO - [SCREENER] 151 markets in 6.4s | yes:79 no:13 | next in 30s
2026-07-29 23:10:20,486 - INFO - [SCREENER] 148 markets in 7.4s | yes:77 no:12 | next in 30s
2026-07-29 23:10:51,401 - INFO - [SCREENER] 155 markets in 7.4s | yes:79 no:11 | next in 30s
2026-07-29 23:11:21,763 - INFO - [SCREENER] 149 markets in 7.7s | yes:78 no:10 | next in 30s
2026-07-29 23:12:00,373 - INFO - [SCREENER] 154 markets in 6.2s | yes:80 no:10 | next in 30s
2026-07-29 23:12:41,101 - INFO - [SCREENER] 154 markets in 7.0s | yes:80 no:11 | next in 30s
2026-07-29 23:13:21,589 - INFO - [SCREENER] 154 markets in 8.2s | yes:80 no:11 | next in 30s
2026-07-29 23:14:03,878 - INFO - [SCREENER] 153 markets in 10.1s | yes:79 no:11 | next in 30s
2026-07-29 23:14:32,702 - INFO - [SCREENER] 151 markets in 7.4s | yes:80 no:13 | next in 30s
2026-07-29 23:15:03,507 - INFO - [SCREENER] 150 markets in 7.0s | yes:77 no:13 | next in 30s
2026-07-29 23:15:42,880 - INFO - [SCREENER] 150 markets in 7.3s | yes:78 no:13 | next in 30s
2026-07-29 23:16:21,852 - INFO - [SCREENER] 149 markets in 6.6s | yes:79 no:12 | next in 30s
2026-07-29 23:16:57,381 - INFO - [SCREENER] 151 markets in 12.1s | yes:78 no:12 | next in 30s
2026-07-29 23:17:29,798 - INFO - [SCREENER] 150 markets in 10.8s | yes:77 no:12 | next in 30s
2026-07-29 23:17:59,477 - INFO - [SCREENER] 149 markets in 7.7s | yes:76 no:11 | next in 30s
2026-07-29 23:18:38,760 - INFO - [SCREENER] 152 markets in 6.8s | yes:77 no:12 | next in 30s
2026-07-29 23:19:09,530 - INFO - [SCREENER] 152 markets in 6.5s | yes:76 no:8 | next in 30s
2026-07-29 23:19:48,934 - INFO - [SCREENER] 149 markets in 6.9s | yes:78 no:9 | next in 30s
2026-07-29 23:20:28,980 - INFO - [SCREENER] 148 markets in 7.5s | yes:80 no:11 | next in 30s
2026-07-29 23:21:11,592 - INFO - [SCREENER] 149 markets in 8.8s | yes:84 no:13 | next in 30s
2026-07-29 23:21:41,114 - INFO - [SCREENER] 150 markets in 7.7s | yes:82 no:12 | next in 30s
2026-07-29 23:22:20,649 - INFO - [SCREENER] 150 markets in 7.2s | yes:81 no:10 | next in 30s
2026-07-29 23:23:01,907 - INFO - [SCREENER] 146 markets in 8.7s | yes:79 no:9 | next in 30s
2026-07-29 23:23:32,711 - INFO - [SCREENER] 150 markets in 7.3s | yes:79 no:10 | next in 30s
2026-07-29 23:24:12,008 - INFO - [SCREENER] 151 markets in 6.8s | yes:78 no:12 | next in 30s
2026-07-29 23:24:50,678 - INFO - [SCREENER] 151 markets in 6.3s | yes:77 no:12 | next in 30s
2026-07-29 23:25:21,354 - INFO - [SCREENER] 151 markets in 6.9s | yes:79 no:13 | next in 30s
2026-07-29 23:26:00,919 - INFO - [SCREENER] 150 markets in 7.0s | yes:76 no:10 | next in 30s
2026-07-29 23:26:40,273 - INFO - [SCREENER] 147 markets in 6.7s | yes:79 no:9 | next in 30s
2026-07-29 23:27:18,741 - INFO - [SCREENER] 149 markets in 6.2s | yes:81 no:9 | next in 30s
2026-07-29 23:27:58,479 - INFO - [SCREENER] 146 markets in 6.1s | yes:82 no:9 | next in 30s
2026-07-29 23:28:39,314 - INFO - [SCREENER] 148 markets in 6.9s | yes:80 no:11 | next in 30s
2026-07-29 23:29:19,131 - INFO - [SCREENER] 146 markets in 7.7s | yes:77 no:11 | next in 30s
2026-07-29 23:29:49,501 - INFO - [SCREENER] 143 markets in 6.8s | yes:72 no:9 | next in 30s
2026-07-29 23:30:28,676 - INFO - [SCREENER] 144 markets in 6.8s | yes:68 no:10 | next in 30s
2026-07-29 23:31:08,984 - INFO - [SCREENER] 140 markets in 7.9s | yes:68 no:12 | next in 30s
2026-07-29 23:31:49,781 - INFO - [SCREENER] 132 markets in 6.7s | yes:66 no:12 | next in 30s
2026-07-29 23:32:29,575 - INFO - [SCREENER] 135 markets in 7.8s | yes:64 no:9 | next in 30s
2026-07-29 23:33:10,744 - INFO - [SCREENER] 132 markets in 8.2s | yes:64 no:11 | next in 30s
2026-07-29 23:33:51,986 - INFO - [SCREENER] 136 markets in 7.2s | yes:68 no:8 | next in 30s
2026-07-29 23:34:31,142 - INFO - [SCREENER] 136 markets in 6.6s | yes:69 no:9 | next in 30s
2026-07-29 23:35:11,792 - INFO - [SCREENER] 137 markets in 8.2s | yes:73 no:11 | next in 30s
2026-07-29 23:35:52,302 - INFO - [SCREENER] 142 markets in 6.4s | yes:69 no:11 | next in 30s
2026-07-29 23:36:31,956 - INFO - [SCREENER] 138 markets in 6.8s | yes:72 no:11 | next in 30s
2026-07-29 23:37:12,125 - INFO - [SCREENER] 136 markets in 7.2s | yes:73 no:11 | next in 30s
2026-07-29 23:37:53,244 - INFO - [SCREENER] 141 markets in 7.3s | yes:76 no:12 | next in 30s
2026-07-29 23:38:32,686 - INFO - [SCREENER] 147 markets in 7.1s | yes:83 no:11 | next in 30s
2026-07-29 23:39:12,383 - INFO - [SCREENER] 146 markets in 7.3s | yes:82 no:12 | next in 30s
2026-07-29 23:39:52,615 - INFO - [SCREENER] 147 markets in 6.1s | yes:80 no:11 | next in 30s
2026-07-29 23:40:30,742 - INFO - [SCREENER] 145 markets in 5.9s | yes:81 no:11 | next in 30s
2026-07-29 23:41:09,433 - INFO - [SCREENER] 143 markets in 6.5s | yes:78 no:11 | next in 30s
2026-07-29 23:41:47,907 - INFO - [SCREENER] 142 markets in 6.2s | yes:77 no:10 | next in 30s
2026-07-29 23:42:29,628 - INFO - [SCREENER] 144 markets in 7.2s | yes:75 no:11 | next in 30s
2026-07-29 23:43:10,187 - INFO - [SCREENER] 143 markets in 8.0s | yes:72 no:12 | next in 30s
2026-07-29 23:43:39,120 - INFO - [SCREENER] 143 markets in 6.4s | yes:75 no:12 | next in 30s
2026-07-29 23:44:19,335 - INFO - [SCREENER] 143 markets in 6.3s | yes:76 no:11 | next in 30s
2026-07-29 23:44:57,690 - INFO - [SCREENER] 146 markets in 6.0s | yes:75 no:12 | next in 30s
2026-07-29 23:45:36,507 - INFO - [SCREENER] 147 markets in 6.6s | yes:70 no:10 | next in 30s
2026-07-29 23:46:18,566 - INFO - [SCREENER] 149 markets in 7.7s | yes:70 no:12 | next in 30s
2026-07-29 23:46:57,260 - INFO - [SCREENER] 150 markets in 6.6s | yes:68 no:10 | next in 30s
2026-07-29 23:47:35,787 - INFO - [SCREENER] 150 markets in 6.2s | yes:71 no:10 | next in 30s
2026-07-29 23:48:14,371 - INFO - [SCREENER] 145 markets in 5.9s | yes:68 no:8 | next in 30s
2026-07-29 23:48:54,845 - INFO - [SCREENER] 146 markets in 6.8s | yes:68 no:8 | next in 30s
2026-07-29 23:49:33,312 - INFO - [SCREENER] 145 markets in 5.9s | yes:68 no:7 | next in 30s
2026-07-29 23:50:12,947 - INFO - [SCREENER] 144 markets in 6.9s | yes:68 no:8 | next in 30s
2026-07-29 23:50:43,267 - INFO - [SCREENER] 142 markets in 6.9s | yes:68 no:8 | next in 30s
2026-07-29 23:51:22,263 - INFO - [SCREENER] 144 markets in 6.9s | yes:69 no:6 | next in 30s
2026-07-29 23:52:00,442 - INFO - [SCREENER] 143 markets in 6.0s | yes:70 no:6 | next in 30s
2026-07-29 23:52:39,324 - INFO - [SCREENER] 145 markets in 5.9s | yes:69 no:8 | next in 30s
2026-07-29 23:53:19,286 - INFO - [SCREENER] 140 markets in 6.0s | yes:66 no:8 | next in 30s
2026-07-29 23:53:57,724 - INFO - [SCREENER] 147 markets in 6.2s | yes:73 no:9 | next in 30s
2026-07-29 23:54:35,888 - INFO - [SCREENER] 145 markets in 5.7s | yes:74 no:6 | next in 30s
2026-07-29 23:55:15,350 - INFO - [SCREENER] 140 markets in 5.6s | yes:69 no:3 | next in 30s
2026-07-29 23:55:54,482 - INFO - [SCREENER] 140 markets in 6.6s | yes:70 no:5 | next in 30s
2026-07-29 23:56:32,578 - INFO - [SCREENER] 141 markets in 5.8s | yes:69 no:6 | next in 30s
2026-07-29 23:57:12,858 - INFO - [SCREENER] 144 markets in 5.9s | yes:70 no:5 | next in 30s
2026-07-29 23:57:50,915 - INFO - [SCREENER] 146 markets in 6.0s | yes:67 no:5 | next in 30s
2026-07-29 23:58:30,730 - INFO - [SCREENER] 129 markets in 7.6s | yes:68 no:3 | next in 30s
2026-07-29 23:58:33,891 - ERROR - [py_clob_client_v2] request error: Server disconnected
2026-07-29 23:58:33,891 - ERROR - [py_clob_client_v2] request error: Server disconnected
2026-07-29 23:58:33,892 - ERROR - 获取订单簿失败: 57270828895517515530... | PolyApiException[status_code=None, error_message=Request exception!]
2026-07-29 23:58:33,892 - ERROR - 获取订单簿失败: 78785129894088101501... | PolyApiException[status_code=None, error_message=Request exception!]
2026-07-29 23:58:34,888 - WARNING - [RETRY] 5727082889551751 bids不足3档，10s后重试
2026-07-29 23:58:34,888 - WARNING - [RETRY] 7878512989408810 bids不足3档，10s后重试
2026-07-29 23:59:09,172 - INFO - [SCREENER] 125 markets in 6.2s | yes:64 no:4 | next in 30s
2026-07-29 23:59:49,158 - INFO - [SCREENER] 127 markets in 6.1s | yes:62 no:2 | next in 30s
2026-07-30 00:00:28,790 - INFO - [SCREENER] 120 markets in 7.0s | yes:56 no:2 | next in 30s
2026-07-30 00:01:08,697 - INFO - [SCREENER] 117 markets in 7.8s | yes:56 no:3 | next in 30s
2026-07-30 00:01:40,400 - INFO - [SCREENER] 117 markets in 8.0s | yes:54 no:3 | next in 30s
2026-07-30 00:02:18,262 - INFO - [SCREENER] 112 markets in 5.9s | yes:53 no:3 | next in 30s
2026-07-30 00:02:58,101 - INFO - [SCREENER] 110 markets in 7.5s | yes:54 no:3 | next in 30s
2026-07-30 00:03:38,665 - INFO - [SCREENER] 113 markets in 6.6s | yes:55 no:3 | next in 30s
2026-07-30 00:04:17,197 - INFO - [SCREENER] 110 markets in 5.9s | yes:54 no:5 | next in 30s
2026-07-30 00:04:57,034 - INFO - [SCREENER] 112 markets in 6.6s | yes:57 no:6 | next in 30s
2026-07-30 00:05:37,095 - INFO - [SCREENER] 115 markets in 6.7s | yes:56 no:5 | next in 30s
2026-07-30 00:06:17,447 - INFO - [SCREENER] 118 markets in 6.5s | yes:51 no:5 | next in 30s
2026-07-30 00:06:56,966 - INFO - [SCREENER] 114 markets in 7.4s | yes:54 no:6 | next in 30s
2026-07-30 00:07:34,985 - INFO - [SCREENER] 113 markets in 6.0s | yes:50 no:5 | next in 30s
2026-07-30 00:08:15,530 - INFO - [SCREENER] 119 markets in 6.9s | yes:51 no:4 | next in 30s
2026-07-30 00:08:54,736 - INFO - [SCREENER] 113 markets in 7.1s | yes:51 no:4 | next in 30s
2026-07-30 00:09:32,506 - INFO - [SCREENER] 115 markets in 5.7s | yes:49 no:4 | next in 30s
2026-07-30 00:10:12,293 - INFO - [SCREENER] 115 markets in 6.1s | yes:49 no:5 | next in 30s
2026-07-30 00:10:50,610 - INFO - [SCREENER] 115 markets in 6.1s | yes:51 no:6 | next in 30s
2026-07-30 00:11:29,772 - INFO - [SCREENER] 114 markets in 7.1s | yes:53 no:7 | next in 30s
2026-07-30 00:12:08,519 - INFO - [SCREENER] 114 markets in 6.1s | yes:53 no:7 | next in 30s
2026-07-30 00:12:48,648 - INFO - [SCREENER] 116 markets in 6.5s | yes:54 no:7 | next in 30s
2026-07-30 00:13:26,937 - INFO - [SCREENER] 114 markets in 5.9s | yes:49 no:7 | next in 30s
2026-07-30 00:14:05,546 - INFO - [SCREENER] 120 markets in 6.3s | yes:48 no:8 | next in 30s
2026-07-30 00:14:46,528 - INFO - [SCREENER] 118 markets in 6.7s | yes:47 no:10 | next in 30s
2026-07-30 00:15:25,137 - INFO - [SCREENER] 120 markets in 6.3s | yes:48 no:12 | next in 30s
2026-07-30 00:16:03,978 - INFO - [SCREENER] 121 markets in 6.4s | yes:52 no:11 | next in 30s
2026-07-30 00:16:44,817 - INFO - [SCREENER] 116 markets in 6.1s | yes:52 no:10 | next in 30s
2026-07-30 00:17:23,585 - INFO - [SCREENER] 117 markets in 6.5s | yes:54 no:12 | next in 30s
2026-07-30 00:18:01,343 - INFO - [SCREENER] 119 markets in 5.9s | yes:53 no:11 | next in 30s
2026-07-30 00:18:39,929 - INFO - [SCREENER] 116 markets in 6.2s | yes:52 no:9 | next in 30s
2026-07-30 00:19:20,438 - INFO - [SCREENER] 116 markets in 6.5s | yes:53 no:11 | next in 30s
2026-07-30 00:19:59,797 - INFO - [SCREENER] 116 markets in 6.2s | yes:53 no:11 | next in 30s
2026-07-30 00:20:38,276 - INFO - [SCREENER] 118 markets in 6.3s | yes:54 no:11 | next in 30s
2026-07-30 00:21:18,894 - INFO - [SCREENER] 119 markets in 6.4s | yes:54 no:10 | next in 30s
2026-07-30 00:21:59,559 - INFO - [SCREENER] 119 markets in 8.4s | yes:49 no:9 | next in 30s
2026-07-30 00:22:37,510 - INFO - [SCREENER] 121 markets in 5.8s | yes:49 no:3 | next in 30s
2026-07-30 00:23:17,716 - INFO - [SCREENER] 118 markets in 6.5s | yes:50 no:6 | next in 30s
2026-07-30 00:23:58,397 - INFO - [SCREENER] 117 markets in 8.1s | yes:48 no:5 | next in 30s
2026-07-30 00:24:36,119 - INFO - [SCREENER] 117 markets in 5.8s | yes:52 no:6 | next in 30s
2026-07-30 00:25:14,751 - INFO - [SCREENER] 117 markets in 6.5s | yes:48 no:8 | next in 30s
2026-07-30 00:25:54,590 - INFO - [SCREENER] 117 markets in 5.9s | yes:46 no:10 | next in 30s
2026-07-30 00:26:32,555 - INFO - [SCREENER] 120 markets in 5.9s | yes:48 no:12 | next in 30s
2026-07-30 00:27:10,908 - INFO - [SCREENER] 119 markets in 5.9s | yes:51 no:11 | next in 30s
2026-07-30 00:27:41,400 - INFO - [SCREENER] 118 markets in 6.2s | yes:50 no:8 | next in 30s
2026-07-30 00:28:20,480 - INFO - [SCREENER] 115 markets in 7.0s | yes:49 no:7 | next in 30s
2026-07-30 00:28:59,491 - INFO - [SCREENER] 121 markets in 6.5s | yes:48 no:8 | next in 30s
2026-07-30 00:29:37,230 - INFO - [SCREENER] 121 markets in 5.8s | yes:51 no:8 | next in 30s
2026-07-30 00:30:16,692 - INFO - [SCREENER] 117 markets in 5.9s | yes:48 no:5 | next in 30s
2026-07-30 00:30:54,989 - INFO - [SCREENER] 117 markets in 6.0s | yes:49 no:7 | next in 30s
2026-07-30 00:31:33,239 - INFO - [SCREENER] 117 markets in 5.9s | yes:46 no:7 | next in 30s
2026-07-30 00:32:13,018 - INFO - [SCREENER] 115 markets in 5.7s | yes:48 no:6 | next in 30s
2026-07-30 00:32:52,010 - INFO - [SCREENER] 113 markets in 6.5s | yes:49 no:7 | next in 30s
2026-07-30 00:33:29,616 - INFO - [SCREENER] 116 markets in 5.7s | yes:47 no:6 | next in 30s
2026-07-30 00:34:16,710 - INFO - [SCREENER] 116 markets in 13.4s | yes:45 no:6 | next in 30s
2026-07-30 00:34:43,748 - INFO - [SCREENER] 119 markets in 5.7s | yes:47 no:7 | next in 30s
2026-07-30 00:35:22,121 - INFO - [SCREENER] 119 markets in 6.2s | yes:50 no:8 | next in 30s
2026-07-30 00:36:00,222 - INFO - [SCREENER] 116 markets in 5.8s | yes:47 no:8 | next in 30s
2026-07-30 00:36:39,967 - INFO - [SCREENER] 115 markets in 5.7s | yes:47 no:8 | next in 30s
2026-07-30 00:37:17,594 - INFO - [SCREENER] 115 markets in 5.6s | yes:49 no:11 | next in 30s
2026-07-30 00:37:55,990 - INFO - [SCREENER] 117 markets in 6.2s | yes:49 no:12 | next in 30s
2026-07-30 00:38:36,008 - INFO - [SCREENER] 118 markets in 6.4s | yes:47 no:12 | next in 30s
2026-07-30 00:39:14,014 - INFO - [SCREENER] 120 markets in 6.0s | yes:51 no:15 | next in 30s
2026-07-30 00:39:52,410 - INFO - [SCREENER] 122 markets in 6.2s | yes:54 no:15 | next in 30s
2026-07-30 00:40:32,536 - INFO - [SCREENER] 122 markets in 6.4s | yes:53 no:18 | next in 30s
2026-07-30 00:41:10,660 - INFO - [SCREENER] 122 markets in 5.9s | yes:55 no:15 | next in 30s
2026-07-30 00:41:45,304 - ERROR - [py_clob_client_v2] request error: The read operation timed out
2026-07-30 00:41:45,805 - ERROR - [HEARTBEAT] 失败 (连续 1 次): 401 Client Error: Unauthorized for url: https://clob.polymarket.com/v1/heartbeats
2026-07-30 00:42:07,203 - ERROR - [py_clob_client_v2] request error: [SSL: UNEXPECTED_EOF_WHILE_READING] EOF occurred in violation of protocol (_ssl.c:1000)
2026-07-30 00:42:07,702 - ERROR - [HEARTBEAT] 失败 (连续 1 次): 401 Client Error: Unauthorized for url: https://clob.polymarket.com/v1/heartbeats
2026-07-30 00:42:46,662 - ERROR - [USER WS ERR] Connection to remote host was lost.
2026-07-30 00:42:46,663 - ERROR - Connection to remote host was lost. - goodbye
2026-07-30 00:42:46,663 - WARNING - [USER WS] close code=None reason=None
2026-07-30 00:42:46,665 - WARNING - [USER WS] 断开，5s 后重连...
2026-07-30 00:42:52,608 - ERROR - [py_clob_client_v2] request error: The read operation timed out
2026-07-30 00:42:53,095 - ERROR - [HEARTBEAT] 失败 (连续 1 次): 401 Client Error: Unauthorized for url: https://clob.polymarket.com/v1/heartbeats
2026-07-30 00:43:06,844 - ERROR - [py_clob_client_v2] request error: The read operation timed out
2026-07-30 00:43:06,896 - ERROR - [USER WS ERR] Connection to remote host was lost.
2026-07-30 00:43:06,897 - ERROR - Connection to remote host was lost. - goodbye
2026-07-30 00:43:06,897 - WARNING - [USER WS] close code=None reason=None
2026-07-30 00:43:06,899 - WARNING - [USER WS] 断开，5s 后重连...
2026-07-30 00:43:07,327 - ERROR - [HEARTBEAT] 失败 (连续 1 次): 401 Client Error: Unauthorized for url: https://clob.polymarket.com/v1/heartbeats
2026-07-30 00:43:10,260 - INFO - [SCREENER] 125 markets in 87.5s | yes:53 no:17 | next in 30s
2026-07-30 00:43:20,956 - ERROR - [POLL] 批量查询异常: HTTPSConnectionPool(host='clob.polymarket.com', port=443): Read timed out. (read timeout=10)
2026-07-30 00:44:12,759 - INFO - [SCREENER] 121 markets in 41.8s | yes:55 no:17 | next in 30s
2026-07-30 00:44:23,253 - ERROR - [POLL] 批量查询异常: HTTPSConnectionPool(host='clob.polymarket.com', port=443): Read timed out. (read timeout=10)
2026-07-30 00:44:24,015 - WARNING - [AUDIT] 8807013473938409 订单丢失纠偏
2026-07-30 00:44:24,015 - WARNING - [AUDIT] 5665574963884049 订单丢失纠偏
2026-07-30 00:44:24,016 - WARNING - [AUDIT] 1495307552494407 订单丢失纠偏
2026-07-30 00:44:24,016 - WARNING - [AUDIT] 1082561109215351 订单丢失纠偏
2026-07-30 00:44:24,016 - WARNING - [AUDIT] 1881611846012403 订单丢失纠偏
2026-07-30 00:44:24,016 - WARNING - [AUDIT] 3321786090116059 订单丢失纠偏
2026-07-30 00:44:24,017 - WARNING - [AUDIT] 8017685603829740 订单丢失纠偏
2026-07-30 00:44:24,018 - WARNING - [AUDIT] 4577693276594738 订单丢失纠偏
2026-07-30 00:44:24,018 - WARNING - [AUDIT] 1096071201107726 订单丢失纠偏
2026-07-30 00:44:24,018 - WARNING - [AUDIT] 5552092961648777 订单丢失纠偏
2026-07-30 00:44:24,018 - WARNING - [AUDIT] 3317956206489901 订单丢失纠偏
2026-07-30 00:44:24,018 - WARNING - [AUDIT] 1047925632399163 订单丢失纠偏
2026-07-30 00:44:24,019 - WARNING - [AUDIT] 4469030833584170 订单丢失纠偏
2026-07-30 00:44:24,019 - WARNING - [AUDIT] 7192843993999372 订单丢失纠偏
2026-07-30 00:44:24,019 - WARNING - [AUDIT] 5166195493537182 订单丢失纠偏
2026-07-30 00:44:24,019 - WARNING - [AUDIT] 9716605648355065 订单丢失纠偏
2026-07-30 00:44:24,019 - WARNING - [AUDIT] 1050467039669960 订单丢失纠偏
2026-07-30 00:44:24,020 - WARNING - [AUDIT] 1150178838612323 订单丢失纠偏
2026-07-30 00:44:24,020 - WARNING - [AUDIT] 1980142990093654 订单丢失纠偏
2026-07-30 00:44:24,020 - WARNING - [AUDIT] 1158979346242362 订单丢失纠偏
2026-07-30 00:44:24,021 - WARNING - [AUDIT] 7763887955587621 订单丢失纠偏
2026-07-30 00:44:24,021 - WARNING - [AUDIT] 9180087189180355 订单丢失纠偏
2026-07-30 00:44:24,021 - WARNING - [AUDIT] 1132094708326207 订单丢失纠偏
2026-07-30 00:44:24,021 - WARNING - [AUDIT] 5714644372500509 订单丢失纠偏
2026-07-30 00:44:24,021 - WARNING - [AUDIT] 5690082784530203 订单丢失纠偏
2026-07-30 00:44:24,021 - WARNING - [AUDIT] 1113974223965767 订单丢失纠偏
2026-07-30 00:44:24,021 - WARNING - [AUDIT] 1154230654638001 订单丢失纠偏
2026-07-30 00:44:24,021 - WARNING - [AUDIT] 7549987038399964 订单丢失纠偏
2026-07-30 00:44:24,021 - WARNING - [AUDIT] 9658234936421319 订单丢失纠偏
2026-07-30 00:44:24,022 - WARNING - [AUDIT] 7878512989408810 订单丢失纠偏
2026-07-30 00:44:24,022 - WARNING - [AUDIT] 8455296868074346 订单丢失纠偏
2026-07-30 00:44:24,022 - WARNING - [AUDIT] 2314986233722398 订单丢失纠偏
2026-07-30 00:44:24,022 - WARNING - [AUDIT] 1022092457472070 订单丢失纠偏
2026-07-30 00:44:24,022 - WARNING - [AUDIT] 8245786010655962 订单丢失纠偏
2026-07-30 00:44:24,022 - WARNING - [AUDIT] 6434882239083600 订单丢失纠偏
2026-07-30 00:44:24,022 - WARNING - [AUDIT] 4785924216663269 订单丢失纠偏
2026-07-30 00:44:24,022 - WARNING - [AUDIT] 9192018416755414 订单丢失纠偏
2026-07-30 00:44:24,022 - WARNING - [AUDIT] 5628291943280744 订单丢失纠偏
2026-07-30 00:44:24,022 - WARNING - [AUDIT] 8161103130997014 订单丢失纠偏
2026-07-30 00:44:24,022 - WARNING - [AUDIT] 4329506741614242 订单丢失纠偏
2026-07-30 00:44:24,022 - WARNING - [AUDIT] 1186180799404249 订单丢失纠偏
2026-07-30 00:44:24,022 - WARNING - [AUDIT] 4286042494676437 订单丢失纠偏
2026-07-30 00:44:24,022 - WARNING - [AUDIT] 7912940889785135 订单丢失纠偏
2026-07-30 00:44:24,023 - WARNING - [AUDIT] 9717574131463000 订单丢失纠偏
2026-07-30 00:44:24,023 - WARNING - [AUDIT] 5895154120987857 订单丢失纠偏
2026-07-30 00:44:24,023 - WARNING - [AUDIT] 5069233318055878 订单丢失纠偏
2026-07-30 00:44:24,023 - WARNING - [AUDIT] 8867253436598429 订单丢失纠偏
2026-07-30 00:44:24,023 - WARNING - [AUDIT] 4529500694506568 订单丢失纠偏
2026-07-30 00:44:24,023 - WARNING - [AUDIT] 3753667433097096 订单丢失纠偏
2026-07-30 00:44:24,023 - WARNING - [AUDIT] 8665030358931242 订单丢失纠偏
2026-07-30 00:44:24,023 - WARNING - [AUDIT] 9450371439328846 订单丢失纠偏
2026-07-30 00:44:24,023 - WARNING - [AUDIT] 5860495710446842 订单丢失纠偏
2026-07-30 00:44:24,023 - WARNING - [AUDIT] 8719793095183641 订单丢失纠偏
2026-07-30 00:44:24,023 - WARNING - [AUDIT] 1004949569176251 订单丢失纠偏
2026-07-30 00:44:24,023 - WARNING - [AUDIT] 7657825573256750 订单丢失纠偏
2026-07-30 00:44:24,023 - WARNING - [AUDIT] 8288962153951680 订单丢失纠偏
2026-07-30 00:44:24,023 - WARNING - [AUDIT] 3163362723265445 订单丢失纠偏
2026-07-30 00:44:24,024 - WARNING - [AUDIT] 8985687337765311 订单丢失纠偏
2026-07-30 00:44:24,024 - WARNING - [AUDIT] 1066884398268354 订单丢失纠偏
2026-07-30 00:44:24,024 - WARNING - [AUDIT] 4379785612426100 订单丢失纠偏
2026-07-30 00:46:42,181 - ERROR - [SCREENER] 筛选失败: ('Connection aborted.', RemoteDisconnected('Remote end closed connection without response'))
2026-07-30 00:46:52,680 - ERROR - [POLL] 批量查询异常: HTTPSConnectionPool(host='clob.polymarket.com', port=443): Read timed out. (read timeout=10)
2026-07-30 00:47:35,446 - INFO - [SCREENER] 122 markets in 32.8s | yes:51 no:17 | next in 30s
2026-07-30 00:47:53,918 - INFO - [SCREENER] 123 markets in 5.8s | yes:54 no:18 | next in 30s
2026-07-30 00:48:32,571 - INFO - [SCREENER] 118 markets in 6.5s | yes:54 no:16 | next in 30s
2026-07-30 00:49:10,432 - INFO - [SCREENER] 121 markets in 5.8s | yes:55 no:15 | next in 30s
2026-07-30 00:49:50,677 - INFO - [SCREENER] 122 markets in 5.9s | yes:55 no:14 | next in 30s
2026-07-30 00:50:28,727 - INFO - [SCREENER] 125 markets in 6.2s | yes:59 no:15 | next in 30s
2026-07-30 00:51:07,166 - INFO - [SCREENER] 123 markets in 6.3s | yes:58 no:14 | next in 30s
2026-07-30 00:51:47,198 - INFO - [SCREENER] 120 markets in 6.1s | yes:57 no:10 | next in 30s
2026-07-30 00:52:25,970 - INFO - [SCREENER] 118 markets in 6.7s | yes:59 no:10 | next in 30s
2026-07-30 00:53:04,924 - INFO - [SCREENER] 116 markets in 6.8s | yes:59 no:11 | next in 30s
2026-07-30 00:53:52,563 - INFO - [SCREENER] 119 markets in 13.6s | yes:61 no:12 | next in 30s
2026-07-30 00:54:20,445 - INFO - [SCREENER] 118 markets in 6.4s | yes:64 no:13 | next in 30s
2026-07-30 00:54:59,119 - INFO - [SCREENER] 119 markets in 6.6s | yes:62 no:11 | next in 30s
2026-07-30 00:55:37,666 - INFO - [SCREENER] 119 markets in 5.9s | yes:62 no:9 | next in 30s
2026-07-30 00:56:18,351 - INFO - [SCREENER] 122 markets in 7.1s | yes:64 no:9 | next in 30s
2026-07-30 00:56:57,702 - INFO - [SCREENER] 120 markets in 6.6s | yes:58 no:10 | next in 30s
2026-07-30 00:57:35,663 - INFO - [SCREENER] 119 markets in 6.0s | yes:60 no:10 | next in 30s
2026-07-30 00:58:17,136 - INFO - [SCREENER] 115 markets in 7.0s | yes:54 no:11 | next in 30s
2026-07-30 00:58:54,932 - INFO - [SCREENER] 117 markets in 5.8s | yes:53 no:8 | next in 30s
2026-07-30 00:59:32,797 - INFO - [SCREENER] 110 markets in 5.7s | yes:50 no:8 | next in 30s
2026-07-30 01:00:12,967 - INFO - [SCREENER] 109 markets in 5.7s | yes:53 no:9 | next in 30s
2026-07-30 01:00:50,513 - INFO - [SCREENER] 108 markets in 5.7s | yes:54 no:10 | next in 30s
2026-07-30 01:01:28,299 - INFO - [SCREENER] 107 markets in 5.8s | yes:52 no:9 | next in 30s
2026-07-30 01:02:06,752 - INFO - [SCREENER] 108 markets in 5.7s | yes:52 no:9 | next in 30s
2026-07-30 01:02:46,225 - INFO - [SCREENER] 108 markets in 5.7s | yes:56 no:13 | next in 30s
2026-07-30 01:03:25,151 - INFO - [SCREENER] 111 markets in 7.0s | yes:55 no:11 | next in 30s
2026-07-30 01:04:04,006 - INFO - [SCREENER] 110 markets in 6.8s | yes:54 no:13 | next in 30s
2026-07-30 01:04:33,726 - INFO - [SCREENER] 110 markets in 6.1s | yes:54 no:13 | next in 30s
2026-07-30 01:05:12,347 - INFO - [SCREENER] 107 markets in 6.7s | yes:56 no:13 | next in 30s
2026-07-30 01:05:50,354 - INFO - [SCREENER] 107 markets in 5.9s | yes:56 no:12 | next in 30s
2026-07-30 01:06:28,642 - INFO - [SCREENER] 107 markets in 6.1s | yes:57 no:10 | next in 30s
2026-07-30 01:07:08,360 - INFO - [SCREENER] 108 markets in 6.3s | yes:54 no:10 | next in 30s
2026-07-30 01:07:48,173 - INFO - [SCREENER] 109 markets in 6.0s | yes:53 no:10 | next in 30s
2026-07-30 01:08:26,759 - INFO - [SCREENER] 115 markets in 6.4s | yes:55 no:10 | next in 30s
2026-07-30 01:09:06,636 - INFO - [SCREENER] 114 markets in 6.1s | yes:56 no:10 | next in 30s
2026-07-30 01:09:45,386 - INFO - [SCREENER] 115 markets in 6.6s | yes:60 no:13 | next in 30s
2026-07-30 01:10:23,690 - INFO - [SCREENER] 117 markets in 6.1s | yes:61 no:13 | next in 30s
2026-07-30 01:11:03,049 - INFO - [SCREENER] 116 markets in 5.9s | yes:62 no:13 | next in 30s
2026-07-30 01:11:42,013 - INFO - [SCREENER] 118 markets in 6.5s | yes:62 no:14 | next in 30s
2026-07-30 01:12:20,034 - INFO - [SCREENER] 117 markets in 6.2s | yes:60 no:14 | next in 30s
2026-07-30 01:12:59,884 - INFO - [SCREENER] 120 markets in 7.4s | yes:62 no:15 | next in 30s
2026-07-30 01:13:29,783 - INFO - [SCREENER] 117 markets in 6.5s | yes:58 no:14 | next in 30s
2026-07-30 01:14:08,213 - INFO - [SCREENER] 118 markets in 6.0s | yes:60 no:13 | next in 30s
2026-07-30 01:14:47,226 - INFO - [SCREENER] 118 markets in 6.6s | yes:57 no:13 | next in 30s
2026-07-30 01:15:16,895 - INFO - [SCREENER] 118 markets in 6.3s | yes:56 no:14 | next in 30s
2026-07-30 01:15:55,210 - INFO - [SCREENER] 119 markets in 6.4s | yes:57 no:17 | next in 30s
2026-07-30 01:16:34,574 - INFO - [SCREENER] 120 markets in 7.3s | yes:57 no:17 | next in 30s
2026-07-30 01:16:44,930 - ERROR - [py_clob_client_v2] request error: Server disconnected
2026-07-30 01:16:44,931 - ERROR - [py_clob_client_v2] request error: Server disconnected
2026-07-30 01:16:44,931 - ERROR - 获取订单簿失败: 23149862337223983156... | PolyApiException[status_code=None, error_message=Request exception!]
2026-07-30 01:16:44,932 - ERROR - 获取订单簿失败: 75142021320524300906... | PolyApiException[status_code=None, error_message=Request exception!]
2026-07-30 01:16:46,471 - WARNING - [RETRY] 2314986233722398 bids不足3档，10s后重试
2026-07-30 01:16:46,471 - WARNING - [RETRY] 7514202132052430 bids不足3档，10s后重试
2026-07-30 01:17:14,526 - INFO - [SCREENER] 120 markets in 6.4s | yes:58 no:18 | next in 30s
2026-07-30 01:17:54,719 - INFO - [SCREENER] 119 markets in 6.4s | yes:57 no:19 | next in 30s
2026-07-30 01:18:33,643 - INFO - [SCREENER] 115 markets in 6.5s | yes:57 no:20 | next in 30s
2026-07-30 01:19:12,255 - INFO - [SCREENER] 116 markets in 6.1s | yes:57 no:20 | next in 30s
2026-07-30 01:19:52,756 - INFO - [SCREENER] 116 markets in 6.5s | yes:57 no:19 | next in 30s
2026-07-30 01:20:30,645 - INFO - [SCREENER] 116 markets in 6.0s | yes:56 no:18 | next in 30s
2026-07-30 01:21:10,313 - INFO - [SCREENER] 115 markets in 7.1s | yes:56 no:17 | next in 30s
2026-07-30 01:21:50,694 - INFO - [SCREENER] 118 markets in 6.8s | yes:53 no:17 | next in 30s
2026-07-30 01:22:29,264 - INFO - [SCREENER] 117 markets in 6.3s | yes:51 no:16 | next in 30s
2026-07-30 01:23:08,297 - INFO - [SCREENER] 114 markets in 6.8s | yes:53 no:15 | next in 30s
2026-07-30 01:23:47,290 - INFO - [SCREENER] 112 markets in 6.4s | yes:52 no:16 | next in 30s
2026-07-30 01:24:27,811 - INFO - [SCREENER] 111 markets in 6.6s | yes:49 no:16 | next in 30s
2026-07-30 01:25:06,049 - INFO - [SCREENER] 109 markets in 5.9s | yes:52 no:13 | next in 30s
2026-07-30 01:25:44,189 - INFO - [SCREENER] 112 markets in 5.9s | yes:54 no:13 | next in 30s
2026-07-30 01:26:25,271 - INFO - [SCREENER] 106 markets in 7.2s | yes:52 no:12 | next in 30s
2026-07-30 01:27:03,745 - INFO - [SCREENER] 112 markets in 6.4s | yes:55 no:13 | next in 30s
2026-07-30 01:27:42,476 - INFO - [SCREENER] 112 markets in 6.5s | yes:54 no:12 | next in 30s
2026-07-30 01:28:22,283 - INFO - [SCREENER] 112 markets in 6.3s | yes:54 no:12 | next in 30s
2026-07-30 01:29:00,705 - INFO - [SCREENER] 109 markets in 6.5s | yes:54 no:12 | next in 30s
2026-07-30 01:29:38,794 - INFO - [SCREENER] 110 markets in 5.9s | yes:53 no:14 | next in 30s
2026-07-30 01:30:17,671 - INFO - [SCREENER] 109 markets in 6.7s | yes:57 no:16 | next in 30s
2026-07-30 01:30:57,780 - INFO - [SCREENER] 110 markets in 6.4s | yes:55 no:15 | next in 30s
2026-07-30 01:31:36,754 - INFO - [SCREENER] 112 markets in 6.4s | yes:52 no:14 | next in 30s
2026-07-30 01:32:15,128 - INFO - [SCREENER] 112 markets in 6.1s | yes:50 no:15 | next in 30s
2026-07-30 01:32:55,361 - INFO - [SCREENER] 115 markets in 6.7s | yes:56 no:15 | next in 30s
2026-07-30 01:33:33,895 - INFO - [SCREENER] 116 markets in 6.3s | yes:59 no:15 | next in 30s
2026-07-30 01:34:12,068 - INFO - [SCREENER] 113 markets in 5.9s | yes:56 no:16 | next in 30s
2026-07-30 01:34:38,646 - ERROR - [py_clob_client_v2] request error: [SSL: UNEXPECTED_EOF_WHILE_READING] EOF occurred in violation of protocol (_ssl.c:1000)
2026-07-30 01:34:38,788 - ERROR - [POLL] 批量查询异常: HTTPSConnectionPool(host='clob.polymarket.com', port=443): Max retries exceeded with url: /books (Caused by SSLError(SSLEOFError(8, '[SSL: UNEXPECTED_EOF_WHILE_READING] EOF occurred in violation of protocol (_ssl.c:1000)')))
2026-07-30 01:34:43,816 - ERROR - [py_clob_client_v2] request error: _ssl.c:983: The handshake operation timed out
2026-07-30 01:34:43,818 - ERROR - 查询订单失败: PolyApiException[status_code=None, error_message=Request exception!]
2026-07-30 01:34:45,028 - ERROR - [HEARTBEAT] 失败 (连续 1 次): 401 Client Error: Unauthorized for url: https://clob.polymarket.com/v1/heartbeats
2026-07-30 01:35:05,703 - INFO - [SCREENER] 113 markets in 6.4s | yes:56 no:16 | next in 30s
2026-07-30 01:35:06,954 - ERROR - [BATCH CANCEL FAIL] 0x0d09d164c2dc30fc5d... | order can't be found - already canceled or matched
2026-07-30 01:35:07,707 - ERROR - [BATCH CANCEL] 1004949569176251 取消失败，清空 active_id 进入冷却兜底
2026-07-30 01:35:18,670 - ERROR - [BATCH CANCEL FAIL] 0xe1e988686b2840c641... | order can't be found - already canceled or matched
2026-07-30 01:35:19,421 - ERROR - [BATCH CANCEL] 1150178838612323 取消失败，清空 active_id 进入冷却兜底
2026-07-30 01:35:45,025 - INFO - [SCREENER] 112 markets in 6.0s | yes:57 no:15 | next in 30s
2026-07-30 01:35:46,284 - ERROR - [BATCH CANCEL FAIL] 0x4f66d45d52421a4b00... | order can't be found - already canceled or matched
2026-07-30 01:35:46,284 - ERROR - [BATCH CANCEL FAIL] 0xb49cb9d083b140940f... | order can't be found - already canceled or matched
2026-07-30 01:35:47,019 - ERROR - [BATCH CANCEL] 4469030833584170 取消失败，清空 active_id 进入冷却兜底
2026-07-30 01:35:47,020 - ERROR - [BATCH CANCEL] 7912940889785135 取消失败，清空 active_id 进入冷却兜底
2026-07-30 01:36:24,787 - INFO - [SCREENER] 108 markets in 7.6s | yes:55 no:16 | next in 30s
2026-07-30 01:36:37,119 - WARNING - [AUDIT] 8807013473938409 订单丢失纠偏
2026-07-30 01:36:37,120 - WARNING - [AUDIT] 5665574963884049 订单丢失纠偏
2026-07-30 01:36:37,120 - WARNING - [AUDIT] 1082561109215351 订单丢失纠偏
2026-07-30 01:36:37,120 - WARNING - [AUDIT] 3321786090116059 订单丢失纠偏
2026-07-30 01:36:37,121 - WARNING - [AUDIT] 8017685603829740 订单丢失纠偏
2026-07-30 01:36:37,121 - WARNING - [AUDIT] 4577693276594738 订单丢失纠偏
2026-07-30 01:36:37,121 - WARNING - [AUDIT] 5552092961648777 订单丢失纠偏
2026-07-30 01:36:37,122 - WARNING - [AUDIT] 3317956206489901 订单丢失纠偏
2026-07-30 01:36:37,122 - WARNING - [AUDIT] 9716605648355065 订单丢失纠偏
2026-07-30 01:36:37,122 - WARNING - [AUDIT] 7763887955587621 订单丢失纠偏
2026-07-30 01:36:37,122 - WARNING - [AUDIT] 9180087189180355 订单丢失纠偏
2026-07-30 01:36:37,122 - WARNING - [AUDIT] 1132094708326207 订单丢失纠偏
2026-07-30 01:36:37,122 - WARNING - [AUDIT] 5714644372500509 订单丢失纠偏
2026-07-30 01:36:37,122 - WARNING - [AUDIT] 5690082784530203 订单丢失纠偏
2026-07-30 01:36:37,122 - WARNING - [AUDIT] 8455296868074346 订单丢失纠偏
2026-07-30 01:36:37,122 - WARNING - [AUDIT] 5628291943280744 订单丢失纠偏
2026-07-30 01:36:37,122 - WARNING - [AUDIT] 9717574131463000 订单丢失纠偏
2026-07-30 01:36:37,122 - WARNING - [AUDIT] 5895154120987857 订单丢失纠偏
2026-07-30 01:36:37,123 - WARNING - [AUDIT] 1105607718294052 订单丢失纠偏
2026-07-30 01:36:37,123 - WARNING - [AUDIT] 3475849100824778 订单丢失纠偏
2026-07-30 01:36:37,123 - WARNING - [AUDIT] 5166195493537182 订单丢失纠偏
2026-07-30 01:36:37,124 - WARNING - [AUDIT] 1117587924147036 订单丢失纠偏
2026-07-30 01:36:37,124 - WARNING - [AUDIT] 1881611846012403 订单丢失纠偏
2026-07-30 01:36:37,124 - WARNING - [AUDIT] 8161103130997014 订单丢失纠偏
2026-07-30 01:36:37,124 - WARNING - [AUDIT] 7567018887959061 订单丢失纠偏
2026-07-30 01:36:37,124 - WARNING - [AUDIT] 1990157254269563 订单丢失纠偏
2026-07-30 01:36:37,124 - WARNING - [AUDIT] 1022092457472070 订单丢失纠偏
2026-07-30 01:36:37,124 - WARNING - [AUDIT] 1050467039669960 订单丢失纠偏
2026-07-30 01:36:37,124 - WARNING - [AUDIT] 4061207631473337 订单丢失纠偏
2026-07-30 01:36:37,124 - WARNING - [AUDIT] 9785542167570721 订单丢失纠偏
2026-07-30 01:36:37,124 - WARNING - [AUDIT] 9471737552867176 订单丢失纠偏
2026-07-30 01:36:37,124 - WARNING - [AUDIT] 3885435572114347 订单丢失纠偏
2026-07-30 01:36:37,124 - WARNING - [AUDIT] 5006877494772576 订单丢失纠偏
2026-07-30 01:36:37,125 - WARNING - [AUDIT] 1096071201107726 订单丢失纠偏
2026-07-30 01:36:37,125 - WARNING - [AUDIT] 8719793095183641 订单丢失纠偏
2026-07-30 01:36:37,125 - WARNING - [AUDIT] 2353946486221127 订单丢失纠偏
2026-07-30 01:36:37,125 - WARNING - [AUDIT] 5727082889551751 订单丢失纠偏
2026-07-30 01:36:37,125 - WARNING - [AUDIT] 9658234936421319 订单丢失纠偏
2026-07-30 01:36:37,125 - WARNING - [AUDIT] 5483500589407724 订单丢失纠偏
2026-07-30 01:36:37,125 - WARNING - [AUDIT] 4455263676921725 订单丢失纠偏
2026-07-30 01:36:37,125 - WARNING - [AUDIT] 7192843993999372 订单丢失纠偏
2026-07-30 01:36:37,126 - WARNING - [AUDIT] 7549987038399964 订单丢失纠偏
2026-07-30 01:36:37,126 - WARNING - [AUDIT] 2652508048102075 订单丢失纠偏
2026-07-30 01:36:37,126 - WARNING - [AUDIT] 5069233318055878 订单丢失纠偏
2026-07-30 01:36:37,126 - WARNING - [AUDIT] 4696488769514427 订单丢失纠偏
2026-07-30 01:36:37,126 - WARNING - [AUDIT] 2990866159189239 订单丢失纠偏
2026-07-30 01:36:37,126 - WARNING - [AUDIT] 6209309049370806 订单丢失纠偏
2026-07-30 01:36:37,127 - WARNING - [AUDIT] 9077404512420004 订单丢失纠偏
2026-07-30 01:36:37,127 - WARNING - [AUDIT] 6629130560282330 订单丢失纠偏
2026-07-30 01:36:37,127 - WARNING - [AUDIT] 2314986233722398 订单丢失纠偏
2026-07-30 01:36:37,127 - WARNING - [AUDIT] 4329506741614242 订单丢失纠偏
2026-07-30 01:36:37,127 - WARNING - [AUDIT] 7386622261544735 订单丢失纠偏
2026-07-30 01:36:37,127 - WARNING - [AUDIT] 1066884398268354 订单丢失纠偏
2026-07-30 01:36:37,127 - WARNING - [AUDIT] 9605998236724750 订单丢失纠偏
2026-07-30 01:36:37,127 - WARNING - [AUDIT] 1495307552494407 订单丢失纠偏
2026-07-30 01:36:37,127 - WARNING - [AUDIT] 1980142990093654 订单丢失纠偏
2026-07-30 01:36:37,127 - WARNING - [AUDIT] 4529500694506568 订单丢失纠偏
2026-07-30 01:36:37,127 - WARNING - [AUDIT] 9209537011088003 订单丢失纠偏
2026-07-30 01:36:37,127 - WARNING - [AUDIT] 5577167869714116 订单丢失纠偏
2026-07-30 01:36:37,127 - WARNING - [AUDIT] 9689362348295146 订单丢失纠偏
2026-07-30 01:36:54,886 - INFO - [SCREENER] 110 markets in 7.0s | yes:56 no:15 | next in 30s
2026-07-30 01:37:33,627 - INFO - [SCREENER] 109 markets in 6.8s | yes:56 no:14 | next in 30s
2026-07-30 01:38:12,978 - INFO - [SCREENER] 114 markets in 6.3s | yes:54 no:16 | next in 30s
2026-07-30 01:38:51,221 - INFO - [SCREENER] 117 markets in 6.0s | yes:55 no:16 | next in 30s
2026-07-30 01:39:30,628 - INFO - [SCREENER] 121 markets in 5.9s | yes:57 no:18 | next in 30s
2026-07-30 01:40:09,515 - INFO - [SCREENER] 123 markets in 6.6s | yes:56 no:18 | next in 30s
2026-07-30 01:40:48,266 - INFO - [SCREENER] 123 markets in 6.3s | yes:60 no:18 | next in 30s
2026-07-30 01:41:28,126 - INFO - [SCREENER] 125 markets in 6.2s | yes:57 no:16 | next in 30s
2026-07-30 01:42:06,779 - INFO - [SCREENER] 126 markets in 6.2s | yes:58 no:18 | next in 30s
2026-07-30 01:42:44,831 - INFO - [SCREENER] 122 markets in 6.0s | yes:60 no:20 | next in 30s
2026-07-30 01:43:24,303 - INFO - [SCREENER] 124 markets in 5.7s | yes:57 no:20 | next in 30s
2026-07-30 01:44:02,676 - INFO - [SCREENER] 122 markets in 6.3s | yes:59 no:20 | next in 30s
2026-07-30 01:44:42,336 - INFO - [SCREENER] 125 markets in 7.0s | yes:57 no:18 | next in 30s
2026-07-30 01:45:20,888 - INFO - [SCREENER] 122 markets in 6.4s | yes:57 no:17 | next in 30s
2026-07-30 01:46:00,729 - INFO - [SCREENER] 125 markets in 6.0s | yes:59 no:20 | next in 30s
2026-07-30 01:46:39,481 - INFO - [SCREENER] 125 markets in 6.3s | yes:58 no:20 | next in 30s
2026-07-30 01:47:17,314 - INFO - [SCREENER] 124 markets in 5.7s | yes:60 no:21 | next in 30s
2026-07-30 01:47:56,587 - INFO - [SCREENER] 125 markets in 5.8s | yes:62 no:20 | next in 30s
2026-07-30 01:48:35,656 - INFO - [SCREENER] 123 markets in 6.8s | yes:64 no:21 | next in 30s
2026-07-30 01:49:14,722 - INFO - [SCREENER] 122 markets in 6.9s | yes:65 no:17 | next in 30s
2026-07-30 01:49:54,289 - INFO - [SCREENER] 123 markets in 5.7s | yes:64 no:17 | next in 30s
2026-07-30 01:50:32,588 - INFO - [SCREENER] 121 markets in 5.9s | yes:66 no:17 | next in 30s
2026-07-30 01:51:11,212 - INFO - [SCREENER] 119 markets in 6.4s | yes:66 no:18 | next in 30s
2026-07-30 01:51:50,636 - INFO - [SCREENER] 118 markets in 6.0s | yes:64 no:17 | next in 30s
2026-07-30 01:52:30,217 - INFO - [SCREENER] 118 markets in 5.8s | yes:61 no:15 | next in 30s
2026-07-30 01:53:08,477 - INFO - [SCREENER] 118 markets in 5.9s | yes:63 no:17 | next in 30s
2026-07-30 01:53:48,117 - INFO - [SCREENER] 118 markets in 7.5s | yes:64 no:18 | next in 30s
2026-07-30 01:54:19,052 - INFO - [SCREENER] 119 markets in 7.6s | yes:63 no:20 | next in 30s
2026-07-30 01:54:57,366 - INFO - [SCREENER] 118 markets in 6.2s | yes:67 no:18 | next in 30s
2026-07-30 01:55:35,462 - INFO - [SCREENER] 116 markets in 5.9s | yes:65 no:17 | next in 30s
2026-07-30 01:56:15,273 - INFO - [SCREENER] 118 markets in 7.3s | yes:62 no:17 | next in 30s
2026-07-30 01:56:45,173 - INFO - [SCREENER] 120 markets in 6.6s | yes:63 no:18 | next in 30s
2026-07-30 01:57:23,258 - INFO - [SCREENER] 120 markets in 5.8s | yes:64 no:20 | next in 30s
2026-07-30 01:58:01,558 - INFO - [SCREENER] 110 markets in 6.3s | yes:59 no:15 | next in 30s
2026-07-30 01:58:41,797 - INFO - [SCREENER] 111 markets in 6.3s | yes:63 no:13 | next in 30s
2026-07-30 01:59:20,502 - INFO - [SCREENER] 111 markets in 6.7s | yes:60 no:15 | next in 30s
2026-07-30 01:59:58,967 - INFO - [SCREENER] 106 markets in 6.4s | yes:57 no:16 | next in 30s
2026-07-30 02:00:38,838 - INFO - [SCREENER] 103 markets in 6.1s | yes:55 no:16 | next in 30s
2026-07-30 02:01:17,357 - INFO - [SCREENER] 103 markets in 6.6s | yes:57 no:16 | next in 30s
2026-07-30 02:01:55,436 - INFO - [SCREENER] 103 markets in 5.9s | yes:58 no:12 | next in 30s
2026-07-30 02:02:33,675 - INFO - [SCREENER] 103 markets in 6.2s | yes:62 no:13 | next in 30s
2026-07-30 02:03:13,321 - INFO - [SCREENER] 102 markets in 6.0s | yes:61 no:14 | next in 30s
2026-07-30 02:03:52,296 - INFO - [SCREENER] 103 markets in 7.0s | yes:62 no:14 | next in 30s
2026-07-30 02:04:31,472 - INFO - [SCREENER] 103 markets in 6.8s | yes:60 no:13 | next in 30s
2026-07-30 02:05:08,816 - INFO - [SCREENER] 108 markets in 13.4s | yes:61 no:14 | next in 30s
2026-07-30 02:05:36,741 - INFO - [SCREENER] 105 markets in 6.2s | yes:65 no:12 | next in 30s
2026-07-30 02:06:15,047 - INFO - [SCREENER] 108 markets in 6.2s | yes:63 no:13 | next in 30s
2026-07-30 02:06:54,020 - INFO - [SCREENER] 111 markets in 6.3s | yes:61 no:14 | next in 30s
2026-07-30 02:07:33,646 - INFO - [SCREENER] 110 markets in 5.8s | yes:61 no:15 | next in 30s
2026-07-30 02:08:11,755 - INFO - [SCREENER] 114 markets in 6.2s | yes:53 no:16 | next in 30s
2026-07-30 02:08:50,919 - INFO - [SCREENER] 119 markets in 6.7s | yes:58 no:18 | next in 30s
2026-07-30 02:09:31,097 - INFO - [SCREENER] 118 markets in 6.6s | yes:59 no:14 | next in 30s
2026-07-30 02:10:08,839 - INFO - [SCREENER] 119 markets in 5.7s | yes:58 no:16 | next in 30s
2026-07-30 02:10:47,229 - INFO - [SCREENER] 120 markets in 6.1s | yes:59 no:21 | next in 30s
2026-07-30 02:11:27,121 - INFO - [SCREENER] 120 markets in 6.1s | yes:60 no:24 | next in 30s
2026-07-30 02:12:06,344 - INFO - [SCREENER] 120 markets in 7.1s | yes:62 no:30 | next in 30s
2026-07-30 02:12:45,690 - INFO - [SCREENER] 121 markets in 7.2s | yes:60 no:30 | next in 30s
2026-07-30 02:13:23,971 - INFO - [SCREENER] 122 markets in 6.0s | yes:59 no:31 | next in 30s
2026-07-30 02:14:03,605 - INFO - [SCREENER] 122 markets in 6.0s | yes:59 no:26 | next in 30s
2026-07-30 02:14:41,766 - INFO - [SCREENER] 120 markets in 5.8s | yes:62 no:27 | next in 30s
2026-07-30 02:15:20,012 - INFO - [SCREENER] 119 markets in 6.2s | yes:61 no:25 | next in 30s
2026-07-30 02:15:59,972 - INFO - [SCREENER] 122 markets in 6.0s | yes:65 no:27 | next in 30s
2026-07-30 02:16:38,113 - INFO - [SCREENER] 117 markets in 6.0s | yes:63 no:22 | next in 30s
2026-07-30 02:16:38,403 - ERROR - [py_clob_client_v2] request error: Server disconnected
2026-07-30 02:16:38,404 - ERROR - [CANCEL FAIL] 0xe1d303636772b1ba0b... | PolyApiException[status_code=None, error_message=Request exception!]
2026-07-30 02:16:38,404 - ERROR - [py_clob_client_v2] request error: Server disconnected
2026-07-30 02:16:38,405 - ERROR - [py_clob_client_v2] request error: Server disconnected
2026-07-30 02:16:38,406 - ERROR - 查询订单失败: PolyApiException[status_code=None, error_message=Request exception!]
2026-07-30 02:16:38,406 - ERROR - [CANCEL FAIL] 0x3c9ca7dfd837f8f40f... | PolyApiException[status_code=None, error_message=Request exception!]
2026-07-30 02:16:38,407 - ERROR - [DISCOVER] 订单查询失败，跳过本周期
2026-07-30 02:16:38,964 - ERROR - [CANCEL FAIL] 0xe1d303636772b1ba0b 订单仍存活在交易所！保持 RESTING
2026-07-30 02:16:38,964 - ERROR - [CANCEL FAIL] 0x3c9ca7dfd837f8f40f 订单仍存活在交易所！保持 RESTING
2026-07-30 02:17:16,074 - INFO - [SCREENER] 110 markets in 5.9s | yes:55 no:18 | next in 30s
2026-07-30 02:17:38,992 - WARNING - [AUDIT] 1645017920148622 订单丢失纠偏
2026-07-30 02:17:38,992 - WARNING - [AUDIT] 7431350404868660 订单丢失纠偏
2026-07-30 02:17:55,775 - INFO - [SCREENER] 120 markets in 6.1s | yes:62 no:23 | next in 30s
2026-07-30 02:18:33,984 - INFO - [SCREENER] 120 markets in 5.9s | yes:63 no:20 | next in 30s
2026-07-30 02:19:12,826 - INFO - [SCREENER] 120 markets in 6.2s | yes:64 no:23 | next in 30s
2026-07-30 02:19:51,626 - INFO - [SCREENER] 118 markets in 6.2s | yes:60 no:20 | next in 30s
2026-07-30 02:20:32,067 - INFO - [SCREENER] 119 markets in 6.9s | yes:60 no:20 | next in 30s
2026-07-30 02:21:10,971 - INFO - [SCREENER] 120 markets in 6.2s | yes:60 no:21 | next in 30s
2026-07-30 02:21:49,525 - INFO - [SCREENER] 121 markets in 6.4s | yes:57 no:18 | next in 30s
2026-07-30 02:22:30,337 - INFO - [SCREENER] 115 markets in 6.8s | yes:50 no:19 | next in 30s
2026-07-30 02:23:08,753 - INFO - [SCREENER] 117 markets in 6.0s | yes:54 no:18 | next in 30s
2026-07-30 02:23:48,571 - INFO - [SCREENER] 108 markets in 7.9s | yes:48 no:19 | next in 30s
2026-07-30 02:24:28,585 - INFO - [SCREENER] 111 markets in 6.1s | yes:47 no:20 | next in 30s
2026-07-30 02:25:07,563 - INFO - [SCREENER] 105 markets in 6.8s | yes:42 no:19 | next in 30s
2026-07-30 02:25:46,241 - INFO - [SCREENER] 103 markets in 6.5s | yes:42 no:20 | next in 30s
2026-07-30 02:26:25,238 - INFO - [SCREENER] 108 markets in 7.0s | yes:41 no:20 | next in 30s
2026-07-30 02:26:55,463 - INFO - [SCREENER] 107 markets in 6.6s | yes:42 no:20 | next in 30s
2026-07-30 02:27:34,800 - INFO - [SCREENER] 109 markets in 6.9s | yes:41 no:20 | next in 30s
2026-07-30 02:28:13,205 - INFO - [SCREENER] 100 markets in 6.2s | yes:40 no:21 | next in 30s
2026-07-30 02:28:53,293 - INFO - [SCREENER] 99 markets in 6.6s | yes:42 no:24 | next in 30s
2026-07-30 02:29:31,312 - INFO - [SCREENER] 94 markets in 5.9s | yes:41 no:22 | next in 30s
2026-07-30 02:30:09,364 - INFO - [SCREENER] 94 markets in 5.9s | yes:36 no:19 | next in 30s
2026-07-30 02:30:49,178 - INFO - [SCREENER] 93 markets in 5.9s | yes:35 no:18 | next in 30s
2026-07-30 02:31:27,343 - INFO - [SCREENER] 94 markets in 6.3s | yes:34 no:18 | next in 30s
2026-07-30 02:32:05,234 - INFO - [SCREENER] 97 markets in 5.7s | yes:36 no:19 | next in 30s
2026-07-30 02:32:45,057 - INFO - [SCREENER] 96 markets in 7.7s | yes:35 no:20 | next in 30s
2026-07-30 02:33:14,638 - INFO - [SCREENER] 93 markets in 6.7s | yes:33 no:18 | next in 30s
2026-07-30 02:33:53,192 - INFO - [SCREENER] 96 markets in 6.5s | yes:35 no:19 | next in 30s
2026-07-30 02:34:31,153 - INFO - [SCREENER] 98 markets in 6.0s | yes:32 no:18 | next in 30s
2026-07-30 02:35:11,614 - INFO - [SCREENER] 93 markets in 6.5s | yes:35 no:17 | next in 30s
2026-07-30 02:35:49,844 - INFO - [SCREENER] 99 markets in 6.0s | yes:35 no:16 | next in 30s
2026-07-30 02:36:03,628 - ERROR - [py_clob_client_v2] request error: The read operation timed out
2026-07-30 02:36:03,628 - ERROR - [py_clob_client_v2] request error: The read operation timed out
2026-07-30 02:36:03,630 - ERROR - [PLACE FAIL] 1150178838612323... price=0.33 attempt=1/2 | PolyApiException[status_code=None, error_message=Request exception!]
2026-07-30 02:36:05,631 - ERROR - [POLL] 批量查询异常: HTTPSConnectionPool(host='clob.polymarket.com', port=443): Max retries exceeded with url: /books (Caused by SSLError(SSLEOFError(8, '[SSL: UNEXPECTED_EOF_WHILE_READING] EOF occurred in violation of protocol (_ssl.c:1000)')))
2026-07-30 02:36:07,132 - ERROR - [HEARTBEAT] 失败 (连续 1 次): 401 Client Error: Unauthorized for url: https://clob.polymarket.com/v1/heartbeats
2026-07-30 02:36:08,373 - ERROR - [py_clob_client_v2] request error status=400 url=https://clob.polymarket.com/v1/heartbeats body={"heartbeat_id":"ff979d08-359f-4c9a-baae-5a2d8e9ece98","error_msg":"Invalid Heartbeat ID"}
2026-07-30 02:36:08,374 - INFO - [HEARTBEAT] 从 SDK 错误恢复 heartbeat_id: ff979d08-359f-4c (旧: 8eaa7d86-e805-49)
2026-07-30 02:36:08,615 - INFO - [HEARTBEAT] OK (recovered) id=190f7ae7-9adb-47
2026-07-30 02:36:21,634 - INFO - [SCREENER] 95 markets in 6.0s | yes:38 no:13 | next in 30s
2026-07-30 02:37:01,942 - INFO - [SCREENER] 100 markets in 6.3s | yes:40 no:15 | next in 30s
2026-07-30 02:37:39,781 - INFO - [SCREENER] 98 markets in 5.9s | yes:37 no:18 | next in 30s
2026-07-30 02:38:18,364 - INFO - [SCREENER] 100 markets in 6.2s | yes:37 no:18 | next in 30s
2026-07-30 02:38:56,423 - INFO - [SCREENER] 104 markets in 5.8s | yes:39 no:19 | next in 30s
2026-07-30 02:39:36,882 - INFO - [SCREENER] 104 markets in 6.2s | yes:41 no:20 | next in 30s
2026-07-30 02:40:15,821 - INFO - [SCREENER] 107 markets in 6.9s | yes:42 no:19 | next in 30s
2026-07-30 02:40:54,533 - INFO - [SCREENER] 105 markets in 6.5s | yes:41 no:22 | next in 30s
2026-07-30 02:41:06,740 - WARNING - [AUDIT] 5483500589407724 订单丢失纠偏
2026-07-30 02:41:06,740 - WARNING - [AUDIT] 1082561109215351 订单丢失纠偏
2026-07-30 02:41:34,848 - INFO - [SCREENER] 108 markets in 6.7s | yes:37 no:17 | next in 30s
2026-07-30 02:42:13,203 - INFO - [SCREENER] 113 markets in 6.0s | yes:43 no:26 | next in 30s
2026-07-30 02:42:51,398 - INFO - [SCREENER] 109 markets in 6.2s | yes:43 no:27 | next in 30s
2026-07-30 02:43:31,246 - INFO - [SCREENER] 108 markets in 6.0s | yes:40 no:28 | next in 30s
2026-07-30 02:43:38,039 - ERROR - [py_clob_client_v2] request error: Server disconnected
2026-07-30 02:43:38,040 - ERROR - [py_clob_client_v2] request error: Server disconnected
2026-07-30 02:43:38,040 - ERROR - 获取订单簿失败: 64185204120246860380... | PolyApiException[status_code=None, error_message=Request exception!]
2026-07-30 02:43:38,040 - ERROR - [PLACE FAIL] 9471737552867176... price=0.31 attempt=1/2 | PolyApiException[status_code=None, error_message=Request exception!]
2026-07-30 02:43:39,035 - WARNING - [RETRY] 6418520412024686 bids不足3档，10s后重试
2026-07-30 02:44:09,065 - INFO - [SCREENER] 111 markets in 5.7s | yes:41 no:28 | next in 30s
2026-07-30 02:44:46,990 - INFO - [SCREENER] 111 markets in 6.0s | yes:41 no:28 | next in 30s
2026-07-30 02:45:25,914 - INFO - [SCREENER] 112 markets in 6.5s | yes:36 no:28 | next in 30s
2026-07-30 02:46:05,561 - INFO - [SCREENER] 110 markets in 5.9s | yes:39 no:26 | next in 30s
2026-07-30 02:46:43,833 - INFO - [SCREENER] 112 markets in 6.2s | yes:40 no:25 | next in 30s
2026-07-30 02:47:22,467 - INFO - [SCREENER] 113 markets in 6.7s | yes:41 no:26 | next in 30s
2026-07-30 02:48:03,532 - INFO - [SCREENER] 110 markets in 7.2s | yes:37 no:23 | next in 30s
2026-07-30 02:48:42,032 - INFO - [SCREENER] 109 markets in 6.6s | yes:36 no:22 | next in 30s
2026-07-30 02:49:20,269 - INFO - [SCREENER] 103 markets in 6.0s | yes:33 no:24 | next in 30s
2026-07-30 02:50:01,253 - INFO - [SCREENER] 106 markets in 6.6s | yes:35 no:22 | next in 30s
2026-07-30 02:50:39,407 - INFO - [SCREENER] 105 markets in 6.0s | yes:31 no:22 | next in 30s
2026-07-30 02:51:18,059 - INFO - [SCREENER] 104 markets in 6.4s | yes:29 no:21 | next in 30s
2026-07-30 02:51:56,354 - INFO - [SCREENER] 106 markets in 6.1s | yes:29 no:20 | next in 30s
2026-07-30 02:52:36,456 - INFO - [SCREENER] 106 markets in 6.2s | yes:33 no:18 | next in 30s
2026-07-30 02:53:14,521 - INFO - [SCREENER] 110 markets in 6.2s | yes:34 no:18 | next in 30s
2026-07-30 02:53:52,908 - INFO - [SCREENER] 107 markets in 6.1s | yes:36 no:19 | next in 30s
2026-07-30 02:54:33,809 - INFO - [SCREENER] 108 markets in 7.5s | yes:36 no:19 | next in 30s
2026-07-30 02:55:11,939 - INFO - [SCREENER] 110 markets in 6.0s | yes:35 no:16 | next in 30s
2026-07-30 02:55:51,102 - INFO - [SCREENER] 110 markets in 6.8s | yes:33 no:20 | next in 30s
2026-07-30 02:56:30,604 - INFO - [SCREENER] 110 markets in 6.0s | yes:37 no:24 | next in 30s
2026-07-30 02:57:09,343 - INFO - [SCREENER] 109 markets in 6.8s | yes:37 no:23 | next in 30s
2026-07-30 02:57:47,652 - INFO - [SCREENER] 110 markets in 6.1s | yes:35 no:25 | next in 30s
2026-07-30 02:58:27,520 - INFO - [SCREENER] 106 markets in 7.5s | yes:34 no:21 | next in 30s
2026-07-30 02:58:57,535 - INFO - [SCREENER] 104 markets in 6.7s | yes:33 no:24 | next in 30s
2026-07-30 02:59:35,912 - INFO - [SCREENER] 103 markets in 6.5s | yes:31 no:20 | next in 30s
2026-07-30 03:00:14,433 - INFO - [SCREENER] 99 markets in 6.4s | yes:28 no:22 | next in 30s
2026-07-30 03:00:54,581 - INFO - [SCREENER] 101 markets in 6.1s | yes:30 no:21 | next in 30s
2026-07-30 03:01:39,306 - INFO - [SCREENER] 97 markets in 12.9s | yes:34 no:22 | next in 30s
2026-07-30 03:02:06,636 - INFO - [SCREENER] 97 markets in 5.7s | yes:38 no:26 | next in 30s
2026-07-30 03:02:47,330 - INFO - [SCREENER] 97 markets in 7.0s | yes:41 no:25 | next in 30s
2026-07-30 03:03:25,171 - INFO - [SCREENER] 100 markets in 5.9s | yes:40 no:25 | next in 30s
2026-07-30 03:04:03,078 - INFO - [SCREENER] 95 markets in 5.8s | yes:39 no:25 | next in 30s
2026-07-30 03:04:41,269 - INFO - [SCREENER] 95 markets in 5.7s | yes:36 no:23 | next in 30s
2026-07-30 03:05:20,445 - INFO - [SCREENER] 94 markets in 5.8s | yes:39 no:24 | next in 30s
2026-07-30 03:05:59,175 - INFO - [SCREENER] 94 markets in 6.5s | yes:39 no:24 | next in 30s
2026-07-30 03:06:36,992 - INFO - [SCREENER] 98 markets in 5.7s | yes:41 no:24 | next in 30s
2026-07-30 03:07:17,255 - INFO - [SCREENER] 98 markets in 6.2s | yes:40 no:26 | next in 30s
2026-07-30 03:07:55,470 - INFO - [SCREENER] 98 markets in 6.3s | yes:43 no:28 | next in 30s
2026-07-30 03:08:33,264 - INFO - [SCREENER] 108 markets in 5.8s | yes:46 no:28 | next in 30s
2026-07-30 03:09:12,441 - INFO - [SCREENER] 110 markets in 5.7s | yes:48 no:28 | next in 30s
2026-07-30 03:09:50,724 - INFO - [SCREENER] 110 markets in 5.9s | yes:46 no:29 | next in 30s
2026-07-30 03:10:28,829 - INFO - [SCREENER] 108 markets in 6.1s | yes:48 no:24 | next in 30s
2026-07-30 03:11:07,856 - INFO - [SCREENER] 112 markets in 6.8s | yes:51 no:31 | next in 30s
2026-07-30 03:11:47,327 - INFO - [SCREENER] 108 markets in 5.9s | yes:50 no:30 | next in 30s
2026-07-30 03:12:26,232 - INFO - [SCREENER] 112 markets in 6.3s | yes:51 no:32 | next in 30s
2026-07-30 03:13:04,321 - INFO - [SCREENER] 111 markets in 5.9s | yes:54 no:30 | next in 30s
2026-07-30 03:13:46,374 - INFO - [SCREENER] 113 markets in 7.6s | yes:51 no:29 | next in 30s
2026-07-30 03:14:24,711 - INFO - [SCREENER] 112 markets in 6.1s | yes:51 no:26 | next in 30s
2026-07-30 03:15:02,836 - INFO - [SCREENER] 111 markets in 6.0s | yes:53 no:29 | next in 30s
2026-07-30 03:15:42,927 - INFO - [SCREENER] 111 markets in 6.4s | yes:50 no:30 | next in 30s
2026-07-30 03:16:21,662 - INFO - [SCREENER] 109 markets in 6.0s | yes:47 no:30 | next in 30s
2026-07-30 03:17:00,204 - INFO - [SCREENER] 109 markets in 6.0s | yes:46 no:28 | next in 30s
2026-07-30 03:17:38,133 - INFO - [SCREENER] 108 markets in 5.8s | yes:44 no:27 | next in 30s
2026-07-30 03:18:18,325 - INFO - [SCREENER] 106 markets in 6.6s | yes:43 no:22 | next in 30s
2026-07-30 03:18:57,293 - INFO - [SCREENER] 105 markets in 6.0s | yes:43 no:22 | next in 30s
2026-07-30 03:19:35,213 - INFO - [SCREENER] 103 markets in 5.7s | yes:41 no:20 | next in 30s
2026-07-30 03:20:15,799 - INFO - [SCREENER] 104 markets in 6.7s | yes:46 no:23 | next in 30s
2026-07-30 03:20:54,748 - INFO - [SCREENER] 101 markets in 6.7s | yes:43 no:24 | next in 30s
2026-07-30 03:21:33,203 - INFO - [SCREENER] 101 markets in 6.4s | yes:43 no:23 | next in 30s
2026-07-30 03:22:12,717 - INFO - [SCREENER] 104 markets in 5.8s | yes:42 no:22 | next in 30s
2026-07-30 03:22:51,536 - INFO - [SCREENER] 105 markets in 5.9s | yes:42 no:22 | next in 30s
2026-07-30 03:23:29,978 - INFO - [SCREENER] 102 markets in 6.5s | yes:38 no:25 | next in 30s
2026-07-30 03:24:07,840 - INFO - [SCREENER] 105 markets in 5.7s | yes:36 no:24 | next in 30s
2026-07-30 03:24:47,503 - INFO - [SCREENER] 101 markets in 6.1s | yes:36 no:23 | next in 30s
2026-07-30 03:25:25,912 - INFO - [SCREENER] 101 markets in 6.0s | yes:33 no:20 | next in 30s
2026-07-30 03:26:04,227 - INFO - [SCREENER] 100 markets in 6.1s | yes:28 no:12 | next in 30s
2026-07-30 03:26:44,294 - INFO - [SCREENER] 101 markets in 6.3s | yes:27 no:9 | next in 30s
2026-07-30 03:27:22,568 - INFO - [SCREENER] 101 markets in 6.2s | yes:29 no:12 | next in 30s
2026-07-30 03:28:01,667 - INFO - [SCREENER] 98 markets in 6.8s | yes:32 no:14 | next in 30s
2026-07-30 03:28:42,052 - INFO - [SCREENER] 101 markets in 7.0s | yes:30 no:18 | next in 30s
2026-07-30 03:29:20,812 - INFO - [SCREENER] 104 markets in 6.3s | yes:31 no:20 | next in 30s
2026-07-30 03:29:58,931 - INFO - [SCREENER] 105 markets in 5.9s | yes:32 no:18 | next in 30s
2026-07-30 03:30:37,681 - INFO - [SCREENER] 103 markets in 6.6s | yes:32 no:17 | next in 30s
2026-07-30 03:31:17,704 - INFO - [SCREENER] 98 markets in 6.1s | yes:30 no:17 | next in 30s
2026-07-30 03:31:56,768 - INFO - [SCREENER] 99 markets in 6.3s | yes:29 no:17 | next in 30s
2026-07-30 03:32:34,926 - INFO - [SCREENER] 102 markets in 6.2s | yes:29 no:16 | next in 30s
2026-07-30 03:33:14,869 - INFO - [SCREENER] 103 markets in 6.0s | yes:28 no:12 | next in 30s
2026-07-30 03:33:25,939 - ERROR - [POLL] 批量查询异常: ('Connection aborted.', RemoteDisconnected('Remote end closed connection without response'))
2026-07-30 03:33:52,659 - INFO - [SCREENER] 102 markets in 6.2s | yes:29 no:10 | next in 30s
2026-07-30 03:34:31,389 - INFO - [SCREENER] 101 markets in 6.4s | yes:31 no:15 | next in 30s
2026-07-30 03:35:11,333 - INFO - [SCREENER] 99 markets in 6.0s | yes:32 no:14 | next in 30s
2026-07-30 03:35:49,640 - INFO - [SCREENER] 98 markets in 6.4s | yes:31 no:16 | next in 30s
2026-07-30 03:36:28,043 - INFO - [SCREENER] 100 markets in 6.5s | yes:28 no:16 | next in 30s
2026-07-30 03:37:06,748 - INFO - [SCREENER] 97 markets in 6.1s | yes:31 no:14 | next in 30s
2026-07-30 03:37:47,960 - INFO - [SCREENER] 97 markets in 7.3s | yes:30 no:15 | next in 30s
2026-07-30 03:38:26,222 - INFO - [SCREENER] 102 markets in 6.2s | yes:28 no:14 | next in 30s
2026-07-30 03:39:04,579 - INFO - [SCREENER] 102 markets in 6.0s | yes:32 no:14 | next in 30s
2026-07-30 03:39:45,350 - INFO - [SCREENER] 104 markets in 6.9s | yes:35 no:15 | next in 30s
2026-07-30 03:40:25,094 - INFO - [SCREENER] 105 markets in 7.6s | yes:35 no:15 | next in 30s
2026-07-30 03:41:03,415 - INFO - [SCREENER] 105 markets in 6.3s | yes:32 no:13 | next in 30s
2026-07-30 03:41:43,110 - INFO - [SCREENER] 104 markets in 6.2s | yes:32 no:14 | next in 30s
2026-07-30 03:42:22,298 - INFO - [SCREENER] 105 markets in 7.3s | yes:34 no:16 | next in 30s
2026-07-30 03:43:00,529 - INFO - [SCREENER] 106 markets in 5.8s | yes:32 no:17 | next in 30s
2026-07-30 03:43:26,640 - INFO - [BUY CONFIRMED] 未知 | Yes | size=2.7027 price=0.37
2026-07-30 03:43:38,602 - INFO - [SCREENER] 102 markets in 6.0s | yes:34 no:15 | next in 30s
2026-07-30 03:43:42,309 - INFO - [LIMIT SELL] Will the highest temperature in Tel Aviv | 2.7027 shares @ 0.66
2026-07-30 03:43:42,309 - INFO - [POSITION] 限价卖出 1 个持仓
2026-07-30 03:43:50,370 - INFO - [SELL CONFIRMED] 未知 | No | size=0.0000 price=0.66
2026-07-30 03:44:08,870 - INFO - [SCREENER] 101 markets in 5.8s | yes:35 no:15 | next in 30s
2026-07-30 03:44:46,648 - INFO - [SCREENER] 103 markets in 5.9s | yes:34 no:16 | next in 30s
2026-07-30 03:45:25,153 - INFO - [SCREENER] 101 markets in 6.6s | yes:37 no:15 | next in 30s
2026-07-30 03:46:04,980 - INFO - [SCREENER] 114 markets in 6.0s | yes:49 no:25 | next in 30s
2026-07-30 03:46:43,505 - INFO - [SCREENER] 121 markets in 6.4s | yes:55 no:29 | next in 30s
2026-07-30 03:47:22,847 - INFO - [SCREENER] 123 markets in 7.2s | yes:57 no:33 | next in 30s
2026-07-30 03:48:03,896 - INFO - [SCREENER] 119 markets in 6.8s | yes:61 no:29 | next in 30s
2026-07-30 03:48:42,188 - INFO - [SCREENER] 120 markets in 6.0s | yes:61 no:33 | next in 30s
2026-07-30 03:49:20,872 - INFO - [SCREENER] 117 markets in 6.5s | yes:60 no:35 | next in 30s
2026-07-30 03:50:00,349 - INFO - [SCREENER] 119 markets in 7.6s | yes:62 no:32 | next in 30s
2026-07-30 03:50:30,326 - INFO - [SCREENER] 119 markets in 6.8s | yes:64 no:32 | next in 30s
2026-07-30 03:51:09,040 - INFO - [SCREENER] 120 markets in 6.0s | yes:63 no:32 | next in 30s
2026-07-30 03:51:47,166 - INFO - [SCREENER] 121 markets in 5.9s | yes:60 no:30 | next in 30s
2026-07-30 03:52:27,115 - INFO - [SCREENER] 121 markets in 6.2s | yes:61 no:32 | next in 30s
2026-07-30 03:53:05,697 - INFO - [SCREENER] 122 markets in 6.3s | yes:56 no:31 | next in 30s
2026-07-30 03:53:44,059 - INFO - [SCREENER] 128 markets in 6.0s | yes:64 no:33 | next in 30s
2026-07-30 03:53:49,371 - ERROR - [py_clob_client_v2] request error: Server disconnected
2026-07-30 03:53:49,372 - ERROR - [py_clob_client_v2] request error: Server disconnected
2026-07-30 03:53:49,373 - ERROR - 获取订单簿失败: 82457860106559625161... | PolyApiException[status_code=None, error_message=Request exception!]
2026-07-30 03:53:49,373 - ERROR - 获取订单簿失败: 47888153845925513169... | PolyApiException[status_code=None, error_message=Request exception!]
2026-07-30 03:53:50,369 - WARNING - [RETRY] 8245786010655962 bids不足3档，10s后重试
2026-07-30 03:53:50,370 - WARNING - [RETRY] 4788815384592551 bids不足3档，10s后重试
2026-07-30 03:54:24,564 - INFO - [SCREENER] 126 markets in 6.4s | yes:61 no:30 | next in 30s
2026-07-30 03:55:04,227 - INFO - [SCREENER] 126 markets in 7.6s | yes:63 no:33 | next in 30s
2026-07-30 03:55:42,875 - INFO - [SCREENER] 125 markets in 5.9s | yes:61 no:33 | next in 30s
2026-07-30 03:56:20,724 - INFO - [SCREENER] 126 markets in 5.7s | yes:61 no:34 | next in 30s
2026-07-30 03:57:00,867 - INFO - [SCREENER] 122 markets in 5.6s | yes:64 no:36 | next in 30s
2026-07-30 03:57:39,982 - INFO - [SCREENER] 124 markets in 6.4s | yes:63 no:38 | next in 30s
2026-07-30 03:58:17,762 - INFO - [SCREENER] 121 markets in 5.2s | yes:62 no:40 | next in 30s
2026-07-30 03:58:58,256 - INFO - [SCREENER] 121 markets in 7.0s | yes:65 no:51 | next in 30s
2026-07-30 03:58:58,815 - ERROR - [POLL] 批量查询异常: ('Connection aborted.', RemoteDisconnected('Remote end closed connection without response'))
2026-07-30 03:59:36,039 - INFO - [SCREENER] 112 markets in 6.0s | yes:57 no:45 | next in 30s
2026-07-30 04:00:14,522 - INFO - [SCREENER] 110 markets in 5.8s | yes:47 no:38 | next in 30s
2026-07-30 04:00:53,660 - INFO - [SCREENER] 114 markets in 5.7s | yes:48 no:38 | next in 30s
2026-07-30 04:01:31,773 - INFO - [SCREENER] 110 markets in 6.0s | yes:49 no:36 | next in 30s
2026-07-30 04:02:09,635 - INFO - [SCREENER] 112 markets in 5.5s | yes:51 no:36 | next in 30s
2026-07-30 04:02:46,083 - INFO - [SELL CONFIRMED] 未知 | No | size=20.0000 price=0.36
2026-07-30 04:02:48,153 - INFO - [SCREENER] 110 markets in 5.9s | yes:55 no:35 | next in 30s
2026-07-30 04:02:51,298 - INFO - [LIMIT SELL] Will the highest temperature in Madrid b | 20.0000 shares @ 0.35
2026-07-30 04:02:51,300 - INFO - [POSITION] 限价卖出 1 个持仓
2026-07-30 04:03:00,028 - INFO - [SELL CONFIRMED] 未知 | No | size=0.0000 price=0.35
2026-07-30 04:03:27,979 - INFO - [SCREENER] 109 markets in 5.6s | yes:55 no:36 | next in 30s
2026-07-30 04:04:06,075 - INFO - [SCREENER] 113 markets in 6.1s | yes:55 no:35 | next in 30s
2026-07-30 04:04:43,892 - INFO - [SCREENER] 116 markets in 5.7s | yes:54 no:31 | next in 30s
2026-07-30 04:05:23,391 - INFO - [SCREENER] 117 markets in 6.0s | yes:62 no:37 | next in 30s
2026-07-30 04:05:31,404 - ERROR - [py_clob_client_v2] request error: Server disconnected
2026-07-30 04:05:31,404 - ERROR - [py_clob_client_v2] request error: Server disconnected
2026-07-30 04:05:31,405 - ERROR - 获取订单簿失败: 51516005333236023548... | PolyApiException[status_code=None, error_message=Request exception!]
2026-07-30 04:05:31,405 - ERROR - 获取订单簿失败: 57634743406768194687... | PolyApiException[status_code=None, error_message=Request exception!]
2026-07-30 04:05:32,401 - WARNING - [RETRY] 5151600533323602 bids不足3档，10s后重试
2026-07-30 04:05:32,401 - WARNING - [RETRY] 5763474340676819 bids不足3档，10s后重试
2026-07-30 04:06:01,630 - INFO - [SCREENER] 120 markets in 6.1s | yes:66 no:34 | next in 30s
2026-07-30 04:06:40,085 - INFO - [SCREENER] 121 markets in 6.1s | yes:62 no:34 | next in 30s
2026-07-30 04:07:20,192 - INFO - [SCREENER] 118 markets in 6.3s | yes:63 no:36 | next in 30s
2026-07-30 04:07:58,044 - INFO - [SCREENER] 121 markets in 5.7s | yes:62 no:38 | next in 30s
2026-07-30 04:08:36,092 - INFO - [SCREENER] 127 markets in 5.8s | yes:70 no:42 | next in 30s
2026-07-30 04:09:15,246 - INFO - [SCREENER] 127 markets in 7.0s | yes:70 no:44 | next in 30s
2026-07-30 04:09:54,686 - INFO - [SCREENER] 123 markets in 5.9s | yes:71 no:44 | next in 30s
2026-07-30 04:10:33,538 - INFO - [SCREENER] 123 markets in 6.6s | yes:69 no:48 | next in 30s
2026-07-30 04:11:11,771 - INFO - [SCREENER] 126 markets in 5.9s | yes:70 no:47 | next in 30s
2026-07-30 04:11:51,346 - INFO - [SCREENER] 124 markets in 5.5s | yes:73 no:47 | next in 30s
2026-07-30 04:12:29,923 - INFO - [SCREENER] 125 markets in 6.3s | yes:72 no:46 | next in 30s
2026-07-30 04:13:08,068 - INFO - [SCREENER] 125 markets in 5.6s | yes:71 no:47 | next in 30s
2026-07-30 04:13:30,864 - ERROR - [BATCH CANCEL FAIL] 0xa56ac6a8d27a5640c6... | the order is already canceled
2026-07-30 04:13:32,462 - ERROR - [BATCH CANCEL] 6443055024283044 取消失败，清空 active_id 进入冷却兜底
2026-07-30 04:13:48,978 - INFO - [SCREENER] 128 markets in 6.5s | yes:71 no:49 | next in 30s
2026-07-30 04:14:27,226 - INFO - [SCREENER] 128 markets in 5.8s | yes:76 no:50 | next in 30s
2026-07-30 04:15:05,205 - INFO - [SCREENER] 129 markets in 5.4s | yes:75 no:52 | next in 30s
2026-07-30 04:15:43,170 - INFO - [SCREENER] 130 markets in 5.4s | yes:75 no:51 | next in 30s
2026-07-30 04:16:23,246 - INFO - [SCREENER] 126 markets in 5.7s | yes:69 no:48 | next in 30s
2026-07-30 04:17:00,688 - INFO - [SCREENER] 128 markets in 5.4s | yes:68 no:48 | next in 30s
2026-07-30 04:17:38,514 - INFO - [SCREENER] 128 markets in 5.5s | yes:73 no:47 | next in 30s
2026-07-30 04:18:18,140 - INFO - [SCREENER] 127 markets in 6.0s | yes:74 no:47 | next in 30s
2026-07-30 04:18:56,538 - INFO - [SCREENER] 129 markets in 5.8s | yes:76 no:49 | next in 30s
2026-07-30 04:19:35,204 - INFO - [SCREENER] 129 markets in 6.0s | yes:71 no:43 | next in 30s
2026-07-30 04:20:15,327 - INFO - [SCREENER] 128 markets in 5.6s | yes:68 no:41 | next in 30s
2026-07-30 04:20:53,138 - INFO - [SCREENER] 129 markets in 5.7s | yes:67 no:44 | next in 30s
2026-07-30 04:21:33,093 - INFO - [SCREENER] 125 markets in 7.9s | yes:65 no:44 | next in 30s
2026-07-30 04:22:11,209 - INFO - [SCREENER] 124 markets in 5.6s | yes:65 no:44 | next in 30s
2026-07-30 04:22:50,802 - INFO - [SCREENER] 126 markets in 5.7s | yes:68 no:50 | next in 30s
2026-07-30 04:23:29,589 - INFO - [SCREENER] 127 markets in 6.8s | yes:68 no:48 | next in 30s
2026-07-30 04:24:07,233 - INFO - [SCREENER] 127 markets in 5.3s | yes:69 no:48 | next in 30s
2026-07-30 04:24:47,084 - INFO - [SCREENER] 123 markets in 5.3s | yes:68 no:48 | next in 30s
2026-07-30 04:25:25,174 - INFO - [SCREENER] 121 markets in 5.6s | yes:68 no:46 | next in 30s
2026-07-30 04:26:03,683 - INFO - [SCREENER] 123 markets in 5.9s | yes:68 no:46 | next in 30s
2026-07-30 04:26:43,951 - INFO - [SCREENER] 125 markets in 6.2s | yes:68 no:49 | next in 30s
2026-07-30 04:27:22,570 - INFO - [SCREENER] 124 markets in 5.5s | yes:65 no:48 | next in 30s
2026-07-30 04:28:00,641 - INFO - [SCREENER] 123 markets in 5.4s | yes:67 no:50 | next in 30s
2026-07-30 04:28:38,906 - INFO - [SCREENER] 124 markets in 6.1s | yes:69 no:49 | next in 30s
2026-07-30 04:29:19,255 - INFO - [SCREENER] 127 markets in 6.8s | yes:69 no:49 | next in 30s
2026-07-30 04:29:57,402 - INFO - [SCREENER] 124 markets in 5.7s | yes:68 no:49 | next in 30s
2026-07-30 04:30:37,270 - INFO - [SCREENER] 120 markets in 7.2s | yes:67 no:51 | next in 30s
2026-07-30 04:31:06,985 - INFO - [SCREENER] 120 markets in 6.3s | yes:68 no:50 | next in 30s
2026-07-30 04:31:45,233 - INFO - [SCREENER] 119 markets in 5.7s | yes:69 no:56 | next in 30s
2026-07-30 04:32:22,508 - INFO - [SCREENER] 120 markets in 5.3s | yes:66 no:54 | next in 30s
2026-07-30 04:33:01,131 - INFO - [SCREENER] 120 markets in 5.6s | yes:67 no:53 | next in 30s
2026-07-30 04:33:40,942 - INFO - [SCREENER] 125 markets in 5.8s | yes:69 no:57 | next in 30s
2026-07-30 04:34:19,168 - INFO - [SCREENER] 125 markets in 5.6s | yes:72 no:55 | next in 30s
2026-07-30 04:34:58,549 - INFO - [SCREENER] 122 markets in 7.0s | yes:72 no:56 | next in 30s
2026-07-30 04:35:10,318 - ERROR - [py_clob_client_v2] request error: Server disconnected
2026-07-30 04:35:10,318 - ERROR - [py_clob_client_v2] request error: Server disconnected
2026-07-30 04:35:10,318 - ERROR - [BATCH CANCEL ERR] 1 条 | PolyApiException[status_code=None, error_message=Request exception!]
2026-07-30 04:35:10,319 - ERROR - 查询订单失败: PolyApiException[status_code=None, error_message=Request exception!]
2026-07-30 04:35:10,892 - ERROR - [BATCH CANCEL] 7386622261544735 取消失败，清空 active_id 进入冷却兜底
2026-07-30 04:35:37,260 - INFO - [SCREENER] 122 markets in 5.8s | yes:73 no:54 | next in 30s
2026-07-30 04:36:17,655 - INFO - [SCREENER] 119 markets in 8.0s | yes:70 no:54 | next in 30s
2026-07-30 04:36:55,334 - INFO - [SCREENER] 122 markets in 5.7s | yes:73 no:56 | next in 30s
2026-07-30 04:37:35,601 - INFO - [SCREENER] 122 markets in 6.0s | yes:70 no:54 | next in 30s
2026-07-30 04:38:15,253 - INFO - [SCREENER] 124 markets in 7.1s | yes:70 no:52 | next in 30s
2026-07-30 04:38:53,539 - INFO - [SCREENER] 123 markets in 6.0s | yes:72 no:52 | next in 30s
2026-07-30 04:39:31,327 - INFO - [SCREENER] 126 markets in 5.6s | yes:73 no:56 | next in 30s
2026-07-30 04:40:10,730 - INFO - [SCREENER] 129 markets in 5.4s | yes:73 no:55 | next in 30s
2026-07-30 04:40:50,219 - INFO - [SCREENER] 132 markets in 7.2s | yes:72 no:58 | next in 30s
2026-07-30 04:41:30,233 - INFO - [SCREENER] 130 markets in 6.8s | yes:74 no:61 | next in 30s
2026-07-30 04:42:01,148 - INFO - [SCREENER] 131 markets in 6.7s | yes:73 no:60 | next in 30s
2026-07-30 04:42:39,198 - INFO - [SCREENER] 127 markets in 5.6s | yes:73 no:60 | next in 30s
2026-07-30 04:43:18,001 - INFO - [SCREENER] 125 markets in 5.9s | yes:72 no:56 | next in 30s
2026-07-30 04:43:56,173 - INFO - [SCREENER] 127 markets in 6.1s | yes:72 no:55 | next in 30s
2026-07-30 04:44:36,026 - INFO - [SCREENER] 126 markets in 5.9s | yes:72 no:54 | next in 30s
2026-07-30 04:45:14,930 - INFO - [SCREENER] 128 markets in 5.9s | yes:67 no:56 | next in 30s
2026-07-30 04:45:53,578 - INFO - [SCREENER] 131 markets in 6.0s | yes:72 no:56 | next in 30s
2026-07-30 04:46:33,985 - INFO - [SCREENER] 130 markets in 6.0s | yes:75 no:54 | next in 30s
2026-07-30 04:47:12,071 - INFO - [SCREENER] 134 markets in 5.6s | yes:79 no:51 | next in 30s
2026-07-30 04:47:51,732 - INFO - [SCREENER] 133 markets in 7.5s | yes:77 no:53 | next in 30s
2026-07-30 04:48:31,668 - INFO - [SCREENER] 129 markets in 6.0s | yes:70 no:51 | next in 30s
2026-07-30 04:49:09,757 - INFO - [SCREENER] 135 markets in 5.7s | yes:75 no:53 | next in 30s
2026-07-30 04:49:47,881 - INFO - [SCREENER] 134 markets in 6.0s | yes:72 no:52 | next in 30s
2026-07-30 04:50:26,276 - INFO - [SCREENER] 132 markets in 5.9s | yes:71 no:51 | next in 30s
2026-07-30 04:51:06,318 - INFO - [SCREENER] 129 markets in 6.1s | yes:69 no:49 | next in 30s
2026-07-30 04:51:45,225 - INFO - [SCREENER] 126 markets in 6.1s | yes:69 no:46 | next in 30s
2026-07-30 04:52:23,757 - INFO - [SCREENER] 126 markets in 6.3s | yes:62 no:43 | next in 30s
2026-07-30 04:53:03,837 - INFO - [SCREENER] 129 markets in 6.0s | yes:63 no:45 | next in 30s
2026-07-30 04:53:42,093 - INFO - [SCREENER] 129 markets in 5.8s | yes:66 no:45 | next in 30s
2026-07-30 04:54:20,248 - INFO - [SCREENER] 126 markets in 5.8s | yes:62 no:46 | next in 30s
2026-07-30 04:55:00,288 - INFO - [SCREENER] 125 markets in 6.2s | yes:64 no:48 | next in 30s
2026-07-30 04:55:38,520 - INFO - [SCREENER] 124 markets in 6.0s | yes:62 no:46 | next in 30s
2026-07-30 04:56:17,236 - INFO - [SCREENER] 122 markets in 5.8s | yes:66 no:44 | next in 30s
2026-07-30 04:56:57,062 - INFO - [SCREENER] 122 markets in 7.7s | yes:67 no:49 | next in 30s
2026-07-30 04:57:26,168 - INFO - [SCREENER] 123 markets in 5.8s | yes:68 no:47 | next in 30s
2026-07-30 04:58:03,971 - INFO - [SCREENER] 120 markets in 5.7s | yes:61 no:40 | next in 30s
2026-07-30 04:58:42,809 - INFO - [SCREENER] 121 markets in 5.9s | yes:63 no:41 | next in 30s
2026-07-30 04:59:21,889 - INFO - [SCREENER] 117 markets in 5.5s | yes:54 no:35 | next in 30s
2026-07-30 04:59:59,379 - INFO - [SCREENER] 112 markets in 5.4s | yes:53 no:37 | next in 30s
2026-07-30 05:00:37,199 - INFO - [SCREENER] 112 markets in 5.6s | yes:51 no:29 | next in 30s
2026-07-30 05:01:17,199 - INFO - [SCREENER] 111 markets in 6.4s | yes:46 no:29 | next in 30s
2026-07-30 05:01:54,739 - INFO - [SCREENER] 109 markets in 5.7s | yes:47 no:27 | next in 30s
2026-07-30 05:02:32,454 - INFO - [SCREENER] 108 markets in 5.6s | yes:53 no:28 | next in 30s
2026-07-30 05:03:11,435 - INFO - [SCREENER] 103 markets in 6.6s | yes:49 no:28 | next in 30s
2026-07-30 05:03:50,814 - INFO - [SCREENER] 107 markets in 5.9s | yes:51 no:30 | next in 30s
2026-07-30 05:04:28,728 - INFO - [SCREENER] 110 markets in 6.0s | yes:53 no:26 | next in 30s
2026-07-30 05:05:06,885 - INFO - [SCREENER] 114 markets in 6.3s | yes:55 no:32 | next in 30s
2026-07-30 05:05:46,380 - INFO - [SCREENER] 117 markets in 5.7s | yes:62 no:30 | next in 30s
2026-07-30 05:06:24,316 - INFO - [SCREENER] 115 markets in 5.6s | yes:58 no:30 | next in 30s
2026-07-30 05:07:02,054 - INFO - [SCREENER] 119 markets in 5.6s | yes:66 no:34 | next in 30s
2026-07-30 05:07:42,319 - INFO - [SCREENER] 118 markets in 7.1s | yes:63 no:33 | next in 30s
2026-07-30 05:08:20,115 - INFO - [SCREENER] 121 markets in 5.7s | yes:60 no:36 | next in 30s
2026-07-30 05:08:58,086 - INFO - [SCREENER] 119 markets in 5.7s | yes:66 no:32 | next in 30s
2026-07-30 05:09:36,428 - INFO - [SCREENER] 117 markets in 6.2s | yes:67 no:35 | next in 30s
2026-07-30 05:10:16,797 - INFO - [SCREENER] 114 markets in 6.4s | yes:68 no:36 | next in 30s
2026-07-30 05:10:55,625 - INFO - [SCREENER] 115 markets in 6.3s | yes:68 no:37 | next in 30s
2026-07-30 05:11:33,964 - INFO - [SCREENER] 114 markets in 6.1s | yes:74 no:45 | next in 30s
2026-07-30 05:12:13,441 - INFO - [SCREENER] 115 markets in 6.0s | yes:71 no:42 | next in 30s
2026-07-30 05:12:51,517 - INFO - [SCREENER] 114 markets in 5.9s | yes:69 no:44 | next in 30s
2026-07-30 05:13:29,318 - INFO - [SCREENER] 117 markets in 5.4s | yes:74 no:41 | next in 30s
2026-07-30 05:14:09,236 - INFO - [SCREENER] 119 markets in 5.8s | yes:74 no:48 | next in 30s
2026-07-30 05:14:48,387 - INFO - [SCREENER] 120 markets in 6.9s | yes:74 no:43 | next in 30s
2026-07-30 05:15:26,666 - INFO - [SCREENER] 121 markets in 5.9s | yes:72 no:49 | next in 30s
2026-07-30 05:16:04,541 - INFO - [SCREENER] 119 markets in 5.5s | yes:72 no:50 | next in 30s
2026-07-30 05:16:44,123 - INFO - [SCREENER] 121 markets in 5.7s | yes:74 no:48 | next in 30s
2026-07-30 05:17:22,612 - INFO - [SCREENER] 121 markets in 6.3s | yes:69 no:47 | next in 30s
2026-07-30 05:17:38,830 - ERROR - [POLL] 批量查询异常: HTTPSConnectionPool(host='clob.polymarket.com', port=443): Max retries exceeded with url: /books (Caused by SSLError(SSLEOFError(8, '[SSL: UNEXPECTED_EOF_WHILE_READING] EOF occurred in violation of protocol (_ssl.c:1000)')))
2026-07-30 05:17:54,657 - INFO - [SCREENER] 119 markets in 5.8s | yes:71 no:47 | next in 30s
2026-07-30 05:18:34,584 - INFO - [SCREENER] 123 markets in 5.6s | yes:66 no:41 | next in 30s
2026-07-30 05:19:12,995 - INFO - [SCREENER] 120 markets in 6.1s | yes:70 no:40 | next in 30s
2026-07-30 05:19:52,300 - INFO - [SCREENER] 119 markets in 6.7s | yes:68 no:45 | next in 30s
2026-07-30 05:20:31,922 - INFO - [SCREENER] 120 markets in 5.7s | yes:68 no:48 | next in 30s
2026-07-30 05:21:10,998 - INFO - [SCREENER] 119 markets in 6.1s | yes:68 no:48 | next in 30s
2026-07-30 05:21:49,190 - INFO - [SCREENER] 119 markets in 6.0s | yes:64 no:46 | next in 30s
2026-07-30 05:22:26,952 - INFO - [SCREENER] 118 markets in 5.7s | yes:66 no:46 | next in 30s
2026-07-30 05:23:06,196 - INFO - [SCREENER] 118 markets in 5.5s | yes:68 no:47 | next in 30s
2026-07-30 05:23:43,964 - INFO - [SCREENER] 120 markets in 5.8s | yes:67 no:49 | next in 30s
2026-07-30 05:24:23,270 - INFO - [SCREENER] 120 markets in 6.8s | yes:69 no:48 | next in 30s
2026-07-30 05:24:52,776 - INFO - [SCREENER] 121 markets in 6.0s | yes:67 no:43 | next in 30s
2026-07-30 05:25:30,818 - INFO - [SCREENER] 120 markets in 5.8s | yes:64 no:46 | next in 30s
2026-07-30 05:26:08,215 - INFO - [SCREENER] 119 markets in 5.4s | yes:65 no:46 | next in 30s
2026-07-30 05:26:46,591 - INFO - [SCREENER] 122 markets in 5.5s | yes:60 no:47 | next in 30s
2026-07-30 05:27:28,257 - INFO - [SCREENER] 121 markets in 7.1s | yes:62 no:44 | next in 30s
2026-07-30 05:28:05,704 - INFO - [SCREENER] 116 markets in 5.5s | yes:62 no:44 | next in 30s
2026-07-30 05:28:43,290 - INFO - [SCREENER] 117 markets in 5.5s | yes:60 no:46 | next in 30s
2026-07-30 05:29:22,551 - INFO - [SCREENER] 116 markets in 5.6s | yes:63 no:43 | next in 30s
2026-07-30 05:30:00,726 - INFO - [SCREENER] 117 markets in 6.0s | yes:64 no:40 | next in 30s
2026-07-30 05:30:38,562 - INFO - [SCREENER] 115 markets in 5.7s | yes:63 no:41 | next in 30s
2026-07-30 05:31:19,850 - INFO - [SCREENER] 115 markets in 7.2s | yes:62 no:39 | next in 30s
2026-07-30 05:31:58,093 - INFO - [SCREENER] 116 markets in 5.8s | yes:63 no:39 | next in 30s
2026-07-30 05:32:36,690 - INFO - [SCREENER] 119 markets in 6.1s | yes:64 no:43 | next in 30s
2026-07-30 05:33:14,577 - INFO - [SCREENER] 116 markets in 5.4s | yes:64 no:40 | next in 30s
2026-07-30 05:33:53,973 - INFO - [SCREENER] 115 markets in 5.9s | yes:61 no:38 | next in 30s
2026-07-30 05:34:32,683 - INFO - [SCREENER] 115 markets in 6.6s | yes:58 no:39 | next in 30s
2026-07-30 05:35:10,430 - INFO - [SCREENER] 113 markets in 5.5s | yes:58 no:41 | next in 30s
2026-07-30 05:35:51,140 - INFO - [SCREENER] 114 markets in 5.8s | yes:59 no:40 | next in 30s
2026-07-30 05:36:29,480 - INFO - [SCREENER] 115 markets in 5.9s | yes:63 no:40 | next in 30s
2026-07-30 05:37:07,971 - INFO - [SCREENER] 115 markets in 6.2s | yes:60 no:40 | next in 30s
2026-07-30 05:37:46,820 - INFO - [SCREENER] 115 markets in 5.4s | yes:61 no:36 | next in 30s
2026-07-30 05:38:25,208 - INFO - [SCREENER] 119 markets in 6.3s | yes:63 no:34 | next in 30s
2026-07-30 05:39:02,955 - INFO - [SCREENER] 119 markets in 5.6s | yes:64 no:38 | next in 30s
2026-07-30 05:39:42,382 - INFO - [SCREENER] 121 markets in 7.2s | yes:63 no:42 | next in 30s
2026-07-30 05:40:11,387 - INFO - [SCREENER] 118 markets in 5.6s | yes:61 no:42 | next in 30s
2026-07-30 05:40:48,742 - INFO - [SCREENER] 119 markets in 5.5s | yes:63 no:47 | next in 30s
2026-07-30 05:41:07,607 - ERROR - [py_clob_client_v2] request error: Server disconnected
2026-07-30 05:41:07,609 - ERROR - [py_clob_client_v2] request error: Server disconnected
2026-07-30 05:41:07,609 - ERROR - 获取订单簿失败: 42860424946764375684... | PolyApiException[status_code=None, error_message=Request exception!]
2026-07-30 05:41:07,609 - ERROR - [PLACE FAIL] 8131489896741284... price=0.57 attempt=1/2 | PolyApiException[status_code=None, error_message=Request exception!]
2026-07-30 05:41:08,599 - WARNING - [RETRY] 4286042494676437 bids不足3档，10s后重试
2026-07-30 05:41:26,714 - INFO - [SCREENER] 119 markets in 5.6s | yes:64 no:44 | next in 30s
2026-07-30 05:42:06,520 - INFO - [SCREENER] 119 markets in 5.8s | yes:64 no:47 | next in 30s
2026-07-30 05:42:44,619 - INFO - [SCREENER] 118 markets in 5.9s | yes:64 no:47 | next in 30s
2026-07-30 05:43:22,970 - INFO - [SCREENER] 117 markets in 5.7s | yes:66 no:46 | next in 30s
2026-07-30 05:44:03,862 - INFO - [SCREENER] 117 markets in 7.0s | yes:65 no:44 | next in 30s
2026-07-30 05:44:42,121 - INFO - [SCREENER] 118 markets in 6.1s | yes:65 no:47 | next in 30s
2026-07-30 05:45:20,071 - INFO - [SCREENER] 119 markets in 6.0s | yes:64 no:44 | next in 30s
2026-07-30 05:45:58,029 - INFO - [SCREENER] 119 markets in 5.9s | yes:67 no:45 | next in 30s
2026-07-30 05:46:38,001 - INFO - [SCREENER] 119 markets in 6.2s | yes:65 no:45 | next in 30s
2026-07-30 05:47:16,136 - INFO - [SCREENER] 118 markets in 5.7s | yes:66 no:47 | next in 30s
2026-07-30 05:47:53,784 - INFO - [SCREENER] 120 markets in 5.6s | yes:69 no:49 | next in 30s
2026-07-30 05:48:33,867 - INFO - [SCREENER] 118 markets in 5.7s | yes:68 no:47 | next in 30s
2026-07-30 05:49:12,332 - INFO - [SCREENER] 115 markets in 5.8s | yes:68 no:46 | next in 30s
2026-07-30 05:49:50,254 - INFO - [SCREENER] 116 markets in 5.7s | yes:67 no:50 | next in 30s
2026-07-30 05:50:29,718 - INFO - [SCREENER] 112 markets in 5.7s | yes:63 no:49 | next in 30s
2026-07-30 05:51:07,865 - INFO - [SCREENER] 113 markets in 5.9s | yes:63 no:48 | next in 30s
2026-07-30 05:51:45,759 - INFO - [SCREENER] 114 markets in 5.4s | yes:60 no:51 | next in 30s
2026-07-30 05:52:24,105 - INFO - [SCREENER] 112 markets in 5.8s | yes:59 no:49 | next in 30s
2026-07-30 05:53:04,143 - INFO - [SCREENER] 114 markets in 6.4s | yes:60 no:48 | next in 30s
2026-07-30 05:53:43,012 - INFO - [SCREENER] 119 markets in 6.1s | yes:60 no:48 | next in 30s
2026-07-30 05:54:21,644 - INFO - [SCREENER] 114 markets in 6.7s | yes:60 no:49 | next in 30s
2026-07-30 05:54:50,860 - INFO - [SCREENER] 113 markets in 5.9s | yes:60 no:47 | next in 30s
2026-07-30 05:55:29,555 - INFO - [SCREENER] 113 markets in 6.0s | yes:53 no:44 | next in 30s
2026-07-30 05:56:08,096 - INFO - [SCREENER] 117 markets in 6.1s | yes:64 no:49 | next in 30s
2026-07-30 05:56:46,364 - INFO - [SCREENER] 113 markets in 5.7s | yes:58 no:42 | next in 30s
2026-07-30 05:57:26,257 - INFO - [SCREENER] 112 markets in 6.0s | yes:59 no:41 | next in 30s
2026-07-30 05:58:04,511 - INFO - [SCREENER] 108 markets in 5.9s | yes:53 no:38 | next in 30s
2026-07-30 05:58:43,163 - INFO - [SCREENER] 107 markets in 6.5s | yes:56 no:32 | next in 30s
2026-07-30 05:59:22,554 - INFO - [SCREENER] 107 markets in 5.4s | yes:53 no:32 | next in 30s
2026-07-30 06:00:00,446 - INFO - [SCREENER] 108 markets in 5.9s | yes:54 no:34 | next in 30s
2026-07-30 06:00:38,168 - INFO - [SCREENER] 99 markets in 5.9s | yes:53 no:28 | next in 30s
2026-07-30 06:01:18,129 - INFO - [SCREENER] 100 markets in 5.8s | yes:51 no:28 | next in 30s
2026-07-30 06:01:55,647 - INFO - [SCREENER] 96 markets in 5.5s | yes:47 no:27 | next in 30s
2026-07-30 06:02:35,668 - INFO - [SCREENER] 100 markets in 7.7s | yes:43 no:28 | next in 30s
2026-07-30 06:03:14,836 - INFO - [SCREENER] 99 markets in 7.0s | yes:43 no:27 | next in 30s
2026-07-30 06:03:53,954 - INFO - [SCREENER] 101 markets in 5.7s | yes:46 no:28 | next in 30s
2026-07-30 06:04:31,974 - INFO - [SCREENER] 103 markets in 6.1s | yes:45 no:26 | next in 30s
2026-07-30 06:05:09,964 - INFO - [SCREENER] 103 markets in 5.6s | yes:48 no:27 | next in 30s
2026-07-30 06:05:50,795 - INFO - [SCREENER] 103 markets in 6.9s | yes:49 no:34 | next in 30s
2026-07-30 06:06:28,779 - INFO - [SCREENER] 107 markets in 5.9s | yes:49 no:32 | next in 30s
2026-07-30 06:07:06,773 - INFO - [SCREENER] 108 markets in 5.8s | yes:52 no:32 | next in 30s
2026-07-30 06:07:46,501 - INFO - [SCREENER] 107 markets in 6.2s | yes:46 no:30 | next in 30s
2026-07-30 06:08:26,015 - INFO - [SCREENER] 101 markets in 6.7s | yes:52 no:34 | next in 30s
2026-07-30 06:09:03,222 - INFO - [SCREENER] 102 markets in 5.3s | yes:52 no:31 | next in 30s
2026-07-30 06:09:41,306 - INFO - [SCREENER] 104 markets in 5.9s | yes:55 no:28 | next in 30s
2026-07-30 06:10:20,920 - INFO - [SCREENER] 105 markets in 5.7s | yes:54 no:25 | next in 30s
2026-07-30 06:11:00,168 - INFO - [SCREENER] 104 markets in 6.0s | yes:51 no:29 | next in 30s
2026-07-30 06:11:37,656 - INFO - [SCREENER] 104 markets in 5.4s | yes:51 no:31 | next in 30s
2026-07-30 06:12:17,059 - INFO - [SCREENER] 104 markets in 5.7s | yes:52 no:32 | next in 30s
2026-07-30 06:12:55,469 - INFO - [SCREENER] 103 markets in 6.2s | yes:53 no:32 | next in 30s
2026-07-30 06:13:32,867 - INFO - [SCREENER] 105 markets in 5.4s | yes:52 no:33 | next in 30s
2026-07-30 06:14:13,038 - INFO - [SCREENER] 105 markets in 6.6s | yes:55 no:32 | next in 30s
2026-07-30 06:14:51,121 - INFO - [SCREENER] 103 markets in 5.8s | yes:56 no:33 | next in 30s
2026-07-30 06:15:02,167 - ERROR - [POLL] 批量查询异常: ('Connection aborted.', RemoteDisconnected('Remote end closed connection without response'))
2026-07-30 06:15:28,167 - INFO - [SCREENER] 103 markets in 5.3s | yes:52 no:34 | next in 30s
2026-07-30 06:16:05,769 - INFO - [SCREENER] 104 markets in 5.5s | yes:57 no:33 | next in 30s
2026-07-30 06:16:45,199 - INFO - [SCREENER] 103 markets in 5.9s | yes:56 no:37 | next in 30s
2026-07-30 06:17:29,905 - INFO - [SCREENER] 103 markets in 12.7s | yes:54 no:35 | next in 30s
2026-07-30 06:17:56,938 - INFO - [SCREENER] 108 markets in 5.7s | yes:54 no:37 | next in 30s
2026-07-30 06:18:37,590 - INFO - [SCREENER] 105 markets in 6.4s | yes:55 no:37 | next in 30s
2026-07-30 06:19:15,643 - INFO - [SCREENER] 106 markets in 5.6s | yes:53 no:34 | next in 30s
2026-07-30 06:19:53,343 - INFO - [SCREENER] 108 markets in 5.9s | yes:53 no:35 | next in 30s
2026-07-30 06:20:32,849 - INFO - [SCREENER] 106 markets in 5.7s | yes:55 no:39 | next in 30s
2026-07-30 06:21:10,242 - INFO - [SCREENER] 109 markets in 5.5s | yes:55 no:42 | next in 30s
2026-07-30 06:21:33,969 - ERROR - [py_clob_client_v2] request error: Server disconnected
2026-07-30 06:21:33,969 - ERROR - [py_clob_client_v2] request error: Server disconnected
2026-07-30 06:21:33,969 - ERROR - [PLACE FAIL] 8085588690987788... price=0.22 attempt=1/2 | PolyApiException[status_code=None, error_message=Request exception!]
2026-07-30 06:21:33,969 - ERROR - [PLACE FAIL] 2744159493790304... price=0.71 attempt=1/2 | PolyApiException[status_code=None, error_message=Request exception!]
2026-07-30 06:21:48,532 - INFO - [SCREENER] 107 markets in 5.8s | yes:55 no:37 | next in 30s
2026-07-30 06:22:27,061 - INFO - [SCREENER] 105 markets in 6.2s | yes:57 no:37 | next in 30s
2026-07-30 06:23:06,208 - INFO - [SCREENER] 106 markets in 5.5s | yes:60 no:39 | next in 30s
2026-07-30 06:23:43,662 - INFO - [SCREENER] 104 markets in 5.5s | yes:58 no:44 | next in 30s
2026-07-30 06:24:21,955 - INFO - [SCREENER] 108 markets in 6.0s | yes:56 no:42 | next in 30s
2026-07-30 06:25:02,044 - INFO - [SCREENER] 108 markets in 6.1s | yes:59 no:46 | next in 30s
2026-07-30 06:25:40,193 - INFO - [SCREENER] 107 markets in 6.1s | yes:57 no:50 | next in 30s
2026-07-30 06:26:17,826 - INFO - [SCREENER] 109 markets in 5.5s | yes:58 no:48 | next in 30s
2026-07-30 06:26:57,736 - INFO - [SCREENER] 108 markets in 5.7s | yes:59 no:49 | next in 30s
2026-07-30 06:27:35,535 - INFO - [SCREENER] 108 markets in 5.6s | yes:57 no:49 | next in 30s
2026-07-30 06:28:13,562 - INFO - [SCREENER] 104 markets in 5.8s | yes:53 no:44 | next in 30s
2026-07-30 06:28:51,139 - INFO - [SCREENER] 102 markets in 5.4s | yes:57 no:44 | next in 30s
2026-07-30 06:29:30,224 - INFO - [SCREENER] 105 markets in 5.4s | yes:56 no:44 | next in 30s
2026-07-30 06:30:08,557 - INFO - [SCREENER] 106 markets in 5.7s | yes:61 no:43 | next in 30s
2026-07-30 06:30:46,258 - INFO - [SCREENER] 105 markets in 5.7s | yes:59 no:44 | next in 30s
2026-07-30 06:31:25,861 - INFO - [SCREENER] 106 markets in 6.0s | yes:58 no:39 | next in 30s
2026-07-30 06:32:04,863 - INFO - [SCREENER] 106 markets in 6.3s | yes:58 no:36 | next in 30s
2026-07-30 06:32:43,131 - INFO - [SCREENER] 108 markets in 5.4s | yes:58 no:38 | next in 30s
2026-07-30 06:33:06,687 - ERROR - [py_clob_client_v2] request error: Server disconnected
2026-07-30 06:33:06,687 - ERROR - [py_clob_client_v2] request error: Server disconnected
2026-07-30 06:33:06,688 - ERROR - 获取订单簿失败: 11002342286607970432... | PolyApiException[status_code=None, error_message=Request exception!]
2026-07-30 06:33:06,688 - ERROR - 获取订单簿失败: 71241508932135837538... | PolyApiException[status_code=None, error_message=Request exception!]
2026-07-30 06:33:07,684 - WARNING - [RETRY] 1100234228660797 bids不足3档，10s后重试
2026-07-30 06:33:07,685 - WARNING - [RETRY] 7124150893213583 bids不足3档，10s后重试
2026-07-30 06:33:22,351 - INFO - [SCREENER] 104 markets in 5.7s | yes:57 no:38 | next in 30s
2026-07-30 06:34:00,735 - INFO - [SCREENER] 104 markets in 6.1s | yes:58 no:37 | next in 30s
2026-07-30 06:34:38,943 - INFO - [SCREENER] 105 markets in 5.9s | yes:59 no:39 | next in 30s
2026-07-30 06:35:17,310 - INFO - [SCREENER] 106 markets in 5.9s | yes:57 no:41 | next in 30s
2026-07-30 06:35:56,616 - INFO - [SCREENER] 104 markets in 5.5s | yes:59 no:40 | next in 30s
2026-07-30 06:36:36,095 - INFO - [SCREENER] 106 markets in 7.1s | yes:60 no:39 | next in 30s
2026-07-30 06:37:14,450 - INFO - [SCREENER] 107 markets in 5.8s | yes:63 no:37 | next in 30s
2026-07-30 06:37:44,167 - INFO - [SCREENER] 108 markets in 5.5s | yes:64 no:39 | next in 30s
2026-07-30 06:38:22,149 - INFO - [SCREENER] 111 markets in 6.0s | yes:60 no:41 | next in 30s
2026-07-30 06:38:59,823 - INFO - [SCREENER] 110 markets in 5.4s | yes:58 no:40 | next in 30s
2026-07-30 06:39:09,620 - INFO - [BUY CONFIRMED] 未知 | Yes | size=20.0000 price=0.39
2026-07-30 06:39:38,102 - INFO - [SCREENER] 107 markets in 6.2s | yes:60 no:40 | next in 30s
2026-07-30 06:40:07,511 - INFO - [SCREENER] 110 markets in 5.5s | yes:59 no:40 | next in 30s
2026-07-30 06:40:46,421 - INFO - [SCREENER] 107 markets in 5.7s | yes:59 no:40 | next in 30s
2026-07-30 06:41:25,017 - INFO - [SCREENER] 105 markets in 5.9s | yes:57 no:39 | next in 30s
2026-07-30 06:41:55,629 - INFO - [SCREENER] 107 markets in 6.1s | yes:57 no:40 | next in 30s
2026-07-30 06:42:34,295 - INFO - [SCREENER] 109 markets in 6.0s | yes:61 no:41 | next in 30s
2026-07-30 06:43:12,858 - INFO - [SCREENER] 112 markets in 6.4s | yes:62 no:42 | next in 30s
2026-07-30 06:43:52,075 - INFO - [SCREENER] 110 markets in 6.7s | yes:62 no:41 | next in 30s
2026-07-30 06:44:21,990 - INFO - [SCREENER] 112 markets in 5.9s | yes:59 no:43 | next in 30s
2026-07-30 06:45:00,165 - INFO - [SCREENER] 110 markets in 5.9s | yes:56 no:40 | next in 30s
2026-07-30 06:45:39,643 - INFO - [SCREENER] 112 markets in 7.2s | yes:57 no:43 | next in 30s
2026-07-30 06:46:10,098 - INFO - [SCREENER] 113 markets in 6.0s | yes:63 no:48 | next in 30s
2026-07-30 06:46:48,727 - INFO - [SCREENER] 111 markets in 6.3s | yes:67 no:46 | next in 30s
2026-07-30 06:47:26,753 - INFO - [SCREENER] 108 markets in 5.7s | yes:66 no:46 | next in 30s
2026-07-30 06:48:04,489 - INFO - [SCREENER] 108 markets in 5.6s | yes:64 no:46 | next in 30s
2026-07-30 06:48:45,131 - INFO - [SCREENER] 110 markets in 5.8s | yes:61 no:45 | next in 30s
2026-07-30 06:49:22,861 - INFO - [SCREENER] 108 markets in 5.7s | yes:62 no:45 | next in 30s
2026-07-30 06:50:00,928 - INFO - [SCREENER] 109 markets in 5.8s | yes:60 no:43 | next in 30s
2026-07-30 06:50:41,813 - INFO - [SCREENER] 108 markets in 6.5s | yes:60 no:44 | next in 30s
2026-07-30 06:51:19,345 - INFO - [SCREENER] 108 markets in 5.6s | yes:59 no:44 | next in 30s
2026-07-30 06:51:57,298 - INFO - [SCREENER] 107 markets in 5.4s | yes:60 no:44 | next in 30s
2026-07-30 06:52:37,744 - INFO - [SCREENER] 108 markets in 6.2s | yes:58 no:44 | next in 30s
2026-07-30 06:53:16,271 - INFO - [SCREENER] 109 markets in 6.2s | yes:60 no:42 | next in 30s
2026-07-30 06:53:55,003 - INFO - [SCREENER] 107 markets in 6.6s | yes:60 no:43 | next in 30s
2026-07-30 06:54:32,746 - INFO - [SCREENER] 108 markets in 5.5s | yes:60 no:41 | next in 30s
2026-07-30 06:55:13,141 - INFO - [SCREENER] 108 markets in 5.5s | yes:60 no:39 | next in 30s
2026-07-30 06:55:51,637 - INFO - [SCREENER] 108 markets in 6.4s | yes:62 no:41 | next in 30s
2026-07-30 06:56:30,348 - INFO - [SCREENER] 112 markets in 6.7s | yes:61 no:43 | next in 30s
2026-07-30 06:57:00,207 - INFO - [SCREENER] 111 markets in 6.2s | yes:61 no:44 | next in 30s
2026-07-30 06:57:38,469 - INFO - [SCREENER] 111 markets in 5.8s | yes:64 no:47 | next in 30s
2026-07-30 06:58:16,716 - INFO - [SCREENER] 109 markets in 6.0s | yes:63 no:42 | next in 30s
2026-07-30 06:58:55,633 - INFO - [SCREENER] 107 markets in 6.6s | yes:63 no:40 | next in 30s
2026-07-30 06:59:25,775 - INFO - [SCREENER] 107 markets in 5.8s | yes:60 no:40 | next in 30s
2026-07-30 07:00:03,640 - INFO - [SCREENER] 104 markets in 5.9s | yes:57 no:37 | next in 30s
2026-07-30 07:00:41,122 - INFO - [SCREENER] 101 markets in 5.6s | yes:55 no:38 | next in 30s
2026-07-30 07:01:11,243 - INFO - [SCREENER] 101 markets in 5.5s | yes:52 no:39 | next in 30s
2026-07-30 07:01:49,552 - INFO - [SCREENER] 100 markets in 6.1s | yes:52 no:40 | next in 30s
2026-07-30 07:02:28,127 - INFO - [SCREENER] 102 markets in 6.5s | yes:53 no:40 | next in 30s
2026-07-30 07:03:05,243 - INFO - [SCREENER] 101 markets in 5.2s | yes:53 no:39 | next in 30s
2026-07-30 07:03:45,646 - INFO - [SCREENER] 102 markets in 5.7s | yes:54 no:39 | next in 30s
2026-07-30 07:04:23,846 - INFO - [SCREENER] 102 markets in 6.1s | yes:55 no:39 | next in 30s
2026-07-30 07:05:01,519 - INFO - [SCREENER] 105 markets in 5.6s | yes:55 no:38 | next in 30s
2026-07-30 07:05:42,433 - INFO - [SCREENER] 105 markets in 6.3s | yes:56 no:39 | next in 30s
2026-07-30 07:06:20,966 - INFO - [SCREENER] 108 markets in 6.3s | yes:52 no:39 | next in 30s
2026-07-30 07:06:59,452 - INFO - [SCREENER] 107 markets in 6.1s | yes:55 no:39 | next in 30s
2026-07-30 07:07:39,586 - INFO - [SCREENER] 107 markets in 5.6s | yes:55 no:37 | next in 30s
2026-07-30 07:08:18,589 - INFO - [SCREENER] 108 markets in 6.3s | yes:59 no:37 | next in 30s
2026-07-30 07:08:57,087 - INFO - [SCREENER] 108 markets in 6.4s | yes:58 no:39 | next in 30s
2026-07-30 07:09:36,071 - INFO - [SCREENER] 106 markets in 6.5s | yes:56 no:39 | next in 30s
2026-07-30 07:10:06,110 - INFO - [SCREENER] 108 markets in 6.0s | yes:57 no:40 | next in 30s
2026-07-30 07:10:45,468 - INFO - [SCREENER] 107 markets in 6.8s | yes:57 no:39 | next in 30s
2026-07-30 07:11:23,310 - INFO - [SCREENER] 109 markets in 5.9s | yes:60 no:41 | next in 30s
2026-07-30 07:12:04,096 - INFO - [SCREENER] 110 markets in 6.2s | yes:60 no:43 | next in 30s
2026-07-30 07:12:43,726 - INFO - [SCREENER] 110 markets in 6.1s | yes:58 no:44 | next in 30s
2026-07-30 07:13:22,427 - INFO - [SCREENER] 110 markets in 6.3s | yes:63 no:45 | next in 30s
2026-07-30 07:13:46,804 - ERROR - [py_clob_client_v2] request error: Server disconnected
2026-07-30 07:13:46,804 - ERROR - [py_clob_client_v2] request error: Server disconnected
2026-07-30 07:13:46,805 - ERROR - 查询订单失败: PolyApiException[status_code=None, error_message=Request exception!]
2026-07-30 07:13:46,806 - ERROR - [BATCH CANCEL ERR] 2 条 | PolyApiException[status_code=None, error_message=Request exception!]
2026-07-30 07:13:49,356 - ERROR - [BATCH CANCEL] 2155340172237723 取消失败，清空 active_id 进入冷却兜底
2026-07-30 07:13:49,357 - ERROR - [BATCH CANCEL] 8985687337765311 取消失败，清空 active_id 进入冷却兜底
2026-07-30 07:14:04,934 - INFO - [SCREENER] 109 markets in 5.6s | yes:60 no:44 | next in 30s
2026-07-30 07:14:45,254 - INFO - [SCREENER] 107 markets in 6.5s | yes:59 no:43 | next in 30s
2026-07-30 07:15:22,971 - INFO - [SCREENER] 109 markets in 5.4s | yes:59 no:42 | next in 30s
2026-07-30 07:16:04,159 - INFO - [SCREENER] 109 markets in 6.0s | yes:57 no:44 | next in 30s
2026-07-30 07:16:42,923 - INFO - [SCREENER] 109 markets in 6.6s | yes:61 no:44 | next in 30s
2026-07-30 07:17:21,487 - INFO - [SCREENER] 111 markets in 5.7s | yes:61 no:43 | next in 30s
2026-07-30 07:17:59,046 - INFO - [SCREENER] 110 markets in 5.8s | yes:59 no:43 | next in 30s
2026-07-30 07:18:39,107 - INFO - [SCREENER] 110 markets in 5.3s | yes:56 no:41 | next in 30s
2026-07-30 07:19:16,820 - INFO - [SCREENER] 110 markets in 5.6s | yes:55 no:41 | next in 30s
2026-07-30 07:19:54,206 - INFO - [SCREENER] 108 markets in 5.4s | yes:56 no:40 | next in 30s
2026-07-30 07:20:34,853 - INFO - [SCREENER] 107 markets in 6.2s | yes:57 no:38 | next in 30s
2026-07-30 07:21:12,748 - INFO - [SCREENER] 108 markets in 5.9s | yes:58 no:37 | next in 30s
2026-07-30 07:21:50,858 - INFO - [SCREENER] 108 markets in 5.9s | yes:56 no:39 | next in 30s
2026-07-30 07:22:30,744 - INFO - [SCREENER] 107 markets in 5.5s | yes:57 no:38 | next in 30s
2026-07-30 07:23:08,607 - INFO - [SCREENER] 106 markets in 5.6s | yes:58 no:39 | next in 30s
2026-07-30 07:23:46,394 - INFO - [SCREENER] 107 markets in 5.5s | yes:55 no:37 | next in 30s
2026-07-30 07:24:26,384 - INFO - [SCREENER] 108 markets in 8.0s | yes:56 no:38 | next in 30s
2026-07-30 07:24:56,892 - INFO - [SCREENER] 107 markets in 6.4s | yes:57 no:38 | next in 30s
2026-07-30 07:25:35,536 - INFO - [SCREENER] 106 markets in 6.5s | yes:57 no:38 | next in 30s
2026-07-30 07:26:12,994 - INFO - [SCREENER] 107 markets in 5.5s | yes:60 no:40 | next in 30s
2026-07-30 07:26:43,330 - INFO - [SCREENER] 108 markets in 5.8s | yes:57 no:42 | next in 30s
2026-07-30 07:27:22,602 - INFO - [SCREENER] 109 markets in 7.2s | yes:63 no:41 | next in 30s
2026-07-30 07:28:00,992 - INFO - [SCREENER] 107 markets in 6.2s | yes:60 no:39 | next in 30s
2026-07-30 07:28:40,132 - INFO - [SCREENER] 107 markets in 6.5s | yes:60 no:39 | next in 30s
2026-07-30 07:29:11,216 - INFO - [SCREENER] 103 markets in 7.0s | yes:54 no:37 | next in 30s
2026-07-30 07:29:50,032 - INFO - [SCREENER] 109 markets in 6.6s | yes:63 no:42 | next in 30s
2026-07-30 07:30:29,371 - INFO - [SCREENER] 109 markets in 7.1s | yes:66 no:46 | next in 30s
2026-07-30 07:31:00,938 - INFO - [SCREENER] 110 markets in 6.9s | yes:68 no:50 | next in 30s
2026-07-30 07:31:11,104 - ERROR - [py_clob_client_v2] request error: Server disconnected
2026-07-30 07:31:11,105 - ERROR - [py_clob_client_v2] request error: Server disconnected
2026-07-30 07:31:11,106 - ERROR - [PLACE FAIL] 3981561837819370... price=0.71 attempt=1/2 | PolyApiException[status_code=None, error_message=Request exception!]
2026-07-30 07:31:11,538 - ERROR - [HEARTBEAT] 失败 (连续 1 次): 401 Client Error: Unauthorized for url: https://clob.polymarket.com/v1/heartbeats
2026-07-30 07:31:12,781 - ERROR - [py_clob_client_v2] request error status=400 url=https://clob.polymarket.com/v1/heartbeats body={"heartbeat_id":"de9b3a60-6443-4562-a6df-5081a49d0b35","error_msg":"Invalid Heartbeat ID"}
2026-07-30 07:31:12,781 - INFO - [HEARTBEAT] 从 SDK 错误恢复 heartbeat_id: de9b3a60-6443-45 (旧: e7a5f33c-8376-45)
2026-07-30 07:31:13,020 - INFO - [HEARTBEAT] OK (recovered) id=aa4d1cd7-f886-42
2026-07-30 07:31:39,319 - INFO - [SCREENER] 111 markets in 6.0s | yes:68 no:54 | next in 30s
2026-07-30 07:32:17,573 - INFO - [SCREENER] 115 markets in 6.3s | yes:75 no:57 | next in 30s
2026-07-30 07:32:56,109 - INFO - [SCREENER] 111 markets in 5.8s | yes:73 no:58 | next in 30s
2026-07-30 07:33:26,351 - INFO - [SCREENER] 110 markets in 5.8s | yes:74 no:58 | next in 30s
2026-07-30 07:34:04,888 - INFO - [SCREENER] 111 markets in 6.1s | yes:71 no:58 | next in 30s
2026-07-30 07:34:43,345 - INFO - [SCREENER] 111 markets in 5.7s | yes:74 no:61 | next in 30s
2026-07-30 07:35:13,563 - INFO - [SCREENER] 110 markets in 5.5s | yes:75 no:62 | next in 30s
2026-07-30 07:35:52,206 - INFO - [SCREENER] 110 markets in 6.0s | yes:73 no:56 | next in 30s
2026-07-30 07:36:31,037 - INFO - [SCREENER] 110 markets in 6.6s | yes:75 no:59 | next in 30s
2026-07-30 07:37:08,606 - INFO - [SCREENER] 108 markets in 5.5s | yes:77 no:62 | next in 30s
2026-07-30 07:37:49,483 - INFO - [SCREENER] 111 markets in 5.7s | yes:77 no:62 | next in 30s
2026-07-30 07:38:27,364 - INFO - [SCREENER] 113 markets in 5.7s | yes:83 no:62 | next in 30s
2026-07-30 07:39:05,465 - INFO - [SCREENER] 108 markets in 6.0s | yes:82 no:61 | next in 30s
2026-07-30 07:39:35,602 - INFO - [SCREENER] 111 markets in 6.2s | yes:82 no:64 | next in 30s
2026-07-30 07:40:16,267 - INFO - [SCREENER] 109 markets in 6.5s | yes:79 no:65 | next in 30s
2026-07-30 07:40:54,025 - INFO - [SCREENER] 108 markets in 5.5s | yes:82 no:62 | next in 30s
2026-07-30 07:41:34,368 - INFO - [BUY CONFIRMED] 未知 | Yes | size=20.0000 price=0.37
2026-07-30 07:41:35,429 - INFO - [SCREENER] 106 markets in 5.8s | yes:80 no:61 | next in 30s
2026-07-30 07:41:35,834 - INFO - [BUY CONFIRMED] 未知 | No | size=20.0000 price=0.66
2026-07-30 07:42:13,563 - INFO - [SCREENER] 106 markets in 5.8s | yes:80 no:59 | next in 30s
2026-07-30 07:42:52,136 - INFO - [SCREENER] 107 markets in 6.4s | yes:77 no:59 | next in 30s
2026-07-30 07:43:30,415 - INFO - [SCREENER] 108 markets in 5.4s | yes:80 no:61 | next in 30s
2026-07-30 07:43:59,442 - ERROR - [py_clob_client_v2] request error: Server disconnected
2026-07-30 07:43:59,443 - ERROR - [py_clob_client_v2] request error: Server disconnected
2026-07-30 07:43:59,443 - ERROR - 获取订单簿失败: 75142021320524300906... | PolyApiException[status_code=None, error_message=Request exception!]
2026-07-30 07:43:59,443 - ERROR - 获取订单簿失败: 94493587630856961802... | PolyApiException[status_code=None, error_message=Request exception!]
2026-07-30 07:44:00,170 - WARNING - [RETRY] 7514202132052430 bids不足3档，10s后重试
2026-07-30 07:44:00,170 - WARNING - [RETRY] 9449358763085696 bids不足3档，10s后重试
2026-07-30 07:44:11,198 - INFO - [SCREENER] 118 markets in 6.0s | yes:83 no:64 | next in 30s
2026-07-30 07:44:49,519 - INFO - [SCREENER] 110 markets in 6.2s | yes:77 no:60 | next in 30s
2026-07-30 07:45:28,440 - INFO - [SCREENER] 110 markets in 6.0s | yes:80 no:63 | next in 30s
2026-07-30 07:45:59,808 - INFO - [SCREENER] 111 markets in 6.4s | yes:80 no:63 | next in 30s
2026-07-30 07:46:37,708 - INFO - [SCREENER] 110 markets in 5.6s | yes:83 no:59 | next in 30s
2026-07-30 07:47:16,836 - INFO - [SCREENER] 111 markets in 6.7s | yes:84 no:63 | next in 30s
2026-07-30 07:47:56,549 - INFO - [SCREENER] 105 markets in 7.5s | yes:81 no:63 | next in 30s
2026-07-30 07:48:24,991 - INFO - [BUY CONFIRMED] 未知 | Yes | size=20.0000 price=0.33
2026-07-30 07:48:26,717 - INFO - [SCREENER] 105 markets in 5.9s | yes:77 no:59 | next in 30s
2026-07-30 07:49:05,304 - INFO - [SCREENER] 103 markets in 6.1s | yes:74 no:56 | next in 30s
2026-07-30 07:49:43,729 - INFO - [SCREENER] 105 markets in 6.2s | yes:73 no:57 | next in 30s
2026-07-30 07:50:14,172 - INFO - [SCREENER] 104 markets in 6.1s | yes:74 no:57 | next in 30s
2026-07-30 07:50:52,686 - INFO - [SCREENER] 105 markets in 5.7s | yes:74 no:61 | next in 30s
2026-07-30 07:51:30,721 - INFO - [SCREENER] 106 markets in 5.9s | yes:71 no:56 | next in 30s
2026-07-30 07:52:09,138 - INFO - [SCREENER] 106 markets in 6.1s | yes:71 no:55 | next in 30s
2026-07-30 07:52:39,827 - INFO - [SCREENER] 107 markets in 5.8s | yes:71 no:52 | next in 30s
2026-07-30 07:53:18,355 - INFO - [SCREENER] 104 markets in 6.1s | yes:69 no:51 | next in 30s
2026-07-30 07:53:58,575 - INFO - [SCREENER] 105 markets in 7.1s | yes:70 no:49 | next in 30s
2026-07-30 07:54:28,475 - INFO - [SCREENER] 105 markets in 5.8s | yes:71 no:47 | next in 30s
2026-07-30 07:55:07,009 - INFO - [SCREENER] 106 markets in 6.5s | yes:69 no:45 | next in 30s
2026-07-30 07:55:45,540 - INFO - [SCREENER] 105 markets in 5.9s | yes:65 no:39 | next in 30s
2026-07-30 07:56:24,056 - INFO - [SCREENER] 104 markets in 5.7s | yes:67 no:42 | next in 30s
2026-07-30 07:57:04,304 - INFO - [SCREENER] 102 markets in 5.7s | yes:63 no:42 | next in 30s
2026-07-30 07:57:42,507 - INFO - [SCREENER] 99 markets in 5.4s | yes:61 no:38 | next in 30s
2026-07-30 07:58:21,540 - INFO - [SCREENER] 100 markets in 6.3s | yes:57 no:31 | next in 30s
2026-07-30 07:58:51,131 - INFO - [SCREENER] 98 markets in 5.7s | yes:56 no:34 | next in 30s
2026-07-30 07:59:28,861 - INFO - [SCREENER] 97 markets in 5.5s | yes:57 no:30 | next in 30s
2026-07-30 08:00:06,266 - INFO - [SCREENER] 73 markets in 5.6s | yes:40 no:20 | next in 30s
2026-07-30 08:00:44,659 - INFO - [SCREENER] 74 markets in 6.3s | yes:41 no:22 | next in 30s
2026-07-30 08:01:17,278 - INFO - [SCREENER] 73 markets in 6.4s | yes:40 no:21 | next in 30s
2026-07-30 08:01:55,486 - INFO - [SCREENER] 72 markets in 6.0s | yes:37 no:20 | next in 30s
2026-07-30 08:02:33,346 - INFO - [SCREENER] 72 markets in 5.5s | yes:37 no:21 | next in 30s
2026-07-30 08:03:02,008 - ERROR - [POLL] 批量查询异常: HTTPSConnectionPool(host='clob.polymarket.com', port=443): Max retries exceeded with url: /books (Caused by SSLError(SSLEOFError(8, '[SSL: UNEXPECTED_EOF_WHILE_READING] EOF occurred in violation of protocol (_ssl.c:1000)')))
2026-07-30 08:03:18,074 - INFO - [SCREENER] 72 markets in 6.1s | yes:36 no:22 | next in 30s
2026-07-30 08:03:56,146 - INFO - [SCREENER] 72 markets in 5.7s | yes:35 no:21 | next in 30s
2026-07-30 08:04:41,450 - INFO - [SCREENER] 71 markets in 13.5s | yes:33 no:19 | next in 30s
2026-07-30 08:05:10,751 - INFO - [SCREENER] 72 markets in 5.4s | yes:33 no:20 | next in 30s
2026-07-30 08:05:48,411 - INFO - [SCREENER] 75 markets in 5.6s | yes:37 no:22 | next in 30s
2026-07-30 08:06:26,071 - INFO - [SCREENER] 73 markets in 5.6s | yes:40 no:20 | next in 30s
2026-07-30 08:07:03,894 - INFO - [SCREENER] 75 markets in 6.1s | yes:39 no:23 | next in 30s
2026-07-30 08:07:33,964 - INFO - [SCREENER] 74 markets in 6.1s | yes:41 no:25 | next in 30s
2026-07-30 08:08:12,086 - INFO - [SCREENER] 76 markets in 5.9s | yes:43 no:28 | next in 30s
2026-07-30 08:08:49,856 - INFO - [SCREENER] 77 markets in 5.9s | yes:46 no:28 | next in 30s
2026-07-30 08:09:30,031 - INFO - [SCREENER] 78 markets in 5.8s | yes:47 no:29 | next in 30s
2026-07-30 08:10:08,893 - INFO - [SCREENER] 80 markets in 5.6s | yes:47 no:33 | next in 30s
2026-07-30 08:10:46,976 - INFO - [SCREENER] 80 markets in 5.6s | yes:50 no:31 | next in 30s
2026-07-30 08:11:26,784 - INFO - [SCREENER] 79 markets in 5.9s | yes:51 no:37 | next in 30s
2026-07-30 08:12:04,426 - INFO - [SCREENER] 82 markets in 5.7s | yes:53 no:35 | next in 30s
2026-07-30 08:12:42,550 - INFO - [SCREENER] 81 markets in 5.8s | yes:51 no:34 | next in 30s
2026-07-30 08:13:21,927 - INFO - [SCREENER] 82 markets in 6.7s | yes:52 no:34 | next in 30s
2026-07-30 08:13:51,441 - INFO - [SCREENER] 81 markets in 5.7s | yes:54 no:36 | next in 30s
2026-07-30 08:14:28,979 - INFO - [SCREENER] 77 markets in 5.6s | yes:51 no:35 | next in 30s
2026-07-30 08:15:07,156 - INFO - [SCREENER] 82 markets in 5.7s | yes:50 no:35 | next in 30s
2026-07-30 08:15:47,374 - INFO - [SCREENER] 81 markets in 5.7s | yes:50 no:35 | next in 30s
2026-07-30 08:16:24,773 - INFO - [SCREENER] 81 markets in 5.5s | yes:51 no:36 | next in 30s
2026-07-30 08:17:02,925 - INFO - [SCREENER] 81 markets in 6.0s | yes:50 no:37 | next in 30s
2026-07-30 08:17:44,447 - INFO - [SCREENER] 81 markets in 6.6s | yes:50 no:34 | next in 30s
2026-07-30 08:18:22,650 - INFO - [SCREENER] 80 markets in 5.9s | yes:49 no:34 | next in 30s
2026-07-30 08:19:00,298 - INFO - [SCREENER] 81 markets in 5.7s | yes:52 no:34 | next in 30s
2026-07-30 08:19:39,328 - INFO - [SCREENER] 80 markets in 6.9s | yes:51 no:27 | next in 30s
2026-07-30 08:20:09,281 - INFO - [SCREENER] 80 markets in 5.6s | yes:51 no:28 | next in 30s
2026-07-30 08:20:48,208 - INFO - [SCREENER] 81 markets in 6.5s | yes:51 no:28 | next in 30s
2026-07-30 08:21:25,921 - INFO - [SCREENER] 81 markets in 5.6s | yes:52 no:30 | next in 30s
2026-07-30 08:22:06,688 - INFO - [SCREENER] 82 markets in 6.2s | yes:52 no:29 | next in 30s
2026-07-30 08:22:52,197 - INFO - [SCREENER] 81 markets in 13.3s | yes:51 no:28 | next in 30s
2026-07-30 08:23:19,536 - INFO - [SCREENER] 81 markets in 5.7s | yes:53 no:30 | next in 30s
2026-07-30 08:23:59,742 - INFO - [SCREENER] 81 markets in 5.9s | yes:52 no:31 | next in 30s
2026-07-30 08:24:39,474 - INFO - [SCREENER] 81 markets in 6.7s | yes:52 no:31 | next in 30s
2026-07-30 08:25:17,258 - INFO - [SCREENER] 81 markets in 5.7s | yes:53 no:32 | next in 30s
2026-07-30 08:25:55,117 - INFO - [SCREENER] 82 markets in 6.0s | yes:53 no:29 | next in 30s
2026-07-30 08:26:25,931 - INFO - [SCREENER] 82 markets in 6.6s | yes:51 no:32 | next in 30s
2026-07-30 08:27:03,682 - INFO - [SCREENER] 82 markets in 5.8s | yes:53 no:35 | next in 30s
2026-07-30 08:27:43,454 - INFO - [SCREENER] 82 markets in 7.4s | yes:53 no:32 | next in 30s
2026-07-30 08:28:14,033 - INFO - [SCREENER] 82 markets in 6.7s | yes:47 no:30 | next in 30s
2026-07-30 08:28:51,767 - INFO - [SCREENER] 84 markets in 5.8s | yes:45 no:33 | next in 30s
2026-07-30 08:29:30,349 - INFO - [SCREENER] 84 markets in 5.9s | yes:49 no:35 | next in 30s
2026-07-30 08:29:41,937 - ERROR - [py_clob_client_v2] request error: Server disconnected
2026-07-30 08:29:41,937 - ERROR - [py_clob_client_v2] request error: Server disconnected
2026-07-30 08:29:41,938 - ERROR - 获取订单簿失败: 18816118460124035317... | PolyApiException[status_code=None, error_message=Request exception!]
2026-07-30 08:29:41,938 - ERROR - [PLACE FAIL] 7372667852934508... price=0.72 attempt=1/2 | PolyApiException[status_code=None, error_message=Request exception!]
2026-07-30 08:29:42,933 - WARNING - [RETRY] 1881611846012403 bids不足3档，10s后重试
2026-07-30 08:30:08,351 - INFO - [SCREENER] 84 markets in 5.8s | yes:46 no:33 | next in 30s
2026-07-30 08:30:48,485 - INFO - [SCREENER] 84 markets in 6.1s | yes:48 no:33 | next in 30s
2026-07-30 08:31:27,271 - INFO - [SCREENER] 83 markets in 6.4s | yes:47 no:33 | next in 30s
2026-07-30 08:32:05,207 - INFO - [SCREENER] 83 markets in 5.8s | yes:47 no:32 | next in 30s
2026-07-30 08:32:45,499 - INFO - [SCREENER] 84 markets in 5.8s | yes:48 no:32 | next in 30s
2026-07-30 08:33:23,819 - INFO - [SCREENER] 84 markets in 5.9s | yes:50 no:34 | next in 30s
2026-07-30 08:34:02,667 - INFO - [SCREENER] 84 markets in 6.4s | yes:52 no:33 | next in 30s
2026-07-30 08:34:09,478 - ERROR - [py_clob_client_v2] request error: Server disconnected
2026-07-30 08:34:09,478 - ERROR - [py_clob_client_v2] request error: Server disconnected
2026-07-30 08:34:09,479 - ERROR - 获取订单簿失败: 44552636769217256870... | PolyApiException[status_code=None, error_message=Request exception!]
2026-07-30 08:34:09,479 - ERROR - [py_clob_client_v2] request error: Server disconnected
2026-07-30 08:34:09,479 - ERROR - 获取订单簿失败: 51516005333236023548... | PolyApiException[status_code=None, error_message=Request exception!]
2026-07-30 08:34:09,480 - ERROR - 获取订单簿失败: 56638972461572108958... | PolyApiException[status_code=None, error_message=Request exception!]
2026-07-30 08:34:10,474 - WARNING - [RETRY] 4455263676921725 bids不足3档，10s后重试
2026-07-30 08:34:10,475 - WARNING - [RETRY] 5151600533323602 bids不足3档，10s后重试
2026-07-30 08:34:10,475 - WARNING - [RETRY] 5663897246157210 bids不足3档，10s后重试
2026-07-30 08:34:42,798 - INFO - [SCREENER] 82 markets in 5.7s | yes:49 no:30 | next in 30s
2026-07-30 08:35:22,293 - INFO - [SCREENER] 80 markets in 6.8s | yes:47 no:30 | next in 30s
2026-07-30 08:35:59,977 - INFO - [SCREENER] 82 markets in 5.6s | yes:50 no:35 | next in 30s
2026-07-30 08:36:37,841 - INFO - [SCREENER] 81 markets in 5.9s | yes:52 no:37 | next in 30s
2026-07-30 08:37:07,923 - INFO - [SCREENER] 82 markets in 5.7s | yes:54 no:38 | next in 30s
2026-07-30 08:37:45,751 - INFO - [SCREENER] 82 markets in 5.7s | yes:54 no:34 | next in 30s
2026-07-30 08:38:23,967 - INFO - [SCREENER] 83 markets in 6.1s | yes:53 no:41 | next in 30s
2026-07-30 08:38:53,960 - INFO - [SCREENER] 84 markets in 6.0s | yes:56 no:42 | next in 30s
2026-07-30 08:39:32,044 - INFO - [SCREENER] 83 markets in 5.9s | yes:55 no:41 | next in 30s
2026-07-30 08:39:38,334 - ERROR - [py_clob_client_v2] request error: Server disconnected
2026-07-30 08:39:38,334 - ERROR - [py_clob_client_v2] request error: Server disconnected
2026-07-30 08:39:38,334 - ERROR - 获取订单簿失败: 96059982367247500633... | PolyApiException[status_code=None, error_message=Request exception!]
2026-07-30 08:39:38,334 - ERROR - [py_clob_client_v2] request error: Server disconnected
2026-07-30 08:39:38,335 - ERROR - 获取订单簿失败: 50674319225226318145... | PolyApiException[status_code=None, error_message=Request exception!]
2026-07-30 08:39:38,815 - ERROR - [HEARTBEAT] 失败 (连续 1 次): 401 Client Error: Unauthorized for url: https://clob.polymarket.com/v1/heartbeats
2026-07-30 08:39:39,048 - WARNING - [RETRY] 9605998236724750 bids不足3档，10s后重试
2026-07-30 08:39:39,048 - WARNING - [RETRY] 5067431922522631 bids不足3档，10s后重试
2026-07-30 08:39:40,310 - ERROR - [py_clob_client_v2] request error status=400 url=https://clob.polymarket.com/v1/heartbeats body={"heartbeat_id":"5a29bf4e-42c2-4df5-89df-a8e1090d875c","error_msg":"Invalid Heartbeat ID"}
2026-07-30 08:39:40,311 - INFO - [HEARTBEAT] 从 SDK 错误恢复 heartbeat_id: 5a29bf4e-42c2-4d (旧: 7cceb7e2-af15-43)
2026-07-30 08:39:40,569 - INFO - [HEARTBEAT] OK (recovered) id=f925ff83-014a-4d
2026-07-30 08:40:09,974 - INFO - [SCREENER] 85 markets in 5.6s | yes:58 no:44 | next in 30s
2026-07-30 08:40:48,091 - INFO - [SCREENER] 85 markets in 6.1s | yes:57 no:45 | next in 30s
2026-07-30 08:41:28,247 - INFO - [SCREENER] 85 markets in 5.7s | yes:59 no:48 | next in 30s
2026-07-30 08:42:06,985 - INFO - [SCREENER] 85 markets in 6.5s | yes:60 no:52 | next in 30s
2026-07-30 08:42:45,362 - INFO - [SCREENER] 85 markets in 5.8s | yes:60 no:54 | next in 30s
2026-07-30 08:43:26,911 - INFO - [SCREENER] 85 markets in 6.8s | yes:62 no:53 | next in 30s
2026-07-30 08:44:05,309 - INFO - [SCREENER] 85 markets in 5.7s | yes:61 no:56 | next in 30s
2026-07-30 08:44:44,129 - INFO - [SCREENER] 85 markets in 6.3s | yes:63 no:57 | next in 30s
2026-07-30 08:45:18,878 - INFO - [BUY CONFIRMED] 未知 | Yes | size=20.0000 price=0.44
2026-07-30 08:45:25,220 - INFO - [SCREENER] 84 markets in 6.4s | yes:60 no:55 | next in 30s
2026-07-30 08:46:03,947 - INFO - [SCREENER] 83 markets in 6.1s | yes:60 no:59 | next in 30s
2026-07-30 08:46:42,040 - INFO - [SCREENER] 83 markets in 5.8s | yes:56 no:54 | next in 30s
2026-07-30 08:47:20,933 - INFO - [SCREENER] 83 markets in 6.4s | yes:55 no:53 | next in 30s
2026-07-30 08:47:25,113 - INFO - [LIMIT SELL] Will the highest temperature in Wellingt | 20.0000 shares @ 0.54
2026-07-30 08:47:25,113 - INFO - [POSITION] 限价卖出 1 个持仓
2026-07-30 08:47:36,559 - INFO - [SELL CONFIRMED] 未知 | No | size=0.0000 price=0.54
2026-07-30 08:47:52,054 - INFO - [SCREENER] 83 markets in 6.3s | yes:54 no:52 | next in 30s
2026-07-30 08:48:32,119 - INFO - [SCREENER] 81 markets in 7.1s | yes:54 no:50 | next in 30s
2026-07-30 08:49:10,787 - INFO - [SCREENER] 81 markets in 6.2s | yes:54 no:49 | next in 30s
2026-07-30 08:49:24,667 - WARNING - [POSITION] 6983168806273695 best_bid=0.52 < 成本0.5600-0.02=0.5400，取消卖单等待
2026-07-30 08:49:40,988 - INFO - [SCREENER] 79 markets in 6.3s | yes:53 no:49 | next in 30s
2026-07-30 08:50:07,636 - ERROR - [POLL] 批量查询异常: HTTPSConnectionPool(host='clob.polymarket.com', port=443): Max retries exceeded with url: /books (Caused by SSLError(SSLEOFError(8, '[SSL: UNEXPECTED_EOF_WHILE_READING] EOF occurred in violation of protocol (_ssl.c:1000)')))
2026-07-30 08:50:23,481 - INFO - [SCREENER] 80 markets in 5.8s | yes:54 no:48 | next in 30s
2026-07-30 08:51:01,889 - INFO - [SCREENER] 79 markets in 6.3s | yes:54 no:46 | next in 30s
2026-07-30 08:51:43,010 - INFO - [SCREENER] 80 markets in 5.9s | yes:53 no:42 | next in 30s
2026-07-30 08:52:21,062 - INFO - [SCREENER] 81 markets in 5.9s | yes:54 no:39 | next in 30s
2026-07-30 08:52:59,181 - INFO - [SCREENER] 82 markets in 5.8s | yes:52 no:41 | next in 30s
2026-07-30 08:53:37,667 - INFO - [SCREENER] 84 markets in 6.1s | yes:54 no:41 | next in 30s
2026-07-30 08:54:08,030 - INFO - [SCREENER] 83 markets in 6.2s | yes:56 no:43 | next in 30s
2026-07-30 08:54:46,788 - INFO - [SCREENER] 85 markets in 6.5s | yes:57 no:42 | next in 30s
2026-07-30 08:55:25,077 - INFO - [SCREENER] 85 markets in 6.1s | yes:56 no:41 | next in 30s
2026-07-30 08:56:05,522 - INFO - [SCREENER] 86 markets in 6.4s | yes:53 no:41 | next in 30s
2026-07-30 08:56:43,623 - INFO - [SCREENER] 85 markets in 5.7s | yes:54 no:42 | next in 30s
2026-07-30 08:57:21,096 - INFO - [SCREENER] 84 markets in 5.6s | yes:55 no:43 | next in 30s
2026-07-30 08:58:01,825 - INFO - [SCREENER] 84 markets in 5.8s | yes:49 no:34 | next in 30s
2026-07-30 08:58:41,381 - INFO - [SCREENER] 84 markets in 7.1s | yes:51 no:38 | next in 30s
2026-07-30 08:59:19,471 - INFO - [SCREENER] 82 markets in 6.0s | yes:50 no:38 | next in 30s
2026-07-30 08:59:57,658 - INFO - [SCREENER] 81 markets in 5.8s | yes:45 no:34 | next in 30s
2026-07-30 09:00:27,750 - INFO - [SCREENER] 82 markets in 5.9s | yes:41 no:31 | next in 30s
2026-07-30 09:01:05,951 - INFO - [SCREENER] 79 markets in 6.1s | yes:39 no:30 | next in 30s
2026-07-30 09:01:43,918 - INFO - [SCREENER] 79 markets in 5.9s | yes:38 no:31 | next in 30s
2026-07-30 09:02:24,601 - INFO - [SCREENER] 66 markets in 6.1s | yes:33 no:26 | next in 30s
2026-07-30 09:03:02,741 - INFO - [SCREENER] 78 markets in 6.0s | yes:37 no:32 | next in 30s
2026-07-30 09:03:41,064 - INFO - [SCREENER] 77 markets in 6.0s | yes:38 no:35 | next in 30s
2026-07-30 09:04:21,994 - INFO - [SCREENER] 77 markets in 6.2s | yes:37 no:34 | next in 30s
2026-07-30 09:05:00,230 - INFO - [SCREENER] 78 markets in 5.9s | yes:37 no:30 | next in 30s
2026-07-30 09:05:38,475 - INFO - [SCREENER] 81 markets in 6.1s | yes:45 no:31 | next in 30s
2026-07-30 09:06:17,959 - INFO - [SCREENER] 82 markets in 7.0s | yes:47 no:31 | next in 30s
2026-07-30 09:06:48,373 - INFO - [SCREENER] 81 markets in 6.4s | yes:48 no:31 | next in 30s
2026-07-30 09:07:27,065 - INFO - [SCREENER] 81 markets in 6.6s | yes:48 no:30 | next in 30s
2026-07-30 09:08:04,902 - INFO - [SCREENER] 80 markets in 5.7s | yes:47 no:30 | next in 30s
2026-07-30 09:08:35,025 - INFO - [SCREENER] 83 markets in 5.9s | yes:49 no:33 | next in 30s
2026-07-30 09:09:13,002 - INFO - [SCREENER] 83 markets in 5.7s | yes:50 no:34 | next in 30s
2026-07-30 09:09:51,924 - INFO - [SCREENER] 83 markets in 6.8s | yes:54 no:35 | next in 30s
2026-07-30 09:10:30,160 - INFO - [SCREENER] 82 markets in 5.9s | yes:54 no:40 | next in 30s
2026-07-30 09:11:11,251 - INFO - [SCREENER] 83 markets in 6.6s | yes:57 no:42 | next in 30s
2026-07-30 09:11:49,415 - INFO - [SCREENER] 82 markets in 6.3s | yes:55 no:45 | next in 30s
2026-07-30 09:12:28,052 - INFO - [SCREENER] 82 markets in 6.5s | yes:54 no:41 | next in 30s
2026-07-30 09:12:58,138 - INFO - [SCREENER] 81 markets in 5.7s | yes:55 no:42 | next in 30s
2026-07-30 09:13:36,134 - INFO - [SCREENER] 82 markets in 5.6s | yes:55 no:41 | next in 30s
2026-07-30 09:14:14,580 - INFO - [SCREENER] 83 markets in 6.1s | yes:55 no:41 | next in 30s
2026-07-30 09:14:52,685 - INFO - [SCREENER] 84 markets in 6.1s | yes:53 no:40 | next in 30s
2026-07-30 09:15:22,600 - INFO - [SCREENER] 84 markets in 5.7s | yes:52 no:44 | next in 30s
2026-07-30 09:16:01,040 - INFO - [SCREENER] 85 markets in 6.3s | yes:51 no:45 | next in 30s
2026-07-30 09:16:39,076 - INFO - [SCREENER] 84 markets in 5.9s | yes:55 no:44 | next in 30s
2026-07-30 09:17:09,168 - INFO - [SCREENER] 85 markets in 5.8s | yes:54 no:45 | next in 30s
2026-07-30 09:17:47,338 - INFO - [SCREENER] 85 markets in 5.8s | yes:52 no:46 | next in 30s
2026-07-30 09:18:25,380 - INFO - [SCREENER] 85 markets in 5.7s | yes:53 no:43 | next in 30s
2026-07-30 09:19:04,910 - INFO - [SCREENER] 85 markets in 7.5s | yes:54 no:41 | next in 30s
2026-07-30 09:19:36,025 - INFO - [SCREENER] 86 markets in 7.1s | yes:53 no:40 | next in 30s
2026-07-30 09:20:14,581 - INFO - [SCREENER] 85 markets in 6.0s | yes:55 no:36 | next in 30s
2026-07-30 09:20:53,492 - INFO - [SCREENER] 84 markets in 6.3s | yes:54 no:38 | next in 30s
2026-07-30 09:21:06,214 - WARNING - [AUDIT] 6977780578144207 订单丢失纠偏
2026-07-30 09:21:24,105 - INFO - [SCREENER] 84 markets in 6.4s | yes:54 no:38 | next in 30s
2026-07-30 09:22:02,540 - INFO - [SCREENER] 82 markets in 6.0s | yes:50 no:36 | next in 30s
2026-07-30 09:22:40,777 - INFO - [SCREENER] 81 markets in 6.1s | yes:46 no:31 | next in 30s
2026-07-30 09:23:20,150 - INFO - [SCREENER] 80 markets in 6.7s | yes:48 no:31 | next in 30s
2026-07-30 09:23:50,174 - INFO - [SCREENER] 81 markets in 6.0s | yes:45 no:32 | next in 30s
2026-07-30 09:24:28,846 - INFO - [SCREENER] 80 markets in 5.9s | yes:46 no:34 | next in 30s
2026-07-30 09:25:07,549 - INFO - [SCREENER] 80 markets in 6.7s | yes:47 no:35 | next in 30s
2026-07-30 09:25:37,524 - INFO - [SCREENER] 78 markets in 6.2s | yes:47 no:30 | next in 30s
2026-07-30 09:26:16,579 - INFO - [SCREENER] 80 markets in 6.8s | yes:50 no:34 | next in 30s
2026-07-30 09:26:55,612 - INFO - [SCREENER] 82 markets in 6.5s | yes:49 no:33 | next in 30s
2026-07-30 09:27:33,848 - INFO - [SCREENER] 81 markets in 5.9s | yes:50 no:32 | next in 30s
2026-07-30 09:28:15,675 - INFO - [SCREENER] 79 markets in 7.2s | yes:50 no:33 | next in 30s
2026-07-30 09:28:53,561 - INFO - [SCREENER] 79 markets in 5.9s | yes:50 no:34 | next in 30s
2026-07-30 09:29:31,255 - INFO - [SCREENER] 79 markets in 5.8s | yes:52 no:34 | next in 30s
2026-07-30 09:30:01,539 - INFO - [SCREENER] 78 markets in 5.8s | yes:52 no:34 | next in 30s
2026-07-30 09:30:40,702 - INFO - [SCREENER] 78 markets in 6.7s | yes:51 no:34 | next in 30s
2026-07-30 09:31:19,735 - INFO - [SCREENER] 78 markets in 6.2s | yes:51 no:33 | next in 30s
2026-07-30 09:31:58,113 - INFO - [SCREENER] 78 markets in 6.2s | yes:51 no:33 | next in 30s
2026-07-30 09:32:38,506 - INFO - [SCREENER] 77 markets in 6.0s | yes:50 no:32 | next in 30s
2026-07-30 09:33:17,767 - INFO - [SCREENER] 79 markets in 6.9s | yes:50 no:33 | next in 30s
2026-07-30 09:33:56,374 - INFO - [SCREENER] 79 markets in 6.4s | yes:48 no:32 | next in 30s
2026-07-30 09:34:26,366 - INFO - [SCREENER] 78 markets in 5.8s | yes:48 no:30 | next in 30s
2026-07-30 09:35:04,455 - INFO - [SCREENER] 77 markets in 5.9s | yes:47 no:33 | next in 30s
2026-07-30 09:35:43,157 - INFO - [SCREENER] 78 markets in 6.3s | yes:48 no:32 | next in 30s
2026-07-30 09:36:21,959 - INFO - [SCREENER] 78 markets in 6.6s | yes:50 no:31 | next in 30s
2026-07-30 09:36:23,286 - ERROR - [py_clob_client_v2] request error: Server disconnected
2026-07-30 09:36:23,287 - ERROR - [py_clob_client_v2] request error: Server disconnected
2026-07-30 09:36:23,287 - ERROR - 查询订单失败: PolyApiException[status_code=None, error_message=Request exception!]
2026-07-30 09:36:23,288 - ERROR - [BATCH CANCEL ERR] 2 条 | PolyApiException[status_code=None, error_message=Request exception!]
2026-07-30 09:36:24,999 - ERROR - [BATCH CANCEL] 1881611846012403 取消失败，清空 active_id 进入冷却兜底
2026-07-30 09:36:24,999 - ERROR - [BATCH CANCEL] 1011798340216868 取消失败，清空 active_id 进入冷却兜底
2026-07-30 09:36:51,736 - INFO - [SCREENER] 78 markets in 6.2s | yes:48 no:32 | next in 30s
2026-07-30 09:37:30,533 - INFO - [SCREENER] 78 markets in 6.2s | yes:48 no:33 | next in 30s
2026-07-30 09:38:09,267 - INFO - [SCREENER] 77 markets in 6.5s | yes:45 no:34 | next in 30s
2026-07-30 09:38:25,533 - INFO - 收到停止信号，优雅退出...
2026-07-30 09:38:25,875 - INFO - 开始优雅关闭...
2026-07-30 09:38:26,149 - INFO - [CANCEL ALL] 72 已取消 | 系统关闭
2026-07-30 09:38:26,153 - WARNING - [USER WS] close code=None reason=None
2026-07-30 09:38:29,500 - INFO - [HEARTBEAT] 已停止
2026-07-30 09:38:29,500 - INFO - ============================================================
系统已停止
============================================================
2026-07-30 11:13:31,395 - INFO - ============================================================
2026-07-30 11:13:31,395 - INFO - Maker-only Guardian V7.0 启动
2026-07-30 11:13:31,395 - INFO - 地址: 0xE075279F71A4896C31d4706A61cb46a2105024F9 | 档: 2 | 量: 20 | 冷却: 120s | 心跳: 7.0s
2026-07-30 11:13:31,397 - INFO - 筛选器: keyword=temp top1=100 top2=1500 top3=2200 existing=4000 rewards>=20
2026-07-30 11:13:31,397 - INFO - 实例: bot2 | midpoint=[0.15, 0.85]
2026-07-30 11:13:31,397 - INFO - ============================================================
2026-07-30 11:13:31,397 - INFO - [HEARTBEAT] 已启动 interval=7.0s
2026-07-30 11:14:07,784 - INFO - [SCREENER] 77 markets in 5.8s | yes:23 no:9 | next in 30s
2026-07-30 11:14:34,571 - INFO - 收到停止信号，优雅退出...
2026-07-30 11:14:35,045 - INFO - 开始优雅关闭...
2026-07-30 11:14:35,295 - INFO - [CANCEL ALL] 25 已取消 | 系统关闭
2026-07-30 11:14:35,304 - WARNING - [USER WS] close code=None reason=None
2026-07-30 11:14:38,289 - INFO - [HEARTBEAT] 已停止
2026-07-30 11:14:38,289 - INFO - ============================================================
系统已停止
============================================================
2026-07-30 11:15:06,418 - INFO - ============================================================
2026-07-30 11:15:06,419 - INFO - Maker-only Guardian V7.0 启动
2026-07-30 11:15:06,419 - INFO - 地址: 0xE075279F71A4896C31d4706A61cb46a2105024F9 | 档: 2 | 量: 20 | 冷却: 120s | 心跳: 7.0s
2026-07-30 11:15:06,419 - INFO - 筛选器: keyword=(不过滤) top1=100 top2=1500 top3=2200 existing=4000 rewards>=10
2026-07-30 11:15:06,419 - INFO - 实例: bot2 | midpoint=[0.15, 0.85]
2026-07-30 11:15:06,419 - INFO - ============================================================
2026-07-30 11:15:06,420 - INFO - [HEARTBEAT] 已启动 interval=7.0s
2026-07-30 11:15:44,362 - INFO - [SCREENER] 228 markets in 7.4s | yes:85 no:66 | next in 30s
2026-07-30 11:16:04,512 - ERROR - [py_clob_client_v2] request error status=400 url=https://clob.polymarket.com/order body={"error":"invalid post-only order: order crosses book"}
2026-07-30 11:16:04,514 - ERROR - [PLACE FAIL] 4008127555885222... price=0.43 attempt=1/2 | PolyApiException[status_code=400, error_message={'error': 'invalid post-only order: order crosses book'}]
2026-07-30 11:16:04,920 - ERROR - [PLACE FAIL] 4008127555885222 price=0.43
2026-07-30 11:16:13,125 - ERROR - [py_clob_client_v2] request error: Server disconnected
2026-07-30 11:16:13,125 - ERROR - [py_clob_client_v2] request error: Server disconnected
2026-07-30 11:16:13,126 - ERROR - [PLACE FAIL] 1150178838612323... price=0.41 attempt=1/2 | PolyApiException[status_code=None, error_message=Request exception!]
2026-07-30 11:16:13,127 - ERROR - [py_clob_client_v2] request error: Server disconnected
2026-07-30 11:16:13,127 - ERROR - [py_clob_client_v2] request error: Server disconnected
2026-07-30 11:16:13,127 - ERROR - [PLACE FAIL] 3942684959993983... price=0.43 attempt=1/2 | PolyApiException[status_code=None, error_message=Request exception!]
2026-07-30 11:16:13,127 - ERROR - [PLACE FAIL] 1513232506629174... price=0.23 attempt=1/2 | PolyApiException[status_code=None, error_message=Request exception!]
2026-07-30 11:16:13,128 - ERROR - [PLACE FAIL] 3552699541411779... price=0.66 attempt=1/2 | PolyApiException[status_code=None, error_message=Request exception!]
2026-07-30 11:16:17,983 - ERROR - [py_clob_client_v2] request error status=400 url=https://clob.polymarket.com/order body={"error":"invalid post-only order: order crosses book"}
2026-07-30 11:16:17,989 - ERROR - [PLACE FAIL] 1147438962335931... price=0.56 attempt=1/2 | PolyApiException[status_code=400, error_message={'error': 'invalid post-only order: order crosses book'}]
2026-07-30 11:16:22,982 - INFO - [SCREENER] 229 markets in 6.4s | yes:86 no:65 | next in 30s
2026-07-30 11:16:24,339 - ERROR - [PLACE FAIL] 1147438962335931 price=0.56
2026-07-30 11:16:25,855 - ERROR - [py_clob_client_v2] request error: Server disconnected
2026-07-30 11:16:25,855 - ERROR - [py_clob_client_v2] request error: Server disconnected
2026-07-30 11:16:25,856 - ERROR - [PLACE FAIL] 7863359073607725... price=0.57 attempt=1/2 | PolyApiException[status_code=None, error_message=Request exception!]
2026-07-30 11:16:25,857 - ERROR - [PLACE FAIL] 4936674284411395... price=0.61 attempt=1/2 | PolyApiException[status_code=None, error_message=Request exception!]
2026-07-30 11:17:03,059 - INFO - [SCREENER] 228 markets in 6.7s | yes:85 no:65 | next in 30s
2026-07-30 11:17:34,399 - INFO - [SCREENER] 228 markets in 6.9s | yes:84 no:66 | next in 30s
2026-07-30 11:18:06,744 - ERROR - [py_clob_client_v2] request error status=400 url=https://clob.polymarket.com/order body={"error":"invalid post-only order: order crosses book"}
2026-07-30 11:18:06,746 - ERROR - [PLACE FAIL] 4008127555885222... price=0.43 attempt=1/2 | PolyApiException[status_code=400, error_message={'error': 'invalid post-only order: order crosses book'}]
2026-07-30 11:18:13,696 - INFO - [SCREENER] 234 markets in 6.3s | yes:84 no:64 | next in 30s
2026-07-30 11:18:15,136 - ERROR - [PLACE FAIL] 4008127555885222 price=0.43
2026-07-30 11:18:27,112 - ERROR - [py_clob_client_v2] request error status=400 url=https://clob.polymarket.com/order body={"error":"invalid post-only order: order crosses book"}
2026-07-30 11:18:27,113 - ERROR - [PLACE FAIL] 1147438962335931... price=0.56 attempt=1/2 | PolyApiException[status_code=400, error_message={'error': 'invalid post-only order: order crosses book'}]
2026-07-30 11:18:27,841 - ERROR - [PLACE FAIL] 1147438962335931 price=0.56
2026-07-30 11:18:53,592 - INFO - [SCREENER] 233 markets in 7.0s | yes:84 no:65 | next in 30s
2026-07-30 11:19:19,141 - INFO - [LIMIT SELL] Will the highest temperature in Paris be | 20.0000 shares @ 0.32
2026-07-30 11:19:19,142 - INFO - [POSITION] 限价卖出 1 个持仓
2026-07-30 11:19:27,798 - INFO - [SELL CONFIRMED] 未知 | Yes | size=0.0000 price=0.32
2026-07-30 11:19:35,717 - INFO - [SCREENER] 232 markets in 6.6s | yes:84 no:66 | next in 30s
2026-07-30 11:20:14,785 - INFO - [SCREENER] 233 markets in 6.5s | yes:84 no:67 | next in 30s
2026-07-30 11:20:17,205 - ERROR - [py_clob_client_v2] request error status=400 url=https://clob.polymarket.com/order body={"error":"invalid post-only order: order crosses book"}
2026-07-30 11:20:17,205 - ERROR - [PLACE FAIL] 4008127555885222... price=0.43 attempt=1/2 | PolyApiException[status_code=400, error_message={'error': 'invalid post-only order: order crosses book'}]
2026-07-30 11:20:17,957 - ERROR - [PLACE FAIL] 4008127555885222 price=0.43
2026-07-30 11:20:29,902 - ERROR - [py_clob_client_v2] request error status=400 url=https://clob.polymarket.com/order body={"error":"invalid post-only order: order crosses book"}
2026-07-30 11:20:29,903 - ERROR - [PLACE FAIL] 1147438962335931... price=0.56 attempt=1/2 | PolyApiException[status_code=400, error_message={'error': 'invalid post-only order: order crosses book'}]
2026-07-30 11:20:30,633 - ERROR - [PLACE FAIL] 1147438962335931 price=0.56
2026-07-30 11:20:55,545 - INFO - [SCREENER] 233 markets in 7.8s | yes:84 no:69 | next in 30s
2026-07-30 11:21:37,160 - INFO - [SCREENER] 231 markets in 6.8s | yes:84 no:69 | next in 30s
2026-07-30 11:22:16,582 - INFO - [SCREENER] 231 markets in 6.9s | yes:88 no:68 | next in 30s
2026-07-30 11:22:19,968 - ERROR - [py_clob_client_v2] request error status=400 url=https://clob.polymarket.com/order body={"error":"invalid post-only order: order crosses book"}
2026-07-30 11:22:19,971 - ERROR - [PLACE FAIL] 4008127555885222... price=0.43 attempt=1/2 | PolyApiException[status_code=400, error_message={'error': 'invalid post-only order: order crosses book'}]
2026-07-30 11:22:20,702 - ERROR - [PLACE FAIL] 4008127555885222 price=0.43
2026-07-30 11:22:32,683 - ERROR - [py_clob_client_v2] request error status=400 url=https://clob.polymarket.com/order body={"error":"invalid post-only order: order crosses book"}
2026-07-30 11:22:32,683 - ERROR - [PLACE FAIL] 1147438962335931... price=0.56 attempt=1/2 | PolyApiException[status_code=400, error_message={'error': 'invalid post-only order: order crosses book'}]
2026-07-30 11:22:33,417 - ERROR - [PLACE FAIL] 1147438962335931 price=0.56
2026-07-30 11:22:55,797 - INFO - [SCREENER] 230 markets in 6.7s | yes:84 no:70 | next in 30s
2026-07-30 11:23:37,458 - INFO - [SCREENER] 229 markets in 7.0s | yes:85 no:69 | next in 30s
2026-07-30 11:24:17,662 - INFO - [SCREENER] 229 markets in 7.1s | yes:83 no:69 | next in 30s
2026-07-30 11:24:22,557 - ERROR - [py_clob_client_v2] request error status=400 url=https://clob.polymarket.com/order body={"error":"invalid post-only order: order crosses book"}
2026-07-30 11:24:22,557 - ERROR - [PLACE FAIL] 4008127555885222... price=0.43 attempt=1/2 | PolyApiException[status_code=400, error_message={'error': 'invalid post-only order: order crosses book'}]
2026-07-30 11:24:23,290 - ERROR - [PLACE FAIL] 4008127555885222 price=0.43
2026-07-30 11:24:35,247 - ERROR - [py_clob_client_v2] request error status=400 url=https://clob.polymarket.com/order body={"error":"invalid post-only order: order crosses book"}
2026-07-30 11:24:35,247 - ERROR - [PLACE FAIL] 1147438962335931... price=0.56 attempt=1/2 | PolyApiException[status_code=400, error_message={'error': 'invalid post-only order: order crosses book'}]
2026-07-30 11:24:35,990 - ERROR - [PLACE FAIL] 1147438962335931 price=0.56
2026-07-30 11:24:57,982 - INFO - [SCREENER] 231 markets in 6.9s | yes:85 no:70 | next in 30s
2026-07-30 11:25:40,547 - INFO - [SCREENER] 231 markets in 6.8s | yes:83 no:70 | next in 30s
2026-07-30 11:26:19,917 - INFO - [SCREENER] 230 markets in 6.5s | yes:84 no:69 | next in 30s
2026-07-30 11:26:25,351 - ERROR - [py_clob_client_v2] request error status=400 url=https://clob.polymarket.com/order body={"error":"invalid post-only order: order crosses book"}
2026-07-30 11:26:25,351 - ERROR - [PLACE FAIL] 4008127555885222... price=0.43 attempt=1/2 | PolyApiException[status_code=400, error_message={'error': 'invalid post-only order: order crosses book'}]
2026-07-30 11:26:25,894 - ERROR - [PLACE FAIL] 4008127555885222 price=0.43
2026-07-30 11:26:37,829 - ERROR - [py_clob_client_v2] request error status=400 url=https://clob.polymarket.com/order body={"error":"invalid post-only order: order crosses book"}
2026-07-30 11:26:37,829 - ERROR - [PLACE FAIL] 1147438962335931... price=0.56 attempt=1/2 | PolyApiException[status_code=400, error_message={'error': 'invalid post-only order: order crosses book'}]
2026-07-30 11:26:38,564 - ERROR - [PLACE FAIL] 1147438962335931 price=0.56
2026-07-30 11:26:59,006 - INFO - [SCREENER] 229 markets in 6.8s | yes:88 no:70 | next in 30s
2026-07-30 11:27:41,170 - INFO - [SCREENER] 230 markets in 6.6s | yes:85 no:68 | next in 30s
2026-07-30 11:28:20,083 - INFO - [SCREENER] 227 markets in 6.3s | yes:87 no:72 | next in 30s
2026-07-30 11:28:27,373 - ERROR - [py_clob_client_v2] request error status=400 url=https://clob.polymarket.com/order body={"error":"invalid post-only order: order crosses book"}
2026-07-30 11:28:27,373 - ERROR - [PLACE FAIL] 4008127555885222... price=0.43 attempt=1/2 | PolyApiException[status_code=400, error_message={'error': 'invalid post-only order: order crosses book'}]
2026-07-30 11:28:28,091 - ERROR - [PLACE FAIL] 4008127555885222 price=0.43
2026-07-30 11:28:40,032 - ERROR - [py_clob_client_v2] request error status=400 url=https://clob.polymarket.com/order body={"error":"invalid post-only order: order crosses book"}
2026-07-30 11:28:40,033 - ERROR - [PLACE FAIL] 1147438962335931... price=0.56 attempt=1/2 | PolyApiException[status_code=400, error_message={'error': 'invalid post-only order: order crosses book'}]
2026-07-30 11:28:40,767 - ERROR - [PLACE FAIL] 1147438962335931 price=0.56
2026-07-30 11:28:58,490 - INFO - [SCREENER] 227 markets in 6.0s | yes:87 no:73 | next in 30s
2026-07-30 11:29:37,471 - INFO - [SCREENER] 228 markets in 6.1s | yes:83 no:70 | next in 30s
2026-07-30 11:30:09,146 - INFO - [SCREENER] 226 markets in 7.5s | yes:85 no:70 | next in 30s
2026-07-30 11:30:29,574 - ERROR - [py_clob_client_v2] request error status=400 url=https://clob.polymarket.com/order body={"error":"invalid post-only order: order crosses book"}
2026-07-30 11:30:29,575 - ERROR - [PLACE FAIL] 4008127555885222... price=0.43 attempt=1/2 | PolyApiException[status_code=400, error_message={'error': 'invalid post-only order: order crosses book'}]
2026-07-30 11:30:30,298 - ERROR - [PLACE FAIL] 4008127555885222 price=0.43
2026-07-30 11:30:48,399 - INFO - [SCREENER] 230 markets in 6.4s | yes:85 no:66 | next in 30s
2026-07-30 11:30:49,640 - ERROR - [py_clob_client_v2] request error status=400 url=https://clob.polymarket.com/order body={"error":"invalid post-only order: order crosses book"}
2026-07-30 11:30:49,640 - ERROR - [PLACE FAIL] 1147438962335931... price=0.56 attempt=1/2 | PolyApiException[status_code=400, error_message={'error': 'invalid post-only order: order crosses book'}]
2026-07-30 11:30:50,374 - ERROR - [PLACE FAIL] 1147438962335931 price=0.56
2026-07-30 11:31:26,985 - INFO - [SCREENER] 230 markets in 6.2s | yes:84 no:72 | next in 30s
2026-07-30 11:31:58,775 - INFO - [SCREENER] 231 markets in 7.0s | yes:84 no:74 | next in 30s
2026-07-30 11:32:37,714 - INFO - [SCREENER] 230 markets in 6.2s | yes:85 no:74 | next in 30s
2026-07-30 11:32:39,094 - ERROR - [py_clob_client_v2] request error status=400 url=https://clob.polymarket.com/order body={"error":"invalid post-only order: order crosses book"}
2026-07-30 11:32:39,094 - ERROR - [PLACE FAIL] 4008127555885222... price=0.43 attempt=1/2 | PolyApiException[status_code=400, error_message={'error': 'invalid post-only order: order crosses book'}]
2026-07-30 11:32:39,835 - ERROR - [PLACE FAIL] 4008127555885222 price=0.43
2026-07-30 11:32:51,906 - ERROR - [py_clob_client_v2] request error status=400 url=https://clob.polymarket.com/order body={"error":"invalid post-only order: order crosses book"}
2026-07-30 11:32:51,906 - ERROR - [PLACE FAIL] 1147438962335931... price=0.56 attempt=1/2 | PolyApiException[status_code=400, error_message={'error': 'invalid post-only order: order crosses book'}]
2026-07-30 11:32:52,642 - ERROR - [PLACE FAIL] 1147438962335931 price=0.56
2026-07-30 11:33:16,584 - INFO - [SCREENER] 229 markets in 6.3s | yes:84 no:70 | next in 30s
2026-07-30 11:33:58,998 - INFO - [SCREENER] 230 markets in 6.9s | yes:83 no:71 | next in 30s
2026-07-30 11:34:37,980 - INFO - [SCREENER] 228 markets in 6.4s | yes:81 no:71 | next in 30s
2026-07-30 11:34:41,610 - ERROR - [py_clob_client_v2] request error status=400 url=https://clob.polymarket.com/order body={"error":"invalid post-only order: order crosses book"}
2026-07-30 11:34:41,611 - ERROR - [PLACE FAIL] 4008127555885222... price=0.43 attempt=1/2 | PolyApiException[status_code=400, error_message={'error': 'invalid post-only order: order crosses book'}]
2026-07-30 11:34:42,337 - ERROR - [PLACE FAIL] 4008127555885222 price=0.43
2026-07-30 11:34:54,616 - ERROR - [py_clob_client_v2] request error status=400 url=https://clob.polymarket.com/order body={"error":"invalid post-only order: order crosses book"}
2026-07-30 11:34:54,616 - ERROR - [PLACE FAIL] 1147438962335931... price=0.56 attempt=1/2 | PolyApiException[status_code=400, error_message={'error': 'invalid post-only order: order crosses book'}]
2026-07-30 11:34:55,339 - ERROR - [PLACE FAIL] 1147438962335931 price=0.56
2026-07-30 11:35:17,582 - INFO - [SCREENER] 223 markets in 6.6s | yes:82 no:69 | next in 30s
2026-07-30 11:35:19,293 - INFO - [SELL CONFIRMED] 未知 | No | size=20.0000 price=0.72
2026-07-30 11:35:43,069 - INFO - [LIMIT SELL] Will the next Google Gemini Pro model de | 20.0000 shares @ 0.7
2026-07-30 11:35:43,070 - INFO - [POSITION] 限价卖出 1 个持仓
2026-07-30 11:35:52,464 - INFO - [SELL CONFIRMED] 未知 | No | size=0.0000 price=0.7
2026-07-30 11:36:00,282 - INFO - [SCREENER] 224 markets in 7.2s | yes:82 no:69 | next in 30s
2026-07-30 11:36:40,236 - INFO - [SCREENER] 222 markets in 7.0s | yes:82 no:69 | next in 30s
2026-07-30 11:36:43,657 - ERROR - [py_clob_client_v2] request error status=400 url=https://clob.polymarket.com/order body={"error":"invalid post-only order: order crosses book"}
2026-07-30 11:36:43,657 - ERROR - [PLACE FAIL] 4008127555885222... price=0.43 attempt=1/2 | PolyApiException[status_code=400, error_message={'error': 'invalid post-only order: order crosses book'}]
2026-07-30 11:36:44,396 - ERROR - [PLACE FAIL] 4008127555885222 price=0.43
2026-07-30 11:36:57,337 - ERROR - [py_clob_client_v2] request error status=400 url=https://clob.polymarket.com/order body={"error":"invalid post-only order: order crosses book"}
2026-07-30 11:36:57,338 - ERROR - [PLACE FAIL] 1147438962335931... price=0.56 attempt=1/2 | PolyApiException[status_code=400, error_message={'error': 'invalid post-only order: order crosses book'}]
2026-07-30 11:36:58,058 - ERROR - [PLACE FAIL] 1147438962335931 price=0.56
2026-07-30 11:37:20,920 - INFO - [SCREENER] 224 markets in 7.1s | yes:76 no:68 | next in 30s
2026-07-30 11:38:02,969 - INFO - [SCREENER] 221 markets in 6.7s | yes:75 no:68 | next in 30s
2026-07-30 11:38:42,432 - INFO - [SCREENER] 229 markets in 6.8s | yes:78 no:70 | next in 30s
2026-07-30 11:38:45,678 - ERROR - [py_clob_client_v2] request error status=400 url=https://clob.polymarket.com/order body={"error":"invalid post-only order: order crosses book"}
2026-07-30 11:38:45,681 - ERROR - [PLACE FAIL] 4008127555885222... price=0.43 attempt=1/2 | PolyApiException[status_code=400, error_message={'error': 'invalid post-only order: order crosses book'}]
2026-07-30 11:38:46,417 - ERROR - [PLACE FAIL] 4008127555885222 price=0.43
2026-07-30 11:38:59,782 - ERROR - [py_clob_client_v2] request error status=400 url=https://clob.polymarket.com/order body={"error":"invalid post-only order: order crosses book"}
2026-07-30 11:38:59,782 - ERROR - [PLACE FAIL] 1147438962335931... price=0.56 attempt=1/2 | PolyApiException[status_code=400, error_message={'error': 'invalid post-only order: order crosses book'}]
2026-07-30 11:39:00,141 - ERROR - [PLACE FAIL] 1147438962335931 price=0.56
2026-07-30 11:39:22,131 - INFO - [SCREENER] 224 markets in 7.3s | yes:75 no:67 | next in 30s
2026-07-30 11:40:04,194 - INFO - [SCREENER] 226 markets in 7.0s | yes:73 no:67 | next in 30s
2026-07-30 11:40:43,328 - INFO - [SCREENER] 228 markets in 6.5s | yes:75 no:69 | next in 30s
2026-07-30 11:40:48,206 - ERROR - [py_clob_client_v2] request error status=400 url=https://clob.polymarket.com/order body={"error":"invalid post-only order: order crosses book"}
2026-07-30 11:40:48,209 - ERROR - [PLACE FAIL] 4008127555885222... price=0.43 attempt=1/2 | PolyApiException[status_code=400, error_message={'error': 'invalid post-only order: order crosses book'}]
2026-07-30 11:40:48,928 - ERROR - [PLACE FAIL] 4008127555885222 price=0.43
2026-07-30 11:41:02,157 - ERROR - [py_clob_client_v2] request error status=400 url=https://clob.polymarket.com/order body={"error":"invalid post-only order: order crosses book"}
2026-07-30 11:41:02,157 - ERROR - [PLACE FAIL] 1147438962335931... price=0.56 attempt=1/2 | PolyApiException[status_code=400, error_message={'error': 'invalid post-only order: order crosses book'}]
2026-07-30 11:41:02,897 - ERROR - [PLACE FAIL] 1147438962335931 price=0.56
2026-07-30 11:41:23,186 - INFO - [SCREENER] 229 markets in 6.6s | yes:76 no:67 | next in 30s
2026-07-30 11:42:04,804 - INFO - [SCREENER] 233 markets in 6.6s | yes:75 no:69 | next in 30s
2026-07-30 11:42:45,872 - INFO - [SCREENER] 231 markets in 8.8s | yes:74 no:70 | next in 30s
2026-07-30 11:42:50,451 - ERROR - [py_clob_client_v2] request error status=400 url=https://clob.polymarket.com/order body={"error":"invalid post-only order: order crosses book"}
2026-07-30 11:42:50,451 - ERROR - [PLACE FAIL] 4008127555885222... price=0.43 attempt=1/2 | PolyApiException[status_code=400, error_message={'error': 'invalid post-only order: order crosses book'}]
2026-07-30 11:42:51,193 - ERROR - [PLACE FAIL] 4008127555885222 price=0.43
2026-07-30 11:43:05,112 - ERROR - [py_clob_client_v2] request error status=400 url=https://clob.polymarket.com/order body={"error":"invalid post-only order: order crosses book"}
2026-07-30 11:43:05,112 - ERROR - [PLACE FAIL] 1147438962335931... price=0.56 attempt=1/2 | PolyApiException[status_code=400, error_message={'error': 'invalid post-only order: order crosses book'}]
2026-07-30 11:43:05,849 - ERROR - [PLACE FAIL] 1147438962335931 price=0.56
2026-07-30 11:43:14,611 - INFO - [SCREENER] 231 markets in 6.8s | yes:70 no:72 | next in 30s
2026-07-30 11:43:54,490 - INFO - [SCREENER] 233 markets in 7.0s | yes:70 no:70 | next in 30s
2026-07-30 11:44:25,450 - INFO - [SCREENER] 235 markets in 6.4s | yes:71 no:69 | next in 30s
2026-07-30 11:44:52,854 - ERROR - [py_clob_client_v2] request error status=400 url=https://clob.polymarket.com/order body={"error":"invalid post-only order: order crosses book"}
2026-07-30 11:44:52,856 - ERROR - [PLACE FAIL] 4008127555885222... price=0.43 attempt=1/2 | PolyApiException[status_code=400, error_message={'error': 'invalid post-only order: order crosses book'}]
2026-07-30 11:44:53,561 - ERROR - [PLACE FAIL] 4008127555885222 price=0.43
2026-07-30 11:45:04,168 - INFO - [SCREENER] 232 markets in 6.6s | yes:73 no:68 | next in 30s
2026-07-30 11:45:07,447 - ERROR - [py_clob_client_v2] request error status=400 url=https://clob.polymarket.com/order body={"error":"invalid post-only order: order crosses book"}
2026-07-30 11:45:07,447 - ERROR - [PLACE FAIL] 1147438962335931... price=0.56 attempt=1/2 | PolyApiException[status_code=400, error_message={'error': 'invalid post-only order: order crosses book'}]
2026-07-30 11:45:08,167 - ERROR - [PLACE FAIL] 1147438962335931 price=0.56
2026-07-30 11:45:44,734 - INFO - [SCREENER] 233 markets in 8.0s | yes:74 no:67 | next in 30s
2026-07-30 11:46:16,184 - INFO - [SCREENER] 231 markets in 6.9s | yes:73 no:67 | next in 30s
2026-07-30 11:46:45,522 - INFO - [SCREENER] 232 markets in 6.2s | yes:73 no:69 | next in 30s
2026-07-30 11:46:54,915 - ERROR - [py_clob_client_v2] request error status=400 url=https://clob.polymarket.com/order body={"error":"invalid post-only order: order crosses book"}
2026-07-30 11:46:54,915 - ERROR - [PLACE FAIL] 4008127555885222... price=0.43 attempt=1/2 | PolyApiException[status_code=400, error_message={'error': 'invalid post-only order: order crosses book'}]
2026-07-30 11:46:55,645 - ERROR - [PLACE FAIL] 4008127555885222 price=0.43
2026-07-30 11:47:09,507 - ERROR - [py_clob_client_v2] request error status=400 url=https://clob.polymarket.com/order body={"error":"invalid post-only order: order crosses book"}
2026-07-30 11:47:09,509 - ERROR - [PLACE FAIL] 1147438962335931... price=0.56 attempt=1/2 | PolyApiException[status_code=400, error_message={'error': 'invalid post-only order: order crosses book'}]
2026-07-30 11:47:10,224 - ERROR - [PLACE FAIL] 1147438962335931 price=0.56
2026-07-30 11:47:24,803 - INFO - [SCREENER] 232 markets in 6.6s | yes:76 no:72 | next in 30s
2026-07-30 11:48:05,347 - INFO - [SCREENER] 228 markets in 8.0s | yes:71 no:72 | next in 30s
2026-07-30 11:48:37,610 - INFO - [SCREENER] 228 markets in 7.7s | yes:69 no:67 | next in 30s
2026-07-30 11:48:57,581 - ERROR - [py_clob_client_v2] request error status=400 url=https://clob.polymarket.com/order body={"error":"invalid post-only order: order crosses book"}
2026-07-30 11:48:57,582 - ERROR - [PLACE FAIL] 4008127555885222... price=0.43 attempt=1/2 | PolyApiException[status_code=400, error_message={'error': 'invalid post-only order: order crosses book'}]
2026-07-30 11:48:58,308 - ERROR - [PLACE FAIL] 4008127555885222 price=0.43
2026-07-30 11:49:16,811 - INFO - [SCREENER] 230 markets in 6.9s | yes:73 no:68 | next in 30s
2026-07-30 11:49:19,284 - ERROR - [py_clob_client_v2] request error status=400 url=https://clob.polymarket.com/order body={"error":"invalid post-only order: order crosses book"}
2026-07-30 11:49:19,284 - ERROR - [PLACE FAIL] 1147438962335931... price=0.56 attempt=1/2 | PolyApiException[status_code=400, error_message={'error': 'invalid post-only order: order crosses book'}]
2026-07-30 11:49:20,029 - ERROR - [PLACE FAIL] 1147438962335931 price=0.56
2026-07-30 11:49:24,813 - INFO - [BUY CONFIRMED] 未知 | Yes | size=20.0000 price=0.64
2026-07-30 11:49:29,379 - ERROR - [BATCH CANCEL FAIL] 0xe14f0c7416f1216895... | order can't be found - already canceled or matched
2026-07-30 11:49:29,909 - ERROR - [BATCH CANCEL] 9300585093835299 取消失败，清空 active_id 进入冷却兜底
2026-07-30 11:49:56,542 - INFO - [SCREENER] 232 markets in 7.1s | yes:72 no:68 | next in 30s
2026-07-30 11:50:11,075 - INFO - [LIMIT SELL] Fed rate hike in 2026? | 20.0000 shares @ 0.35
2026-07-30 11:50:11,076 - INFO - [POSITION] 限价卖出 1 个持仓
2026-07-30 11:50:21,216 - INFO - [SELL CONFIRMED] 未知 | No | size=0.0000 price=0.35
2026-07-30 11:50:27,146 - INFO - [SCREENER] 234 markets in 6.1s | yes:73 no:70 | next in 30s
2026-07-30 11:51:06,632 - INFO - [SCREENER] 229 markets in 7.3s | yes:67 no:66 | next in 30s
2026-07-30 11:51:08,901 - ERROR - [py_clob_client_v2] request error status=400 url=https://clob.polymarket.com/order body={"error":"invalid post-only order: order crosses book"}
2026-07-30 11:51:08,901 - ERROR - [PLACE FAIL] 4008127555885222... price=0.43 attempt=1/2 | PolyApiException[status_code=400, error_message={'error': 'invalid post-only order: order crosses book'}]
2026-07-30 11:51:09,229 - ERROR - [PLACE FAIL] 4008127555885222 price=0.43
2026-07-30 11:51:22,458 - ERROR - [py_clob_client_v2] request error status=400 url=https://clob.polymarket.com/order body={"error":"invalid post-only order: order crosses book"}
2026-07-30 11:51:22,458 - ERROR - [PLACE FAIL] 1147438962335931... price=0.56 attempt=1/2 | PolyApiException[status_code=400, error_message={'error': 'invalid post-only order: order crosses book'}]
2026-07-30 11:51:22,946 - ERROR - [PLACE FAIL] 1147438962335931 price=0.56
2026-07-30 11:51:46,527 - INFO - [SCREENER] 230 markets in 6.9s | yes:66 no:67 | next in 30s
2026-07-30 11:52:28,403 - INFO - [SCREENER] 227 markets in 6.8s | yes:74 no:67 | next in 30s
2026-07-30 11:53:08,031 - INFO - [SCREENER] 230 markets in 7.2s | yes:74 no:70 | next in 30s
2026-07-30 11:53:11,250 - ERROR - [py_clob_client_v2] request error status=400 url=https://clob.polymarket.com/order body={"error":"invalid post-only order: order crosses book"}
2026-07-30 11:53:11,251 - ERROR - [PLACE FAIL] 4008127555885222... price=0.43 attempt=1/2 | PolyApiException[status_code=400, error_message={'error': 'invalid post-only order: order crosses book'}]
2026-07-30 11:53:11,987 - ERROR - [PLACE FAIL] 4008127555885222 price=0.43
2026-07-30 11:53:24,849 - ERROR - [py_clob_client_v2] request error status=400 url=https://clob.polymarket.com/order body={"error":"invalid post-only order: order crosses book"}
2026-07-30 11:53:24,849 - ERROR - [PLACE FAIL] 1147438962335931... price=0.56 attempt=1/2 | PolyApiException[status_code=400, error_message={'error': 'invalid post-only order: order crosses book'}]
2026-07-30 11:53:25,591 - ERROR - [PLACE FAIL] 1147438962335931 price=0.56
2026-07-30 11:53:46,452 - INFO - [SCREENER] 226 markets in 6.2s | yes:78 no:67 | next in 30s
2026-07-30 11:54:26,681 - INFO - [SCREENER] 227 markets in 7.7s | yes:80 no:70 | next in 30s
2026-07-30 11:54:57,682 - INFO - [SCREENER] 227 markets in 6.3s | yes:80 no:68 | next in 30s
2026-07-30 11:55:13,576 - ERROR - [py_clob_client_v2] request error status=400 url=https://clob.polymarket.com/order body={"error":"invalid post-only order: order crosses book"}
2026-07-30 11:55:13,576 - ERROR - [PLACE FAIL] 4008127555885222... price=0.43 attempt=1/2 | PolyApiException[status_code=400, error_message={'error': 'invalid post-only order: order crosses book'}]
2026-07-30 11:55:14,308 - ERROR - [PLACE FAIL] 4008127555885222 price=0.43
2026-07-30 11:55:27,519 - ERROR - [py_clob_client_v2] request error status=400 url=https://clob.polymarket.com/order body={"error":"invalid post-only order: order crosses book"}
2026-07-30 11:55:27,520 - ERROR - [PLACE FAIL] 1147438962335931... price=0.56 attempt=1/2 | PolyApiException[status_code=400, error_message={'error': 'invalid post-only order: order crosses book'}]
2026-07-30 11:55:28,261 - ERROR - [PLACE FAIL] 1147438962335931 price=0.56
2026-07-30 11:55:37,049 - INFO - [SCREENER] 225 markets in 6.8s | yes:79 no:66 | next in 30s
2026-07-30 11:56:16,396 - INFO - [SCREENER] 225 markets in 6.9s | yes:76 no:70 | next in 30s
2026-07-30 11:56:47,601 - INFO - [SCREENER] 223 markets in 6.6s | yes:74 no:67 | next in 30s
2026-07-30 11:57:16,550 - ERROR - [py_clob_client_v2] request error status=400 url=https://clob.polymarket.com/order body={"error":"invalid post-only order: order crosses book"}
2026-07-30 11:57:16,550 - ERROR - [PLACE FAIL] 4008127555885222... price=0.43 attempt=1/2 | PolyApiException[status_code=400, error_message={'error': 'invalid post-only order: order crosses book'}]
2026-07-30 11:57:17,286 - ERROR - [PLACE FAIL] 4008127555885222 price=0.43
2026-07-30 11:57:26,718 - INFO - [SCREENER] 226 markets in 6.4s | yes:76 no:71 | next in 30s
2026-07-30 11:57:29,892 - ERROR - [py_clob_client_v2] request error status=400 url=https://clob.polymarket.com/order body={"error":"invalid post-only order: order crosses book"}
2026-07-30 11:57:29,892 - ERROR - [PLACE FAIL] 1147438962335931... price=0.56 attempt=1/2 | PolyApiException[status_code=400, error_message={'error': 'invalid post-only order: order crosses book'}]
2026-07-30 11:57:30,636 - ERROR - [PLACE FAIL] 1147438962335931 price=0.56
2026-07-30 11:58:05,433 - INFO - [SCREENER] 221 markets in 6.5s | yes:74 no:69 | next in 30s
2026-07-30 11:58:45,052 - INFO - [SCREENER] 221 markets in 7.2s | yes:74 no:64 | next in 30s
2026-07-30 11:59:16,110 - INFO - [SCREENER] 216 markets in 6.9s | yes:73 no:63 | next in 30s
2026-07-30 11:59:19,278 - ERROR - [py_clob_client_v2] request error status=400 url=https://clob.polymarket.com/order body={"error":"invalid post-only order: order crosses book"}
2026-07-30 11:59:19,278 - ERROR - [PLACE FAIL] 4008127555885222... price=0.43 attempt=1/2 | PolyApiException[status_code=400, error_message={'error': 'invalid post-only order: order crosses book'}]
2026-07-30 11:59:20,009 - ERROR - [PLACE FAIL] 4008127555885222 price=0.43
2026-07-30 11:59:32,882 - ERROR - [py_clob_client_v2] request error status=400 url=https://clob.polymarket.com/order body={"error":"invalid post-only order: order crosses book"}
2026-07-30 11:59:32,883 - ERROR - [PLACE FAIL] 1147438962335931... price=0.56 attempt=1/2 | PolyApiException[status_code=400, error_message={'error': 'invalid post-only order: order crosses book'}]
2026-07-30 11:59:33,622 - ERROR - [PLACE FAIL] 1147438962335931 price=0.56
2026-07-30 11:59:55,104 - INFO - [SCREENER] 217 markets in 6.7s | yes:72 no:65 | next in 30s
2026-07-30 12:00:34,631 - INFO - [SCREENER] 218 markets in 6.9s | yes:70 no:65 | next in 30s
2026-07-30 12:01:05,848 - INFO - [SCREENER] 214 markets in 6.9s | yes:69 no:64 | next in 30s
2026-07-30 12:01:21,790 - ERROR - [py_clob_client_v2] request error status=400 url=https://clob.polymarket.com/order body={"error":"invalid post-only order: order crosses book"}
2026-07-30 12:01:21,790 - ERROR - [PLACE FAIL] 4008127555885222... price=0.43 attempt=1/2 | PolyApiException[status_code=400, error_message={'error': 'invalid post-only order: order crosses book'}]
2026-07-30 12:01:22,536 - ERROR - [PLACE FAIL] 4008127555885222 price=0.43
2026-07-30 12:01:35,421 - ERROR - [py_clob_client_v2] request error status=400 url=https://clob.polymarket.com/order body={"error":"invalid post-only order: order crosses book"}
2026-07-30 12:01:35,421 - ERROR - [PLACE FAIL] 1147438962335931... price=0.56 attempt=1/2 | PolyApiException[status_code=400, error_message={'error': 'invalid post-only order: order crosses book'}]
2026-07-30 12:01:36,152 - ERROR - [PLACE FAIL] 1147438962335931 price=0.56
2026-07-30 12:01:45,636 - INFO - [SCREENER] 216 markets in 6.5s | yes:71 no:63 | next in 30s
2026-07-30 12:02:25,633 - INFO - [SCREENER] 210 markets in 7.4s | yes:71 no:64 | next in 30s
2026-07-30 12:03:08,056 - INFO - [SCREENER] 212 markets in 6.7s | yes:68 no:61 | next in 30s
2026-07-30 12:03:08,357 - ERROR - [py_clob_client_v2] request error: Server disconnected
2026-07-30 12:03:08,358 - ERROR - 查询订单失败: PolyApiException[status_code=None, error_message=Request exception!]
2026-07-30 12:03:08,358 - ERROR - [py_clob_client_v2] request error: Server disconnected
2026-07-30 12:03:08,358 - ERROR - [DISCOVER] 订单查询失败，跳过本周期
2026-07-30 12:03:08,358 - ERROR - [CANCEL FAIL] 0x48773975778b715012... | PolyApiException[status_code=None, error_message=Request exception!]
2026-07-30 12:03:08,359 - ERROR - [py_clob_client_v2] request error: Server disconnected
2026-07-30 12:03:08,359 - ERROR - [CANCEL FAIL] 0x292b306000a611fe98... | PolyApiException[status_code=None, error_message=Request exception!]
2026-07-30 12:03:08,985 - ERROR - [CANCEL FAIL] 0x48773975778b715012 订单仍存活在交易所！保持 RESTING
2026-07-30 12:03:08,986 - ERROR - [CANCEL FAIL] 0x292b306000a611fe98 订单仍存活在交易所！保持 RESTING
2026-07-30 12:03:23,911 - ERROR - [py_clob_client_v2] request error status=400 url=https://clob.polymarket.com/order body={"error":"invalid post-only order: order crosses book"}
2026-07-30 12:03:23,911 - ERROR - [PLACE FAIL] 4008127555885222... price=0.43 attempt=1/2 | PolyApiException[status_code=400, error_message={'error': 'invalid post-only order: order crosses book'}]
2026-07-30 12:03:24,656 - ERROR - [PLACE FAIL] 4008127555885222 price=0.43
2026-07-30 12:03:37,876 - ERROR - [py_clob_client_v2] request error status=400 url=https://clob.polymarket.com/order body={"error":"invalid post-only order: order crosses book"}
2026-07-30 12:03:37,876 - ERROR - [PLACE FAIL] 1147438962335931... price=0.56 attempt=1/2 | PolyApiException[status_code=400, error_message={'error': 'invalid post-only order: order crosses book'}]
2026-07-30 12:03:38,616 - ERROR - [PLACE FAIL] 1147438962335931 price=0.56
2026-07-30 12:03:47,472 - INFO - [SCREENER] 216 markets in 6.9s | yes:68 no:63 | next in 30s
2026-07-30 12:04:27,152 - INFO - [SCREENER] 215 markets in 7.1s | yes:70 no:63 | next in 30s
2026-07-30 12:04:51,272 - WARNING - [AUDIT] 1360907157169180 订单丢失纠偏
2026-07-30 12:04:51,272 - WARNING - [AUDIT] 4413035979753701 订单丢失纠偏
2026-07-30 12:05:09,744 - INFO - [SCREENER] 214 markets in 7.0s | yes:70 no:64 | next in 30s
2026-07-30 12:05:26,586 - ERROR - [py_clob_client_v2] request error status=400 url=https://clob.polymarket.com/order body={"error":"invalid post-only order: order crosses book"}
2026-07-30 12:05:26,586 - ERROR - [PLACE FAIL] 4008127555885222... price=0.43 attempt=1/2 | PolyApiException[status_code=400, error_message={'error': 'invalid post-only order: order crosses book'}]
2026-07-30 12:05:27,328 - ERROR - [PLACE FAIL] 4008127555885222 price=0.43
2026-07-30 12:05:40,289 - ERROR - [py_clob_client_v2] request error status=400 url=https://clob.polymarket.com/order body={"error":"invalid post-only order: order crosses book"}
2026-07-30 12:05:40,295 - ERROR - [PLACE FAIL] 1147438962335931... price=0.56 attempt=1/2 | PolyApiException[status_code=400, error_message={'error': 'invalid post-only order: order crosses book'}]
2026-07-30 12:05:41,028 - ERROR - [PLACE FAIL] 1147438962335931 price=0.56
2026-07-30 12:05:48,620 - INFO - [SCREENER] 217 markets in 6.6s | yes:73 no:66 | next in 30s
2026-07-30 12:06:27,596 - INFO - [SCREENER] 220 markets in 6.4s | yes:70 no:65 | next in 30s
2026-07-30 12:07:06,898 - INFO - [SCREENER] 222 markets in 6.9s | yes:69 no:67 | next in 30s
2026-07-30 12:07:28,996 - ERROR - [py_clob_client_v2] request error status=400 url=https://clob.polymarket.com/order body={"error":"invalid post-only order: order crosses book"}
2026-07-30 12:07:28,996 - ERROR - [PLACE FAIL] 4008127555885222... price=0.43 attempt=1/2 | PolyApiException[status_code=400, error_message={'error': 'invalid post-only order: order crosses book'}]
2026-07-30 12:07:29,739 - ERROR - [PLACE FAIL] 4008127555885222 price=0.43
2026-07-30 12:07:38,035 - INFO - [SCREENER] 224 markets in 6.3s | yes:70 no:69 | next in 30s
2026-07-30 12:07:43,382 - ERROR - [py_clob_client_v2] request error status=400 url=https://clob.polymarket.com/order body={"error":"invalid post-only order: order crosses book"}
2026-07-30 12:07:43,384 - ERROR - [PLACE FAIL] 1147438962335931... price=0.56 attempt=1/2 | PolyApiException[status_code=400, error_message={'error': 'invalid post-only order: order crosses book'}]
2026-07-30 12:07:43,921 - ERROR - [PLACE FAIL] 1147438962335931 price=0.56
2026-07-30 12:08:17,432 - INFO - [SCREENER] 234 markets in 7.3s | yes:67 no:70 | next in 30s
2026-07-30 12:08:57,045 - INFO - [SCREENER] 226 markets in 7.3s | yes:78 no:71 | next in 30s
2026-07-30 12:09:30,069 - INFO - [SCREENER] 224 markets in 8.6s | yes:78 no:69 | next in 30s
2026-07-30 12:09:32,644 - ERROR - [py_clob_client_v2] request error status=400 url=https://clob.polymarket.com/order body={"error":"invalid post-only order: order crosses book"}
2026-07-30 12:09:32,644 - ERROR - [PLACE FAIL] 4008127555885222... price=0.43 attempt=1/2 | PolyApiException[status_code=400, error_message={'error': 'invalid post-only order: order crosses book'}]
2026-07-30 12:09:33,186 - ERROR - [PLACE FAIL] 4008127555885222 price=0.43
2026-07-30 12:09:33,421 - ERROR - [py_clob_client_v2] request error status=400 url=https://clob.polymarket.com/order body={"error":"invalid post-only order: order crosses book"}
2026-07-30 12:09:33,423 - ERROR - [PLACE FAIL] 4449430376800269... price=0.61 attempt=1/2 | PolyApiException[status_code=400, error_message={'error': 'invalid post-only order: order crosses book'}]
2026-07-30 12:09:34,187 - ERROR - [PLACE FAIL] 4449430376800269 price=0.61
2026-07-30 12:09:46,128 - ERROR - [py_clob_client_v2] request error status=400 url=https://clob.polymarket.com/order body={"error":"invalid post-only order: order crosses book"}
2026-07-30 12:09:46,128 - ERROR - [PLACE FAIL] 1147438962335931... price=0.56 attempt=1/2 | PolyApiException[status_code=400, error_message={'error': 'invalid post-only order: order crosses book'}]
2026-07-30 12:09:46,868 - ERROR - [PLACE FAIL] 1147438962335931 price=0.56
2026-07-30 12:09:58,654 - INFO - [SCREENER] 226 markets in 6.8s | yes:80 no:70 | next in 30s
2026-07-30 12:10:37,391 - INFO - [SCREENER] 228 markets in 6.4s | yes:81 no:72 | next in 30s
2026-07-30 12:11:17,215 - INFO - [SCREENER] 218 markets in 6.9s | yes:78 no:72 | next in 30s
2026-07-30 12:11:35,119 - ERROR - [py_clob_client_v2] request error status=400 url=https://clob.polymarket.com/order body={"error":"invalid post-only order: order crosses book"}
2026-07-30 12:11:35,119 - ERROR - [PLACE FAIL] 4008127555885222... price=0.43 attempt=1/2 | PolyApiException[status_code=400, error_message={'error': 'invalid post-only order: order crosses book'}]
2026-07-30 12:11:35,863 - ERROR - [PLACE FAIL] 4008127555885222 price=0.43
2026-07-30 12:11:48,059 - INFO - [SCREENER] 235 markets in 6.2s | yes:78 no:72 | next in 30s
2026-07-30 12:11:50,614 - ERROR - [py_clob_client_v2] request error status=400 url=https://clob.polymarket.com/order body={"error":"invalid post-only order: order crosses book"}
2026-07-30 12:11:50,614 - ERROR - [PLACE FAIL] 1147438962335931... price=0.56 attempt=1/2 | PolyApiException[status_code=400, error_message={'error': 'invalid post-only order: order crosses book'}]
2026-07-30 12:11:51,144 - ERROR - [PLACE FAIL] 1147438962335931 price=0.56
2026-07-30 12:12:26,873 - INFO - [SCREENER] 235 markets in 6.4s | yes:82 no:75 | next in 30s
2026-07-30 12:12:32,380 - ERROR - [py_clob_client_v2] request error status=400 url=https://clob.polymarket.com/order body={"error":"invalid post-only order: order crosses book"}
2026-07-30 12:12:32,380 - ERROR - [PLACE FAIL] 4449430376800269... price=0.61 attempt=1/2 | PolyApiException[status_code=400, error_message={'error': 'invalid post-only order: order crosses book'}]
2026-07-30 12:12:33,122 - ERROR - [PLACE FAIL] 4449430376800269 price=0.61
2026-07-30 12:13:05,274 - INFO - [SCREENER] 235 markets in 5.9s | yes:78 no:75 | next in 30s
2026-07-30 12:13:37,166 - INFO - [SCREENER] 234 markets in 7.5s | yes:79 no:71 | next in 30s
2026-07-30 12:13:39,671 - ERROR - [py_clob_client_v2] request error status=400 url=https://clob.polymarket.com/order body={"error":"invalid post-only order: order crosses book"}
2026-07-30 12:13:39,671 - ERROR - [PLACE FAIL] 4008127555885222... price=0.43 attempt=1/2 | PolyApiException[status_code=400, error_message={'error': 'invalid post-only order: order crosses book'}]
2026-07-30 12:13:40,417 - ERROR - [PLACE FAIL] 4008127555885222 price=0.43
2026-07-30 12:13:52,560 - ERROR - [py_clob_client_v2] request error status=400 url=https://clob.polymarket.com/order body={"error":"invalid post-only order: order crosses book"}
2026-07-30 12:13:52,560 - ERROR - [PLACE FAIL] 1147438962335931... price=0.56 attempt=1/2 | PolyApiException[status_code=400, error_message={'error': 'invalid post-only order: order crosses book'}]
2026-07-30 12:13:53,269 - ERROR - [PLACE FAIL] 1147438962335931 price=0.56
2026-07-30 12:14:16,256 - INFO - [SCREENER] 234 markets in 6.3s | yes:79 no:73 | next in 30s
2026-07-30 12:14:35,161 - ERROR - [py_clob_client_v2] request error status=400 url=https://clob.polymarket.com/order body={"error":"invalid post-only order: order crosses book"}
2026-07-30 12:14:35,162 - ERROR - [PLACE FAIL] 4449430376800269... price=0.61 attempt=1/2 | PolyApiException[status_code=400, error_message={'error': 'invalid post-only order: order crosses book'}]
2026-07-30 12:14:35,903 - ERROR - [PLACE FAIL] 4449430376800269 price=0.61
2026-07-30 12:14:57,156 - INFO - [SCREENER] 238 markets in 8.6s | yes:79 no:75 | next in 30s
2026-07-30 12:15:26,078 - INFO - [SCREENER] 237 markets in 6.8s | yes:79 no:75 | next in 30s
2026-07-30 12:15:42,022 - ERROR - [py_clob_client_v2] request error status=400 url=https://clob.polymarket.com/order body={"error":"invalid post-only order: order crosses book"}
2026-07-30 12:15:42,022 - ERROR - [PLACE FAIL] 4008127555885222... price=0.43 attempt=1/2 | PolyApiException[status_code=400, error_message={'error': 'invalid post-only order: order crosses book'}]
2026-07-30 12:15:42,568 - ERROR - [PLACE FAIL] 4008127555885222 price=0.43
2026-07-30 12:15:57,365 - INFO - [SCREENER] 237 markets in 6.8s | yes:78 no:77 | next in 30s
2026-07-30 12:16:00,085 - ERROR - [py_clob_client_v2] request error status=400 url=https://clob.polymarket.com/order body={"error":"invalid post-only order: order crosses book"}
2026-07-30 12:16:00,085 - ERROR - [PLACE FAIL] 1147438962335931... price=0.56 attempt=1/2 | PolyApiException[status_code=400, error_message={'error': 'invalid post-only order: order crosses book'}]
2026-07-30 12:16:00,693 - ERROR - [PLACE FAIL] 1147438962335931 price=0.56
2026-07-30 12:16:22,469 - ERROR - [py_clob_client_v2] request error: Server disconnected
2026-07-30 12:16:22,469 - ERROR - [py_clob_client_v2] request error: Server disconnected
2026-07-30 12:16:22,469 - ERROR - 获取订单簿失败: 47559733105077022893... | PolyApiException[status_code=None, error_message=Request exception!]
2026-07-30 12:16:22,469 - ERROR - 获取订单簿失败: 44494303768002692414... | PolyApiException[status_code=None, error_message=Request exception!]
2026-07-30 12:16:23,467 - WARNING - [RETRY] 4755973310507702 bids不足2档，10s后重试
2026-07-30 12:16:23,467 - WARNING - [RETRY] 4449430376800269 bids不足2档，10s后重试
2026-07-30 12:16:37,531 - INFO - [SCREENER] 240 markets in 7.1s | yes:78 no:75 | next in 30s
2026-07-30 12:16:39,835 - ERROR - [py_clob_client_v2] request error status=400 url=https://clob.polymarket.com/order body={"error":"invalid post-only order: order crosses book"}
2026-07-30 12:16:39,835 - ERROR - [PLACE FAIL] 4449430376800269... price=0.61 attempt=1/2 | PolyApiException[status_code=400, error_message={'error': 'invalid post-only order: order crosses book'}]
2026-07-30 12:16:40,388 - ERROR - [PLACE FAIL] 4449430376800269 price=0.61
2026-07-30 12:17:16,586 - INFO - [SCREENER] 256 markets in 6.9s | yes:79 no:75 | next in 30s
2026-07-30 12:17:47,850 - INFO - [SCREENER] 239 markets in 6.8s | yes:78 no:70 | next in 30s
2026-07-30 12:17:50,426 - ERROR - [py_clob_client_v2] request error status=400 url=https://clob.polymarket.com/order body={"error":"invalid post-only order: order crosses book"}
2026-07-30 12:17:50,426 - ERROR - [PLACE FAIL] 4008127555885222... price=0.43 attempt=1/2 | PolyApiException[status_code=400, error_message={'error': 'invalid post-only order: order crosses book'}]
2026-07-30 12:17:51,170 - ERROR - [PLACE FAIL] 4008127555885222 price=0.43
2026-07-30 12:17:51,175 - ERROR - [py_clob_client_v2] request error: Server disconnected
2026-07-30 12:17:51,175 - ERROR - [py_clob_client_v2] request error: Server disconnected
2026-07-30 12:17:51,175 - ERROR - 获取订单簿失败: 67597282109722966962... | PolyApiException[status_code=None, error_message=Request exception!]
2026-07-30 12:17:51,176 - ERROR - 获取订单簿失败: 91800871891803559864... | PolyApiException[status_code=None, error_message=Request exception!]
2026-07-30 12:17:52,176 - WARNING - [RETRY] 6759728210972296 bids不足2档，10s后重试
2026-07-30 12:17:52,176 - WARNING - [RETRY] 9180087189180355 bids不足2档，10s后重试
2026-07-30 12:18:02,311 - ERROR - [py_clob_client_v2] request error status=400 url=https://clob.polymarket.com/order body={"error":"invalid post-only order: order crosses book"}
2026-07-30 12:18:02,311 - ERROR - [PLACE FAIL] 1147438962335931... price=0.56 attempt=1/2 | PolyApiException[status_code=400, error_message={'error': 'invalid post-only order: order crosses book'}]
2026-07-30 12:18:03,056 - ERROR - [PLACE FAIL] 1147438962335931 price=0.56
2026-07-30 12:18:27,390 - INFO - [SCREENER] 243 markets in 6.6s | yes:76 no:71 | next in 30s
2026-07-30 12:18:42,519 - ERROR - [py_clob_client_v2] request error status=400 url=https://clob.polymarket.com/order body={"error":"invalid post-only order: order crosses book"}
2026-07-30 12:18:42,519 - ERROR - [PLACE FAIL] 4449430376800269... price=0.61 attempt=1/2 | PolyApiException[status_code=400, error_message={'error': 'invalid post-only order: order crosses book'}]
2026-07-30 12:18:43,265 - ERROR - [PLACE FAIL] 4449430376800269 price=0.61
2026-07-30 12:19:06,953 - INFO - [SCREENER] 242 markets in 6.7s | yes:75 no:70 | next in 30s
2026-07-30 12:19:48,818 - INFO - [SCREENER] 242 markets in 7.0s | yes:77 no:70 | next in 30s
2026-07-30 12:19:53,003 - ERROR - [py_clob_client_v2] request error status=400 url=https://clob.polymarket.com/order body={"error":"invalid post-only order: order crosses book"}
2026-07-30 12:19:53,003 - ERROR - [PLACE FAIL] 4008127555885222... price=0.43 attempt=1/2 | PolyApiException[status_code=400, error_message={'error': 'invalid post-only order: order crosses book'}]
2026-07-30 12:19:53,732 - ERROR - [PLACE FAIL] 4008127555885222 price=0.43
2026-07-30 12:20:04,652 - ERROR - [py_clob_client_v2] request error status=400 url=https://clob.polymarket.com/order body={"error":"invalid post-only order: order crosses book"}
2026-07-30 12:20:04,652 - ERROR - [PLACE FAIL] 1147438962335931... price=0.56 attempt=1/2 | PolyApiException[status_code=400, error_message={'error': 'invalid post-only order: order crosses book'}]
2026-07-30 12:20:05,396 - ERROR - [PLACE FAIL] 1147438962335931 price=0.56
2026-07-30 12:20:28,589 - INFO - [SCREENER] 238 markets in 7.2s | yes:78 no:70 | next in 30s
2026-07-30 12:20:46,664 - ERROR - [py_clob_client_v2] request error status=400 url=https://clob.polymarket.com/order body={"error":"invalid post-only order: order crosses book"}
2026-07-30 12:20:46,664 - ERROR - [PLACE FAIL] 4449430376800269... price=0.61 attempt=1/2 | PolyApiException[status_code=400, error_message={'error': 'invalid post-only order: order crosses book'}]
2026-07-30 12:20:47,195 - ERROR - [PLACE FAIL] 4449430376800269 price=0.61
2026-07-30 12:21:07,139 - INFO - [SCREENER] 240 markets in 6.3s | yes:78 no:72 | next in 30s
2026-07-30 12:21:49,688 - INFO - [SCREENER] 240 markets in 7.4s | yes:80 no:70 | next in 30s
2026-07-30 12:21:55,233 - ERROR - [py_clob_client_v2] request error status=400 url=https://clob.polymarket.com/order body={"error":"invalid post-only order: order crosses book"}
2026-07-30 12:21:55,234 - ERROR - [PLACE FAIL] 4008127555885222... price=0.43 attempt=1/2 | PolyApiException[status_code=400, error_message={'error': 'invalid post-only order: order crosses book'}]
2026-07-30 12:21:55,976 - ERROR - [PLACE FAIL] 4008127555885222 price=0.43
2026-07-30 12:22:07,274 - ERROR - [py_clob_client_v2] request error status=400 url=https://clob.polymarket.com/order body={"error":"invalid post-only order: order crosses book"}
2026-07-30 12:22:07,274 - ERROR - [PLACE FAIL] 1147438962335931... price=0.56 attempt=1/2 | PolyApiException[status_code=400, error_message={'error': 'invalid post-only order: order crosses book'}]
2026-07-30 12:22:07,972 - ERROR - [PLACE FAIL] 1147438962335931 price=0.56
2026-07-30 12:22:29,692 - INFO - [SCREENER] 237 markets in 6.7s | yes:76 no:71 | next in 30s
2026-07-30 12:22:48,552 - ERROR - [py_clob_client_v2] request error status=400 url=https://clob.polymarket.com/order body={"error":"invalid post-only order: order crosses book"}
2026-07-30 12:22:48,552 - ERROR - [PLACE FAIL] 4449430376800269... price=0.61 attempt=1/2 | PolyApiException[status_code=400, error_message={'error': 'invalid post-only order: order crosses book'}]
2026-07-30 12:22:49,273 - ERROR - [PLACE FAIL] 4449430376800269 price=0.61
2026-07-30 12:23:08,553 - INFO - [SCREENER] 241 markets in 6.6s | yes:75 no:73 | next in 30s
2026-07-30 12:23:52,213 - INFO - [SCREENER] 237 markets in 8.7s | yes:81 no:74 | next in 30s
2026-07-30 12:23:57,398 - ERROR - [py_clob_client_v2] request error status=400 url=https://clob.polymarket.com/order body={"error":"invalid post-only order: order crosses book"}
2026-07-30 12:23:57,398 - ERROR - [PLACE FAIL] 4008127555885222... price=0.43 attempt=1/2 | PolyApiException[status_code=400, error_message={'error': 'invalid post-only order: order crosses book'}]
2026-07-30 12:23:58,141 - ERROR - [PLACE FAIL] 4008127555885222 price=0.43
2026-07-30 12:24:10,080 - ERROR - [py_clob_client_v2] request error status=400 url=https://clob.polymarket.com/order body={"error":"invalid post-only order: order crosses book"}
2026-07-30 12:24:10,080 - ERROR - [PLACE FAIL] 1147438962335931... price=0.56 attempt=1/2 | PolyApiException[status_code=400, error_message={'error': 'invalid post-only order: order crosses book'}]
2026-07-30 12:24:10,817 - ERROR - [PLACE FAIL] 1147438962335931 price=0.56
2026-07-30 12:24:20,631 - INFO - [SCREENER] 236 markets in 6.8s | yes:82 no:73 | next in 30s
2026-07-30 12:24:23,037 - ERROR - [py_clob_client_v2] request error status=400 url=https://clob.polymarket.com/order body={"error":"invalid post-only order: order crosses book"}
2026-07-30 12:24:23,038 - ERROR - [PLACE FAIL] 4449430376800269... price=0.61 attempt=1/2 | PolyApiException[status_code=400, error_message={'error': 'invalid post-only order: order crosses book'}]
2026-07-30 12:24:23,783 - ERROR - [PLACE FAIL] 4449430376800269 price=0.61
2026-07-30 12:24:59,863 - INFO - [SCREENER] 242 markets in 6.7s | yes:82 no:72 | next in 30s
2026-07-30 12:25:39,445 - INFO - [SCREENER] 239 markets in 6.9s | yes:82 no:70 | next in 30s
2026-07-30 12:25:59,610 - ERROR - [py_clob_client_v2] request error status=400 url=https://clob.polymarket.com/order body={"error":"invalid post-only order: order crosses book"}
2026-07-30 12:25:59,610 - ERROR - [PLACE FAIL] 4008127555885222... price=0.43 attempt=1/2 | PolyApiException[status_code=400, error_message={'error': 'invalid post-only order: order crosses book'}]
2026-07-30 12:26:00,354 - ERROR - [PLACE FAIL] 4008127555885222 price=0.43
2026-07-30 12:26:10,317 - INFO - [SCREENER] 240 markets in 6.0s | yes:85 no:72 | next in 30s
2026-07-30 12:26:12,814 - ERROR - [py_clob_client_v2] request error status=400 url=https://clob.polymarket.com/order body={"error":"invalid post-only order: order crosses book"}
2026-07-30 12:26:12,817 - ERROR - [PLACE FAIL] 1147438962335931... price=0.56 attempt=1/2 | PolyApiException[status_code=400, error_message={'error': 'invalid post-only order: order crosses book'}]
2026-07-30 12:26:13,558 - ERROR - [PLACE FAIL] 1147438962335931 price=0.56
2026-07-30 12:26:25,828 - ERROR - [py_clob_client_v2] request error status=400 url=https://clob.polymarket.com/order body={"error":"invalid post-only order: order crosses book"}
2026-07-30 12:26:25,828 - ERROR - [PLACE FAIL] 4449430376800269... price=0.61 attempt=1/2 | PolyApiException[status_code=400, error_message={'error': 'invalid post-only order: order crosses book'}]
2026-07-30 12:26:26,575 - ERROR - [PLACE FAIL] 4449430376800269 price=0.61
2026-07-30 12:26:50,060 - INFO - [SCREENER] 239 markets in 6.8s | yes:83 no:70 | next in 30s
2026-07-30 12:27:29,332 - INFO - [SCREENER] 238 markets in 6.8s | yes:85 no:70 | next in 30s
2026-07-30 12:27:59,887 - INFO - [SCREENER] 241 markets in 6.3s | yes:84 no:69 | next in 30s
2026-07-30 12:28:02,413 - ERROR - [py_clob_client_v2] request error status=400 url=https://clob.polymarket.com/order body={"error":"invalid post-only order: order crosses book"}
2026-07-30 12:28:02,415 - ERROR - [PLACE FAIL] 4008127555885222... price=0.43 attempt=1/2 | PolyApiException[status_code=400, error_message={'error': 'invalid post-only order: order crosses book'}]
2026-07-30 12:28:03,156 - ERROR - [PLACE FAIL] 4008127555885222 price=0.43
2026-07-30 12:28:15,093 - ERROR - [py_clob_client_v2] request error status=400 url=https://clob.polymarket.com/order body={"error":"invalid post-only order: order crosses book"}
2026-07-30 12:28:15,093 - ERROR - [PLACE FAIL] 1147438962335931... price=0.56 attempt=1/2 | PolyApiException[status_code=400, error_message={'error': 'invalid post-only order: order crosses book'}]
2026-07-30 12:28:15,840 - ERROR - [PLACE FAIL] 1147438962335931 price=0.56
2026-07-30 12:28:28,800 - ERROR - [py_clob_client_v2] request error status=400 url=https://clob.polymarket.com/order body={"error":"invalid post-only order: order crosses book"}
2026-07-30 12:28:28,800 - ERROR - [PLACE FAIL] 4449430376800269... price=0.61 attempt=1/2 | PolyApiException[status_code=400, error_message={'error': 'invalid post-only order: order crosses book'}]
2026-07-30 12:28:29,537 - ERROR - [PLACE FAIL] 4449430376800269 price=0.61
2026-07-30 12:28:39,141 - INFO - [SCREENER] 235 markets in 6.6s | yes:85 no:70 | next in 30s
2026-07-30 12:29:18,330 - INFO - [SCREENER] 235 markets in 6.7s | yes:85 no:69 | next in 30s
2026-07-30 12:29:57,731 - INFO - [SCREENER] 238 markets in 7.0s | yes:87 no:68 | next in 30s
2026-07-30 12:30:04,840 - ERROR - [py_clob_client_v2] request error status=400 url=https://clob.polymarket.com/order body={"error":"invalid post-only order: order crosses book"}
2026-07-30 12:30:04,840 - ERROR - [PLACE FAIL] 4008127555885222... price=0.43 attempt=1/2 | PolyApiException[status_code=400, error_message={'error': 'invalid post-only order: order crosses book'}]
2026-07-30 12:30:05,583 - ERROR - [PLACE FAIL] 4008127555885222 price=0.43
2026-07-30 12:30:17,832 - ERROR - [py_clob_client_v2] request error status=400 url=https://clob.polymarket.com/order body={"error":"invalid post-only order: order crosses book"}
2026-07-30 12:30:17,832 - ERROR - [PLACE FAIL] 1147438962335931... price=0.56 attempt=1/2 | PolyApiException[status_code=400, error_message={'error': 'invalid post-only order: order crosses book'}]
2026-07-30 12:30:18,579 - ERROR - [PLACE FAIL] 1147438962335931 price=0.56
2026-07-30 12:30:29,091 - INFO - [SCREENER] 239 markets in 6.5s | yes:87 no:71 | next in 30s
2026-07-30 12:30:31,491 - ERROR - [py_clob_client_v2] request error status=400 url=https://clob.polymarket.com/order body={"error":"invalid post-only order: order crosses book"}
2026-07-30 12:30:31,492 - ERROR - [PLACE FAIL] 4449430376800269... price=0.61 attempt=1/2 | PolyApiException[status_code=400, error_message={'error': 'invalid post-only order: order crosses book'}]
2026-07-30 12:30:32,031 - ERROR - [PLACE FAIL] 4449430376800269 price=0.61
2026-07-30 12:31:08,298 - INFO - [SCREENER] 239 markets in 6.8s | yes:87 no:72 | next in 30s
2026-07-30 12:31:48,389 - INFO - [SCREENER] 238 markets in 7.2s | yes:87 no:70 | next in 30s
2026-07-30 12:32:07,126 - ERROR - [py_clob_client_v2] request error status=400 url=https://clob.polymarket.com/order body={"error":"invalid post-only order: order crosses book"}
2026-07-30 12:32:07,127 - ERROR - [PLACE FAIL] 4008127555885222... price=0.43 attempt=1/2 | PolyApiException[status_code=400, error_message={'error': 'invalid post-only order: order crosses book'}]
2026-07-30 12:32:07,867 - ERROR - [PLACE FAIL] 4008127555885222 price=0.43
2026-07-30 12:32:19,624 - INFO - [SCREENER] 238 markets in 6.8s | yes:90 no:72 | next in 30s
2026-07-30 12:32:22,118 - ERROR - [py_clob_client_v2] request error status=400 url=https://clob.polymarket.com/order body={"error":"invalid post-only order: order crosses book"}
2026-07-30 12:32:22,119 - ERROR - [PLACE FAIL] 1147438962335931... price=0.56 attempt=1/2 | PolyApiException[status_code=400, error_message={'error': 'invalid post-only order: order crosses book'}]
2026-07-30 12:32:22,859 - ERROR - [PLACE FAIL] 1147438962335931 price=0.56
2026-07-30 12:32:33,947 - ERROR - [py_clob_client_v2] request error status=400 url=https://clob.polymarket.com/order body={"error":"invalid post-only order: order crosses book"}
2026-07-30 12:32:33,949 - ERROR - [PLACE FAIL] 4449430376800269... price=0.61 attempt=1/2 | PolyApiException[status_code=400, error_message={'error': 'invalid post-only order: order crosses book'}]
2026-07-30 12:32:34,502 - ERROR - [PLACE FAIL] 4449430376800269 price=0.61
2026-07-30 12:32:58,906 - INFO - [SCREENER] 238 markets in 6.7s | yes:93 no:74 | next in 30s
2026-07-30 12:33:38,452 - INFO - [SCREENER] 237 markets in 6.8s | yes:87 no:73 | next in 30s
2026-07-30 12:34:09,227 - ERROR - [py_clob_client_v2] request error status=400 url=https://clob.polymarket.com/order body={"error":"invalid post-only order: order crosses book"}
2026-07-30 12:34:09,227 - ERROR - [PLACE FAIL] 4008127555885222... price=0.43 attempt=1/2 | PolyApiException[status_code=400, error_message={'error': 'invalid post-only order: order crosses book'}]
2026-07-30 12:34:09,942 - ERROR - [PLACE FAIL] 4008127555885222 price=0.43
2026-07-30 12:34:28,944 - INFO - [SCREENER] 237 markets in 15.0s | yes:88 no:73 | next in 30s
2026-07-30 12:34:31,190 - ERROR - [py_clob_client_v2] request error status=400 url=https://clob.polymarket.com/order body={"error":"invalid post-only order: order crosses book"}
2026-07-30 12:34:31,191 - ERROR - [PLACE FAIL] 1147438962335931... price=0.56 attempt=1/2 | PolyApiException[status_code=400, error_message={'error': 'invalid post-only order: order crosses book'}]
2026-07-30 12:34:31,911 - ERROR - [PLACE FAIL] 1147438962335931 price=0.56
2026-07-30 12:34:36,196 - ERROR - [py_clob_client_v2] request error status=400 url=https://clob.polymarket.com/order body={"error":"invalid post-only order: order crosses book"}
2026-07-30 12:34:36,197 - ERROR - [PLACE FAIL] 4449430376800269... price=0.61 attempt=1/2 | PolyApiException[status_code=400, error_message={'error': 'invalid post-only order: order crosses book'}]
2026-07-30 12:34:36,916 - ERROR - [PLACE FAIL] 4449430376800269 price=0.61
2026-07-30 12:34:58,711 - INFO - [SCREENER] 238 markets in 8.1s | yes:88 no:72 | next in 30s
2026-07-30 12:35:38,328 - INFO - [SCREENER] 234 markets in 7.1s | yes:89 no:72 | next in 30s
2026-07-30 12:36:18,116 - INFO - [SCREENER] 235 markets in 6.8s | yes:88 no:71 | next in 30s
2026-07-30 12:36:22,710 - ERROR - [py_clob_client_v2] request error status=400 url=https://clob.polymarket.com/order body={"error":"invalid post-only order: order crosses book"}
2026-07-30 12:36:22,711 - ERROR - [PLACE FAIL] 4008127555885222... price=0.43 attempt=1/2 | PolyApiException[status_code=400, error_message={'error': 'invalid post-only order: order crosses book'}]
2026-07-30 12:36:23,311 - ERROR - [PLACE FAIL] 4008127555885222 price=0.43
2026-07-30 12:36:34,551 - ERROR - [py_clob_client_v2] request error status=400 url=https://clob.polymarket.com/order body={"error":"invalid post-only order: order crosses book"}
2026-07-30 12:36:34,552 - ERROR - [PLACE FAIL] 1147438962335931... price=0.56 attempt=1/2 | PolyApiException[status_code=400, error_message={'error': 'invalid post-only order: order crosses book'}]
2026-07-30 12:36:35,291 - ERROR - [PLACE FAIL] 1147438962335931 price=0.56
2026-07-30 12:36:38,559 - ERROR - [py_clob_client_v2] request error status=400 url=https://clob.polymarket.com/order body={"error":"invalid post-only order: order crosses book"}
2026-07-30 12:36:38,559 - ERROR - [PLACE FAIL] 4449430376800269... price=0.61 attempt=1/2 | PolyApiException[status_code=400, error_message={'error': 'invalid post-only order: order crosses book'}]
2026-07-30 12:36:39,295 - ERROR - [PLACE FAIL] 4449430376800269 price=0.61
2026-07-30 12:36:50,205 - INFO - [SCREENER] 234 markets in 6.9s | yes:87 no:71 | next in 30s
2026-07-30 12:37:30,499 - INFO - [SCREENER] 232 markets in 7.7s | yes:89 no:74 | next in 30s
2026-07-30 12:38:09,452 - INFO - [SCREENER] 230 markets in 6.4s | yes:89 no:73 | next in 30s
2026-07-30 12:38:25,000 - ERROR - [py_clob_client_v2] request error status=400 url=https://clob.polymarket.com/order body={"error":"invalid post-only order: order crosses book"}
2026-07-30 12:38:25,002 - ERROR - [PLACE FAIL] 4008127555885222... price=0.43 attempt=1/2 | PolyApiException[status_code=400, error_message={'error': 'invalid post-only order: order crosses book'}]
2026-07-30 12:38:25,731 - ERROR - [PLACE FAIL] 4008127555885222 price=0.43
2026-07-30 12:38:40,470 - INFO - [SCREENER] 236 markets in 6.7s | yes:91 no:72 | next in 30s
2026-07-30 12:38:43,155 - ERROR - [py_clob_client_v2] request error status=400 url=https://clob.polymarket.com/order body={"error":"invalid post-only order: order crosses book"}
2026-07-30 12:38:43,155 - ERROR - [py_clob_client_v2] request error status=400 url=https://clob.polymarket.com/order body={"error":"invalid post-only order: order crosses book"}
2026-07-30 12:38:43,155 - ERROR - [PLACE FAIL] 1147438962335931... price=0.56 attempt=1/2 | PolyApiException[status_code=400, error_message={'error': 'invalid post-only order: order crosses book'}]
2026-07-30 12:38:43,157 - ERROR - [PLACE FAIL] 4449430376800269... price=0.61 attempt=1/2 | PolyApiException[status_code=400, error_message={'error': 'invalid post-only order: order crosses book'}]
2026-07-30 12:38:43,696 - ERROR - [PLACE FAIL] 1147438962335931 price=0.56
2026-07-30 12:38:43,696 - ERROR - [PLACE FAIL] 4449430376800269 price=0.61
2026-07-30 12:39:20,264 - INFO - [SCREENER] 237 markets in 7.2s | yes:88 no:72 | next in 30s
2026-07-30 12:39:59,712 - INFO - [SCREENER] 238 markets in 6.8s | yes:90 no:72 | next in 30s
2026-07-30 12:40:27,843 - ERROR - [py_clob_client_v2] request error status=400 url=https://clob.polymarket.com/order body={"error":"invalid post-only order: order crosses book"}
2026-07-30 12:40:27,843 - ERROR - [PLACE FAIL] 4008127555885222... price=0.43 attempt=1/2 | PolyApiException[status_code=400, error_message={'error': 'invalid post-only order: order crosses book'}]
2026-07-30 12:40:28,568 - ERROR - [PLACE FAIL] 4008127555885222 price=0.43
2026-07-30 12:40:41,105 - INFO - [SCREENER] 242 markets in 6.5s | yes:90 no:76 | next in 30s
2026-07-30 12:40:45,482 - ERROR - [py_clob_client_v2] request error status=400 url=https://clob.polymarket.com/order body={"error":"invalid post-only order: order crosses book"}
2026-07-30 12:40:45,484 - ERROR - [py_clob_client_v2] request error status=400 url=https://clob.polymarket.com/order body={"error":"invalid post-only order: order crosses book"}
2026-07-30 12:40:45,485 - ERROR - [PLACE FAIL] 1147438962335931... price=0.56 attempt=1/2 | PolyApiException[status_code=400, error_message={'error': 'invalid post-only order: order crosses book'}]
2026-07-30 12:40:45,485 - ERROR - [PLACE FAIL] 4449430376800269... price=0.61 attempt=1/2 | PolyApiException[status_code=400, error_message={'error': 'invalid post-only order: order crosses book'}]
2026-07-30 12:40:46,034 - ERROR - [PLACE FAIL] 1147438962335931 price=0.56
2026-07-30 12:40:46,035 - ERROR - [PLACE FAIL] 4449430376800269 price=0.61
2026-07-30 12:41:19,981 - INFO - [SCREENER] 241 markets in 6.5s | yes:90 no:73 | next in 30s
2026-07-30 12:41:59,017 - INFO - [SCREENER] 240 markets in 6.5s | yes:88 no:70 | next in 30s
2026-07-30 12:42:29,932 - ERROR - [py_clob_client_v2] request error status=400 url=https://clob.polymarket.com/order body={"error":"invalid post-only order: order crosses book"}
2026-07-30 12:42:29,932 - ERROR - [PLACE FAIL] 4008127555885222... price=0.43 attempt=1/2 | PolyApiException[status_code=400, error_message={'error': 'invalid post-only order: order crosses book'}]
2026-07-30 12:42:30,670 - ERROR - [PLACE FAIL] 4008127555885222 price=0.43
2026-07-30 12:42:38,142 - INFO - [SCREENER] 242 markets in 6.5s | yes:85 no:73 | next in 30s
2026-07-30 12:42:47,550 - ERROR - [py_clob_client_v2] request error status=400 url=https://clob.polymarket.com/order body={"error":"invalid post-only order: order crosses book"}
2026-07-30 12:42:47,550 - ERROR - [py_clob_client_v2] request error status=400 url=https://clob.polymarket.com/order body={"error":"invalid post-only order: order crosses book"}
2026-07-30 12:42:47,550 - ERROR - [PLACE FAIL] 1147438962335931... price=0.56 attempt=1/2 | PolyApiException[status_code=400, error_message={'error': 'invalid post-only order: order crosses book'}]
2026-07-30 12:42:47,550 - ERROR - [PLACE FAIL] 4449430376800269... price=0.61 attempt=1/2 | PolyApiException[status_code=400, error_message={'error': 'invalid post-only order: order crosses book'}]
2026-07-30 12:42:48,095 - ERROR - [PLACE FAIL] 1147438962335931 price=0.56
2026-07-30 12:42:48,095 - ERROR - [PLACE FAIL] 4449430376800269 price=0.61
2026-07-30 12:43:09,320 - INFO - [SCREENER] 242 markets in 6.5s | yes:87 no:76 | next in 30s
2026-07-30 12:43:48,148 - INFO - [SCREENER] 242 markets in 6.5s | yes:87 no:75 | next in 30s
2026-07-30 12:44:00,287 - ERROR - [BATCH CANCEL FAIL] 0xeb9984ab5d59ed3599... | order can't be found - already canceled or matched
2026-07-30 12:44:00,770 - ERROR - [BATCH CANCEL] 2107756874899721 取消失败，清空 active_id 进入冷却兜底
2026-07-30 12:44:01,340 - INFO - [SELL CONFIRMED] 未知 | Yes | size=20.0000 price=0.29
2026-07-30 12:44:27,375 - INFO - [SCREENER] 243 markets in 6.7s | yes:85 no:74 | next in 30s
2026-07-30 12:44:31,995 - ERROR - [py_clob_client_v2] request error status=400 url=https://clob.polymarket.com/order body={"error":"invalid post-only order: order crosses book"}
2026-07-30 12:44:31,995 - ERROR - [PLACE FAIL] 4008127555885222... price=0.43 attempt=1/2 | PolyApiException[status_code=400, error_message={'error': 'invalid post-only order: order crosses book'}]
2026-07-30 12:44:32,736 - ERROR - [PLACE FAIL] 4008127555885222 price=0.43
2026-07-30 12:44:42,325 - INFO - [LIMIT SELL] Will the highest temperature in Helsinki | 20.0000 shares @ 0.27
2026-07-30 12:44:42,325 - INFO - [POSITION] 限价卖出 1 个持仓
2026-07-30 12:44:49,809 - ERROR - [py_clob_client_v2] request error status=400 url=https://clob.polymarket.com/order body={"error":"invalid post-only order: order crosses book"}
2026-07-30 12:44:49,809 - ERROR - [py_clob_client_v2] request error status=400 url=https://clob.polymarket.com/order body={"error":"invalid post-only order: order crosses book"}
2026-07-30 12:44:49,809 - ERROR - [PLACE FAIL] 1147438962335931... price=0.56 attempt=1/2 | PolyApiException[status_code=400, error_message={'error': 'invalid post-only order: order crosses book'}]
2026-07-30 12:44:49,809 - ERROR - [PLACE FAIL] 4449430376800269... price=0.61 attempt=1/2 | PolyApiException[status_code=400, error_message={'error': 'invalid post-only order: order crosses book'}]
2026-07-30 12:44:50,330 - ERROR - [PLACE FAIL] 1147438962335931 price=0.56
2026-07-30 12:44:50,330 - ERROR - [PLACE FAIL] 4449430376800269 price=0.61
2026-07-30 12:44:52,779 - INFO - [SELL CONFIRMED] 未知 | Yes | size=0.0000 price=0.27
2026-07-30 12:44:59,392 - INFO - [SCREENER] 242 markets in 7.1s | yes:84 no:74 | next in 30s
2026-07-30 12:45:39,298 - INFO - [SCREENER] 240 markets in 7.6s | yes:83 no:74 | next in 30s
2026-07-30 12:46:18,941 - INFO - [SCREENER] 240 markets in 6.9s | yes:88 no:73 | next in 30s
2026-07-30 12:46:34,086 - ERROR - [py_clob_client_v2] request error status=400 url=https://clob.polymarket.com/order body={"error":"invalid post-only order: order crosses book"}
2026-07-30 12:46:34,086 - ERROR - [PLACE FAIL] 4008127555885222... price=0.43 attempt=1/2 | PolyApiException[status_code=400, error_message={'error': 'invalid post-only order: order crosses book'}]
2026-07-30 12:46:34,834 - ERROR - [PLACE FAIL] 4008127555885222 price=0.43
2026-07-30 12:46:51,977 - ERROR - [py_clob_client_v2] request error status=400 url=https://clob.polymarket.com/order body={"error":"invalid post-only order: order crosses book"}
2026-07-30 12:46:51,977 - ERROR - [py_clob_client_v2] request error status=400 url=https://clob.polymarket.com/order body={"error":"invalid post-only order: order crosses book"}
2026-07-30 12:46:51,977 - ERROR - [PLACE FAIL] 1147438962335931... price=0.56 attempt=1/2 | PolyApiException[status_code=400, error_message={'error': 'invalid post-only order: order crosses book'}]
2026-07-30 12:46:51,978 - ERROR - [PLACE FAIL] 4449430376800269... price=0.61 attempt=1/2 | PolyApiException[status_code=400, error_message={'error': 'invalid post-only order: order crosses book'}]
2026-07-30 12:46:52,519 - ERROR - [PLACE FAIL] 1147438962335931 price=0.56
2026-07-30 12:46:52,519 - ERROR - [PLACE FAIL] 4449430376800269 price=0.61
2026-07-30 12:47:01,071 - INFO - [SCREENER] 237 markets in 6.6s | yes:88 no:72 | next in 30s
2026-07-30 12:47:40,634 - INFO - [SCREENER] 237 markets in 7.2s | yes:87 no:72 | next in 30s
2026-07-30 12:48:19,674 - INFO - [SCREENER] 235 markets in 6.3s | yes:87 no:72 | next in 30s
2026-07-30 12:48:36,449 - ERROR - [py_clob_client_v2] request error: Server disconnected
2026-07-30 12:48:36,450 - ERROR - [py_clob_client_v2] request error: Server disconnected
2026-07-30 12:48:36,450 - ERROR - 获取订单簿失败: 23539464862211278215... | PolyApiException[status_code=None, error_message=Request exception!]
2026-07-30 12:48:36,450 - ERROR - [PLACE FAIL] 4008127555885222... price=0.43 attempt=1/2 | PolyApiException[status_code=None, error_message=Request exception!]
2026-07-30 12:48:37,443 - WARNING - [RETRY] 2353946486221127 bids不足2档，10s后重试
2026-07-30 12:48:37,935 - ERROR - [py_clob_client_v2] request error status=400 url=https://clob.polymarket.com/order body={"error":"invalid post-only order: order crosses book"}
2026-07-30 12:48:37,937 - ERROR - [PLACE FAIL] 4008127555885222... price=0.43 attempt=2/2 | PolyApiException[status_code=400, error_message={'error': 'invalid post-only order: order crosses book'}]
2026-07-30 12:48:38,444 - ERROR - [PLACE FAIL] 4008127555885222 price=0.43
2026-07-30 12:48:53,798 - ERROR - [py_clob_client_v2] request error status=400 url=https://clob.polymarket.com/order body={"error":"invalid post-only order: order crosses book"}
2026-07-30 12:48:53,798 - ERROR - [PLACE FAIL] 1147438962335931... price=0.56 attempt=1/2 | PolyApiException[status_code=400, error_message={'error': 'invalid post-only order: order crosses book'}]
2026-07-30 12:48:54,000 - ERROR - [py_clob_client_v2] request error status=400 url=https://clob.polymarket.com/order body={"error":"invalid post-only order: order crosses book"}
2026-07-30 12:48:54,001 - ERROR - [PLACE FAIL] 4449430376800269... price=0.61 attempt=1/2 | PolyApiException[status_code=400, error_message={'error': 'invalid post-only order: order crosses book'}]
2026-07-30 12:49:02,057 - INFO - [SCREENER] 234 markets in 7.5s | yes:83 no:73 | next in 30s
2026-07-30 12:49:03,577 - ERROR - [PLACE FAIL] 1147438962335931 price=0.56
2026-07-30 12:49:03,578 - ERROR - [PLACE FAIL] 4449430376800269 price=0.61
2026-07-30 12:49:42,281 - INFO - [SCREENER] 237 markets in 7.4s | yes:83 no:72 | next in 30s
2026-07-30 12:50:21,794 - INFO - [SCREENER] 237 markets in 6.6s | yes:84 no:72 | next in 30s
2026-07-30 12:50:39,873 - ERROR - [py_clob_client_v2] request error status=400 url=https://clob.polymarket.com/order body={"error":"invalid post-only order: order crosses book"}
2026-07-30 12:50:39,874 - ERROR - [PLACE FAIL] 4008127555885222... price=0.43 attempt=1/2 | PolyApiException[status_code=400, error_message={'error': 'invalid post-only order: order crosses book'}]
2026-07-30 12:50:40,619 - ERROR - [PLACE FAIL] 4008127555885222 price=0.43
2026-07-30 12:51:03,783 - INFO - [SCREENER] 240 markets in 6.9s | yes:81 no:74 | next in 30s
2026-07-30 12:51:06,478 - ERROR - [py_clob_client_v2] request error status=400 url=https://clob.polymarket.com/order body={"error":"invalid post-only order: order crosses book"}
2026-07-30 12:51:06,478 - ERROR - [PLACE FAIL] 1147438962335931... price=0.56 attempt=1/2 | PolyApiException[status_code=400, error_message={'error': 'invalid post-only order: order crosses book'}]
2026-07-30 12:51:06,479 - ERROR - [py_clob_client_v2] request error status=400 url=https://clob.polymarket.com/order body={"error":"invalid post-only order: order crosses book"}
2026-07-30 12:51:06,480 - ERROR - [PLACE FAIL] 4449430376800269... price=0.61 attempt=1/2 | PolyApiException[status_code=400, error_message={'error': 'invalid post-only order: order crosses book'}]
2026-07-30 12:51:07,000 - ERROR - [PLACE FAIL] 1147438962335931 price=0.56
2026-07-30 12:51:07,001 - ERROR - [PLACE FAIL] 4449430376800269 price=0.61
2026-07-30 12:51:43,124 - INFO - [SCREENER] 239 markets in 6.8s | yes:81 no:73 | next in 30s
2026-07-30 12:52:22,572 - INFO - [SCREENER] 237 markets in 6.7s | yes:82 no:73 | next in 30s
2026-07-30 12:52:23,964 - ERROR - [BATCH CANCEL FAIL] 0xcdda1e909aded55b5e... | order can't be found - already canceled or matched
2026-07-30 12:52:24,721 - ERROR - [BATCH CANCEL] 5844442152467324 取消失败，清空 active_id 进入冷却兜底
2026-07-30 12:52:34,439 - INFO - [BUY CONFIRMED] 未知 | No | size=20.0000 price=0.72
2026-07-30 12:52:42,610 - ERROR - [py_clob_client_v2] request error status=400 url=https://clob.polymarket.com/order body={"error":"invalid post-only order: order crosses book"}
2026-07-30 12:52:42,610 - ERROR - [PLACE FAIL] 4008127555885222... price=0.43 attempt=1/2 | PolyApiException[status_code=400, error_message={'error': 'invalid post-only order: order crosses book'}]
2026-07-30 12:52:43,347 - ERROR - [PLACE FAIL] 4008127555885222 price=0.43
2026-07-30 12:52:47,892 - INFO - [LIMIT SELL] Will "The Odyssey" 3rd Weekend Box Offic | 20.0000 shares @ 0.26
2026-07-30 12:52:47,892 - INFO - [POSITION] 限价卖出 1 个持仓
2026-07-30 12:52:57,705 - INFO - [SELL CONFIRMED] 未知 | Yes | size=0.0000 price=0.26
2026-07-30 12:53:05,592 - INFO - [SCREENER] 230 markets in 7.7s | yes:83 no:72 | next in 30s
2026-07-30 12:53:09,433 - ERROR - [py_clob_client_v2] request error status=400 url=https://clob.polymarket.com/order body={"error":"invalid post-only order: order crosses book"}
2026-07-30 12:53:09,433 - ERROR - [py_clob_client_v2] request error status=400 url=https://clob.polymarket.com/order body={"error":"invalid post-only order: order crosses book"}
2026-07-30 12:53:09,433 - ERROR - [PLACE FAIL] 1147438962335931... price=0.56 attempt=1/2 | PolyApiException[status_code=400, error_message={'error': 'invalid post-only order: order crosses book'}]
2026-07-30 12:53:09,433 - ERROR - [PLACE FAIL] 4449430376800269... price=0.61 attempt=1/2 | PolyApiException[status_code=400, error_message={'error': 'invalid post-only order: order crosses book'}]
2026-07-30 12:53:09,972 - ERROR - [PLACE FAIL] 1147438962335931 price=0.56
2026-07-30 12:53:09,972 - ERROR - [PLACE FAIL] 4449430376800269 price=0.61
2026-07-30 12:53:46,005 - INFO - [SCREENER] 232 markets in 7.3s | yes:82 no:72 | next in 30s
2026-07-30 12:54:26,124 - INFO - [SCREENER] 233 markets in 7.4s | yes:80 no:75 | next in 30s
2026-07-30 12:54:44,774 - ERROR - [py_clob_client_v2] request error status=400 url=https://clob.polymarket.com/order body={"error":"invalid post-only order: order crosses book"}
2026-07-30 12:54:44,775 - ERROR - [PLACE FAIL] 4008127555885222... price=0.43 attempt=1/2 | PolyApiException[status_code=400, error_message={'error': 'invalid post-only order: order crosses book'}]
2026-07-30 12:54:45,432 - ERROR - [PLACE FAIL] 4008127555885222 price=0.43
2026-07-30 12:55:08,654 - INFO - [SCREENER] 229 markets in 7.1s | yes:78 no:71 | next in 30s
2026-07-30 12:55:11,982 - ERROR - [py_clob_client_v2] request error status=400 url=https://clob.polymarket.com/order body={"error":"invalid post-only order: order crosses book"}
2026-07-30 12:55:11,982 - ERROR - [py_clob_client_v2] request error status=400 url=https://clob.polymarket.com/order body={"error":"invalid post-only order: order crosses book"}
2026-07-30 12:55:11,985 - ERROR - [PLACE FAIL] 1147438962335931... price=0.56 attempt=1/2 | PolyApiException[status_code=400, error_message={'error': 'invalid post-only order: order crosses book'}]
2026-07-30 12:55:11,985 - ERROR - [PLACE FAIL] 4449430376800269... price=0.61 attempt=1/2 | PolyApiException[status_code=400, error_message={'error': 'invalid post-only order: order crosses book'}]
2026-07-30 12:55:12,527 - ERROR - [PLACE FAIL] 1147438962335931 price=0.56
2026-07-30 12:55:12,527 - ERROR - [PLACE FAIL] 4449430376800269 price=0.61
2026-07-30 12:55:48,533 - INFO - [SCREENER] 230 markets in 7.3s | yes:80 no:71 | next in 30s
2026-07-30 12:56:29,130 - INFO - [SCREENER] 226 markets in 7.7s | yes:80 no:74 | next in 30s
2026-07-30 12:56:46,980 - ERROR - [py_clob_client_v2] request error status=400 url=https://clob.polymarket.com/order body={"error":"invalid post-only order: order crosses book"}
2026-07-30 12:56:46,980 - ERROR - [PLACE FAIL] 4008127555885222... price=0.43 attempt=1/2 | PolyApiException[status_code=400, error_message={'error': 'invalid post-only order: order crosses book'}]
2026-07-30 12:56:47,721 - ERROR - [PLACE FAIL] 4008127555885222 price=0.43
2026-07-30 12:57:11,666 - INFO - [SCREENER] 232 markets in 7.5s | yes:80 no:76 | next in 30s
2026-07-30 12:57:12,355 - ERROR - [POLL] 批量查询异常: ('Connection aborted.', RemoteDisconnected('Remote end closed connection without response'))
2026-07-30 12:57:14,814 - ERROR - [py_clob_client_v2] request error status=400 url=https://clob.polymarket.com/order body={"error":"invalid post-only order: order crosses book"}
2026-07-30 12:57:14,814 - ERROR - [PLACE FAIL] 1147438962335931... price=0.56 attempt=1/2 | PolyApiException[status_code=400, error_message={'error': 'invalid post-only order: order crosses book'}]
2026-07-30 12:57:14,814 - ERROR - [py_clob_client_v2] request error status=400 url=https://clob.polymarket.com/order body={"error":"invalid post-only order: order crosses book"}
2026-07-30 12:57:14,814 - ERROR - [PLACE FAIL] 4449430376800269... price=0.61 attempt=1/2 | PolyApiException[status_code=400, error_message={'error': 'invalid post-only order: order crosses book'}]
2026-07-30 12:57:15,358 - ERROR - [PLACE FAIL] 1147438962335931 price=0.56
2026-07-30 12:57:15,358 - ERROR - [PLACE FAIL] 4449430376800269 price=0.61
2026-07-30 12:57:51,534 - INFO - [SCREENER] 233 markets in 7.9s | yes:80 no:73 | next in 30s
2026-07-30 12:58:31,170 - INFO - [SCREENER] 224 markets in 6.9s | yes:79 no:71 | next in 30s
2026-07-30 12:58:49,781 - ERROR - [py_clob_client_v2] request error status=400 url=https://clob.polymarket.com/order body={"error":"invalid post-only order: order crosses book"}
2026-07-30 12:58:49,781 - ERROR - [PLACE FAIL] 4008127555885222... price=0.43 attempt=1/2 | PolyApiException[status_code=400, error_message={'error': 'invalid post-only order: order crosses book'}]
2026-07-30 12:58:50,508 - ERROR - [PLACE FAIL] 4008127555885222 price=0.43
2026-07-30 12:59:13,896 - INFO - [SCREENER] 221 markets in 7.1s | yes:77 no:74 | next in 30s
2026-07-30 12:59:17,616 - ERROR - [py_clob_client_v2] request error status=400 url=https://clob.polymarket.com/order body={"error":"invalid post-only order: order crosses book"}
2026-07-30 12:59:17,617 - ERROR - [PLACE FAIL] 1147438962335931... price=0.56 attempt=1/2 | PolyApiException[status_code=400, error_message={'error': 'invalid post-only order: order crosses book'}]
2026-07-30 12:59:17,618 - ERROR - [py_clob_client_v2] request error status=400 url=https://clob.polymarket.com/order body={"error":"invalid post-only order: order crosses book"}
2026-07-30 12:59:17,619 - ERROR - [PLACE FAIL] 4449430376800269... price=0.61 attempt=1/2 | PolyApiException[status_code=400, error_message={'error': 'invalid post-only order: order crosses book'}]
2026-07-30 12:59:18,145 - ERROR - [PLACE FAIL] 1147438962335931 price=0.56
2026-07-30 12:59:18,146 - ERROR - [PLACE FAIL] 4449430376800269 price=0.61
2026-07-30 12:59:53,949 - INFO - [SCREENER] 222 markets in 7.4s | yes:80 no:68 | next in 30s
2026-07-30 13:00:33,621 - INFO - [SCREENER] 218 markets in 7.2s | yes:76 no:72 | next in 30s
2026-07-30 13:00:51,775 - ERROR - [py_clob_client_v2] request error status=400 url=https://clob.polymarket.com/order body={"error":"invalid post-only order: order crosses book"}
2026-07-30 13:00:51,776 - ERROR - [PLACE FAIL] 4008127555885222... price=0.43 attempt=1/2 | PolyApiException[status_code=400, error_message={'error': 'invalid post-only order: order crosses book'}]
2026-07-30 13:00:52,515 - ERROR - [PLACE FAIL] 4008127555885222 price=0.43
2026-07-30 13:01:15,358 - INFO - [SCREENER] 220 markets in 6.4s | yes:78 no:68 | next in 30s
2026-07-30 13:01:20,067 - ERROR - [py_clob_client_v2] request error status=400 url=https://clob.polymarket.com/order body={"error":"invalid post-only order: order crosses book"}
2026-07-30 13:01:20,067 - ERROR - [py_clob_client_v2] request error status=400 url=https://clob.polymarket.com/order body={"error":"invalid post-only order: order crosses book"}
2026-07-30 13:01:20,067 - ERROR - [PLACE FAIL] 1147438962335931... price=0.56 attempt=1/2 | PolyApiException[status_code=400, error_message={'error': 'invalid post-only order: order crosses book'}]
2026-07-30 13:01:20,067 - ERROR - [PLACE FAIL] 4449430376800269... price=0.61 attempt=1/2 | PolyApiException[status_code=400, error_message={'error': 'invalid post-only order: order crosses book'}]
2026-07-30 13:01:20,608 - ERROR - [PLACE FAIL] 1147438962335931 price=0.56
2026-07-30 13:01:20,608 - ERROR - [PLACE FAIL] 4449430376800269 price=0.61
2026-07-30 13:01:56,560 - INFO - [SCREENER] 222 markets in 8.5s | yes:76 no:69 | next in 30s
2026-07-30 13:02:25,179 - INFO - [SCREENER] 217 markets in 7.0s | yes:76 no:68 | next in 30s
2026-07-30 13:02:53,877 - ERROR - [py_clob_client_v2] request error status=400 url=https://clob.polymarket.com/order body={"error":"invalid post-only order: order crosses book"}
2026-07-30 13:02:53,877 - ERROR - [PLACE FAIL] 4008127555885222... price=0.43 attempt=1/2 | PolyApiException[status_code=400, error_message={'error': 'invalid post-only order: order crosses book'}]
2026-07-30 13:02:54,616 - ERROR - [PLACE FAIL] 4008127555885222 price=0.43
2026-07-30 13:03:04,210 - INFO - [SCREENER] 214 markets in 6.6s | yes:76 no:67 | next in 30s
2026-07-30 13:03:22,853 - ERROR - [py_clob_client_v2] request error status=400 url=https://clob.polymarket.com/order body={"error":"invalid post-only order: order crosses book"}
2026-07-30 13:03:22,855 - ERROR - [PLACE FAIL] 1147438962335931... price=0.56 attempt=1/2 | PolyApiException[status_code=400, error_message={'error': 'invalid post-only order: order crosses book'}]
2026-07-30 13:03:22,855 - ERROR - [py_clob_client_v2] request error status=400 url=https://clob.polymarket.com/order body={"error":"invalid post-only order: order crosses book"}
2026-07-30 13:03:22,857 - ERROR - [PLACE FAIL] 4449430376800269... price=0.61 attempt=1/2 | PolyApiException[status_code=400, error_message={'error': 'invalid post-only order: order crosses book'}]
2026-07-30 13:03:23,330 - ERROR - [PLACE FAIL] 1147438962335931 price=0.56
2026-07-30 13:03:23,331 - ERROR - [PLACE FAIL] 4449430376800269 price=0.61
2026-07-30 13:03:36,117 - INFO - [SCREENER] 214 markets in 7.8s | yes:76 no:66 | next in 30s
2026-07-30 13:04:05,209 - INFO - [SCREENER] 210 markets in 6.7s | yes:74 no:64 | next in 30s
2026-07-30 13:04:45,524 - INFO - [SCREENER] 213 markets in 6.6s | yes:74 no:65 | next in 30s
2026-07-30 13:04:55,925 - ERROR - [py_clob_client_v2] request error status=400 url=https://clob.polymarket.com/order body={"error":"invalid post-only order: order crosses book"}
2026-07-30 13:04:55,926 - ERROR - [PLACE FAIL] 4008127555885222... price=0.43 attempt=1/2 | PolyApiException[status_code=400, error_message={'error': 'invalid post-only order: order crosses book'}]
2026-07-30 13:04:57,649 - ERROR - [PLACE FAIL] 4008127555885222 price=0.43
2026-07-30 13:05:29,936 - INFO - [SCREENER] 215 markets in 8.5s | yes:82 no:65 | next in 30s
2026-07-30 13:05:32,307 - ERROR - [py_clob_client_v2] request error status=400 url=https://clob.polymarket.com/order body={"error":"invalid post-only order: order crosses book"}
2026-07-30 13:05:32,307 - ERROR - [py_clob_client_v2] request error status=400 url=https://clob.polymarket.com/order body={"error":"invalid post-only order: order crosses book"}
2026-07-30 13:05:32,307 - ERROR - [PLACE FAIL] 1147438962335931... price=0.56 attempt=1/2 | PolyApiException[status_code=400, error_message={'error': 'invalid post-only order: order crosses book'}]
2026-07-30 13:05:32,307 - ERROR - [PLACE FAIL] 4449430376800269... price=0.61 attempt=1/2 | PolyApiException[status_code=400, error_message={'error': 'invalid post-only order: order crosses book'}]
2026-07-30 13:05:32,847 - ERROR - [PLACE FAIL] 1147438962335931 price=0.56
2026-07-30 13:05:32,847 - ERROR - [PLACE FAIL] 4449430376800269 price=0.61
2026-07-30 13:06:00,963 - INFO - [SCREENER] 217 markets in 9.5s | yes:79 no:66 | next in 30s
2026-07-30 13:06:34,993 - INFO - [SCREENER] 217 markets in 12.1s | yes:81 no:69 | next in 30s
2026-07-30 13:07:04,141 - INFO - [SCREENER] 216 markets in 7.1s | yes:79 no:67 | next in 30s
2026-07-30 13:07:06,837 - ERROR - [py_clob_client_v2] request error status=400 url=https://clob.polymarket.com/order body={"error":"invalid post-only order: order crosses book"}
2026-07-30 13:07:06,837 - ERROR - [PLACE FAIL] 4008127555885222... price=0.43 attempt=1/2 | PolyApiException[status_code=400, error_message={'error': 'invalid post-only order: order crosses book'}]
2026-07-30 13:07:07,562 - ERROR - [PLACE FAIL] 4008127555885222 price=0.43
2026-07-30 13:07:36,035 - INFO - [SCREENER] 209 markets in 6.7s | yes:83 no:70 | next in 30s
2026-07-30 13:07:38,509 - ERROR - [py_clob_client_v2] request error status=400 url=https://clob.polymarket.com/order body={"error":"invalid post-only order: order crosses book"}
2026-07-30 13:07:38,511 - ERROR - [py_clob_client_v2] request error status=400 url=https://clob.polymarket.com/order body={"error":"invalid post-only order: order crosses book"}
2026-07-30 13:07:38,511 - ERROR - [PLACE FAIL] 1147438962335931... price=0.56 attempt=1/2 | PolyApiException[status_code=400, error_message={'error': 'invalid post-only order: order crosses book'}]
2026-07-30 13:07:38,511 - ERROR - [PLACE FAIL] 4449430376800269... price=0.61 attempt=1/2 | PolyApiException[status_code=400, error_message={'error': 'invalid post-only order: order crosses book'}]
2026-07-30 13:07:39,043 - ERROR - [PLACE FAIL] 1147438962335931 price=0.56
2026-07-30 13:07:39,044 - ERROR - [PLACE FAIL] 4449430376800269 price=0.61
2026-07-30 13:07:48,659 - ERROR - [py_clob_client_v2] request error: Server disconnected
2026-07-30 13:07:48,660 - ERROR - [py_clob_client_v2] request error: Server disconnected
2026-07-30 13:07:48,660 - ERROR - 获取订单簿失败: 99860869153874126426... | PolyApiException[status_code=None, error_message=Request exception!]
2026-07-30 13:07:48,661 - ERROR - [PLACE FAIL] 7611769026576564... price=0.41 attempt=1/2 | PolyApiException[status_code=None, error_message=Request exception!]
2026-07-30 13:07:49,656 - WARNING - [RETRY] 9986086915387412 bids不足2档，10s后重试
2026-07-30 13:08:15,824 - INFO - [SCREENER] 213 markets in 7.0s | yes:82 no:69 | next in 30s
2026-07-30 13:08:56,824 - INFO - [SCREENER] 217 markets in 7.9s | yes:80 no:68 | next in 30s
2026-07-30 13:09:10,111 - ERROR - [py_clob_client_v2] request error status=400 url=https://clob.polymarket.com/order body={"error":"invalid post-only order: order crosses book"}
2026-07-30 13:09:10,111 - ERROR - [PLACE FAIL] 4008127555885222... price=0.43 attempt=1/2 | PolyApiException[status_code=400, error_message={'error': 'invalid post-only order: order crosses book'}]
2026-07-30 13:09:10,854 - ERROR - [PLACE FAIL] 4008127555885222 price=0.43
2026-07-30 13:09:39,208 - INFO - [SCREENER] 218 markets in 7.0s | yes:81 no:67 | next in 30s
2026-07-30 13:09:41,787 - ERROR - [py_clob_client_v2] request error status=400 url=https://clob.polymarket.com/order body={"error":"invalid post-only order: order crosses book"}
2026-07-30 13:09:41,788 - ERROR - [PLACE FAIL] 1147438962335931... price=0.56 attempt=1/2 | PolyApiException[status_code=400, error_message={'error': 'invalid post-only order: order crosses book'}]
2026-07-30 13:09:41,788 - ERROR - [py_clob_client_v2] request error status=400 url=https://clob.polymarket.com/order body={"error":"invalid post-only order: order crosses book"}
2026-07-30 13:09:41,788 - ERROR - [PLACE FAIL] 4449430376800269... price=0.61 attempt=1/2 | PolyApiException[status_code=400, error_message={'error': 'invalid post-only order: order crosses book'}]
2026-07-30 13:09:42,305 - ERROR - [PLACE FAIL] 1147438962335931 price=0.56
2026-07-30 13:09:42,305 - ERROR - [PLACE FAIL] 4449430376800269 price=0.61
2026-07-30 13:10:18,310 - INFO - [SCREENER] 220 markets in 6.6s | yes:80 no:68 | next in 30s
2026-07-30 13:10:58,281 - INFO - [SCREENER] 221 markets in 7.1s | yes:78 no:67 | next in 30s
2026-07-30 13:11:13,047 - ERROR - [py_clob_client_v2] request error status=400 url=https://clob.polymarket.com/order body={"error":"invalid post-only order: order crosses book"}
2026-07-30 13:11:13,047 - ERROR - [PLACE FAIL] 4008127555885222... price=0.43 attempt=1/2 | PolyApiException[status_code=400, error_message={'error': 'invalid post-only order: order crosses book'}]
2026-07-30 13:11:13,765 - ERROR - [PLACE FAIL] 4008127555885222 price=0.43
2026-07-30 13:11:42,748 - INFO - [SCREENER] 220 markets in 8.7s | yes:77 no:64 | next in 30s
2026-07-30 13:11:45,515 - ERROR - [py_clob_client_v2] request error status=400 url=https://clob.polymarket.com/order body={"error":"invalid post-only order: order crosses book"}
2026-07-30 13:11:45,515 - ERROR - [py_clob_client_v2] request error status=400 url=https://clob.polymarket.com/order body={"error":"invalid post-only order: order crosses book"}
2026-07-30 13:11:45,516 - ERROR - [PLACE FAIL] 1147438962335931... price=0.56 attempt=1/2 | PolyApiException[status_code=400, error_message={'error': 'invalid post-only order: order crosses book'}]
2026-07-30 13:11:45,516 - ERROR - [PLACE FAIL] 4449430376800269... price=0.61 attempt=1/2 | PolyApiException[status_code=400, error_message={'error': 'invalid post-only order: order crosses book'}]
2026-07-30 13:11:46,054 - ERROR - [PLACE FAIL] 1147438962335931 price=0.56
2026-07-30 13:11:46,054 - ERROR - [PLACE FAIL] 4449430376800269 price=0.61
2026-07-30 13:12:11,670 - INFO - [SCREENER] 219 markets in 6.9s | yes:79 no:68 | next in 30s
2026-07-30 13:12:50,540 - INFO - [SCREENER] 218 markets in 6.5s | yes:81 no:67 | next in 30s
2026-07-30 13:13:15,550 - ERROR - [py_clob_client_v2] request error status=400 url=https://clob.polymarket.com/order body={"error":"invalid post-only order: order crosses book"}
2026-07-30 13:13:15,550 - ERROR - [PLACE FAIL] 4008127555885222... price=0.43 attempt=1/2 | PolyApiException[status_code=400, error_message={'error': 'invalid post-only order: order crosses book'}]
2026-07-30 13:13:16,135 - ERROR - [PLACE FAIL] 4008127555885222 price=0.43
2026-07-30 13:13:29,956 - INFO - [SCREENER] 221 markets in 6.8s | yes:79 no:67 | next in 30s
2026-07-30 13:13:47,490 - ERROR - [py_clob_client_v2] request error status=400 url=https://clob.polymarket.com/order body={"error":"invalid post-only order: order crosses book"}
2026-07-30 13:13:47,491 - ERROR - [PLACE FAIL] 1147438962335931... price=0.56 attempt=1/2 | PolyApiException[status_code=400, error_message={'error': 'invalid post-only order: order crosses book'}]
2026-07-30 13:13:47,683 - ERROR - [py_clob_client_v2] request error status=400 url=https://clob.polymarket.com/order body={"error":"invalid post-only order: order crosses book"}
2026-07-30 13:13:47,685 - ERROR - [PLACE FAIL] 4449430376800269... price=0.61 attempt=1/2 | PolyApiException[status_code=400, error_message={'error': 'invalid post-only order: order crosses book'}]
2026-07-30 13:13:48,231 - ERROR - [PLACE FAIL] 1147438962335931 price=0.56
2026-07-30 13:13:48,231 - ERROR - [PLACE FAIL] 4449430376800269 price=0.61
2026-07-30 13:14:02,505 - INFO - [SCREENER] 226 markets in 8.3s | yes:81 no:67 | next in 30s
2026-07-30 13:14:41,935 - INFO - [SCREENER] 221 markets in 7.1s | yes:81 no:66 | next in 30s
2026-07-30 13:15:22,086 - INFO - [SCREENER] 228 markets in 7.6s | yes:82 no:67 | next in 30s
2026-07-30 13:15:25,480 - ERROR - [py_clob_client_v2] request error status=400 url=https://clob.polymarket.com/order body={"error":"invalid post-only order: order crosses book"}
2026-07-30 13:15:25,480 - ERROR - [PLACE FAIL] 4008127555885222... price=0.43 attempt=1/2 | PolyApiException[status_code=400, error_message={'error': 'invalid post-only order: order crosses book'}]
2026-07-30 13:15:26,196 - ERROR - [PLACE FAIL] 4008127555885222 price=0.43
2026-07-30 13:15:54,356 - INFO - [SCREENER] 226 markets in 6.9s | yes:81 no:66 | next in 30s
2026-07-30 13:15:57,053 - ERROR - [py_clob_client_v2] request error status=400 url=https://clob.polymarket.com/order body={"error":"invalid post-only order: order crosses book"}
2026-07-30 13:15:57,054 - ERROR - [PLACE FAIL] 1147438962335931... price=0.56 attempt=1/2 | PolyApiException[status_code=400, error_message={'error': 'invalid post-only order: order crosses book'}]
2026-07-30 13:15:57,257 - ERROR - [py_clob_client_v2] request error status=400 url=https://clob.polymarket.com/order body={"error":"invalid post-only order: order crosses book"}
2026-07-30 13:15:57,257 - ERROR - [PLACE FAIL] 4449430376800269... price=0.61 attempt=1/2 | PolyApiException[status_code=400, error_message={'error': 'invalid post-only order: order crosses book'}]
2026-07-30 13:15:57,582 - ERROR - [PLACE FAIL] 1147438962335931 price=0.56
2026-07-30 13:15:57,582 - ERROR - [PLACE FAIL] 4449430376800269 price=0.61
2026-07-30 13:16:34,040 - INFO - [SCREENER] 218 markets in 7.0s | yes:81 no:69 | next in 30s
2026-07-30 13:17:13,691 - INFO - [SCREENER] 220 markets in 7.0s | yes:80 no:67 | next in 30s
2026-07-30 13:17:27,768 - ERROR - [py_clob_client_v2] request error status=400 url=https://clob.polymarket.com/order body={"error":"invalid post-only order: order crosses book"}
2026-07-30 13:17:27,768 - ERROR - [PLACE FAIL] 4008127555885222... price=0.43 attempt=1/2 | PolyApiException[status_code=400, error_message={'error': 'invalid post-only order: order crosses book'}]
2026-07-30 13:17:28,305 - ERROR - [PLACE FAIL] 4008127555885222 price=0.43
2026-07-30 13:17:55,938 - INFO - [SCREENER] 223 markets in 7.0s | yes:81 no:67 | next in 30s
2026-07-30 13:17:59,398 - ERROR - [py_clob_client_v2] request error status=400 url=https://clob.polymarket.com/order body={"error":"invalid post-only order: order crosses book"}
2026-07-30 13:17:59,398 - ERROR - [py_clob_client_v2] request error status=400 url=https://clob.polymarket.com/order body={"error":"invalid post-only order: order crosses book"}
2026-07-30 13:17:59,398 - ERROR - [PLACE FAIL] 1147438962335931... price=0.56 attempt=1/2 | PolyApiException[status_code=400, error_message={'error': 'invalid post-only order: order crosses book'}]
2026-07-30 13:17:59,398 - ERROR - [PLACE FAIL] 4449430376800269... price=0.61 attempt=1/2 | PolyApiException[status_code=400, error_message={'error': 'invalid post-only order: order crosses book'}]
2026-07-30 13:17:59,942 - ERROR - [PLACE FAIL] 1147438962335931 price=0.56
2026-07-30 13:17:59,942 - ERROR - [PLACE FAIL] 4449430376800269 price=0.61
2026-07-30 13:18:35,810 - INFO - [SCREENER] 225 markets in 7.4s | yes:81 no:69 | next in 30s
2026-07-30 13:19:15,056 - INFO - [SCREENER] 221 markets in 7.1s | yes:82 no:70 | next in 30s
2026-07-30 13:19:30,488 - ERROR - [py_clob_client_v2] request error status=400 url=https://clob.polymarket.com/order body={"error":"invalid post-only order: order crosses book"}
2026-07-30 13:19:30,488 - ERROR - [PLACE FAIL] 4008127555885222... price=0.43 attempt=1/2 | PolyApiException[status_code=400, error_message={'error': 'invalid post-only order: order crosses book'}]
2026-07-30 13:19:31,224 - ERROR - [PLACE FAIL] 4008127555885222 price=0.43
2026-07-30 13:19:59,346 - INFO - [SCREENER] 223 markets in 8.2s | yes:72 no:66 | next in 30s
2026-07-30 13:20:02,432 - ERROR - [py_clob_client_v2] request error status=400 url=https://clob.polymarket.com/order body={"error":"invalid post-only order: order crosses book"}
2026-07-30 13:20:02,432 - ERROR - [PLACE FAIL] 1147438962335931... price=0.56 attempt=1/2 | PolyApiException[status_code=400, error_message={'error': 'invalid post-only order: order crosses book'}]
2026-07-30 13:20:02,613 - ERROR - [PLACE FAIL] 1147438962335931 price=0.56
2026-07-30 13:20:28,230 - INFO - [SCREENER] 221 markets in 6.9s | yes:80 no:67 | next in 30s
2026-07-30 13:20:43,399 - ERROR - [py_clob_client_v2] request error status=400 url=https://clob.polymarket.com/order body={"error":"invalid post-only order: order crosses book"}
2026-07-30 13:20:43,399 - ERROR - [PLACE FAIL] 4449430376800269... price=0.61 attempt=1/2 | PolyApiException[status_code=400, error_message={'error': 'invalid post-only order: order crosses book'}]
2026-07-30 13:20:44,133 - ERROR - [PLACE FAIL] 4449430376800269 price=0.61
2026-07-30 13:21:07,727 - INFO - [SCREENER] 217 markets in 6.9s | yes:86 no:66 | next in 30s
2026-07-30 13:21:33,295 - ERROR - [py_clob_client_v2] request error status=400 url=https://clob.polymarket.com/order body={"error":"invalid post-only order: order crosses book"}
2026-07-30 13:21:33,295 - ERROR - [PLACE FAIL] 4008127555885222... price=0.43 attempt=1/2 | PolyApiException[status_code=400, error_message={'error': 'invalid post-only order: order crosses book'}]
2026-07-30 13:21:34,042 - ERROR - [PLACE FAIL] 4008127555885222 price=0.43
2026-07-30 13:21:47,995 - INFO - [SCREENER] 224 markets in 7.9s | yes:83 no:62 | next in 30s
2026-07-30 13:22:04,383 - ERROR - [py_clob_client_v2] request error status=400 url=https://clob.polymarket.com/order body={"error":"invalid post-only order: order crosses book"}
2026-07-30 13:22:04,383 - ERROR - [PLACE FAIL] 1147438962335931... price=0.56 attempt=1/2 | PolyApiException[status_code=400, error_message={'error': 'invalid post-only order: order crosses book'}]
2026-07-30 13:22:05,108 - ERROR - [PLACE FAIL] 1147438962335931 price=0.56
2026-07-30 13:22:20,243 - INFO - [SCREENER] 224 markets in 7.1s | yes:82 no:64 | next in 30s
2026-07-30 13:22:46,116 - ERROR - [py_clob_client_v2] request error status=400 url=https://clob.polymarket.com/order body={"error":"invalid post-only order: order crosses book"}
2026-07-30 13:22:46,116 - ERROR - [PLACE FAIL] 4449430376800269... price=0.61 attempt=1/2 | PolyApiException[status_code=400, error_message={'error': 'invalid post-only order: order crosses book'}]
2026-07-30 13:22:46,730 - ERROR - [PLACE FAIL] 4449430376800269 price=0.61
2026-07-30 13:23:01,322 - INFO - [SCREENER] 221 markets in 7.6s | yes:75 no:64 | next in 30s
2026-07-30 13:23:41,177 - INFO - [SCREENER] 221 markets in 7.6s | yes:73 no:63 | next in 30s
2026-07-30 13:23:43,868 - ERROR - [py_clob_client_v2] request error status=400 url=https://clob.polymarket.com/order body={"error":"invalid post-only order: order crosses book"}
2026-07-30 13:23:43,868 - ERROR - [PLACE FAIL] 4008127555885222... price=0.43 attempt=1/2 | PolyApiException[status_code=400, error_message={'error': 'invalid post-only order: order crosses book'}]
2026-07-30 13:23:44,607 - ERROR - [PLACE FAIL] 4008127555885222 price=0.43
2026-07-30 13:24:12,730 - INFO - [SCREENER] 222 markets in 6.8s | yes:73 no:64 | next in 30s
2026-07-30 13:24:15,456 - ERROR - [py_clob_client_v2] request error status=400 url=https://clob.polymarket.com/order body={"error":"invalid post-only order: order crosses book"}
2026-07-30 13:24:15,456 - ERROR - [PLACE FAIL] 1147438962335931... price=0.56 attempt=1/2 | PolyApiException[status_code=400, error_message={'error': 'invalid post-only order: order crosses book'}]
2026-07-30 13:24:16,199 - ERROR - [PLACE FAIL] 1147438962335931 price=0.56
2026-07-30 13:24:53,511 - INFO - [SCREENER] 222 markets in 7.7s | yes:74 no:64 | next in 30s
2026-07-30 13:25:24,263 - ERROR - [py_clob_client_v2] request error status=400 url=https://clob.polymarket.com/order body={"error":"invalid post-only order: order crosses book"}
2026-07-30 13:25:24,265 - ERROR - [PLACE FAIL] 4449430376800269... price=0.61 attempt=1/2 | PolyApiException[status_code=400, error_message={'error': 'invalid post-only order: order crosses book'}]
2026-07-30 13:25:25,014 - ERROR - [PLACE FAIL] 4449430376800269 price=0.61
2026-07-30 13:25:32,769 - INFO - [SCREENER] 222 markets in 6.8s | yes:75 no:65 | next in 30s
2026-07-30 13:25:46,062 - ERROR - [py_clob_client_v2] request error status=400 url=https://clob.polymarket.com/order body={"error":"invalid post-only order: order crosses book"}
2026-07-30 13:25:46,064 - ERROR - [PLACE FAIL] 4008127555885222... price=0.43 attempt=1/2 | PolyApiException[status_code=400, error_message={'error': 'invalid post-only order: order crosses book'}]
2026-07-30 13:25:46,611 - ERROR - [PLACE FAIL] 4008127555885222 price=0.43
2026-07-30 13:26:14,634 - INFO - [SCREENER] 220 markets in 6.7s | yes:76 no:64 | next in 30s
2026-07-30 13:26:17,804 - ERROR - [py_clob_client_v2] request error status=400 url=https://clob.polymarket.com/order body={"error":"invalid post-only order: order crosses book"}
2026-07-30 13:26:17,804 - ERROR - [PLACE FAIL] 1147438962335931... price=0.56 attempt=1/2 | PolyApiException[status_code=400, error_message={'error': 'invalid post-only order: order crosses book'}]
2026-07-30 13:26:18,553 - ERROR - [PLACE FAIL] 1147438962335931 price=0.56
2026-07-30 13:26:54,565 - INFO - [SCREENER] 217 markets in 7.8s | yes:72 no:61 | next in 30s
2026-07-30 13:27:26,544 - ERROR - [py_clob_client_v2] request error status=400 url=https://clob.polymarket.com/order body={"error":"invalid post-only order: order crosses book"}
2026-07-30 13:27:26,544 - ERROR - [PLACE FAIL] 4449430376800269... price=0.61 attempt=1/2 | PolyApiException[status_code=400, error_message={'error': 'invalid post-only order: order crosses book'}]
2026-07-30 13:27:34,093 - INFO - [SCREENER] 219 markets in 6.8s | yes:68 no:62 | next in 30s
2026-07-30 13:27:35,353 - ERROR - [PLACE FAIL] 4449430376800269 price=0.61
2026-07-30 13:27:48,245 - ERROR - [py_clob_client_v2] request error status=400 url=https://clob.polymarket.com/order body={"error":"invalid post-only order: order crosses book"}
2026-07-30 13:27:48,246 - ERROR - [PLACE FAIL] 4008127555885222... price=0.43 attempt=1/2 | PolyApiException[status_code=400, error_message={'error': 'invalid post-only order: order crosses book'}]
2026-07-30 13:27:48,980 - ERROR - [PLACE FAIL] 4008127555885222 price=0.43
2026-07-30 13:28:15,709 - INFO - [SCREENER] 208 markets in 6.4s | yes:68 no:63 | next in 30s
2026-07-30 13:28:20,451 - ERROR - [py_clob_client_v2] request error status=400 url=https://clob.polymarket.com/order body={"error":"invalid post-only order: order crosses book"}
2026-07-30 13:28:20,452 - ERROR - [PLACE FAIL] 1147438962335931... price=0.56 attempt=1/2 | PolyApiException[status_code=400, error_message={'error': 'invalid post-only order: order crosses book'}]
2026-07-30 13:28:21,185 - ERROR - [PLACE FAIL] 1147438962335931 price=0.56
2026-07-30 13:28:56,273 - INFO - [SCREENER] 210 markets in 7.2s | yes:72 no:62 | next in 30s
2026-07-30 13:29:35,859 - INFO - [SCREENER] 212 markets in 6.7s | yes:71 no:62 | next in 30s
2026-07-30 13:29:38,701 - ERROR - [py_clob_client_v2] request error status=400 url=https://clob.polymarket.com/order body={"error":"invalid post-only order: order crosses book"}
2026-07-30 13:29:38,702 - ERROR - [PLACE FAIL] 4449430376800269... price=0.61 attempt=1/2 | PolyApiException[status_code=400, error_message={'error': 'invalid post-only order: order crosses book'}]
2026-07-30 13:29:39,453 - ERROR - [PLACE FAIL] 4449430376800269 price=0.61
2026-07-30 13:29:50,313 - ERROR - [py_clob_client_v2] request error status=400 url=https://clob.polymarket.com/order body={"error":"invalid post-only order: order crosses book"}
2026-07-30 13:29:50,313 - ERROR - [PLACE FAIL] 4008127555885222... price=0.43 attempt=1/2 | PolyApiException[status_code=400, error_message={'error': 'invalid post-only order: order crosses book'}]
2026-07-30 13:29:51,044 - ERROR - [PLACE FAIL] 4008127555885222 price=0.43
2026-07-30 13:30:18,046 - INFO - [SCREENER] 210 markets in 7.0s | yes:72 no:63 | next in 30s
2026-07-30 13:30:22,670 - ERROR - [py_clob_client_v2] request error status=400 url=https://clob.polymarket.com/order body={"error":"invalid post-only order: order crosses book"}
2026-07-30 13:30:22,671 - ERROR - [PLACE FAIL] 1147438962335931... price=0.56 attempt=1/2 | PolyApiException[status_code=400, error_message={'error': 'invalid post-only order: order crosses book'}]
2026-07-30 13:30:23,412 - ERROR - [PLACE FAIL] 1147438962335931 price=0.56
2026-07-30 13:30:58,153 - INFO - [SCREENER] 217 markets in 7.1s | yes:72 no:63 | next in 30s
2026-07-30 13:31:37,561 - INFO - [SCREENER] 217 markets in 7.3s | yes:70 no:63 | next in 30s
2026-07-30 13:31:40,765 - ERROR - [py_clob_client_v2] request error status=400 url=https://clob.polymarket.com/order body={"error":"invalid post-only order: order crosses book"}
2026-07-30 13:31:40,765 - ERROR - [PLACE FAIL] 4449430376800269... price=0.61 attempt=1/2 | PolyApiException[status_code=400, error_message={'error': 'invalid post-only order: order crosses book'}]
2026-07-30 13:31:41,507 - ERROR - [PLACE FAIL] 4449430376800269 price=0.61
2026-07-30 13:31:52,542 - ERROR - [py_clob_client_v2] request error status=400 url=https://clob.polymarket.com/order body={"error":"invalid post-only order: order crosses book"}
2026-07-30 13:31:52,542 - ERROR - [PLACE FAIL] 4008127555885222... price=0.43 attempt=1/2 | PolyApiException[status_code=400, error_message={'error': 'invalid post-only order: order crosses book'}]
2026-07-30 13:31:53,290 - ERROR - [PLACE FAIL] 4008127555885222 price=0.43
2026-07-30 13:32:19,325 - INFO - [SCREENER] 213 markets in 6.9s | yes:73 no:62 | next in 30s
2026-07-30 13:32:24,962 - ERROR - [py_clob_client_v2] request error status=400 url=https://clob.polymarket.com/order body={"error":"invalid post-only order: order crosses book"}
2026-07-30 13:32:24,962 - ERROR - [PLACE FAIL] 1147438962335931... price=0.56 attempt=1/2 | PolyApiException[status_code=400, error_message={'error': 'invalid post-only order: order crosses book'}]
2026-07-30 13:32:25,501 - ERROR - [PLACE FAIL] 1147438962335931 price=0.56
2026-07-30 13:33:00,212 - INFO - [SCREENER] 216 markets in 8.3s | yes:75 no:63 | next in 30s
2026-07-30 13:33:38,808 - INFO - [SCREENER] 220 markets in 6.3s | yes:75 no:64 | next in 30s
2026-07-30 13:33:43,275 - ERROR - [py_clob_client_v2] request error status=400 url=https://clob.polymarket.com/order body={"error":"invalid post-only order: order crosses book"}
2026-07-30 13:33:43,276 - ERROR - [PLACE FAIL] 4449430376800269... price=0.61 attempt=1/2 | PolyApiException[status_code=400, error_message={'error': 'invalid post-only order: order crosses book'}]
2026-07-30 13:33:44,013 - ERROR - [PLACE FAIL] 4449430376800269 price=0.61
2026-07-30 13:33:54,990 - ERROR - [py_clob_client_v2] request error status=400 url=https://clob.polymarket.com/order body={"error":"invalid post-only order: order crosses book"}
2026-07-30 13:33:54,991 - ERROR - [PLACE FAIL] 4008127555885222... price=0.43 attempt=1/2 | PolyApiException[status_code=400, error_message={'error': 'invalid post-only order: order crosses book'}]
2026-07-30 13:33:55,692 - ERROR - [PLACE FAIL] 4008127555885222 price=0.43
2026-07-30 13:34:20,993 - INFO - [SCREENER] 212 markets in 7.2s | yes:73 no:62 | next in 30s
2026-07-30 13:34:27,157 - ERROR - [py_clob_client_v2] request error status=400 url=https://clob.polymarket.com/order body={"error":"invalid post-only order: order crosses book"}
2026-07-30 13:34:27,158 - ERROR - [PLACE FAIL] 1147438962335931... price=0.56 attempt=1/2 | PolyApiException[status_code=400, error_message={'error': 'invalid post-only order: order crosses book'}]
2026-07-30 13:34:27,898 - ERROR - [PLACE FAIL] 1147438962335931 price=0.56
2026-07-30 13:35:00,188 - INFO - [SCREENER] 217 markets in 6.9s | yes:73 no:62 | next in 30s
2026-07-30 13:35:39,039 - INFO - [SCREENER] 218 markets in 6.3s | yes:75 no:62 | next in 30s
2026-07-30 13:35:46,202 - ERROR - [py_clob_client_v2] request error status=400 url=https://clob.polymarket.com/order body={"error":"invalid post-only order: order crosses book"}
2026-07-30 13:35:46,202 - ERROR - [PLACE FAIL] 4449430376800269... price=0.61 attempt=1/2 | PolyApiException[status_code=400, error_message={'error': 'invalid post-only order: order crosses book'}]
2026-07-30 13:35:46,941 - ERROR - [PLACE FAIL] 4449430376800269 price=0.61
2026-07-30 13:35:58,120 - ERROR - [py_clob_client_v2] request error status=400 url=https://clob.polymarket.com/order body={"error":"invalid post-only order: order crosses book"}
2026-07-30 13:35:58,120 - ERROR - [PLACE FAIL] 4008127555885222... price=0.43 attempt=1/2 | PolyApiException[status_code=400, error_message={'error': 'invalid post-only order: order crosses book'}]
2026-07-30 13:35:58,682 - ERROR - [PLACE FAIL] 4008127555885222 price=0.43
2026-07-30 13:36:18,992 - INFO - [SCREENER] 220 markets in 7.4s | yes:74 no:62 | next in 30s
2026-07-30 13:36:29,885 - ERROR - [py_clob_client_v2] request error status=400 url=https://clob.polymarket.com/order body={"error":"invalid post-only order: order crosses book"}
2026-07-30 13:36:29,885 - ERROR - [PLACE FAIL] 1147438962335931... price=0.56 attempt=1/2 | PolyApiException[status_code=400, error_message={'error': 'invalid post-only order: order crosses book'}]
2026-07-30 13:36:30,632 - ERROR - [PLACE FAIL] 1147438962335931 price=0.56
2026-07-30 13:36:50,544 - INFO - [SCREENER] 224 markets in 6.9s | yes:75 no:61 | next in 30s
2026-07-30 13:37:30,139 - INFO - [SCREENER] 222 markets in 7.2s | yes:74 no:65 | next in 30s
2026-07-30 13:37:48,513 - ERROR - [py_clob_client_v2] request error status=400 url=https://clob.polymarket.com/order body={"error":"invalid post-only order: order crosses book"}
2026-07-30 13:37:48,514 - ERROR - [PLACE FAIL] 4449430376800269... price=0.61 attempt=1/2 | PolyApiException[status_code=400, error_message={'error': 'invalid post-only order: order crosses book'}]
2026-07-30 13:37:49,001 - ERROR - [PLACE FAIL] 4449430376800269 price=0.61
2026-07-30 13:38:00,870 - ERROR - [py_clob_client_v2] request error status=400 url=https://clob.polymarket.com/order body={"error":"invalid post-only order: order crosses book"}
2026-07-30 13:38:00,871 - ERROR - [PLACE FAIL] 4008127555885222... price=0.43 attempt=1/2 | PolyApiException[status_code=400, error_message={'error': 'invalid post-only order: order crosses book'}]
2026-07-30 13:38:01,607 - ERROR - [PLACE FAIL] 4008127555885222 price=0.43
2026-07-30 13:38:09,034 - INFO - [SCREENER] 216 markets in 6.4s | yes:77 no:65 | next in 30s
2026-07-30 13:38:32,896 - ERROR - [py_clob_client_v2] request error status=400 url=https://clob.polymarket.com/order body={"error":"invalid post-only order: order crosses book"}
2026-07-30 13:38:32,896 - ERROR - [PLACE FAIL] 1147438962335931... price=0.56 attempt=1/2 | PolyApiException[status_code=400, error_message={'error': 'invalid post-only order: order crosses book'}]
2026-07-30 13:38:40,102 - INFO - [SCREENER] 223 markets in 6.7s | yes:78 no:68 | next in 30s
2026-07-30 13:38:41,288 - ERROR - [PLACE FAIL] 1147438962335931 price=0.56
2026-07-30 13:39:19,932 - INFO - [SCREENER] 225 markets in 7.0s | yes:78 no:68 | next in 30s
2026-07-30 13:39:51,130 - ERROR - [py_clob_client_v2] request error status=400 url=https://clob.polymarket.com/order body={"error":"invalid post-only order: order crosses book"}
2026-07-30 13:39:51,130 - ERROR - [PLACE FAIL] 4449430376800269... price=0.61 attempt=1/2 | PolyApiException[status_code=400, error_message={'error': 'invalid post-only order: order crosses book'}]
2026-07-30 13:39:51,672 - ERROR - [PLACE FAIL] 4449430376800269 price=0.61
2026-07-30 13:39:59,287 - INFO - [SCREENER] 229 markets in 6.6s | yes:80 no:66 | next in 30s
2026-07-30 13:40:03,453 - ERROR - [py_clob_client_v2] request error status=400 url=https://clob.polymarket.com/order body={"error":"invalid post-only order: order crosses book"}
2026-07-30 13:40:03,454 - ERROR - [PLACE FAIL] 4008127555885222... price=0.43 attempt=1/2 | PolyApiException[status_code=400, error_message={'error': 'invalid post-only order: order crosses book'}]
2026-07-30 13:40:04,168 - ERROR - [PLACE FAIL] 4008127555885222 price=0.43
2026-07-30 13:40:22,120 - ERROR - [BATCH CANCEL FAIL] 0xe5eed38f4cbd0959f3... | order can't be found - already canceled or matched
2026-07-30 13:40:24,264 - ERROR - [BATCH CANCEL] 8481238146634837 取消失败，清空 active_id 进入冷却兜底
2026-07-30 13:40:28,784 - INFO - [BUY CONFIRMED] 未知 | No | size=20.0000 price=0.74
2026-07-30 13:40:40,812 - INFO - [SCREENER] 226 markets in 6.5s | yes:76 no:63 | next in 30s
2026-07-30 13:40:43,097 - ERROR - [py_clob_client_v2] request error status=400 url=https://clob.polymarket.com/order body={"error":"invalid post-only order: order crosses book"}
2026-07-30 13:40:43,097 - ERROR - [PLACE FAIL] 1147438962335931... price=0.56 attempt=1/2 | PolyApiException[status_code=400, error_message={'error': 'invalid post-only order: order crosses book'}]
2026-07-30 13:40:43,844 - ERROR - [PLACE FAIL] 1147438962335931 price=0.56
2026-07-30 13:41:20,467 - INFO - [SCREENER] 223 markets in 7.0s | yes:73 no:65 | next in 30s
2026-07-30 13:42:00,067 - INFO - [SCREENER] 222 markets in 7.3s | yes:74 no:64 | next in 30s
2026-07-30 13:42:05,760 - ERROR - [py_clob_client_v2] request error status=400 url=https://clob.polymarket.com/order body={"error":"invalid post-only order: order crosses book"}
2026-07-30 13:42:05,760 - ERROR - [PLACE FAIL] 4008127555885222... price=0.43 attempt=1/2 | PolyApiException[status_code=400, error_message={'error': 'invalid post-only order: order crosses book'}]
2026-07-30 13:42:06,500 - ERROR - [PLACE FAIL] 4008127555885222 price=0.43
2026-07-30 13:42:18,603 - ERROR - [py_clob_client_v2] request error status=400 url=https://clob.polymarket.com/order body={"error":"invalid post-only order: order crosses book"}
2026-07-30 13:42:18,603 - ERROR - [PLACE FAIL] 4449430376800269... price=0.61 attempt=1/2 | PolyApiException[status_code=400, error_message={'error': 'invalid post-only order: order crosses book'}]
2026-07-30 13:42:19,302 - ERROR - [PLACE FAIL] 4449430376800269 price=0.61
2026-07-30 13:42:31,387 - INFO - [SCREENER] 223 markets in 8.1s | yes:74 no:66 | next in 30s
2026-07-30 13:42:35,529 - INFO - [LIMIT SELL] Iran full airspace closure by August 15? | 20.0000 shares @ 0.25
2026-07-30 13:42:35,529 - INFO - [POSITION] 限价卖出 1 个持仓
2026-07-30 13:42:45,877 - INFO - [SELL CONFIRMED] 未知 | Yes | size=0.0000 price=0.25
2026-07-30 13:42:46,902 - ERROR - [py_clob_client_v2] request error status=400 url=https://clob.polymarket.com/order body={"error":"invalid post-only order: order crosses book"}
2026-07-30 13:42:46,903 - ERROR - [PLACE FAIL] 1147438962335931... price=0.56 attempt=1/2 | PolyApiException[status_code=400, error_message={'error': 'invalid post-only order: order crosses book'}]
2026-07-30 13:42:47,320 - ERROR - [PLACE FAIL] 1147438962335931 price=0.56
2026-07-30 13:43:06,096 - INFO - [SCREENER] 221 markets in 9.8s | yes:71 no:65 | next in 30s
2026-07-30 13:43:38,079 - INFO - [SCREENER] 221 markets in 8.9s | yes:74 no:64 | next in 30s
2026-07-30 13:44:10,679 - INFO - [SCREENER] 218 markets in 10.5s | yes:76 no:65 | next in 30s
2026-07-30 13:44:13,115 - ERROR - [py_clob_client_v2] request error status=400 url=https://clob.polymarket.com/order body={"error":"invalid post-only order: order crosses book"}
2026-07-30 13:44:13,117 - ERROR - [PLACE FAIL] 4008127555885222... price=0.43 attempt=1/2 | PolyApiException[status_code=400, error_message={'error': 'invalid post-only order: order crosses book'}]
2026-07-30 13:44:13,837 - ERROR - [PLACE FAIL] 4008127555885222 price=0.43
2026-07-30 13:44:21,114 - ERROR - [py_clob_client_v2] request error status=400 url=https://clob.polymarket.com/order body={"error":"invalid post-only order: order crosses book"}
2026-07-30 13:44:21,114 - ERROR - [PLACE FAIL] 4449430376800269... price=0.61 attempt=1/2 | PolyApiException[status_code=400, error_message={'error': 'invalid post-only order: order crosses book'}]
2026-07-30 13:44:22,624 - ERROR - [PLACE FAIL] 4449430376800269 price=0.61
2026-07-30 13:44:39,484 - INFO - [SCREENER] 216 markets in 6.9s | yes:75 no:64 | next in 30s
2026-07-30 13:44:49,336 - ERROR - [py_clob_client_v2] request error status=400 url=https://clob.polymarket.com/order body={"error":"invalid post-only order: order crosses book"}
2026-07-30 13:44:49,337 - ERROR - [PLACE FAIL] 1147438962335931... price=0.56 attempt=1/2 | PolyApiException[status_code=400, error_message={'error': 'invalid post-only order: order crosses book'}]
2026-07-30 13:44:50,082 - ERROR - [PLACE FAIL] 1147438962335931 price=0.56
2026-07-30 13:45:15,577 - INFO - [SCREENER] 214 markets in 6.9s | yes:73 no:65 | next in 30s
2026-07-30 13:45:54,893 - INFO - [SCREENER] 214 markets in 7.0s | yes:73 no:64 | next in 30s
2026-07-30 13:46:16,177 - ERROR - [py_clob_client_v2] request error status=400 url=https://clob.polymarket.com/order body={"error":"invalid post-only order: order crosses book"}
2026-07-30 13:46:16,177 - ERROR - [PLACE FAIL] 4008127555885222... price=0.43 attempt=1/2 | PolyApiException[status_code=400, error_message={'error': 'invalid post-only order: order crosses book'}]
2026-07-30 13:46:17,367 - ERROR - [PLACE FAIL] 4008127555885222 price=0.43
2026-07-30 13:46:33,929 - INFO - [SCREENER] 217 markets in 6.6s | yes:71 no:62 | next in 30s
2026-07-30 13:46:52,196 - ERROR - [py_clob_client_v2] request error status=400 url=https://clob.polymarket.com/order body={"error":"invalid post-only order: order crosses book"}
2026-07-30 13:46:52,197 - ERROR - [PLACE FAIL] 1147438962335931... price=0.56 attempt=1/2 | PolyApiException[status_code=400, error_message={'error': 'invalid post-only order: order crosses book'}]
2026-07-30 13:46:52,924 - ERROR - [PLACE FAIL] 1147438962335931 price=0.56
2026-07-30 13:47:05,487 - INFO - [SCREENER] 218 markets in 6.6s | yes:69 no:62 | next in 30s
2026-07-30 13:47:46,548 - INFO - [SCREENER] 221 markets in 7.3s | yes:60 no:64 | next in 30s
2026-07-30 13:48:18,622 - ERROR - [py_clob_client_v2] request error status=400 url=https://clob.polymarket.com/order body={"error":"invalid post-only order: order crosses book"}
2026-07-30 13:48:18,623 - ERROR - [PLACE FAIL] 4008127555885222... price=0.43 attempt=1/2 | PolyApiException[status_code=400, error_message={'error': 'invalid post-only order: order crosses book'}]
2026-07-30 13:48:26,249 - INFO - [SCREENER] 222 markets in 6.9s | yes:59 no:63 | next in 30s
2026-07-30 13:48:27,261 - ERROR - [PLACE FAIL] 4008127555885222 price=0.43
2026-07-30 13:48:55,137 - ERROR - [py_clob_client_v2] request error status=400 url=https://clob.polymarket.com/order body={"error":"invalid post-only order: order crosses book"}
2026-07-30 13:48:55,139 - ERROR - [PLACE FAIL] 1147438962335931... price=0.56 attempt=1/2 | PolyApiException[status_code=400, error_message={'error': 'invalid post-only order: order crosses book'}]
2026-07-30 13:48:55,879 - ERROR - [PLACE FAIL] 1147438962335931 price=0.56
2026-07-30 13:49:07,745 - INFO - [SCREENER] 222 markets in 6.9s | yes:60 no:62 | next in 30s
2026-07-30 13:49:47,045 - INFO - [SCREENER] 223 markets in 6.7s | yes:59 no:62 | next in 30s
2026-07-30 13:50:25,457 - INFO - [SCREENER] 224 markets in 6.2s | yes:59 no:62 | next in 30s
2026-07-30 13:50:28,574 - ERROR - [py_clob_client_v2] request error status=400 url=https://clob.polymarket.com/order body={"error":"invalid post-only order: order crosses book"}
2026-07-30 13:50:28,574 - ERROR - [PLACE FAIL] 4008127555885222... price=0.43 attempt=1/2 | PolyApiException[status_code=400, error_message={'error': 'invalid post-only order: order crosses book'}]
2026-07-30 13:50:29,316 - ERROR - [PLACE FAIL] 4008127555885222 price=0.43
2026-07-30 13:51:03,591 - INFO - [SCREENER] 215 markets in 6.0s | yes:60 no:64 | next in 30s
2026-07-30 13:51:07,224 - ERROR - [py_clob_client_v2] request error status=400 url=https://clob.polymarket.com/order body={"error":"invalid post-only order: order crosses book"}
2026-07-30 13:51:07,226 - ERROR - [PLACE FAIL] 1147438962335931... price=0.56 attempt=1/2 | PolyApiException[status_code=400, error_message={'error': 'invalid post-only order: order crosses book'}]
2026-07-30 13:51:07,966 - ERROR - [PLACE FAIL] 1147438962335931 price=0.56
2026-07-30 13:51:45,637 - INFO - [SCREENER] 211 markets in 7.4s | yes:61 no:62 | next in 30s
2026-07-30 13:52:24,940 - INFO - [SCREENER] 211 markets in 6.7s | yes:61 no:63 | next in 30s
2026-07-30 13:52:31,079 - ERROR - [py_clob_client_v2] request error status=400 url=https://clob.polymarket.com/order body={"error":"invalid post-only order: order crosses book"}
2026-07-30 13:52:31,079 - ERROR - [PLACE FAIL] 4008127555885222... price=0.43 attempt=1/2 | PolyApiException[status_code=400, error_message={'error': 'invalid post-only order: order crosses book'}]
2026-07-30 13:52:31,819 - ERROR - [PLACE FAIL] 4008127555885222 price=0.43
2026-07-30 13:53:03,896 - INFO - [SCREENER] 208 markets in 6.8s | yes:61 no:65 | next in 30s
2026-07-30 13:53:10,159 - ERROR - [py_clob_client_v2] request error status=400 url=https://clob.polymarket.com/order body={"error":"invalid post-only order: order crosses book"}
2026-07-30 13:53:10,159 - ERROR - [PLACE FAIL] 1147438962335931... price=0.56 attempt=1/2 | PolyApiException[status_code=400, error_message={'error': 'invalid post-only order: order crosses book'}]
2026-07-30 13:53:10,894 - ERROR - [PLACE FAIL] 1147438962335931 price=0.56
2026-07-30 13:53:35,006 - INFO - [SCREENER] 208 markets in 7.1s | yes:61 no:65 | next in 30s
2026-07-30 13:54:13,508 - INFO - [SCREENER] 205 markets in 5.9s | yes:62 no:65 | next in 30s
2026-07-30 13:54:33,436 - ERROR - [py_clob_client_v2] request error status=400 url=https://clob.polymarket.com/order body={"error":"invalid post-only order: order crosses book"}
2026-07-30 13:54:33,437 - ERROR - [PLACE FAIL] 4008127555885222... price=0.43 attempt=1/2 | PolyApiException[status_code=400, error_message={'error': 'invalid post-only order: order crosses book'}]
2026-07-30 13:54:34,183 - ERROR - [PLACE FAIL] 4008127555885222 price=0.43
2026-07-30 13:54:52,459 - INFO - [SCREENER] 204 markets in 6.7s | yes:62 no:64 | next in 30s
2026-07-30 13:55:12,590 - ERROR - [py_clob_client_v2] request error status=400 url=https://clob.polymarket.com/order body={"error":"invalid post-only order: order crosses book"}
2026-07-30 13:55:12,590 - ERROR - [PLACE FAIL] 1147438962335931... price=0.56 attempt=1/2 | PolyApiException[status_code=400, error_message={'error': 'invalid post-only order: order crosses book'}]
2026-07-30 13:55:13,333 - ERROR - [PLACE FAIL] 1147438962335931 price=0.56
2026-07-30 13:55:31,283 - INFO - [SCREENER] 202 markets in 6.0s | yes:64 no:63 | next in 30s
2026-07-30 13:56:01,931 - INFO - [SCREENER] 204 markets in 6.7s | yes:63 no:63 | next in 30s
2026-07-30 13:56:42,341 - INFO - [SCREENER] 203 markets in 8.2s | yes:63 no:62 | next in 30s
2026-07-30 13:56:44,870 - ERROR - [py_clob_client_v2] request error status=400 url=https://clob.polymarket.com/order body={"error":"invalid post-only order: order crosses book"}
2026-07-30 13:56:44,871 - ERROR - [PLACE FAIL] 4008127555885222... price=0.43 attempt=1/2 | PolyApiException[status_code=400, error_message={'error': 'invalid post-only order: order crosses book'}]
2026-07-30 13:56:45,381 - ERROR - [PLACE FAIL] 4008127555885222 price=0.43
2026-07-30 13:57:21,630 - INFO - [SCREENER] 207 markets in 6.9s | yes:63 no:63 | next in 30s
2026-07-30 13:57:22,786 - ERROR - [py_clob_client_v2] request error status=400 url=https://clob.polymarket.com/order body={"error":"invalid post-only order: order crosses book"}
2026-07-30 13:57:22,786 - ERROR - [PLACE FAIL] 1147438962335931... price=0.56 attempt=1/2 | PolyApiException[status_code=400, error_message={'error': 'invalid post-only order: order crosses book'}]
2026-07-30 13:57:23,523 - ERROR - [PLACE FAIL] 1147438962335931 price=0.56
2026-07-30 13:57:53,706 - INFO - [SCREENER] 207 markets in 8.1s | yes:65 no:63 | next in 30s
2026-07-30 13:58:21,960 - INFO - [SCREENER] 199 markets in 6.2s | yes:64 no:63 | next in 30s
2026-07-30 13:58:47,277 - ERROR - [py_clob_client_v2] request error status=400 url=https://clob.polymarket.com/order body={"error":"invalid post-only order: order crosses book"}
2026-07-30 13:58:47,277 - ERROR - [PLACE FAIL] 4008127555885222... price=0.43 attempt=1/2 | PolyApiException[status_code=400, error_message={'error': 'invalid post-only order: order crosses book'}]
2026-07-30 13:58:48,023 - ERROR - [PLACE FAIL] 4008127555885222 price=0.43
2026-07-30 13:59:01,160 - INFO - [SCREENER] 198 markets in 6.1s | yes:67 no:63 | next in 30s
2026-07-30 13:59:25,637 - ERROR - [py_clob_client_v2] request error status=400 url=https://clob.polymarket.com/order body={"error":"invalid post-only order: order crosses book"}
2026-07-30 13:59:25,638 - ERROR - [PLACE FAIL] 1147438962335931... price=0.56 attempt=1/2 | PolyApiException[status_code=400, error_message={'error': 'invalid post-only order: order crosses book'}]
2026-07-30 13:59:26,180 - ERROR - [PLACE FAIL] 1147438962335931 price=0.56
2026-07-30 13:59:39,963 - INFO - [SCREENER] 200 markets in 6.8s | yes:67 no:63 | next in 30s
2026-07-30 14:00:12,843 - INFO - [SCREENER] 202 markets in 8.5s | yes:67 no:64 | next in 30s
2026-07-30 14:00:41,665 - INFO - [SCREENER] 199 markets in 6.9s | yes:63 no:63 | next in 30s
2026-07-30 14:00:49,921 - ERROR - [py_clob_client_v2] request error status=400 url=https://clob.polymarket.com/order body={"error":"invalid post-only order: order crosses book"}
2026-07-30 14:00:49,921 - ERROR - [PLACE FAIL] 4008127555885222... price=0.43 attempt=1/2 | PolyApiException[status_code=400, error_message={'error': 'invalid post-only order: order crosses book'}]
2026-07-30 14:00:50,663 - ERROR - [PLACE FAIL] 4008127555885222 price=0.43
2026-07-30 14:01:20,673 - INFO - [SCREENER] 203 markets in 6.7s | yes:67 no:63 | next in 30s
2026-07-30 14:01:28,057 - ERROR - [py_clob_client_v2] request error status=400 url=https://clob.polymarket.com/order body={"error":"invalid post-only order: order crosses book"}
2026-07-30 14:01:28,057 - ERROR - [PLACE FAIL] 1147438962335931... price=0.56 attempt=1/2 | PolyApiException[status_code=400, error_message={'error': 'invalid post-only order: order crosses book'}]
2026-07-30 14:01:28,785 - ERROR - [PLACE FAIL] 1147438962335931 price=0.56
2026-07-30 14:02:02,158 - INFO - [SCREENER] 201 markets in 6.5s | yes:66 no:62 | next in 30s
2026-07-30 14:02:40,576 - INFO - [SCREENER] 195 markets in 6.4s | yes:67 no:61 | next in 30s
2026-07-30 14:02:52,679 - ERROR - [py_clob_client_v2] request error status=400 url=https://clob.polymarket.com/order body={"error":"invalid post-only order: order crosses book"}
2026-07-30 14:02:52,681 - ERROR - [PLACE FAIL] 4008127555885222... price=0.43 attempt=1/2 | PolyApiException[status_code=400, error_message={'error': 'invalid post-only order: order crosses book'}]
2026-07-30 14:02:53,421 - ERROR - [PLACE FAIL] 4008127555885222 price=0.43
2026-07-30 14:03:19,428 - INFO - [SCREENER] 196 markets in 6.4s | yes:66 no:61 | next in 30s
2026-07-30 14:03:31,237 - ERROR - [py_clob_client_v2] request error status=400 url=https://clob.polymarket.com/order body={"error":"invalid post-only order: order crosses book"}
2026-07-30 14:03:31,238 - ERROR - [PLACE FAIL] 1147438962335931... price=0.56 attempt=1/2 | PolyApiException[status_code=400, error_message={'error': 'invalid post-only order: order crosses book'}]
2026-07-30 14:03:31,981 - ERROR - [PLACE FAIL] 1147438962335931 price=0.56
2026-07-30 14:03:59,343 - INFO - [SCREENER] 195 markets in 6.7s | yes:65 no:60 | next in 30s
2026-07-30 14:04:30,899 - INFO - [SCREENER] 192 markets in 6.7s | yes:67 no:60 | next in 30s
2026-07-30 14:04:55,270 - ERROR - [py_clob_client_v2] request error status=400 url=https://clob.polymarket.com/order body={"error":"invalid post-only order: order crosses book"}
2026-07-30 14:04:55,270 - ERROR - [PLACE FAIL] 4008127555885222... price=0.43 attempt=1/2 | PolyApiException[status_code=400, error_message={'error': 'invalid post-only order: order crosses book'}]
2026-07-30 14:04:56,000 - ERROR - [PLACE FAIL] 4008127555885222 price=0.43
2026-07-30 14:05:09,720 - INFO - [SCREENER] 194 markets in 6.7s | yes:66 no:60 | next in 30s
2026-07-30 14:05:33,257 - ERROR - [py_clob_client_v2] request error status=400 url=https://clob.polymarket.com/order body={"error":"invalid post-only order: order crosses book"}
2026-07-30 14:05:33,257 - ERROR - [PLACE FAIL] 1147438962335931... price=0.56 attempt=1/2 | PolyApiException[status_code=400, error_message={'error': 'invalid post-only order: order crosses book'}]
2026-07-30 14:05:33,991 - ERROR - [PLACE FAIL] 1147438962335931 price=0.56
2026-07-30 14:05:48,125 - INFO - [SCREENER] 191 markets in 6.1s | yes:65 no:61 | next in 30s
2026-07-30 14:06:18,667 - INFO - [SCREENER] 194 markets in 6.2s | yes:65 no:60 | next in 30s
2026-07-30 14:06:57,527 - INFO - [SCREENER] 190 markets in 6.9s | yes:67 no:60 | next in 30s
2026-07-30 14:06:59,938 - ERROR - [py_clob_client_v2] request error status=400 url=https://clob.polymarket.com/order body={"error":"invalid post-only order: order crosses book"}
2026-07-30 14:06:59,938 - ERROR - [PLACE FAIL] 4008127555885222... price=0.43 attempt=1/2 | PolyApiException[status_code=400, error_message={'error': 'invalid post-only order: order crosses book'}]
2026-07-30 14:07:00,683 - ERROR - [PLACE FAIL] 4008127555885222 price=0.43
2026-07-30 14:07:36,487 - INFO - [SCREENER] 195 markets in 6.7s | yes:66 no:60 | next in 30s
2026-07-30 14:07:39,059 - ERROR - [py_clob_client_v2] request error status=400 url=https://clob.polymarket.com/order body={"error":"invalid post-only order: order crosses book"}
2026-07-30 14:07:39,059 - ERROR - [PLACE FAIL] 1147438962335931... price=0.56 attempt=1/2 | PolyApiException[status_code=400, error_message={'error': 'invalid post-only order: order crosses book'}]
2026-07-30 14:07:39,811 - ERROR - [PLACE FAIL] 1147438962335931 price=0.56
2026-07-30 14:08:15,188 - INFO - [SCREENER] 194 markets in 6.2s | yes:66 no:60 | next in 30s
2026-07-30 14:08:45,918 - INFO - [SCREENER] 213 markets in 6.5s | yes:68 no:62 | next in 30s
2026-07-30 14:09:02,709 - ERROR - [py_clob_client_v2] request error status=400 url=https://clob.polymarket.com/order body={"error":"invalid post-only order: order crosses book"}
2026-07-30 14:09:02,710 - ERROR - [PLACE FAIL] 4008127555885222... price=0.43 attempt=1/2 | PolyApiException[status_code=400, error_message={'error': 'invalid post-only order: order crosses book'}]
2026-07-30 14:09:03,432 - ERROR - [PLACE FAIL] 4008127555885222 price=0.43
2026-07-30 14:09:24,969 - INFO - [SCREENER] 211 markets in 6.8s | yes:64 no:62 | next in 30s
2026-07-30 14:09:41,192 - ERROR - [py_clob_client_v2] request error status=400 url=https://clob.polymarket.com/order body={"error":"invalid post-only order: order crosses book"}
2026-07-30 14:09:41,192 - ERROR - [PLACE FAIL] 1147438962335931... price=0.56 attempt=1/2 | PolyApiException[status_code=400, error_message={'error': 'invalid post-only order: order crosses book'}]
2026-07-30 14:09:41,944 - ERROR - [PLACE FAIL] 1147438962335931 price=0.56
2026-07-30 14:10:04,083 - INFO - [SCREENER] 211 markets in 6.5s | yes:58 no:61 | next in 30s
2026-07-30 14:10:04,364 - ERROR - [py_clob_client_v2] request error: Server disconnected
2026-07-30 14:10:04,364 - ERROR - [py_clob_client_v2] request error: Server disconnected
2026-07-30 14:10:04,364 - ERROR - [CANCEL FAIL] 0x6566225db1ad1e3536... | PolyApiException[status_code=None, error_message=Request exception!]
2026-07-30 14:10:04,364 - ERROR - 查询订单失败: PolyApiException[status_code=None, error_message=Request exception!]
2026-07-30 14:10:04,364 - ERROR - [py_clob_client_v2] request error: Server disconnected
2026-07-30 14:10:04,365 - ERROR - [DISCOVER] 订单查询失败，跳过本周期
2026-07-30 14:10:04,365 - ERROR - [CANCEL FAIL] 0xb04687bf92fdb7bb1e... | PolyApiException[status_code=None, error_message=Request exception!]
2026-07-30 14:10:04,930 - ERROR - [CANCEL FAIL] 0x6566225db1ad1e3536 订单仍存活在交易所！保持 RESTING
2026-07-30 14:10:04,930 - ERROR - [CANCEL FAIL] 0xb04687bf92fdb7bb1e 订单仍存活在交易所！保持 RESTING
2026-07-30 14:10:16,383 - WARNING - [AUDIT] 6925372861000528 订单丢失纠偏
2026-07-30 14:10:16,383 - WARNING - [AUDIT] 5173928304312758 订单丢失纠偏
2026-07-30 14:10:33,851 - INFO - [SCREENER] 210 markets in 6.0s | yes:57 no:61 | next in 30s
2026-07-30 14:11:05,559 - ERROR - [py_clob_client_v2] request error status=400 url=https://clob.polymarket.com/order body={"error":"invalid post-only order: order crosses book"}
2026-07-30 14:11:05,560 - ERROR - [PLACE FAIL] 4008127555885222... price=0.43 attempt=1/2 | PolyApiException[status_code=400, error_message={'error': 'invalid post-only order: order crosses book'}]
2026-07-30 14:11:12,756 - INFO - [SCREENER] 214 markets in 6.5s | yes:60 no:61 | next in 30s
2026-07-30 14:11:13,668 - ERROR - [PLACE FAIL] 4008127555885222 price=0.43
2026-07-30 14:11:44,171 - ERROR - [py_clob_client_v2] request error status=400 url=https://clob.polymarket.com/order body={"error":"invalid post-only order: order crosses book"}
2026-07-30 14:11:44,171 - ERROR - [PLACE FAIL] 1147438962335931... price=0.56 attempt=1/2 | PolyApiException[status_code=400, error_message={'error': 'invalid post-only order: order crosses book'}]
2026-07-30 14:11:51,174 - INFO - [SCREENER] 214 markets in 6.3s | yes:58 no:61 | next in 30s
2026-07-30 14:11:52,213 - ERROR - [PLACE FAIL] 1147438962335931 price=0.56
2026-07-30 14:12:29,587 - INFO - [SCREENER] 213 markets in 6.3s | yes:60 no:61 | next in 30s
2026-07-30 14:13:00,430 - INFO - [SCREENER] 213 markets in 6.8s | yes:59 no:63 | next in 30s
2026-07-30 14:13:15,290 - ERROR - [py_clob_client_v2] request error status=400 url=https://clob.polymarket.com/order body={"error":"invalid post-only order: order crosses book"}
2026-07-30 14:13:15,290 - ERROR - [PLACE FAIL] 4008127555885222... price=0.43 attempt=1/2 | PolyApiException[status_code=400, error_message={'error': 'invalid post-only order: order crosses book'}]
2026-07-30 14:13:16,039 - ERROR - [PLACE FAIL] 4008127555885222 price=0.43
2026-07-30 14:13:39,930 - INFO - [SCREENER] 215 markets in 7.3s | yes:60 no:62 | next in 30s
2026-07-30 14:13:54,000 - ERROR - [py_clob_client_v2] request error status=400 url=https://clob.polymarket.com/order body={"error":"invalid post-only order: order crosses book"}
2026-07-30 14:13:54,001 - ERROR - [PLACE FAIL] 1147438962335931... price=0.56 attempt=1/2 | PolyApiException[status_code=400, error_message={'error': 'invalid post-only order: order crosses book'}]
2026-07-30 14:13:54,738 - ERROR - [PLACE FAIL] 1147438962335931 price=0.56
2026-07-30 14:14:18,899 - INFO - [SCREENER] 214 markets in 6.5s | yes:63 no:62 | next in 30s
2026-07-30 14:14:50,071 - INFO - [SCREENER] 217 markets in 6.6s | yes:61 no:63 | next in 30s
2026-07-30 14:15:17,350 - ERROR - [py_clob_client_v2] request error status=400 url=https://clob.polymarket.com/order body={"error":"invalid post-only order: order crosses book"}
2026-07-30 14:15:17,350 - ERROR - [PLACE FAIL] 4008127555885222... price=0.43 attempt=1/2 | PolyApiException[status_code=400, error_message={'error': 'invalid post-only order: order crosses book'}]
2026-07-30 14:15:18,093 - ERROR - [PLACE FAIL] 4008127555885222 price=0.43
2026-07-30 14:15:28,588 - INFO - [SCREENER] 214 markets in 6.5s | yes:64 no:65 | next in 30s
2026-07-30 14:15:56,361 - ERROR - [py_clob_client_v2] request error status=400 url=https://clob.polymarket.com/order body={"error":"invalid post-only order: order crosses book"}
2026-07-30 14:15:56,364 - ERROR - [PLACE FAIL] 1147438962335931... price=0.56 attempt=1/2 | PolyApiException[status_code=400, error_message={'error': 'invalid post-only order: order crosses book'}]
2026-07-30 14:15:57,101 - ERROR - [PLACE FAIL] 1147438962335931 price=0.56
2026-07-30 14:16:07,841 - INFO - [SCREENER] 218 markets in 6.7s | yes:61 no:66 | next in 30s
2026-07-30 14:16:46,076 - INFO - [SCREENER] 220 markets in 6.1s | yes:67 no:64 | next in 30s
2026-07-30 14:17:16,443 - INFO - [SCREENER] 219 markets in 6.2s | yes:65 no:65 | next in 30s
2026-07-30 14:17:19,705 - ERROR - [py_clob_client_v2] request error status=400 url=https://clob.polymarket.com/order body={"error":"invalid post-only order: order crosses book"}
2026-07-30 14:17:19,705 - ERROR - [PLACE FAIL] 4008127555885222... price=0.43 attempt=1/2 | PolyApiException[status_code=400, error_message={'error': 'invalid post-only order: order crosses book'}]
2026-07-30 14:17:20,454 - ERROR - [PLACE FAIL] 4008127555885222 price=0.43
2026-07-30 14:17:55,072 - INFO - [SCREENER] 217 markets in 6.5s | yes:66 no:65 | next in 30s
2026-07-30 14:17:59,213 - ERROR - [py_clob_client_v2] request error status=400 url=https://clob.polymarket.com/order body={"error":"invalid post-only order: order crosses book"}
2026-07-30 14:17:59,214 - ERROR - [PLACE FAIL] 1147438962335931... price=0.56 attempt=1/2 | PolyApiException[status_code=400, error_message={'error': 'invalid post-only order: order crosses book'}]
2026-07-30 14:17:59,946 - ERROR - [PLACE FAIL] 1147438962335931 price=0.56
2026-07-30 14:18:33,614 - INFO - [SCREENER] 210 markets in 6.4s | yes:64 no:64 | next in 30s
2026-07-30 14:19:04,875 - INFO - [SCREENER] 208 markets in 6.5s | yes:63 no:64 | next in 30s
2026-07-30 14:19:22,237 - ERROR - [py_clob_client_v2] request error status=400 url=https://clob.polymarket.com/order body={"error":"invalid post-only order: order crosses book"}
2026-07-30 14:19:22,237 - ERROR - [PLACE FAIL] 4008127555885222... price=0.43 attempt=1/2 | PolyApiException[status_code=400, error_message={'error': 'invalid post-only order: order crosses book'}]
2026-07-30 14:19:22,779 - ERROR - [PLACE FAIL] 4008127555885222 price=0.43
2026-07-30 14:19:44,169 - INFO - [SCREENER] 209 markets in 6.8s | yes:66 no:64 | next in 30s
2026-07-30 14:20:01,360 - ERROR - [py_clob_client_v2] request error status=400 url=https://clob.polymarket.com/order body={"error":"invalid post-only order: order crosses book"}
2026-07-30 14:20:01,360 - ERROR - [PLACE FAIL] 1147438962335931... price=0.56 attempt=1/2 | PolyApiException[status_code=400, error_message={'error': 'invalid post-only order: order crosses book'}]
2026-07-30 14:20:02,096 - ERROR - [PLACE FAIL] 1147438962335931 price=0.56
2026-07-30 14:20:22,933 - INFO - [SCREENER] 210 markets in 6.2s | yes:68 no:65 | next in 30s
2026-07-30 14:21:04,485 - INFO - [SCREENER] 213 markets in 6.4s | yes:70 no:66 | next in 30s
2026-07-30 14:21:24,520 - ERROR - [py_clob_client_v2] request error status=400 url=https://clob.polymarket.com/order body={"error":"invalid post-only order: order crosses book"}
2026-07-30 14:21:24,520 - ERROR - [PLACE FAIL] 4008127555885222... price=0.43 attempt=1/2 | PolyApiException[status_code=400, error_message={'error': 'invalid post-only order: order crosses book'}]
2026-07-30 14:21:25,271 - ERROR - [PLACE FAIL] 4008127555885222 price=0.43
2026-07-30 14:21:43,868 - INFO - [SCREENER] 209 markets in 7.0s | yes:70 no:66 | next in 30s
2026-07-30 14:22:03,945 - ERROR - [py_clob_client_v2] request error status=400 url=https://clob.polymarket.com/order body={"error":"invalid post-only order: order crosses book"}
2026-07-30 14:22:03,946 - ERROR - [PLACE FAIL] 1147438962335931... price=0.56 attempt=1/2 | PolyApiException[status_code=400, error_message={'error': 'invalid post-only order: order crosses book'}]
2026-07-30 14:22:04,670 - ERROR - [PLACE FAIL] 1147438962335931 price=0.56
2026-07-30 14:22:23,139 - INFO - [SCREENER] 209 markets in 6.9s | yes:69 no:64 | next in 30s
2026-07-30 14:23:05,098 - INFO - [SCREENER] 211 markets in 6.6s | yes:67 no:64 | next in 30s
2026-07-30 14:23:27,879 - ERROR - [py_clob_client_v2] request error status=400 url=https://clob.polymarket.com/order body={"error":"invalid post-only order: order crosses book"}
2026-07-30 14:23:27,879 - ERROR - [PLACE FAIL] 4008127555885222... price=0.43 attempt=1/2 | PolyApiException[status_code=400, error_message={'error': 'invalid post-only order: order crosses book'}]
2026-07-30 14:23:28,610 - ERROR - [PLACE FAIL] 4008127555885222 price=0.43
2026-07-30 14:23:44,497 - INFO - [SCREENER] 208 markets in 6.9s | yes:64 no:61 | next in 30s
2026-07-30 14:24:07,358 - ERROR - [py_clob_client_v2] request error status=400 url=https://clob.polymarket.com/order body={"error":"invalid post-only order: order crosses book"}
2026-07-30 14:24:07,359 - ERROR - [PLACE FAIL] 1147438962335931... price=0.56 attempt=1/2 | PolyApiException[status_code=400, error_message={'error': 'invalid post-only order: order crosses book'}]
2026-07-30 14:24:08,089 - ERROR - [PLACE FAIL] 1147438962335931 price=0.56
2026-07-30 14:24:23,834 - INFO - [SCREENER] 213 markets in 6.7s | yes:65 no:60 | next in 30s
2026-07-30 14:25:05,195 - INFO - [SCREENER] 212 markets in 6.5s | yes:65 no:60 | next in 30s
2026-07-30 14:25:30,778 - ERROR - [py_clob_client_v2] request error status=400 url=https://clob.polymarket.com/order body={"error":"invalid post-only order: order crosses book"}
2026-07-30 14:25:30,778 - ERROR - [PLACE FAIL] 4008127555885222... price=0.43 attempt=1/2 | PolyApiException[status_code=400, error_message={'error': 'invalid post-only order: order crosses book'}]
2026-07-30 14:25:31,487 - ERROR - [PLACE FAIL] 4008127555885222 price=0.43
2026-07-30 14:25:44,525 - INFO - [SCREENER] 208 markets in 7.0s | yes:66 no:60 | next in 30s
2026-07-30 14:26:09,813 - ERROR - [py_clob_client_v2] request error status=400 url=https://clob.polymarket.com/order body={"error":"invalid post-only order: order crosses book"}
2026-07-30 14:26:09,813 - ERROR - [PLACE FAIL] 1147438962335931... price=0.56 attempt=1/2 | PolyApiException[status_code=400, error_message={'error': 'invalid post-only order: order crosses book'}]
2026-07-30 14:26:10,551 - ERROR - [PLACE FAIL] 1147438962335931 price=0.56
2026-07-30 14:26:22,602 - INFO - [SCREENER] 213 markets in 6.0s | yes:70 no:60 | next in 30s
2026-07-30 14:27:01,316 - INFO - [SCREENER] 213 markets in 6.6s | yes:70 no:62 | next in 30s
2026-07-30 14:27:33,762 - INFO - [SCREENER] 214 markets in 8.2s | yes:70 no:63 | next in 30s
2026-07-30 14:27:36,293 - ERROR - [py_clob_client_v2] request error status=400 url=https://clob.polymarket.com/order body={"error":"invalid post-only order: order crosses book"}
2026-07-30 14:27:36,294 - ERROR - [PLACE FAIL] 4008127555885222... price=0.43 attempt=1/2 | PolyApiException[status_code=400, error_message={'error': 'invalid post-only order: order crosses book'}]
2026-07-30 14:27:36,830 - ERROR - [PLACE FAIL] 4008127555885222 price=0.43
2026-07-30 14:28:02,619 - INFO - [SCREENER] 206 markets in 7.1s | yes:66 no:62 | next in 30s
2026-07-30 14:28:12,241 - ERROR - [py_clob_client_v2] request error status=400 url=https://clob.polymarket.com/order body={"error":"invalid post-only order: order crosses book"}
2026-07-30 14:28:12,241 - ERROR - [PLACE FAIL] 1147438962335931... price=0.56 attempt=1/2 | PolyApiException[status_code=400, error_message={'error': 'invalid post-only order: order crosses book'}]
2026-07-30 14:28:12,973 - ERROR - [PLACE FAIL] 1147438962335931 price=0.56
2026-07-30 14:28:41,916 - INFO - [SCREENER] 207 markets in 6.7s | yes:66 no:62 | next in 30s
2026-07-30 14:29:23,297 - INFO - [SCREENER] 208 markets in 6.7s | yes:66 no:63 | next in 30s
2026-07-30 14:29:38,345 - ERROR - [py_clob_client_v2] request error status=400 url=https://clob.polymarket.com/order body={"error":"invalid post-only order: order crosses book"}
2026-07-30 14:29:38,345 - ERROR - [PLACE FAIL] 4008127555885222... price=0.43 attempt=1/2 | PolyApiException[status_code=400, error_message={'error': 'invalid post-only order: order crosses book'}]
2026-07-30 14:29:39,094 - ERROR - [PLACE FAIL] 4008127555885222 price=0.43
2026-07-30 14:30:02,245 - INFO - [SCREENER] 214 markets in 6.6s | yes:67 no:63 | next in 30s
2026-07-30 14:30:15,571 - ERROR - [py_clob_client_v2] request error status=400 url=https://clob.polymarket.com/order body={"error":"invalid post-only order: order crosses book"}
2026-07-30 14:30:15,574 - ERROR - [PLACE FAIL] 1147438962335931... price=0.56 attempt=1/2 | PolyApiException[status_code=400, error_message={'error': 'invalid post-only order: order crosses book'}]
2026-07-30 14:30:16,233 - ERROR - [PLACE FAIL] 1147438962335931 price=0.56
2026-07-30 14:30:41,275 - INFO - [SCREENER] 218 markets in 6.3s | yes:68 no:62 | next in 30s
2026-07-30 14:31:20,942 - INFO - [SCREENER] 216 markets in 7.3s | yes:67 no:62 | next in 30s
2026-07-30 14:31:41,167 - ERROR - [py_clob_client_v2] request error status=400 url=https://clob.polymarket.com/order body={"error":"invalid post-only order: order crosses book"}
2026-07-30 14:31:41,168 - ERROR - [PLACE FAIL] 4008127555885222... price=0.43 attempt=1/2 | PolyApiException[status_code=400, error_message={'error': 'invalid post-only order: order crosses book'}]
2026-07-30 14:31:41,898 - ERROR - [PLACE FAIL] 4008127555885222 price=0.43
2026-07-30 14:31:53,393 - INFO - [SCREENER] 215 markets in 7.5s | yes:67 no:62 | next in 30s
2026-07-30 14:32:17,962 - ERROR - [py_clob_client_v2] request error status=400 url=https://clob.polymarket.com/order body={"error":"invalid post-only order: order crosses book"}
2026-07-30 14:32:17,962 - ERROR - [PLACE FAIL] 1147438962335931... price=0.56 attempt=1/2 | PolyApiException[status_code=400, error_message={'error': 'invalid post-only order: order crosses book'}]
2026-07-30 14:32:18,698 - ERROR - [PLACE FAIL] 1147438962335931 price=0.56
2026-07-30 14:32:32,078 - INFO - [SCREENER] 210 markets in 6.4s | yes:68 no:60 | next in 30s
2026-07-30 14:33:11,109 - INFO - [SCREENER] 207 markets in 6.9s | yes:72 no:60 | next in 30s
2026-07-30 14:33:42,252 - INFO - [SCREENER] 214 markets in 6.6s | yes:73 no:61 | next in 30s
2026-07-30 14:33:44,942 - ERROR - [py_clob_client_v2] request error status=400 url=https://clob.polymarket.com/order body={"error":"invalid post-only order: order crosses book"}
2026-07-30 14:33:44,942 - ERROR - [PLACE FAIL] 4008127555885222... price=0.43 attempt=1/2 | PolyApiException[status_code=400, error_message={'error': 'invalid post-only order: order crosses book'}]
2026-07-30 14:33:45,485 - ERROR - [PLACE FAIL] 4008127555885222 price=0.43
2026-07-30 14:34:21,451 - INFO - [SCREENER] 215 markets in 6.7s | yes:76 no:62 | next in 30s
2026-07-30 14:34:23,686 - ERROR - [py_clob_client_v2] request error status=400 url=https://clob.polymarket.com/order body={"error":"invalid post-only order: order crosses book"}
2026-07-30 14:34:23,687 - ERROR - [PLACE FAIL] 1147438962335931... price=0.56 attempt=1/2 | PolyApiException[status_code=400, error_message={'error': 'invalid post-only order: order crosses book'}]
2026-07-30 14:34:24,407 - ERROR - [PLACE FAIL] 1147438962335931 price=0.56
2026-07-30 14:34:59,966 - INFO - [SCREENER] 215 markets in 6.0s | yes:77 no:60 | next in 30s
2026-07-30 14:35:38,369 - INFO - [SCREENER] 216 markets in 6.1s | yes:73 no:60 | next in 30s
2026-07-30 14:35:47,261 - ERROR - [py_clob_client_v2] request error status=400 url=https://clob.polymarket.com/order body={"error":"invalid post-only order: order crosses book"}
2026-07-30 14:35:47,261 - ERROR - [PLACE FAIL] 4008127555885222... price=0.43 attempt=1/2 | PolyApiException[status_code=400, error_message={'error': 'invalid post-only order: order crosses book'}]
2026-07-30 14:35:48,005 - ERROR - [PLACE FAIL] 4008127555885222 price=0.43
2026-07-30 14:36:09,399 - INFO - [SCREENER] 217 markets in 6.7s | yes:73 no:62 | next in 30s
2026-07-30 14:36:26,292 - ERROR - [py_clob_client_v2] request error status=400 url=https://clob.polymarket.com/order body={"error":"invalid post-only order: order crosses book"}
2026-07-30 14:36:26,294 - ERROR - [PLACE FAIL] 1147438962335931... price=0.56 attempt=1/2 | PolyApiException[status_code=400, error_message={'error': 'invalid post-only order: order crosses book'}]
2026-07-30 14:36:26,930 - ERROR - [PLACE FAIL] 1147438962335931 price=0.56
2026-07-30 14:36:48,083 - INFO - [SCREENER] 225 markets in 6.5s | yes:73 no:63 | next in 30s
2026-07-30 14:37:28,024 - INFO - [SCREENER] 225 markets in 6.8s | yes:74 no:62 | next in 30s
2026-07-30 14:37:49,738 - ERROR - [py_clob_client_v2] request error status=400 url=https://clob.polymarket.com/order body={"error":"invalid post-only order: order crosses book"}
2026-07-30 14:37:49,738 - ERROR - [PLACE FAIL] 4008127555885222... price=0.43 attempt=1/2 | PolyApiException[status_code=400, error_message={'error': 'invalid post-only order: order crosses book'}]
2026-07-30 14:37:50,480 - ERROR - [PLACE FAIL] 4008127555885222 price=0.43
2026-07-30 14:37:59,354 - INFO - [SCREENER] 227 markets in 6.9s | yes:72 no:63 | next in 30s
2026-07-30 14:38:31,511 - ERROR - [py_clob_client_v2] request error status=400 url=https://clob.polymarket.com/order body={"error":"invalid post-only order: order crosses book"}
2026-07-30 14:38:31,511 - ERROR - [PLACE FAIL] 1147438962335931... price=0.56 attempt=1/2 | PolyApiException[status_code=400, error_message={'error': 'invalid post-only order: order crosses book'}]
2026-07-30 14:38:39,145 - INFO - [SCREENER] 232 markets in 6.9s | yes:75 no:66 | next in 30s
2026-07-30 14:38:40,071 - ERROR - [PLACE FAIL] 1147438962335931 price=0.56
2026-07-30 14:39:18,300 - INFO - [SCREENER] 233 markets in 6.6s | yes:74 no:66 | next in 30s
2026-07-30 14:39:52,542 - ERROR - [py_clob_client_v2] request error status=400 url=https://clob.polymarket.com/order body={"error":"invalid post-only order: order crosses book"}
2026-07-30 14:39:52,543 - ERROR - [PLACE FAIL] 4008127555885222... price=0.43 attempt=1/2 | PolyApiException[status_code=400, error_message={'error': 'invalid post-only order: order crosses book'}]
2026-07-30 14:39:59,902 - INFO - [SCREENER] 232 markets in 6.6s | yes:74 no:66 | next in 30s
2026-07-30 14:40:00,773 - ERROR - [PLACE FAIL] 4008127555885222 price=0.43
2026-07-30 14:40:39,091 - INFO - [SCREENER] 234 markets in 6.6s | yes:71 no:66 | next in 30s
2026-07-30 14:40:41,416 - ERROR - [py_clob_client_v2] request error status=400 url=https://clob.polymarket.com/order body={"error":"invalid post-only order: order crosses book"}
2026-07-30 14:40:41,417 - ERROR - [PLACE FAIL] 1147438962335931... price=0.56 attempt=1/2 | PolyApiException[status_code=400, error_message={'error': 'invalid post-only order: order crosses book'}]
2026-07-30 14:40:42,150 - ERROR - [PLACE FAIL] 1147438962335931 price=0.56
2026-07-30 14:41:17,991 - INFO - [SCREENER] 235 markets in 6.3s | yes:72 no:64 | next in 30s
2026-07-30 14:41:58,349 - INFO - [SCREENER] 234 markets in 7.4s | yes:73 no:66 | next in 30s
2026-07-30 14:42:03,359 - ERROR - [py_clob_client_v2] request error status=400 url=https://clob.polymarket.com/order body={"error":"invalid post-only order: order crosses book"}
2026-07-30 14:42:03,359 - ERROR - [PLACE FAIL] 4008127555885222... price=0.43 attempt=1/2 | PolyApiException[status_code=400, error_message={'error': 'invalid post-only order: order crosses book'}]
2026-07-30 14:42:04,096 - ERROR - [PLACE FAIL] 4008127555885222 price=0.43
2026-07-30 14:42:28,813 - INFO - [SCREENER] 235 markets in 6.1s | yes:72 no:65 | next in 30s
2026-07-30 14:42:43,866 - ERROR - [py_clob_client_v2] request error status=400 url=https://clob.polymarket.com/order body={"error":"invalid post-only order: order crosses book"}
2026-07-30 14:42:43,866 - ERROR - [PLACE FAIL] 1147438962335931... price=0.56 attempt=1/2 | PolyApiException[status_code=400, error_message={'error': 'invalid post-only order: order crosses book'}]
2026-07-30 14:42:44,609 - ERROR - [PLACE FAIL] 1147438962335931 price=0.56
2026-07-30 14:43:08,296 - INFO - [SCREENER] 238 markets in 6.8s | yes:71 no:65 | next in 30s
2026-07-30 14:43:47,578 - INFO - [SCREENER] 243 markets in 6.9s | yes:73 no:67 | next in 30s
2026-07-30 14:44:05,582 - ERROR - [py_clob_client_v2] request error status=400 url=https://clob.polymarket.com/order body={"error":"invalid post-only order: order crosses book"}
2026-07-30 14:44:05,582 - ERROR - [PLACE FAIL] 4008127555885222... price=0.43 attempt=1/2 | PolyApiException[status_code=400, error_message={'error': 'invalid post-only order: order crosses book'}]
2026-07-30 14:44:06,315 - ERROR - [PLACE FAIL] 4008127555885222 price=0.43
2026-07-30 14:44:18,863 - INFO - [SCREENER] 242 markets in 6.5s | yes:73 no:65 | next in 30s
2026-07-30 14:44:46,353 - ERROR - [py_clob_client_v2] request error status=400 url=https://clob.polymarket.com/order body={"error":"invalid post-only order: order crosses book"}
2026-07-30 14:44:46,353 - ERROR - [PLACE FAIL] 1147438962335931... price=0.56 attempt=1/2 | PolyApiException[status_code=400, error_message={'error': 'invalid post-only order: order crosses book'}]
2026-07-30 14:44:47,054 - ERROR - [PLACE FAIL] 1147438962335931 price=0.56
2026-07-30 14:44:57,642 - INFO - [SCREENER] 245 markets in 6.6s | yes:76 no:67 | next in 30s
2026-07-30 14:45:37,463 - INFO - [SCREENER] 243 markets in 7.4s | yes:77 no:68 | next in 30s
2026-07-30 14:46:07,797 - ERROR - [py_clob_client_v2] request error status=400 url=https://clob.polymarket.com/order body={"error":"invalid post-only order: order crosses book"}
2026-07-30 14:46:07,797 - ERROR - [PLACE FAIL] 4008127555885222... price=0.43 attempt=1/2 | PolyApiException[status_code=400, error_message={'error': 'invalid post-only order: order crosses book'}]
2026-07-30 14:46:08,540 - ERROR - [PLACE FAIL] 4008127555885222 price=0.43
2026-07-30 14:46:19,707 - INFO - [SCREENER] 241 markets in 7.2s | yes:77 no:67 | next in 30s
2026-07-30 14:46:48,553 - ERROR - [py_clob_client_v2] request error status=400 url=https://clob.polymarket.com/order body={"error":"invalid post-only order: order crosses book"}
2026-07-30 14:46:48,553 - ERROR - [PLACE FAIL] 1147438962335931... price=0.56 attempt=1/2 | PolyApiException[status_code=400, error_message={'error': 'invalid post-only order: order crosses book'}]
2026-07-30 14:46:49,286 - ERROR - [PLACE FAIL] 1147438962335931 price=0.56
2026-07-30 14:46:58,476 - INFO - [SCREENER] 241 markets in 6.2s | yes:79 no:67 | next in 30s
2026-07-30 14:47:37,549 - INFO - [SCREENER] 236 markets in 6.5s | yes:76 no:65 | next in 30s
2026-07-30 14:48:16,900 - INFO - [SCREENER] 244 markets in 7.0s | yes:76 no:66 | next in 30s
2026-07-30 14:48:20,357 - ERROR - [py_clob_client_v2] request error status=400 url=https://clob.polymarket.com/order body={"error":"invalid post-only order: order crosses book"}
2026-07-30 14:48:20,357 - ERROR - [PLACE FAIL] 4008127555885222... price=0.43 attempt=1/2 | PolyApiException[status_code=400, error_message={'error': 'invalid post-only order: order crosses book'}]
2026-07-30 14:48:21,102 - ERROR - [PLACE FAIL] 4008127555885222 price=0.43
2026-07-30 14:48:48,096 - INFO - [SCREENER] 240 markets in 7.4s | yes:72 no:66 | next in 30s
2026-07-30 14:48:51,417 - ERROR - [py_clob_client_v2] request error status=400 url=https://clob.polymarket.com/order body={"error":"invalid post-only order: order crosses book"}
2026-07-30 14:48:51,417 - ERROR - [PLACE FAIL] 1147438962335931... price=0.56 attempt=1/2 | PolyApiException[status_code=400, error_message={'error': 'invalid post-only order: order crosses book'}]
2026-07-30 14:48:52,155 - ERROR - [PLACE FAIL] 1147438962335931 price=0.56
2026-07-30 14:49:27,819 - INFO - [SCREENER] 244 markets in 7.4s | yes:69 no:66 | next in 30s
2026-07-30 14:50:08,029 - INFO - [SCREENER] 248 markets in 7.9s | yes:71 no:63 | next in 30s
2026-07-30 14:50:23,868 - ERROR - [py_clob_client_v2] request error status=400 url=https://clob.polymarket.com/order body={"error":"invalid post-only order: order crosses book"}
2026-07-30 14:50:23,868 - ERROR - [PLACE FAIL] 4008127555885222... price=0.43 attempt=1/2 | PolyApiException[status_code=400, error_message={'error': 'invalid post-only order: order crosses book'}]
2026-07-30 14:50:24,407 - ERROR - [PLACE FAIL] 4008127555885222 price=0.43
2026-07-30 14:50:39,052 - INFO - [SCREENER] 242 markets in 6.6s | yes:71 no:62 | next in 30s
2026-07-30 14:50:54,006 - ERROR - [py_clob_client_v2] request error status=400 url=https://clob.polymarket.com/order body={"error":"invalid post-only order: order crosses book"}
2026-07-30 14:50:54,006 - ERROR - [PLACE FAIL] 1147438962335931... price=0.56 attempt=1/2 | PolyApiException[status_code=400, error_message={'error': 'invalid post-only order: order crosses book'}]
2026-07-30 14:50:54,726 - ERROR - [PLACE FAIL] 1147438962335931 price=0.56
2026-07-30 14:51:17,688 - INFO - [SCREENER] 240 markets in 6.0s | yes:71 no:63 | next in 30s
2026-07-30 14:52:00,256 - INFO - [SCREENER] 242 markets in 9.4s | yes:72 no:62 | next in 30s
2026-07-30 14:52:29,174 - INFO - [SCREENER] 243 markets in 7.4s | yes:71 no:62 | next in 30s
2026-07-30 14:52:34,002 - ERROR - [py_clob_client_v2] request error status=400 url=https://clob.polymarket.com/order body={"error":"invalid post-only order: order crosses book"}
2026-07-30 14:52:34,002 - ERROR - [PLACE FAIL] 4008127555885222... price=0.43 attempt=1/2 | PolyApiException[status_code=400, error_message={'error': 'invalid post-only order: order crosses book'}]
2026-07-30 14:52:34,539 - ERROR - [PLACE FAIL] 4008127555885222 price=0.43
2026-07-30 14:52:59,800 - INFO - [SCREENER] 235 markets in 6.6s | yes:75 no:63 | next in 30s
2026-07-30 14:53:01,995 - ERROR - [py_clob_client_v2] request error status=400 url=https://clob.polymarket.com/order body={"error":"invalid post-only order: order crosses book"}
2026-07-30 14:53:01,995 - ERROR - [PLACE FAIL] 1147438962335931... price=0.56 attempt=1/2 | PolyApiException[status_code=400, error_message={'error': 'invalid post-only order: order crosses book'}]
2026-07-30 14:53:02,725 - ERROR - [PLACE FAIL] 1147438962335931 price=0.56
2026-07-30 14:53:38,888 - INFO - [SCREENER] 236 markets in 6.9s | yes:74 no:62 | next in 30s
2026-07-30 14:54:18,215 - INFO - [SCREENER] 238 markets in 6.7s | yes:74 no:62 | next in 30s
2026-07-30 14:54:36,769 - ERROR - [py_clob_client_v2] request error status=400 url=https://clob.polymarket.com/order body={"error":"invalid post-only order: order crosses book"}
2026-07-30 14:54:36,769 - ERROR - [PLACE FAIL] 4008127555885222... price=0.43 attempt=1/2 | PolyApiException[status_code=400, error_message={'error': 'invalid post-only order: order crosses book'}]
2026-07-30 14:54:37,511 - ERROR - [PLACE FAIL] 4008127555885222 price=0.43
2026-07-30 14:54:48,653 - INFO - [SCREENER] 237 markets in 6.1s | yes:73 no:59 | next in 30s
2026-07-30 14:55:04,688 - ERROR - [py_clob_client_v2] request error status=400 url=https://clob.polymarket.com/order body={"error":"invalid post-only order: order crosses book"}
2026-07-30 14:55:04,689 - ERROR - [PLACE FAIL] 1147438962335931... price=0.56 attempt=1/2 | PolyApiException[status_code=400, error_message={'error': 'invalid post-only order: order crosses book'}]
2026-07-30 14:55:05,429 - ERROR - [PLACE FAIL] 1147438962335931 price=0.56
2026-07-30 14:55:28,275 - INFO - [SCREENER] 232 markets in 7.1s | yes:72 no:60 | next in 30s
2026-07-30 14:56:07,947 - INFO - [SCREENER] 233 markets in 6.9s | yes:72 no:62 | next in 30s
2026-07-30 14:56:39,218 - ERROR - [py_clob_client_v2] request error status=400 url=https://clob.polymarket.com/order body={"error":"invalid post-only order: order crosses book"}
2026-07-30 14:56:39,219 - ERROR - [PLACE FAIL] 4008127555885222... price=0.43 attempt=1/2 | PolyApiException[status_code=400, error_message={'error': 'invalid post-only order: order crosses book'}]
2026-07-30 14:56:39,966 - ERROR - [PLACE FAIL] 4008127555885222 price=0.43
2026-07-30 14:56:49,727 - INFO - [SCREENER] 240 markets in 6.8s | yes:71 no:61 | next in 30s
2026-07-30 14:57:06,903 - ERROR - [py_clob_client_v2] request error status=400 url=https://clob.polymarket.com/order body={"error":"invalid post-only order: order crosses book"}
2026-07-30 14:57:06,903 - ERROR - [PLACE FAIL] 1147438962335931... price=0.56 attempt=1/2 | PolyApiException[status_code=400, error_message={'error': 'invalid post-only order: order crosses book'}]
2026-07-30 14:57:07,616 - ERROR - [PLACE FAIL] 1147438962335931 price=0.56
2026-07-30 14:57:29,769 - INFO - [SCREENER] 240 markets in 7.5s | yes:72 no:64 | next in 30s
2026-07-30 14:58:08,821 - INFO - [SCREENER] 233 markets in 6.5s | yes:70 no:62 | next in 30s
2026-07-30 14:58:42,021 - ERROR - [py_clob_client_v2] request error status=400 url=https://clob.polymarket.com/order body={"error":"invalid post-only order: order crosses book"}
2026-07-30 14:58:42,022 - ERROR - [PLACE FAIL] 4008127555885222... price=0.43 attempt=1/2 | PolyApiException[status_code=400, error_message={'error': 'invalid post-only order: order crosses book'}]
2026-07-30 14:58:42,764 - ERROR - [PLACE FAIL] 4008127555885222 price=0.43
2026-07-30 14:58:49,899 - INFO - [SCREENER] 228 markets in 6.1s | yes:68 no:61 | next in 30s
2026-07-30 14:59:09,818 - ERROR - [py_clob_client_v2] request error status=400 url=https://clob.polymarket.com/order body={"error":"invalid post-only order: order crosses book"}
2026-07-30 14:59:09,818 - ERROR - [PLACE FAIL] 1147438962335931... price=0.56 attempt=1/2 | PolyApiException[status_code=400, error_message={'error': 'invalid post-only order: order crosses book'}]
2026-07-30 14:59:10,561 - ERROR - [PLACE FAIL] 1147438962335931 price=0.56
2026-07-30 14:59:16,570 - ERROR - [POLL] 批量查询异常: HTTPSConnectionPool(host='clob.polymarket.com', port=443): Max retries exceeded with url: /books (Caused by SSLError(SSLEOFError(8, '[SSL: UNEXPECTED_EOF_WHILE_READING] EOF occurred in violation of protocol (_ssl.c:1000)')))
2026-07-30 14:59:33,326 - INFO - [SCREENER] 222 markets in 6.7s | yes:67 no:63 | next in 30s
2026-07-30 15:00:12,319 - INFO - [SCREENER] 222 markets in 6.2s | yes:67 no:62 | next in 30s
2026-07-30 15:00:44,259 - ERROR - [py_clob_client_v2] request error status=400 url=https://clob.polymarket.com/order body={"error":"invalid post-only order: order crosses book"}
2026-07-30 15:00:44,260 - ERROR - [PLACE FAIL] 4008127555885222... price=0.43 attempt=1/2 | PolyApiException[status_code=400, error_message={'error': 'invalid post-only order: order crosses book'}]
2026-07-30 15:00:44,996 - ERROR - [PLACE FAIL] 4008127555885222 price=0.43
2026-07-30 15:00:53,579 - INFO - [SCREENER] 222 markets in 6.6s | yes:66 no:60 | next in 30s
2026-07-30 15:01:11,843 - ERROR - [py_clob_client_v2] request error status=400 url=https://clob.polymarket.com/order body={"error":"invalid post-only order: order crosses book"}
2026-07-30 15:01:11,843 - ERROR - [PLACE FAIL] 1147438962335931... price=0.56 attempt=1/2 | PolyApiException[status_code=400, error_message={'error': 'invalid post-only order: order crosses book'}]
2026-07-30 15:01:12,584 - ERROR - [PLACE FAIL] 1147438962335931 price=0.56
2026-07-30 15:01:32,450 - INFO - [SCREENER] 220 markets in 6.2s | yes:67 no:63 | next in 30s
2026-07-30 15:02:11,243 - INFO - [SCREENER] 220 markets in 6.4s | yes:66 no:61 | next in 30s
2026-07-30 15:02:12,482 - INFO - [BUY CONFIRMED] 未知 | Yes | size=20.0000 price=0.6
2026-07-30 15:02:50,371 - INFO - [SCREENER] 213 markets in 6.9s | yes:62 no:56 | next in 30s
2026-07-30 15:02:54,271 - INFO - [LIMIT SELL] Will the next Google Gemini Pro model de | 20.0000 shares @ 0.37
2026-07-30 15:02:54,271 - INFO - [POSITION] 限价卖出 1 个持仓
2026-07-30 15:02:55,531 - ERROR - [py_clob_client_v2] request error status=400 url=https://clob.polymarket.com/order body={"error":"invalid post-only order: order crosses book"}
2026-07-30 15:02:55,531 - ERROR - [PLACE FAIL] 4008127555885222... price=0.43 attempt=1/2 | PolyApiException[status_code=400, error_message={'error': 'invalid post-only order: order crosses book'}]
2026-07-30 15:02:56,273 - ERROR - [PLACE FAIL] 4008127555885222 price=0.43
2026-07-30 15:03:02,391 - INFO - [SELL CONFIRMED] 未知 | No | size=0.0000 price=0.37
2026-07-30 15:03:14,111 - ERROR - [py_clob_client_v2] request error status=400 url=https://clob.polymarket.com/order body={"error":"invalid post-only order: order crosses book"}
2026-07-30 15:03:14,112 - ERROR - [PLACE FAIL] 1147438962335931... price=0.56 attempt=1/2 | PolyApiException[status_code=400, error_message={'error': 'invalid post-only order: order crosses book'}]
2026-07-30 15:03:21,940 - INFO - [SCREENER] 214 markets in 7.1s | yes:66 no:58 | next in 30s
2026-07-30 15:03:23,219 - ERROR - [PLACE FAIL] 1147438962335931 price=0.56
2026-07-30 15:04:01,227 - INFO - [SCREENER] 219 markets in 6.8s | yes:65 no:58 | next in 30s
2026-07-30 15:04:39,730 - INFO - [SCREENER] 212 markets in 6.5s | yes:65 no:57 | next in 30s
2026-07-30 15:04:57,955 - ERROR - [py_clob_client_v2] request error status=400 url=https://clob.polymarket.com/order body={"error":"invalid post-only order: order crosses book"}
2026-07-30 15:04:57,955 - ERROR - [PLACE FAIL] 4008127555885222... price=0.43 attempt=1/2 | PolyApiException[status_code=400, error_message={'error': 'invalid post-only order: order crosses book'}]
2026-07-30 15:04:58,695 - ERROR - [PLACE FAIL] 4008127555885222 price=0.43
2026-07-30 15:05:10,409 - INFO - [SCREENER] 212 markets in 6.7s | yes:65 no:58 | next in 30s
2026-07-30 15:05:25,331 - ERROR - [py_clob_client_v2] request error status=400 url=https://clob.polymarket.com/order body={"error":"invalid post-only order: order crosses book"}
2026-07-30 15:05:25,331 - ERROR - [PLACE FAIL] 1147438962335931... price=0.56 attempt=1/2 | PolyApiException[status_code=400, error_message={'error': 'invalid post-only order: order crosses book'}]
2026-07-30 15:05:26,056 - ERROR - [PLACE FAIL] 1147438962335931 price=0.56
2026-07-30 15:05:49,517 - INFO - [SCREENER] 216 markets in 6.9s | yes:63 no:57 | next in 30s
2026-07-30 15:06:28,144 - INFO - [SCREENER] 219 markets in 6.5s | yes:66 no:57 | next in 30s
2026-07-30 15:07:06,746 - INFO - [SCREENER] 223 markets in 6.6s | yes:66 no:59 | next in 30s
2026-07-30 15:07:10,402 - ERROR - [py_clob_client_v2] request error status=400 url=https://clob.polymarket.com/order body={"error":"invalid post-only order: order crosses book"}
2026-07-30 15:07:10,402 - ERROR - [PLACE FAIL] 4008127555885222... price=0.43 attempt=1/2 | PolyApiException[status_code=400, error_message={'error': 'invalid post-only order: order crosses book'}]
2026-07-30 15:07:11,142 - ERROR - [PLACE FAIL] 4008127555885222 price=0.43
2026-07-30 15:07:27,404 - ERROR - [py_clob_client_v2] request error status=400 url=https://clob.polymarket.com/order body={"error":"invalid post-only order: order crosses book"}
2026-07-30 15:07:27,404 - ERROR - [PLACE FAIL] 1147438962335931... price=0.56 attempt=1/2 | PolyApiException[status_code=400, error_message={'error': 'invalid post-only order: order crosses book'}]
2026-07-30 15:07:28,130 - ERROR - [PLACE FAIL] 1147438962335931 price=0.56
2026-07-30 15:07:37,539 - INFO - [SCREENER] 218 markets in 6.4s | yes:67 no:58 | next in 30s
2026-07-30 15:08:17,087 - INFO - [SCREENER] 225 markets in 7.1s | yes:70 no:58 | next in 30s
2026-07-30 15:08:56,393 - INFO - [SCREENER] 226 markets in 6.6s | yes:67 no:57 | next in 30s
2026-07-30 15:09:13,099 - ERROR - [py_clob_client_v2] request error status=400 url=https://clob.polymarket.com/order body={"error":"invalid post-only order: order crosses book"}
2026-07-30 15:09:13,099 - ERROR - [PLACE FAIL] 4008127555885222... price=0.43 attempt=1/2 | PolyApiException[status_code=400, error_message={'error': 'invalid post-only order: order crosses book'}]
2026-07-30 15:09:13,815 - ERROR - [PLACE FAIL] 4008127555885222 price=0.43
2026-07-30 15:09:27,708 - INFO - [SCREENER] 229 markets in 6.9s | yes:72 no:58 | next in 30s
2026-07-30 15:09:30,057 - ERROR - [py_clob_client_v2] request error status=400 url=https://clob.polymarket.com/order body={"error":"invalid post-only order: order crosses book"}
2026-07-30 15:09:30,059 - ERROR - [PLACE FAIL] 1147438962335931... price=0.56 attempt=1/2 | PolyApiException[status_code=400, error_message={'error': 'invalid post-only order: order crosses book'}]
2026-07-30 15:09:30,735 - ERROR - [PLACE FAIL] 1147438962335931 price=0.56
2026-07-30 15:10:06,874 - INFO - [SCREENER] 233 markets in 6.4s | yes:74 no:58 | next in 30s
2026-07-30 15:10:46,476 - INFO - [SCREENER] 237 markets in 7.2s | yes:75 no:59 | next in 30s
2026-07-30 15:11:15,501 - ERROR - [py_clob_client_v2] request error status=400 url=https://clob.polymarket.com/order body={"error":"invalid post-only order: order crosses book"}
2026-07-30 15:11:15,501 - ERROR - [PLACE FAIL] 4008127555885222... price=0.43 attempt=1/2 | PolyApiException[status_code=400, error_message={'error': 'invalid post-only order: order crosses book'}]
2026-07-30 15:11:16,241 - ERROR - [PLACE FAIL] 4008127555885222 price=0.43
2026-07-30 15:11:28,919 - INFO - [SCREENER] 239 markets in 7.7s | yes:74 no:63 | next in 30s
2026-07-30 15:11:32,278 - ERROR - [py_clob_client_v2] request error status=400 url=https://clob.polymarket.com/order body={"error":"invalid post-only order: order crosses book"}
2026-07-30 15:11:32,278 - ERROR - [PLACE FAIL] 1147438962335931... price=0.56 attempt=1/2 | PolyApiException[status_code=400, error_message={'error': 'invalid post-only order: order crosses book'}]
2026-07-30 15:11:33,004 - ERROR - [PLACE FAIL] 1147438962335931 price=0.56
2026-07-30 15:12:04,301 - INFO - [SELL CONFIRMED] 未知 | Yes | size=20.0000 price=0.24
2026-07-30 15:12:08,189 - INFO - [SCREENER] 238 markets in 6.9s | yes:76 no:61 | next in 30s
2026-07-30 15:12:09,394 - ERROR - [BATCH CANCEL FAIL] 0x81b31b52d8d5c634bc... | order can't be found - already canceled or matched
2026-07-30 15:12:10,136 - ERROR - [BATCH CANCEL] 8481238146634837 取消失败，清空 active_id 进入冷却兜底
2026-07-30 15:12:49,101 - INFO - [SCREENER] 240 markets in 8.3s | yes:78 no:60 | next in 30s
2026-07-30 15:13:13,860 - INFO - [LIMIT SELL] Iran full airspace closure by August 15? | 20.0000 shares @ 0.24
2026-07-30 15:13:13,860 - INFO - [POSITION] 限价卖出 1 个持仓
2026-07-30 15:13:18,144 - ERROR - [py_clob_client_v2] request error status=400 url=https://clob.polymarket.com/order body={"error":"invalid post-only order: order crosses book"}
2026-07-30 15:13:18,144 - ERROR - [PLACE FAIL] 4008127555885222... price=0.43 attempt=1/2 | PolyApiException[status_code=400, error_message={'error': 'invalid post-only order: order crosses book'}]
2026-07-30 15:13:18,868 - ERROR - [PLACE FAIL] 4008127555885222 price=0.43
2026-07-30 15:13:22,336 - INFO - [SELL CONFIRMED] 未知 | No | size=14.9700 price=0.76
2026-07-30 15:13:24,125 - INFO - [SELL CONFIRMED] 未知 | Yes | size=0.0000 price=0.24
2026-07-30 15:13:30,980 - INFO - [SCREENER] 245 markets in 7.1s | yes:78 no:60 | next in 30s
2026-07-30 15:13:34,335 - ERROR - [py_clob_client_v2] request error status=400 url=https://clob.polymarket.com/order body={"error":"invalid post-only order: order crosses book"}
2026-07-30 15:13:34,335 - ERROR - [PLACE FAIL] 1147438962335931... price=0.56 attempt=1/2 | PolyApiException[status_code=400, error_message={'error': 'invalid post-only order: order crosses book'}]
2026-07-30 15:13:35,068 - ERROR - [PLACE FAIL] 1147438962335931 price=0.56
2026-07-30 15:13:54,238 - ERROR - [BATCH CANCEL FAIL] 0xc80fa1c657c86530bd... | order can't be found - already canceled or matched
2026-07-30 15:13:54,763 - ERROR - [BATCH CANCEL] 5771094732652751 取消失败，清空 active_id 进入冷却兜底
2026-07-30 15:13:59,113 - INFO - [BUY CONFIRMED] 未知 | No | size=20.0000 price=0.72
2026-07-30 15:14:10,872 - INFO - [SCREENER] 237 markets in 7.1s | yes:69 no:57 | next in 30s
2026-07-30 15:14:49,913 - INFO - [SCREENER] 235 markets in 6.7s | yes:70 no:58 | next in 30s
2026-07-30 15:15:20,572 - ERROR - [py_clob_client_v2] request error status=400 url=https://clob.polymarket.com/order body={"error":"invalid post-only order: order crosses book"}
2026-07-30 15:15:20,573 - ERROR - [PLACE FAIL] 4008127555885222... price=0.43 attempt=1/2 | PolyApiException[status_code=400, error_message={'error': 'invalid post-only order: order crosses book'}]
2026-07-30 15:15:21,312 - ERROR - [PLACE FAIL] 4008127555885222 price=0.43
2026-07-30 15:15:31,814 - INFO - [SCREENER] 236 markets in 7.5s | yes:89 no:58 | next in 30s
2026-07-30 15:15:37,161 - ERROR - [py_clob_client_v2] request error status=400 url=https://clob.polymarket.com/order body={"error":"invalid post-only order: order crosses book"}
2026-07-30 15:15:37,162 - ERROR - [PLACE FAIL] 1147438962335931... price=0.56 attempt=1/2 | PolyApiException[status_code=400, error_message={'error': 'invalid post-only order: order crosses book'}]
2026-07-30 15:15:37,692 - ERROR - [PLACE FAIL] 1147438962335931 price=0.56
2026-07-30 15:16:10,970 - INFO - [SCREENER] 234 markets in 7.1s | yes:88 no:60 | next in 30s
2026-07-30 15:16:49,957 - INFO - [SCREENER] 231 markets in 6.7s | yes:87 no:59 | next in 30s
2026-07-30 15:17:22,786 - ERROR - [py_clob_client_v2] request error status=400 url=https://clob.polymarket.com/order body={"error":"invalid post-only order: order crosses book"}
2026-07-30 15:17:22,786 - ERROR - [PLACE FAIL] 4008127555885222... price=0.43 attempt=1/2 | PolyApiException[status_code=400, error_message={'error': 'invalid post-only order: order crosses book'}]
2026-07-30 15:17:23,521 - ERROR - [PLACE FAIL] 4008127555885222 price=0.43
2026-07-30 15:17:32,064 - INFO - [SCREENER] 229 markets in 6.5s | yes:84 no:60 | next in 30s
2026-07-30 15:17:39,567 - ERROR - [py_clob_client_v2] request error status=400 url=https://clob.polymarket.com/order body={"error":"invalid post-only order: order crosses book"}
2026-07-30 15:17:39,569 - ERROR - [PLACE FAIL] 1147438962335931... price=0.56 attempt=1/2 | PolyApiException[status_code=400, error_message={'error': 'invalid post-only order: order crosses book'}]
2026-07-30 15:17:40,111 - ERROR - [PLACE FAIL] 1147438962335931 price=0.56
2026-07-30 15:18:10,737 - INFO - [SCREENER] 231 markets in 6.4s | yes:86 no:61 | next in 30s
2026-07-30 15:18:51,293 - INFO - [SCREENER] 237 markets in 7.4s | yes:85 no:60 | next in 30s
2026-07-30 15:19:03,938 - ERROR - [py_clob_client_v2] request error: Server disconnected
2026-07-30 15:19:03,940 - ERROR - [py_clob_client_v2] request error: Server disconnected
2026-07-30 15:19:03,940 - ERROR - 获取订单簿失败: 10532560214085479610... | PolyApiException[status_code=None, error_message=Request exception!]
2026-07-30 15:19:03,941 - ERROR - [py_clob_client_v2] request error: Server disconnected
2026-07-30 15:19:03,941 - ERROR - [BATCH CANCEL ERR] 1 条 | PolyApiException[status_code=None, error_message=Request exception!]
2026-07-30 15:19:04,427 - ERROR - [HEARTBEAT] 失败 (连续 1 次): 401 Client Error: Unauthorized for url: https://clob.polymarket.com/v1/heartbeats
2026-07-30 15:19:04,784 - ERROR - [BATCH CANCEL] 4413035979753701 取消失败，清空 active_id 进入冷却兜底
2026-07-30 15:19:04,784 - WARNING - [RETRY] 1053256021408547 bids不足2档，10s后重试
2026-07-30 15:19:05,901 - ERROR - [py_clob_client_v2] request error status=400 url=https://clob.polymarket.com/v1/heartbeats body={"heartbeat_id":"0a2c0718-8000-4596-ac2e-f754d812088f","error_msg":"Invalid Heartbeat ID"}
2026-07-30 15:19:05,903 - INFO - [HEARTBEAT] 从 SDK 错误恢复 heartbeat_id: 0a2c0718-8000-45 (旧: 5423aaab-3e8b-4e)
2026-07-30 15:19:06,146 - INFO - [HEARTBEAT] OK (recovered) id=ef306532-440e-40
2026-07-30 15:19:15,671 - WARNING - [AUDIT] 6610652587815460 订单丢失纠偏
2026-07-30 15:19:25,409 - ERROR - [py_clob_client_v2] request error status=400 url=https://clob.polymarket.com/order body={"error":"invalid post-only order: order crosses book"}
2026-07-30 15:19:25,409 - ERROR - [PLACE FAIL] 4008127555885222... price=0.43 attempt=1/2 | PolyApiException[status_code=400, error_message={'error': 'invalid post-only order: order crosses book'}]
2026-07-30 15:19:26,151 - ERROR - [PLACE FAIL] 4008127555885222 price=0.43
2026-07-30 15:19:35,332 - INFO - [SCREENER] 233 markets in 8.2s | yes:73 no:59 | next in 30s
2026-07-30 15:19:41,496 - ERROR - [py_clob_client_v2] request error status=400 url=https://clob.polymarket.com/order body={"error":"invalid post-only order: order crosses book"}
2026-07-30 15:19:41,496 - ERROR - [PLACE FAIL] 1147438962335931... price=0.56 attempt=1/2 | PolyApiException[status_code=400, error_message={'error': 'invalid post-only order: order crosses book'}]
2026-07-30 15:19:42,230 - ERROR - [PLACE FAIL] 1147438962335931 price=0.56
2026-07-30 15:20:14,051 - INFO - [SCREENER] 236 markets in 6.6s | yes:75 no:56 | next in 30s
2026-07-30 15:20:52,355 - INFO - [SCREENER] 234 markets in 5.9s | yes:86 no:57 | next in 30s
2026-07-30 15:21:16,896 - ERROR - [py_clob_client_v2] request error: Server disconnected
2026-07-30 15:21:16,896 - ERROR - [py_clob_client_v2] request error: Server disconnected
2026-07-30 15:21:16,897 - ERROR - [py_clob_client_v2] request error: Server disconnected
2026-07-30 15:21:16,897 - ERROR - [py_clob_client_v2] request error: Server disconnected
2026-07-30 15:21:16,897 - ERROR - 获取订单簿失败: 66106525878154603988... | PolyApiException[status_code=None, error_message=Request exception!]
2026-07-30 15:21:16,898 - ERROR - 获取订单簿失败: 64883155049487033950... | PolyApiException[status_code=None, error_message=Request exception!]
2026-07-30 15:21:16,898 - ERROR - 获取订单簿失败: 84552968680743469789... | PolyApiException[status_code=None, error_message=Request exception!]
2026-07-30 15:21:16,898 - ERROR - 获取订单簿失败: 18012013312630771765... | PolyApiException[status_code=None, error_message=Request exception!]
2026-07-30 15:21:17,893 - WARNING - [RETRY] 6610652587815460 bids不足2档，10s后重试
2026-07-30 15:21:17,893 - WARNING - [RETRY] 6488315504948703 bids不足2档，10s后重试
2026-07-30 15:21:17,894 - WARNING - [RETRY] 8455296868074346 bids不足2档，10s后重试
2026-07-30 15:21:17,894 - WARNING - [RETRY] 1801201331263077 bids不足2档，10s后重试
2026-07-30 15:21:33,165 - INFO - [SCREENER] 237 markets in 6.3s | yes:86 no:54 | next in 30s
2026-07-30 15:21:38,639 - ERROR - [POLL] 批量查询异常: HTTPSConnectionPool(host='clob.polymarket.com', port=443): Max retries exceeded with url: /books (Caused by SSLError(SSLEOFError(8, '[SSL: UNEXPECTED_EOF_WHILE_READING] EOF occurred in violation of protocol (_ssl.c:1000)')))
2026-07-30 15:21:40,106 - ERROR - [py_clob_client_v2] request error status=400 url=https://clob.polymarket.com/order body={"error":"invalid post-only order: order crosses book"}
2026-07-30 15:21:40,106 - ERROR - [PLACE FAIL] 4008127555885222... price=0.43 attempt=1/2 | PolyApiException[status_code=400, error_message={'error': 'invalid post-only order: order crosses book'}]
2026-07-30 15:21:40,642 - ERROR - [PLACE FAIL] 4008127555885222 price=0.43
2026-07-30 15:21:43,913 - ERROR - [py_clob_client_v2] request error status=400 url=https://clob.polymarket.com/order body={"error":"invalid post-only order: order crosses book"}
2026-07-30 15:21:43,913 - ERROR - [PLACE FAIL] 1147438962335931... price=0.56 attempt=1/2 | PolyApiException[status_code=400, error_message={'error': 'invalid post-only order: order crosses book'}]
2026-07-30 15:21:44,646 - ERROR - [PLACE FAIL] 1147438962335931 price=0.56
2026-07-30 15:22:06,050 - INFO - [SCREENER] 234 markets in 6.7s | yes:89 no:55 | next in 30s
2026-07-30 15:22:45,075 - INFO - [SCREENER] 236 markets in 6.6s | yes:89 no:56 | next in 30s
2026-07-30 15:23:25,158 - INFO - [SCREENER] 235 markets in 7.6s | yes:84 no:53 | next in 30s
2026-07-30 15:23:42,554 - ERROR - [py_clob_client_v2] request error status=400 url=https://clob.polymarket.com/order body={"error":"invalid post-only order: order crosses book"}
2026-07-30 15:23:42,554 - ERROR - [PLACE FAIL] 4008127555885222... price=0.43 attempt=1/2 | PolyApiException[status_code=400, error_message={'error': 'invalid post-only order: order crosses book'}]
2026-07-30 15:23:43,300 - ERROR - [PLACE FAIL] 4008127555885222 price=0.43
2026-07-30 15:23:55,721 - INFO - [SCREENER] 236 markets in 6.4s | yes:80 no:52 | next in 30s
2026-07-30 15:24:35,078 - INFO - [SCREENER] 238 markets in 7.1s | yes:78 no:55 | next in 30s
2026-07-30 15:25:14,772 - INFO - [SCREENER] 239 markets in 7.3s | yes:78 no:55 | next in 30s
2026-07-30 15:25:30,304 - ERROR - [py_clob_client_v2] request error status=400 url=https://clob.polymarket.com/order body={"error":"invalid post-only order: order crosses book"}
2026-07-30 15:25:30,304 - ERROR - [PLACE FAIL] 1147438962335931... price=0.56 attempt=1/2 | PolyApiException[status_code=400, error_message={'error': 'invalid post-only order: order crosses book'}]
2026-07-30 15:25:30,828 - ERROR - [PLACE FAIL] 1147438962335931 price=0.56
2026-07-30 15:25:45,599 - INFO - [SCREENER] 241 markets in 6.8s | yes:79 no:56 | next in 30s
2026-07-30 15:25:47,788 - ERROR - [py_clob_client_v2] request error status=400 url=https://clob.polymarket.com/order body={"error":"invalid post-only order: order crosses book"}
2026-07-30 15:25:47,788 - ERROR - [PLACE FAIL] 4008127555885222... price=0.43 attempt=1/2 | PolyApiException[status_code=400, error_message={'error': 'invalid post-only order: order crosses book'}]
2026-07-30 15:25:48,523 - ERROR - [PLACE FAIL] 4008127555885222 price=0.43
2026-07-30 15:26:24,333 - INFO - [SCREENER] 242 markets in 6.6s | yes:76 no:58 | next in 30s
2026-07-30 15:27:03,350 - INFO - [SCREENER] 237 markets in 6.4s | yes:79 no:57 | next in 30s
2026-07-30 15:27:32,900 - ERROR - [py_clob_client_v2] request error status=400 url=https://clob.polymarket.com/order body={"error":"invalid post-only order: order crosses book"}
2026-07-30 15:27:32,901 - ERROR - [PLACE FAIL] 1147438962335931... price=0.56 attempt=1/2 | PolyApiException[status_code=400, error_message={'error': 'invalid post-only order: order crosses book'}]
2026-07-30 15:27:33,622 - ERROR - [PLACE FAIL] 1147438962335931 price=0.56
2026-07-30 15:27:43,410 - INFO - [SCREENER] 238 markets in 7.8s | yes:79 no:57 | next in 30s
2026-07-30 15:27:50,364 - ERROR - [py_clob_client_v2] request error status=400 url=https://clob.polymarket.com/order body={"error":"invalid post-only order: order crosses book"}
2026-07-30 15:27:50,364 - ERROR - [PLACE FAIL] 4008127555885222... price=0.43 attempt=1/2 | PolyApiException[status_code=400, error_message={'error': 'invalid post-only order: order crosses book'}]
2026-07-30 15:27:51,112 - ERROR - [PLACE FAIL] 4008127555885222 price=0.43
2026-07-30 15:28:14,449 - INFO - [SCREENER] 230 markets in 6.7s | yes:78 no:58 | next in 30s
2026-07-30 15:28:52,803 - INFO - [SCREENER] 234 markets in 6.2s | yes:80 no:57 | next in 30s
2026-07-30 15:29:31,773 - INFO - [SCREENER] 232 markets in 6.7s | yes:79 no:57 | next in 30s
2026-07-30 15:29:35,649 - ERROR - [py_clob_client_v2] request error status=400 url=https://clob.polymarket.com/order body={"error":"invalid post-only order: order crosses book"}
2026-07-30 15:29:35,650 - ERROR - [PLACE FAIL] 1147438962335931... price=0.56 attempt=1/2 | PolyApiException[status_code=400, error_message={'error': 'invalid post-only order: order crosses book'}]
2026-07-30 15:29:36,366 - ERROR - [PLACE FAIL] 1147438962335931 price=0.56
2026-07-30 15:29:52,717 - ERROR - [py_clob_client_v2] request error status=400 url=https://clob.polymarket.com/order body={"error":"invalid post-only order: order crosses book"}
2026-07-30 15:29:52,718 - ERROR - [PLACE FAIL] 4008127555885222... price=0.43 attempt=1/2 | PolyApiException[status_code=400, error_message={'error': 'invalid post-only order: order crosses book'}]
2026-07-30 15:29:53,443 - ERROR - [PLACE FAIL] 4008127555885222 price=0.43
2026-07-30 15:30:03,552 - INFO - [SCREENER] 236 markets in 7.1s | yes:78 no:55 | next in 30s
2026-07-30 15:30:42,578 - INFO - [SCREENER] 244 markets in 6.4s | yes:79 no:54 | next in 30s
2026-07-30 15:31:21,482 - INFO - [SCREENER] 242 markets in 6.6s | yes:78 no:56 | next in 30s
2026-07-30 15:31:38,627 - ERROR - [py_clob_client_v2] request error status=400 url=https://clob.polymarket.com/order body={"error":"invalid post-only order: order crosses book"}
2026-07-30 15:31:38,628 - ERROR - [PLACE FAIL] 1147438962335931... price=0.56 attempt=1/2 | PolyApiException[status_code=400, error_message={'error': 'invalid post-only order: order crosses book'}]
2026-07-30 15:31:39,363 - ERROR - [PLACE FAIL] 1147438962335931 price=0.56
2026-07-30 15:32:00,452 - INFO - [SCREENER] 245 markets in 6.5s | yes:77 no:57 | next in 30s
2026-07-30 15:32:05,289 - ERROR - [py_clob_client_v2] request error status=400 url=https://clob.polymarket.com/order body={"error":"invalid post-only order: order crosses book"}
2026-07-30 15:32:05,290 - ERROR - [PLACE FAIL] 4008127555885222... price=0.43 attempt=1/2 | PolyApiException[status_code=400, error_message={'error': 'invalid post-only order: order crosses book'}]
2026-07-30 15:32:06,028 - ERROR - [PLACE FAIL] 4008127555885222 price=0.43
2026-07-30 15:32:32,134 - INFO - [SCREENER] 248 markets in 7.5s | yes:79 no:58 | next in 30s
2026-07-30 15:33:11,126 - INFO - [SCREENER] 253 markets in 6.9s | yes:78 no:54 | next in 30s
2026-07-30 15:33:41,058 - ERROR - [py_clob_client_v2] request error status=400 url=https://clob.polymarket.com/order body={"error":"invalid post-only order: order crosses book"}
2026-07-30 15:33:41,059 - ERROR - [PLACE FAIL] 1147438962335931... price=0.56 attempt=1/2 | PolyApiException[status_code=400, error_message={'error': 'invalid post-only order: order crosses book'}]
2026-07-30 15:33:41,796 - ERROR - [PLACE FAIL] 1147438962335931 price=0.56
2026-07-30 15:33:50,206 - INFO - [SCREENER] 252 markets in 6.4s | yes:80 no:55 | next in 30s
2026-07-30 15:34:07,361 - ERROR - [py_clob_client_v2] request error status=400 url=https://clob.polymarket.com/order body={"error":"invalid post-only order: order crosses book"}
2026-07-30 15:34:07,361 - ERROR - [PLACE FAIL] 4008127555885222... price=0.43 attempt=1/2 | PolyApiException[status_code=400, error_message={'error': 'invalid post-only order: order crosses book'}]
2026-07-30 15:34:08,103 - ERROR - [PLACE FAIL] 4008127555885222 price=0.43
2026-07-30 15:34:21,415 - INFO - [SCREENER] 250 markets in 7.3s | yes:82 no:54 | next in 30s
2026-07-30 15:35:00,701 - INFO - [SCREENER] 249 markets in 6.5s | yes:81 no:52 | next in 30s
2026-07-30 15:35:39,866 - INFO - [SCREENER] 242 markets in 6.8s | yes:77 no:52 | next in 30s
2026-07-30 15:35:43,311 - ERROR - [py_clob_client_v2] request error status=400 url=https://clob.polymarket.com/order body={"error":"invalid post-only order: order crosses book"}
2026-07-30 15:35:43,311 - ERROR - [PLACE FAIL] 1147438962335931... price=0.56 attempt=1/2 | PolyApiException[status_code=400, error_message={'error': 'invalid post-only order: order crosses book'}]
2026-07-30 15:35:44,053 - ERROR - [PLACE FAIL] 1147438962335931 price=0.56
2026-07-30 15:36:09,409 - ERROR - [py_clob_client_v2] request error status=400 url=https://clob.polymarket.com/order body={"error":"invalid post-only order: order crosses book"}
2026-07-30 15:36:09,410 - ERROR - [PLACE FAIL] 4008127555885222... price=0.43 attempt=1/2 | PolyApiException[status_code=400, error_message={'error': 'invalid post-only order: order crosses book'}]
2026-07-30 15:36:10,126 - ERROR - [PLACE FAIL] 4008127555885222 price=0.43
2026-07-30 15:36:21,058 - INFO - [SCREENER] 243 markets in 5.9s | yes:74 no:51 | next in 30s
2026-07-30 15:36:59,675 - INFO - [SCREENER] 243 markets in 6.0s | yes:74 no:52 | next in 30s
2026-07-30 15:37:39,701 - INFO - [SCREENER] 240 markets in 7.1s | yes:72 no:53 | next in 30s
2026-07-30 15:37:46,079 - ERROR - [py_clob_client_v2] request error status=400 url=https://clob.polymarket.com/order body={"error":"invalid post-only order: order crosses book"}
2026-07-30 15:37:46,079 - ERROR - [PLACE FAIL] 1147438962335931... price=0.56 attempt=1/2 | PolyApiException[status_code=400, error_message={'error': 'invalid post-only order: order crosses book'}]
2026-07-30 15:37:46,631 - ERROR - [PLACE FAIL] 1147438962335931 price=0.56
2026-07-30 15:38:18,138 - INFO - [SCREENER] 244 markets in 6.2s | yes:74 no:51 | next in 30s
2026-07-30 15:38:21,837 - ERROR - [py_clob_client_v2] request error status=400 url=https://clob.polymarket.com/order body={"error":"invalid post-only order: order crosses book"}
2026-07-30 15:38:21,838 - ERROR - [PLACE FAIL] 4008127555885222... price=0.43 attempt=1/2 | PolyApiException[status_code=400, error_message={'error': 'invalid post-only order: order crosses book'}]
2026-07-30 15:38:22,572 - ERROR - [PLACE FAIL] 4008127555885222 price=0.43
2026-07-30 15:38:48,676 - INFO - [SCREENER] 238 markets in 6.4s | yes:77 no:45 | next in 30s
2026-07-30 15:39:27,966 - INFO - [SCREENER] 244 markets in 6.4s | yes:77 no:45 | next in 30s
2026-07-30 15:39:48,608 - ERROR - [py_clob_client_v2] request error status=400 url=https://clob.polymarket.com/order body={"error":"invalid post-only order: order crosses book"}
2026-07-30 15:39:48,608 - ERROR - [PLACE FAIL] 1147438962335931... price=0.56 attempt=1/2 | PolyApiException[status_code=400, error_message={'error': 'invalid post-only order: order crosses book'}]
2026-07-30 15:39:49,358 - ERROR - [PLACE FAIL] 1147438962335931 price=0.56
2026-07-30 15:40:07,232 - INFO - [SCREENER] 246 markets in 6.3s | yes:78 no:45 | next in 30s
2026-07-30 15:40:24,645 - ERROR - [py_clob_client_v2] request error status=400 url=https://clob.polymarket.com/order body={"error":"invalid post-only order: order crosses book"}
2026-07-30 15:40:24,645 - ERROR - [PLACE FAIL] 4008127555885222... price=0.43 attempt=1/2 | PolyApiException[status_code=400, error_message={'error': 'invalid post-only order: order crosses book'}]
2026-07-30 15:40:25,391 - ERROR - [PLACE FAIL] 4008127555885222 price=0.43
2026-07-30 15:40:39,312 - INFO - [SCREENER] 242 markets in 6.9s | yes:78 no:46 | next in 30s
2026-07-30 15:41:17,811 - INFO - [SCREENER] 240 markets in 5.9s | yes:78 no:44 | next in 30s
2026-07-30 15:41:57,620 - INFO - [SCREENER] 240 markets in 6.6s | yes:84 no:44 | next in 30s
2026-07-30 15:41:59,194 - ERROR - [py_clob_client_v2] request error status=400 url=https://clob.polymarket.com/order body={"error":"invalid post-only order: order crosses book"}
2026-07-30 15:41:59,195 - ERROR - [PLACE FAIL] 1147438962335931... price=0.56 attempt=1/2 | PolyApiException[status_code=400, error_message={'error': 'invalid post-only order: order crosses book'}]
2026-07-30 15:41:59,915 - ERROR - [PLACE FAIL] 1147438962335931 price=0.56
2026-07-30 15:42:27,078 - ERROR - [py_clob_client_v2] request error status=400 url=https://clob.polymarket.com/order body={"error":"invalid post-only order: order crosses book"}
2026-07-30 15:42:27,079 - ERROR - [PLACE FAIL] 4008127555885222... price=0.43 attempt=1/2 | PolyApiException[status_code=400, error_message={'error': 'invalid post-only order: order crosses book'}]
2026-07-30 15:42:27,821 - ERROR - [PLACE FAIL] 4008127555885222 price=0.43
2026-07-30 15:42:39,391 - INFO - [SCREENER] 239 markets in 6.6s | yes:83 no:45 | next in 30s
2026-07-30 15:43:18,219 - INFO - [SCREENER] 236 markets in 6.5s | yes:82 no:46 | next in 30s
2026-07-30 15:43:57,342 - INFO - [SCREENER] 236 markets in 6.8s | yes:81 no:45 | next in 30s
2026-07-30 15:44:02,067 - ERROR - [py_clob_client_v2] request error status=400 url=https://clob.polymarket.com/order body={"error":"invalid post-only order: order crosses book"}
2026-07-30 15:44:02,067 - ERROR - [PLACE FAIL] 1147438962335931... price=0.56 attempt=1/2 | PolyApiException[status_code=400, error_message={'error': 'invalid post-only order: order crosses book'}]
2026-07-30 15:44:02,804 - ERROR - [PLACE FAIL] 1147438962335931 price=0.56
2026-07-30 15:44:29,196 - ERROR - [py_clob_client_v2] request error status=400 url=https://clob.polymarket.com/order body={"error":"invalid post-only order: order crosses book"}
2026-07-30 15:44:29,197 - ERROR - [PLACE FAIL] 4008127555885222... price=0.43 attempt=1/2 | PolyApiException[status_code=400, error_message={'error': 'invalid post-only order: order crosses book'}]
2026-07-30 15:44:29,920 - ERROR - [PLACE FAIL] 4008127555885222 price=0.43
2026-07-30 15:44:40,335 - INFO - [SCREENER] 236 markets in 7.4s | yes:78 no:46 | next in 30s
2026-07-30 15:45:19,149 - INFO - [SCREENER] 238 markets in 6.4s | yes:80 no:47 | next in 30s
2026-07-30 15:45:57,962 - INFO - [SCREENER] 233 markets in 6.6s | yes:75 no:45 | next in 30s
2026-07-30 15:46:04,455 - ERROR - [py_clob_client_v2] request error status=400 url=https://clob.polymarket.com/order body={"error":"invalid post-only order: order crosses book"}
2026-07-30 15:46:04,455 - ERROR - [PLACE FAIL] 1147438962335931... price=0.56 attempt=1/2 | PolyApiException[status_code=400, error_message={'error': 'invalid post-only order: order crosses book'}]
2026-07-30 15:46:05,203 - ERROR - [PLACE FAIL] 1147438962335931 price=0.56
2026-07-30 15:46:44,249 - INFO - [SCREENER] 233 markets in 13.6s | yes:75 no:43 | next in 30s
2026-07-30 15:46:49,099 - ERROR - [py_clob_client_v2] request error status=400 url=https://clob.polymarket.com/order body={"error":"invalid post-only order: order crosses book"}
2026-07-30 15:46:49,099 - ERROR - [PLACE FAIL] 4008127555885222... price=0.43 attempt=1/2 | PolyApiException[status_code=400, error_message={'error': 'invalid post-only order: order crosses book'}]
2026-07-30 15:46:49,835 - ERROR - [PLACE FAIL] 4008127555885222 price=0.43
2026-07-30 15:47:16,633 - INFO - [SCREENER] 235 markets in 7.8s | yes:76 no:43 | next in 30s
2026-07-30 15:47:56,178 - INFO - [SCREENER] 230 markets in 6.9s | yes:75 no:42 | next in 30s
2026-07-30 15:48:07,010 - ERROR - [py_clob_client_v2] request error status=400 url=https://clob.polymarket.com/order body={"error":"invalid post-only order: order crosses book"}
2026-07-30 15:48:07,012 - ERROR - [PLACE FAIL] 1147438962335931... price=0.56 attempt=1/2 | PolyApiException[status_code=400, error_message={'error': 'invalid post-only order: order crosses book'}]
2026-07-30 15:48:08,342 - ERROR - [PLACE FAIL] 1147438962335931 price=0.56
2026-07-30 15:48:35,155 - INFO - [SCREENER] 227 markets in 6.2s | yes:72 no:43 | next in 30s
2026-07-30 15:48:51,459 - ERROR - [py_clob_client_v2] request error status=400 url=https://clob.polymarket.com/order body={"error":"invalid post-only order: order crosses book"}
2026-07-30 15:48:51,459 - ERROR - [PLACE FAIL] 4008127555885222... price=0.43 attempt=1/2 | PolyApiException[status_code=400, error_message={'error': 'invalid post-only order: order crosses book'}]
2026-07-30 15:48:52,180 - ERROR - [PLACE FAIL] 4008127555885222 price=0.43
2026-07-30 15:49:06,028 - INFO - [SCREENER] 226 markets in 6.8s | yes:74 no:43 | next in 30s
2026-07-30 15:49:44,818 - INFO - [SCREENER] 222 markets in 6.4s | yes:76 no:42 | next in 30s
2026-07-30 15:50:10,430 - ERROR - [py_clob_client_v2] request error status=400 url=https://clob.polymarket.com/order body={"error":"invalid post-only order: order crosses book"}
2026-07-30 15:50:10,430 - ERROR - [PLACE FAIL] 1147438962335931... price=0.56 attempt=1/2 | PolyApiException[status_code=400, error_message={'error': 'invalid post-only order: order crosses book'}]
2026-07-30 15:50:11,167 - ERROR - [PLACE FAIL] 1147438962335931 price=0.56
2026-07-30 15:50:23,389 - INFO - [SCREENER] 219 markets in 6.2s | yes:78 no:42 | next in 30s
2026-07-30 15:50:54,449 - ERROR - [py_clob_client_v2] request error status=400 url=https://clob.polymarket.com/order body={"error":"invalid post-only order: order crosses book"}
2026-07-30 15:50:54,450 - ERROR - [PLACE FAIL] 4008127555885222... price=0.43 attempt=1/2 | PolyApiException[status_code=400, error_message={'error': 'invalid post-only order: order crosses book'}]
2026-07-30 15:50:55,181 - ERROR - [PLACE FAIL] 4008127555885222 price=0.43
2026-07-30 15:51:02,169 - INFO - [SCREENER] 222 markets in 6.0s | yes:79 no:41 | next in 30s
2026-07-30 15:51:40,653 - INFO - [SCREENER] 230 markets in 14.0s | yes:79 no:41 | next in 30s
2026-07-30 15:52:09,140 - INFO - [SCREENER] 229 markets in 6.7s | yes:76 no:43 | next in 30s
2026-07-30 15:52:13,359 - ERROR - [py_clob_client_v2] request error status=400 url=https://clob.polymarket.com/order body={"error":"invalid post-only order: order crosses book"}
2026-07-30 15:52:13,359 - ERROR - [PLACE FAIL] 1147438962335931... price=0.56 attempt=1/2 | PolyApiException[status_code=400, error_message={'error': 'invalid post-only order: order crosses book'}]
2026-07-30 15:52:14,101 - ERROR - [PLACE FAIL] 1147438962335931 price=0.56
2026-07-30 15:52:48,126 - INFO - [SCREENER] 229 markets in 6.7s | yes:74 no:42 | next in 30s
2026-07-30 15:52:56,511 - ERROR - [py_clob_client_v2] request error status=400 url=https://clob.polymarket.com/order body={"error":"invalid post-only order: order crosses book"}
2026-07-30 15:52:56,513 - ERROR - [PLACE FAIL] 4008127555885222... price=0.43 attempt=1/2 | PolyApiException[status_code=400, error_message={'error': 'invalid post-only order: order crosses book'}]
2026-07-30 15:52:57,247 - ERROR - [PLACE FAIL] 4008127555885222 price=0.43
2026-07-30 15:53:19,030 - INFO - [SCREENER] 226 markets in 7.0s | yes:75 no:42 | next in 30s
2026-07-30 15:53:58,050 - INFO - [SCREENER] 231 markets in 6.3s | yes:75 no:42 | next in 30s
2026-07-30 15:54:15,967 - ERROR - [py_clob_client_v2] request error status=400 url=https://clob.polymarket.com/order body={"error":"invalid post-only order: order crosses book"}
2026-07-30 15:54:15,968 - ERROR - [PLACE FAIL] 1147438962335931... price=0.56 attempt=1/2 | PolyApiException[status_code=400, error_message={'error': 'invalid post-only order: order crosses book'}]
2026-07-30 15:54:16,710 - ERROR - [PLACE FAIL] 1147438962335931 price=0.56
2026-07-30 15:54:37,854 - INFO - [SCREENER] 233 markets in 7.5s | yes:74 no:42 | next in 30s
2026-07-30 15:54:58,800 - ERROR - [py_clob_client_v2] request error status=400 url=https://clob.polymarket.com/order body={"error":"invalid post-only order: order crosses book"}
2026-07-30 15:54:58,800 - ERROR - [PLACE FAIL] 4008127555885222... price=0.43 attempt=1/2 | PolyApiException[status_code=400, error_message={'error': 'invalid post-only order: order crosses book'}]
2026-07-30 15:55:02,800 - ERROR - [PLACE FAIL] 4008127555885222 price=0.43
2026-07-30 15:55:19,726 - INFO - [SCREENER] 236 markets in 6.9s | yes:73 no:42 | next in 30s
2026-07-30 15:55:58,328 - INFO - [SCREENER] 234 markets in 6.3s | yes:74 no:42 | next in 30s
2026-07-30 15:56:18,375 - ERROR - [py_clob_client_v2] request error status=400 url=https://clob.polymarket.com/order body={"error":"invalid post-only order: order crosses book"}
2026-07-30 15:56:18,376 - ERROR - [PLACE FAIL] 1147438962335931... price=0.56 attempt=1/2 | PolyApiException[status_code=400, error_message={'error': 'invalid post-only order: order crosses book'}]
2026-07-30 15:56:19,116 - ERROR - [PLACE FAIL] 1147438962335931 price=0.56
2026-07-30 15:56:37,004 - INFO - [SCREENER] 238 markets in 6.3s | yes:77 no:41 | next in 30s
2026-07-30 15:57:04,938 - ERROR - [py_clob_client_v2] request error status=400 url=https://clob.polymarket.com/order body={"error":"invalid post-only order: order crosses book"}
2026-07-30 15:57:04,938 - ERROR - [PLACE FAIL] 4008127555885222... price=0.43 attempt=1/2 | PolyApiException[status_code=400, error_message={'error': 'invalid post-only order: order crosses book'}]
2026-07-30 15:57:05,472 - ERROR - [PLACE FAIL] 4008127555885222 price=0.43
2026-07-30 15:57:15,436 - INFO - [SCREENER] 232 markets in 6.0s | yes:77 no:39 | next in 30s
2026-07-30 15:57:46,485 - INFO - [SCREENER] 241 markets in 6.9s | yes:78 no:40 | next in 30s
2026-07-30 15:58:04,504 - ERROR - [py_clob_client_v2] request error status=400 url=https://clob.polymarket.com/order body={"error":"invalid post-only order: order crosses book"}
2026-07-30 15:58:04,504 - ERROR - [PLACE FAIL] 1147438962335931... price=0.56 attempt=1/2 | PolyApiException[status_code=400, error_message={'error': 'invalid post-only order: order crosses book'}]
2026-07-30 15:58:05,247 - ERROR - [PLACE FAIL] 1147438962335931 price=0.56
2026-07-30 15:58:26,783 - INFO - [SCREENER] 233 markets in 7.9s | yes:75 no:40 | next in 30s
2026-07-30 15:59:05,919 - INFO - [SCREENER] 228 markets in 7.0s | yes:73 no:39 | next in 30s
2026-07-30 15:59:08,092 - ERROR - [py_clob_client_v2] request error status=400 url=https://clob.polymarket.com/order body={"error":"invalid post-only order: order crosses book"}
2026-07-30 15:59:08,092 - ERROR - [PLACE FAIL] 4008127555885222... price=0.43 attempt=1/2 | PolyApiException[status_code=400, error_message={'error': 'invalid post-only order: order crosses book'}]
2026-07-30 15:59:08,835 - ERROR - [PLACE FAIL] 4008127555885222 price=0.43
2026-07-30 15:59:36,866 - INFO - [SCREENER] 225 markets in 6.6s | yes:72 no:38 | next in 30s
2026-07-30 16:00:07,478 - ERROR - [py_clob_client_v2] request error status=400 url=https://clob.polymarket.com/order body={"error":"invalid post-only order: order crosses book"}
2026-07-30 16:00:07,479 - ERROR - [PLACE FAIL] 1147438962335931... price=0.56 attempt=1/2 | PolyApiException[status_code=400, error_message={'error': 'invalid post-only order: order crosses book'}]
2026-07-30 16:00:08,214 - ERROR - [PLACE FAIL] 1147438962335931 price=0.56
2026-07-30 16:00:15,478 - INFO - [SCREENER] 223 markets in 6.3s | yes:72 no:41 | next in 30s
2026-07-30 16:00:54,082 - INFO - [SCREENER] 216 markets in 6.5s | yes:69 no:40 | next in 30s
2026-07-30 16:01:10,118 - ERROR - [py_clob_client_v2] request error status=400 url=https://clob.polymarket.com/order body={"error":"invalid post-only order: order crosses book"}
2026-07-30 16:01:10,118 - ERROR - [PLACE FAIL] 4008127555885222... price=0.43 attempt=1/2 | PolyApiException[status_code=400, error_message={'error': 'invalid post-only order: order crosses book'}]
2026-07-30 16:01:10,866 - ERROR - [PLACE FAIL] 4008127555885222 price=0.43
2026-07-30 16:01:33,971 - INFO - [SCREENER] 214 markets in 7.6s | yes:56 no:41 | next in 30s
2026-07-30 16:02:06,031 - INFO - [SCREENER] 217 markets in 7.6s | yes:55 no:43 | next in 30s
2026-07-30 16:02:10,448 - ERROR - [py_clob_client_v2] request error status=400 url=https://clob.polymarket.com/order body={"error":"invalid post-only order: order crosses book"}
2026-07-30 16:02:10,448 - ERROR - [PLACE FAIL] 1147438962335931... price=0.56 attempt=1/2 | PolyApiException[status_code=400, error_message={'error': 'invalid post-only order: order crosses book'}]
2026-07-30 16:02:11,166 - ERROR - [PLACE FAIL] 1147438962335931 price=0.56
2026-07-30 16:02:45,308 - INFO - [SCREENER] 214 markets in 6.9s | yes:57 no:41 | next in 30s
2026-07-30 16:03:12,767 - ERROR - [py_clob_client_v2] request error status=400 url=https://clob.polymarket.com/order body={"error":"invalid post-only order: order crosses book"}
2026-07-30 16:03:12,769 - ERROR - [PLACE FAIL] 4008127555885222... price=0.43 attempt=1/2 | PolyApiException[status_code=400, error_message={'error': 'invalid post-only order: order crosses book'}]
2026-07-30 16:03:13,499 - ERROR - [PLACE FAIL] 4008127555885222 price=0.43
2026-07-30 16:03:24,008 - INFO - [SCREENER] 216 markets in 6.5s | yes:57 no:40 | next in 30s
2026-07-30 16:03:54,679 - INFO - [SCREENER] 217 markets in 6.7s | yes:57 no:41 | next in 30s
2026-07-30 16:04:34,148 - INFO - [SCREENER] 218 markets in 7.1s | yes:56 no:41 | next in 30s
2026-07-30 16:05:14,362 - INFO - [SCREENER] 221 markets in 7.9s | yes:62 no:41 | next in 30s
2026-07-30 16:05:16,554 - ERROR - [py_clob_client_v2] request error status=400 url=https://clob.polymarket.com/order body={"error":"invalid post-only order: order crosses book"}
2026-07-30 16:05:16,559 - ERROR - [PLACE FAIL] 4008127555885222... price=0.43 attempt=1/2 | PolyApiException[status_code=400, error_message={'error': 'invalid post-only order: order crosses book'}]
2026-07-30 16:05:17,244 - ERROR - [PLACE FAIL] 4008127555885222 price=0.43
2026-07-30 16:05:55,614 - INFO - [SCREENER] 225 markets in 6.6s | yes:61 no:40 | next in 30s
2026-07-30 16:06:34,395 - INFO - [SCREENER] 228 markets in 6.5s | yes:62 no:39 | next in 30s
2026-07-30 16:07:13,893 - INFO - [SCREENER] 233 markets in 7.5s | yes:64 no:43 | next in 30s
2026-07-30 16:07:19,247 - ERROR - [py_clob_client_v2] request error status=400 url=https://clob.polymarket.com/order body={"error":"invalid post-only order: order crosses book"}
2026-07-30 16:07:19,248 - ERROR - [PLACE FAIL] 4008127555885222... price=0.43 attempt=1/2 | PolyApiException[status_code=400, error_message={'error': 'invalid post-only order: order crosses book'}]
2026-07-30 16:07:19,985 - ERROR - [PLACE FAIL] 4008127555885222 price=0.43
2026-07-30 16:07:26,837 - ERROR - [py_clob_client_v2] request error status=400 url=https://clob.polymarket.com/order body={"error":"invalid post-only order: order crosses book"}
2026-07-30 16:07:26,838 - ERROR - [PLACE FAIL] 1147438962335931... price=0.56 attempt=1/2 | PolyApiException[status_code=400, error_message={'error': 'invalid post-only order: order crosses book'}]
2026-07-30 16:07:27,565 - ERROR - [PLACE FAIL] 1147438962335931 price=0.56
2026-07-30 16:07:54,074 - INFO - [SCREENER] 233 markets in 7.9s | yes:61 no:42 | next in 30s
2026-07-30 16:08:24,912 - INFO - [SCREENER] 236 markets in 6.2s | yes:62 no:42 | next in 30s
2026-07-30 16:09:04,714 - INFO - [SCREENER] 233 markets in 7.4s | yes:58 no:38 | next in 30s
2026-07-30 16:09:21,726 - ERROR - [py_clob_client_v2] request error status=400 url=https://clob.polymarket.com/order body={"error":"invalid post-only order: order crosses book"}
2026-07-30 16:09:21,727 - ERROR - [PLACE FAIL] 4008127555885222... price=0.43 attempt=1/2 | PolyApiException[status_code=400, error_message={'error': 'invalid post-only order: order crosses book'}]
2026-07-30 16:09:22,453 - ERROR - [PLACE FAIL] 4008127555885222 price=0.43
2026-07-30 16:09:29,306 - ERROR - [py_clob_client_v2] request error status=400 url=https://clob.polymarket.com/order body={"error":"invalid post-only order: order crosses book"}
2026-07-30 16:09:29,306 - ERROR - [PLACE FAIL] 1147438962335931... price=0.56 attempt=1/2 | PolyApiException[status_code=400, error_message={'error': 'invalid post-only order: order crosses book'}]
2026-07-30 16:09:30,039 - ERROR - [PLACE FAIL] 1147438962335931 price=0.56
2026-07-30 16:09:43,751 - INFO - [SCREENER] 236 markets in 6.7s | yes:58 no:37 | next in 30s
2026-07-30 16:10:15,580 - INFO - [SCREENER] 239 markets in 7.6s | yes:60 no:37 | next in 30s
2026-07-30 16:10:54,271 - INFO - [SCREENER] 238 markets in 6.6s | yes:64 no:35 | next in 30s
2026-07-30 16:11:24,537 - ERROR - [py_clob_client_v2] request error status=400 url=https://clob.polymarket.com/order body={"error":"invalid post-only order: order crosses book"}
2026-07-30 16:11:24,538 - ERROR - [PLACE FAIL] 4008127555885222... price=0.43 attempt=1/2 | PolyApiException[status_code=400, error_message={'error': 'invalid post-only order: order crosses book'}]
2026-07-30 16:11:25,271 - ERROR - [PLACE FAIL] 4008127555885222 price=0.43
2026-07-30 16:11:32,732 - INFO - [SCREENER] 236 markets in 6.5s | yes:63 no:36 | next in 30s
2026-07-30 16:11:34,814 - ERROR - [py_clob_client_v2] request error status=400 url=https://clob.polymarket.com/order body={"error":"invalid post-only order: order crosses book"}
2026-07-30 16:11:34,816 - ERROR - [PLACE FAIL] 1147438962335931... price=0.56 attempt=1/2 | PolyApiException[status_code=400, error_message={'error': 'invalid post-only order: order crosses book'}]
2026-07-30 16:11:35,557 - ERROR - [PLACE FAIL] 1147438962335931 price=0.56
2026-07-30 16:12:11,369 - INFO - [SCREENER] 240 markets in 6.7s | yes:65 no:35 | next in 30s
2026-07-30 16:12:43,125 - INFO - [SCREENER] 239 markets in 7.2s | yes:63 no:34 | next in 30s
2026-07-30 16:13:22,495 - INFO - [SCREENER] 242 markets in 6.7s | yes:64 no:34 | next in 30s
2026-07-30 16:13:26,630 - ERROR - [py_clob_client_v2] request error status=400 url=https://clob.polymarket.com/order body={"error":"invalid post-only order: order crosses book"}
2026-07-30 16:13:26,630 - ERROR - [PLACE FAIL] 4008127555885222... price=0.43 attempt=1/2 | PolyApiException[status_code=400, error_message={'error': 'invalid post-only order: order crosses book'}]
2026-07-30 16:13:27,365 - ERROR - [PLACE FAIL] 4008127555885222 price=0.43
2026-07-30 16:14:01,398 - INFO - [SCREENER] 240 markets in 6.9s | yes:60 no:35 | next in 30s
2026-07-30 16:14:33,507 - INFO - [SCREENER] 240 markets in 7.4s | yes:58 no:35 | next in 30s
2026-07-30 16:14:35,644 - ERROR - [py_clob_client_v2] request error status=400 url=https://clob.polymarket.com/order body={"error":"invalid post-only order: order crosses book"}
2026-07-30 16:14:35,644 - ERROR - [PLACE FAIL] 1147438962335931... price=0.56 attempt=1/2 | PolyApiException[status_code=400, error_message={'error': 'invalid post-only order: order crosses book'}]
2026-07-30 16:14:36,386 - ERROR - [PLACE FAIL] 1147438962335931 price=0.56
2026-07-30 16:15:11,535 - INFO - [SCREENER] 238 markets in 6.0s | yes:60 no:33 | next in 30s
2026-07-30 16:15:28,874 - ERROR - [py_clob_client_v2] request error status=400 url=https://clob.polymarket.com/order body={"error":"invalid post-only order: order crosses book"}
2026-07-30 16:15:28,875 - ERROR - [PLACE FAIL] 4008127555885222... price=0.43 attempt=1/2 | PolyApiException[status_code=400, error_message={'error': 'invalid post-only order: order crosses book'}]
2026-07-30 16:15:29,380 - ERROR - [PLACE FAIL] 4008127555885222 price=0.43
2026-07-30 16:15:50,680 - INFO - [SCREENER] 235 markets in 6.7s | yes:58 no:31 | next in 30s
2026-07-30 16:16:29,243 - INFO - [SCREENER] 238 markets in 6.2s | yes:60 no:34 | next in 30s
2026-07-30 16:16:59,662 - INFO - [SCREENER] 238 markets in 6.4s | yes:61 no:34 | next in 30s
2026-07-30 16:17:27,179 - ERROR - [py_clob_client_v2] request error status=400 url=https://clob.polymarket.com/order body={"error":"invalid post-only order: order crosses book"}
2026-07-30 16:17:27,180 - ERROR - [PLACE FAIL] 1147438962335931... price=0.56 attempt=1/2 | PolyApiException[status_code=400, error_message={'error': 'invalid post-only order: order crosses book'}]
2026-07-30 16:17:27,920 - ERROR - [PLACE FAIL] 1147438962335931 price=0.56
2026-07-30 16:17:31,187 - ERROR - [py_clob_client_v2] request error status=400 url=https://clob.polymarket.com/order body={"error":"invalid post-only order: order crosses book"}
2026-07-30 16:17:31,187 - ERROR - [PLACE FAIL] 4008127555885222... price=0.43 attempt=1/2 | PolyApiException[status_code=400, error_message={'error': 'invalid post-only order: order crosses book'}]
2026-07-30 16:17:38,878 - INFO - [SCREENER] 229 markets in 7.0s | yes:63 no:33 | next in 30s
2026-07-30 16:17:39,712 - ERROR - [PLACE FAIL] 4008127555885222 price=0.43
2026-07-30 16:18:17,070 - INFO - [SCREENER] 232 markets in 6.2s | yes:59 no:35 | next in 30s
2026-07-30 16:18:47,689 - INFO - [SCREENER] 230 markets in 6.7s | yes:58 no:35 | next in 30s
2026-07-30 16:19:27,259 - INFO - [SCREENER] 228 markets in 6.9s | yes:59 no:34 | next in 30s
2026-07-30 16:19:29,359 - ERROR - [py_clob_client_v2] request error status=400 url=https://clob.polymarket.com/order body={"error":"invalid post-only order: order crosses book"}
2026-07-30 16:19:29,359 - ERROR - [PLACE FAIL] 1147438962335931... price=0.56 attempt=1/2 | PolyApiException[status_code=400, error_message={'error': 'invalid post-only order: order crosses book'}]
2026-07-30 16:19:30,104 - ERROR - [PLACE FAIL] 1147438962335931 price=0.56
2026-07-30 16:19:41,002 - ERROR - [py_clob_client_v2] request error status=400 url=https://clob.polymarket.com/order body={"error":"invalid post-only order: order crosses book"}
2026-07-30 16:19:41,003 - ERROR - [PLACE FAIL] 4008127555885222... price=0.43 attempt=1/2 | PolyApiException[status_code=400, error_message={'error': 'invalid post-only order: order crosses book'}]
2026-07-30 16:19:41,729 - ERROR - [PLACE FAIL] 4008127555885222 price=0.43
2026-07-30 16:20:06,218 - INFO - [SCREENER] 228 markets in 6.9s | yes:56 no:36 | next in 30s
2026-07-30 16:20:44,906 - INFO - [SCREENER] 236 markets in 6.4s | yes:61 no:36 | next in 30s
2026-07-30 16:21:15,703 - INFO - [SCREENER] 235 markets in 6.7s | yes:62 no:36 | next in 30s
2026-07-30 16:21:32,031 - ERROR - [py_clob_client_v2] request error status=400 url=https://clob.polymarket.com/order body={"error":"invalid post-only order: order crosses book"}
2026-07-30 16:21:32,032 - ERROR - [PLACE FAIL] 1147438962335931... price=0.56 attempt=1/2 | PolyApiException[status_code=400, error_message={'error': 'invalid post-only order: order crosses book'}]
2026-07-30 16:21:32,768 - ERROR - [PLACE FAIL] 1147438962335931 price=0.56
2026-07-30 16:21:43,574 - ERROR - [py_clob_client_v2] request error status=400 url=https://clob.polymarket.com/order body={"error":"invalid post-only order: order crosses book"}
2026-07-30 16:21:43,575 - ERROR - [PLACE FAIL] 4008127555885222... price=0.43 attempt=1/2 | PolyApiException[status_code=400, error_message={'error': 'invalid post-only order: order crosses book'}]
2026-07-30 16:21:44,315 - ERROR - [PLACE FAIL] 4008127555885222 price=0.43
2026-07-30 16:21:55,079 - INFO - [SCREENER] 230 markets in 6.8s | yes:63 no:33 | next in 30s
2026-07-30 16:22:33,478 - INFO - [SCREENER] 227 markets in 6.4s | yes:60 no:34 | next in 30s
2026-07-30 16:23:04,075 - INFO - [SCREENER] 224 markets in 6.9s | yes:56 no:35 | next in 30s
2026-07-30 16:23:34,537 - ERROR - [py_clob_client_v2] request error status=400 url=https://clob.polymarket.com/order body={"error":"invalid post-only order: order crosses book"}
2026-07-30 16:23:34,538 - ERROR - [PLACE FAIL] 1147438962335931... price=0.56 attempt=1/2 | PolyApiException[status_code=400, error_message={'error': 'invalid post-only order: order crosses book'}]
2026-07-30 16:23:35,273 - ERROR - [PLACE FAIL] 1147438962335931 price=0.56
2026-07-30 16:23:42,759 - INFO - [SCREENER] 226 markets in 6.5s | yes:58 no:34 | next in 30s
2026-07-30 16:23:46,073 - ERROR - [py_clob_client_v2] request error status=400 url=https://clob.polymarket.com/order body={"error":"invalid post-only order: order crosses book"}
2026-07-30 16:23:46,075 - ERROR - [PLACE FAIL] 4008127555885222... price=0.43 attempt=1/2 | PolyApiException[status_code=400, error_message={'error': 'invalid post-only order: order crosses book'}]
2026-07-30 16:23:46,822 - ERROR - [PLACE FAIL] 4008127555885222 price=0.43
2026-07-30 16:24:23,009 - INFO - [SCREENER] 230 markets in 8.1s | yes:59 no:34 | next in 30s
2026-07-30 16:25:04,579 - INFO - [SCREENER] 231 markets in 7.4s | yes:61 no:34 | next in 30s
2026-07-30 16:25:43,470 - INFO - [SCREENER] 233 markets in 6.7s | yes:59 no:34 | next in 30s
2026-07-30 16:25:44,769 - ERROR - [py_clob_client_v2] request error status=400 url=https://clob.polymarket.com/order body={"error":"invalid post-only order: order crosses book"}
2026-07-30 16:25:44,769 - ERROR - [PLACE FAIL] 1147438962335931... price=0.56 attempt=1/2 | PolyApiException[status_code=400, error_message={'error': 'invalid post-only order: order crosses book'}]
2026-07-30 16:25:45,507 - ERROR - [PLACE FAIL] 1147438962335931 price=0.56
2026-07-30 16:25:48,769 - ERROR - [py_clob_client_v2] request error status=400 url=https://clob.polymarket.com/order body={"error":"invalid post-only order: order crosses book"}
2026-07-30 16:25:48,770 - ERROR - [PLACE FAIL] 4008127555885222... price=0.43 attempt=1/2 | PolyApiException[status_code=400, error_message={'error': 'invalid post-only order: order crosses book'}]
2026-07-30 16:25:49,510 - ERROR - [PLACE FAIL] 4008127555885222 price=0.43
2026-07-30 16:26:22,790 - INFO - [SCREENER] 234 markets in 6.8s | yes:59 no:33 | next in 30s
2026-07-30 16:27:01,297 - INFO - [SCREENER] 238 markets in 6.6s | yes:72 no:33 | next in 30s
2026-07-30 16:27:32,706 - INFO - [SCREENER] 240 markets in 7.4s | yes:71 no:33 | next in 30s
2026-07-30 16:27:47,448 - ERROR - [py_clob_client_v2] request error status=400 url=https://clob.polymarket.com/order body={"error":"invalid post-only order: order crosses book"}
2026-07-30 16:27:47,448 - ERROR - [PLACE FAIL] 1147438962335931... price=0.56 attempt=1/2 | PolyApiException[status_code=400, error_message={'error': 'invalid post-only order: order crosses book'}]
2026-07-30 16:27:48,181 - ERROR - [PLACE FAIL] 1147438962335931 price=0.56
2026-07-30 16:27:51,442 - ERROR - [py_clob_client_v2] request error status=400 url=https://clob.polymarket.com/order body={"error":"invalid post-only order: order crosses book"}
2026-07-30 16:27:51,443 - ERROR - [PLACE FAIL] 4008127555885222... price=0.43 attempt=1/2 | PolyApiException[status_code=400, error_message={'error': 'invalid post-only order: order crosses book'}]
2026-07-30 16:27:52,185 - ERROR - [PLACE FAIL] 4008127555885222 price=0.43
2026-07-30 16:28:11,257 - INFO - [SCREENER] 231 markets in 6.5s | yes:71 no:34 | next in 30s
2026-07-30 16:28:50,891 - INFO - [SCREENER] 233 markets in 7.6s | yes:73 no:35 | next in 30s
2026-07-30 16:29:21,711 - INFO - [SCREENER] 230 markets in 6.9s | yes:72 no:35 | next in 30s
2026-07-30 16:29:50,357 - ERROR - [py_clob_client_v2] request error status=400 url=https://clob.polymarket.com/order body={"error":"invalid post-only order: order crosses book"}
2026-07-30 16:29:50,358 - ERROR - [PLACE FAIL] 1147438962335931... price=0.56 attempt=1/2 | PolyApiException[status_code=400, error_message={'error': 'invalid post-only order: order crosses book'}]
2026-07-30 16:29:51,036 - ERROR - [PLACE FAIL] 1147438962335931 price=0.56
2026-07-30 16:30:01,281 - INFO - [SCREENER] 232 markets in 7.2s | yes:71 no:34 | next in 30s
2026-07-30 16:30:02,559 - ERROR - [py_clob_client_v2] request error status=400 url=https://clob.polymarket.com/order body={"error":"invalid post-only order: order crosses book"}
2026-07-30 16:30:02,560 - ERROR - [PLACE FAIL] 4008127555885222... price=0.43 attempt=1/2 | PolyApiException[status_code=400, error_message={'error': 'invalid post-only order: order crosses book'}]
2026-07-30 16:30:03,279 - ERROR - [PLACE FAIL] 4008127555885222 price=0.43
2026-07-30 16:30:40,439 - INFO - [SCREENER] 231 markets in 7.0s | yes:71 no:33 | next in 30s
2026-07-30 16:31:24,263 - INFO - [SCREENER] 231 markets in 7.7s | yes:60 no:34 | next in 30s
2026-07-30 16:31:52,964 - ERROR - [py_clob_client_v2] request error status=400 url=https://clob.polymarket.com/order body={"error":"invalid post-only order: order crosses book"}
2026-07-30 16:31:52,964 - ERROR - [PLACE FAIL] 1147438962335931... price=0.56 attempt=1/2 | PolyApiException[status_code=400, error_message={'error': 'invalid post-only order: order crosses book'}]
2026-07-30 16:31:53,693 - ERROR - [PLACE FAIL] 1147438962335931 price=0.56
2026-07-30 16:32:03,902 - INFO - [SCREENER] 230 markets in 7.2s | yes:59 no:33 | next in 30s
2026-07-30 16:32:06,294 - ERROR - [py_clob_client_v2] request error status=400 url=https://clob.polymarket.com/order body={"error":"invalid post-only order: order crosses book"}
2026-07-30 16:32:06,295 - ERROR - [PLACE FAIL] 4008127555885222... price=0.43 attempt=1/2 | PolyApiException[status_code=400, error_message={'error': 'invalid post-only order: order crosses book'}]
2026-07-30 16:32:07,019 - ERROR - [PLACE FAIL] 4008127555885222 price=0.43
2026-07-30 16:32:43,531 - INFO - [SCREENER] 226 markets in 7.3s | yes:58 no:34 | next in 30s
2026-07-30 16:33:27,012 - INFO - [SCREENER] 225 markets in 7.8s | yes:61 no:34 | next in 30s
2026-07-30 16:33:55,007 - ERROR - [py_clob_client_v2] request error status=400 url=https://clob.polymarket.com/order body={"error":"invalid post-only order: order crosses book"}
2026-07-30 16:33:55,008 - ERROR - [PLACE FAIL] 1147438962335931... price=0.56 attempt=1/2 | PolyApiException[status_code=400, error_message={'error': 'invalid post-only order: order crosses book'}]
2026-07-30 16:33:55,751 - ERROR - [PLACE FAIL] 1147438962335931 price=0.56
2026-07-30 16:34:06,150 - INFO - [SCREENER] 224 markets in 6.4s | yes:61 no:37 | next in 30s
2026-07-30 16:34:09,275 - ERROR - [py_clob_client_v2] request error status=400 url=https://clob.polymarket.com/order body={"error":"invalid post-only order: order crosses book"}
2026-07-30 16:34:09,275 - ERROR - [PLACE FAIL] 4008127555885222... price=0.43 attempt=1/2 | PolyApiException[status_code=400, error_message={'error': 'invalid post-only order: order crosses book'}]
2026-07-30 16:34:09,987 - ERROR - [PLACE FAIL] 4008127555885222 price=0.43
2026-07-30 16:34:20,732 - ERROR - [py_clob_client_v2] request error: Server disconnected
2026-07-30 16:34:20,733 - ERROR - [py_clob_client_v2] request error: Server disconnected
2026-07-30 16:34:20,733 - ERROR - 获取订单簿失败: 10411930139417566045... | PolyApiException[status_code=None, error_message=Request exception!]
2026-07-30 16:34:20,733 - ERROR - 获取订单簿失败: 35206815509475680877... | PolyApiException[status_code=None, error_message=Request exception!]
2026-07-30 16:34:21,729 - WARNING - [RETRY] 1041193013941756 bids不足2档，10s后重试
2026-07-30 16:34:21,729 - WARNING - [RETRY] 3520681550947568 bids不足2档，10s后重试
2026-07-30 16:34:50,845 - INFO - [SCREENER] 223 markets in 12.5s | yes:60 no:32 | next in 30s
2026-07-30 16:35:19,665 - INFO - [SCREENER] 226 markets in 7.0s | yes:59 no:32 | next in 30s
2026-07-30 16:35:50,676 - INFO - [SCREENER] 230 markets in 6.9s | yes:60 no:33 | next in 30s
2026-07-30 16:36:11,769 - ERROR - [py_clob_client_v2] request error status=400 url=https://clob.polymarket.com/order body={"error":"invalid post-only order: order crosses book"}
2026-07-30 16:36:11,769 - ERROR - [PLACE FAIL] 4008127555885222... price=0.43 attempt=1/2 | PolyApiException[status_code=400, error_message={'error': 'invalid post-only order: order crosses book'}]
2026-07-30 16:36:13,260 - ERROR - [PLACE FAIL] 4008127555885222 price=0.43
2026-07-30 16:36:29,735 - INFO - [SCREENER] 229 markets in 6.5s | yes:65 no:34 | next in 30s
2026-07-30 16:37:08,640 - INFO - [SCREENER] 232 markets in 6.5s | yes:64 no:35 | next in 30s
2026-07-30 16:37:39,348 - INFO - [SCREENER] 228 markets in 6.6s | yes:66 no:35 | next in 30s
2026-07-30 16:37:42,070 - ERROR - [py_clob_client_v2] request error status=400 url=https://clob.polymarket.com/order body={"error":"invalid post-only order: order crosses book"}
2026-07-30 16:37:42,070 - ERROR - [PLACE FAIL] 1147438962335931... price=0.56 attempt=1/2 | PolyApiException[status_code=400, error_message={'error': 'invalid post-only order: order crosses book'}]
2026-07-30 16:37:42,570 - ERROR - [PLACE FAIL] 1147438962335931 price=0.56
2026-07-30 16:38:18,493 - INFO - [SCREENER] 229 markets in 6.4s | yes:69 no:32 | next in 30s
2026-07-30 16:38:20,765 - ERROR - [py_clob_client_v2] request error status=400 url=https://clob.polymarket.com/order body={"error":"invalid post-only order: order crosses book"}
2026-07-30 16:38:20,767 - ERROR - [PLACE FAIL] 4008127555885222... price=0.43 attempt=1/2 | PolyApiException[status_code=400, error_message={'error': 'invalid post-only order: order crosses book'}]
2026-07-30 16:38:21,516 - ERROR - [PLACE FAIL] 4008127555885222 price=0.43
2026-07-30 16:38:59,179 - INFO - [SCREENER] 233 markets in 8.4s | yes:72 no:31 | next in 30s
2026-07-30 16:39:28,136 - INFO - [SCREENER] 231 markets in 6.9s | yes:71 no:31 | next in 30s
2026-07-30 16:39:43,904 - ERROR - [py_clob_client_v2] request error status=400 url=https://clob.polymarket.com/order body={"error":"invalid post-only order: order crosses book"}
2026-07-30 16:39:43,904 - ERROR - [PLACE FAIL] 1147438962335931... price=0.56 attempt=1/2 | PolyApiException[status_code=400, error_message={'error': 'invalid post-only order: order crosses book'}]
2026-07-30 16:39:44,638 - ERROR - [PLACE FAIL] 1147438962335931 price=0.56
2026-07-30 16:39:59,459 - INFO - [SCREENER] 235 markets in 6.8s | yes:69 no:30 | next in 30s
2026-07-30 16:40:23,617 - ERROR - [py_clob_client_v2] request error status=400 url=https://clob.polymarket.com/order body={"error":"invalid post-only order: order crosses book"}
2026-07-30 16:40:23,617 - ERROR - [PLACE FAIL] 4008127555885222... price=0.43 attempt=1/2 | PolyApiException[status_code=400, error_message={'error': 'invalid post-only order: order crosses book'}]
2026-07-30 16:40:24,332 - ERROR - [PLACE FAIL] 4008127555885222 price=0.43
2026-07-30 16:40:39,363 - INFO - [SCREENER] 232 markets in 7.0s | yes:69 no:32 | next in 30s
2026-07-30 16:41:20,024 - INFO - [SCREENER] 231 markets in 8.5s | yes:68 no:31 | next in 30s
2026-07-30 16:41:58,693 - INFO - [SCREENER] 232 markets in 14.2s | yes:69 no:32 | next in 30s
2026-07-30 16:42:01,189 - ERROR - [py_clob_client_v2] request error status=400 url=https://clob.polymarket.com/order body={"error":"invalid post-only order: order crosses book"}
2026-07-30 16:42:01,190 - ERROR - [PLACE FAIL] 1147438962335931... price=0.56 attempt=1/2 | PolyApiException[status_code=400, error_message={'error': 'invalid post-only order: order crosses book'}]
2026-07-30 16:42:01,916 - ERROR - [PLACE FAIL] 1147438962335931 price=0.56
2026-07-30 16:42:27,918 - INFO - [SCREENER] 226 markets in 7.2s | yes:70 no:31 | next in 30s
2026-07-30 16:42:30,423 - ERROR - [py_clob_client_v2] request error status=400 url=https://clob.polymarket.com/order body={"error":"invalid post-only order: order crosses book"}
2026-07-30 16:42:30,424 - ERROR - [PLACE FAIL] 4008127555885222... price=0.43 attempt=1/2 | PolyApiException[status_code=400, error_message={'error': 'invalid post-only order: order crosses book'}]
2026-07-30 16:42:30,941 - ERROR - [PLACE FAIL] 4008127555885222 price=0.43
2026-07-30 16:43:07,328 - INFO - [SCREENER] 234 markets in 6.9s | yes:72 no:31 | next in 30s
2026-07-30 16:43:46,582 - INFO - [SCREENER] 231 markets in 6.9s | yes:72 no:31 | next in 30s
2026-07-30 16:44:03,506 - ERROR - [py_clob_client_v2] request error status=400 url=https://clob.polymarket.com/order body={"error":"invalid post-only order: order crosses book"}
2026-07-30 16:44:03,507 - ERROR - [PLACE FAIL] 1147438962335931... price=0.56 attempt=1/2 | PolyApiException[status_code=400, error_message={'error': 'invalid post-only order: order crosses book'}]
2026-07-30 16:44:04,243 - ERROR - [PLACE FAIL] 1147438962335931 price=0.56
2026-07-30 16:44:18,143 - INFO - [SCREENER] 232 markets in 6.9s | yes:70 no:30 | next in 30s
2026-07-30 16:44:33,107 - ERROR - [py_clob_client_v2] request error status=400 url=https://clob.polymarket.com/order body={"error":"invalid post-only order: order crosses book"}
2026-07-30 16:44:33,109 - ERROR - [PLACE FAIL] 4008127555885222... price=0.43 attempt=1/2 | PolyApiException[status_code=400, error_message={'error': 'invalid post-only order: order crosses book'}]
2026-07-30 16:44:33,845 - ERROR - [PLACE FAIL] 4008127555885222 price=0.43
2026-07-30 16:44:57,294 - INFO - [SCREENER] 233 markets in 6.9s | yes:68 no:30 | next in 30s
2026-07-30 16:45:36,725 - INFO - [SCREENER] 234 markets in 7.0s | yes:71 no:32 | next in 30s
2026-07-30 16:46:14,382 - INFO - [SCREENER] 234 markets in 13.5s | yes:69 no:32 | next in 30s
2026-07-30 16:46:17,033 - ERROR - [py_clob_client_v2] request error status=400 url=https://clob.polymarket.com/order body={"error":"invalid post-only order: order crosses book"}
2026-07-30 16:46:17,034 - ERROR - [PLACE FAIL] 1147438962335931... price=0.56 attempt=1/2 | PolyApiException[status_code=400, error_message={'error': 'invalid post-only order: order crosses book'}]
2026-07-30 16:46:17,559 - ERROR - [PLACE FAIL] 1147438962335931 price=0.56
2026-07-30 16:46:35,582 - ERROR - [py_clob_client_v2] request error status=400 url=https://clob.polymarket.com/order body={"error":"invalid post-only order: order crosses book"}
2026-07-30 16:46:35,582 - ERROR - [PLACE FAIL] 4008127555885222... price=0.43 attempt=1/2 | PolyApiException[status_code=400, error_message={'error': 'invalid post-only order: order crosses book'}]
2026-07-30 16:46:42,825 - INFO - [SCREENER] 234 markets in 6.5s | yes:67 no:32 | next in 30s
2026-07-30 16:46:44,142 - ERROR - [PLACE FAIL] 4008127555885222 price=0.43
2026-07-30 16:47:22,223 - INFO - [SCREENER] 230 markets in 6.7s | yes:65 no:30 | next in 30s
2026-07-30 16:48:01,819 - INFO - [SCREENER] 224 markets in 7.1s | yes:67 no:30 | next in 30s
2026-07-30 16:48:19,171 - ERROR - [py_clob_client_v2] request error status=400 url=https://clob.polymarket.com/order body={"error":"invalid post-only order: order crosses book"}
2026-07-30 16:48:19,174 - ERROR - [PLACE FAIL] 1147438962335931... price=0.56 attempt=1/2 | PolyApiException[status_code=400, error_message={'error': 'invalid post-only order: order crosses book'}]
2026-07-30 16:48:19,896 - ERROR - [PLACE FAIL] 1147438962335931 price=0.56
2026-07-30 16:48:32,458 - INFO - [SCREENER] 226 markets in 6.6s | yes:69 no:30 | next in 30s
2026-07-30 16:48:45,681 - ERROR - [py_clob_client_v2] request error status=400 url=https://clob.polymarket.com/order body={"error":"invalid post-only order: order crosses book"}
2026-07-30 16:48:45,681 - ERROR - [PLACE FAIL] 4008127555885222... price=0.43 attempt=1/2 | PolyApiException[status_code=400, error_message={'error': 'invalid post-only order: order crosses book'}]
2026-07-30 16:48:46,370 - ERROR - [PLACE FAIL] 4008127555885222 price=0.43
2026-07-30 16:49:11,991 - INFO - [SCREENER] 222 markets in 7.0s | yes:64 no:31 | next in 30s
2026-07-30 16:49:50,949 - INFO - [SCREENER] 220 markets in 6.5s | yes:66 no:31 | next in 30s
2026-07-30 16:50:22,090 - INFO - [SCREENER] 228 markets in 6.7s | yes:66 no:31 | next in 30s
2026-07-30 16:50:24,453 - ERROR - [py_clob_client_v2] request error status=400 url=https://clob.polymarket.com/order body={"error":"invalid post-only order: order crosses book"}
2026-07-30 16:50:24,454 - ERROR - [PLACE FAIL] 1147438962335931... price=0.56 attempt=1/2 | PolyApiException[status_code=400, error_message={'error': 'invalid post-only order: order crosses book'}]
2026-07-30 16:50:24,985 - ERROR - [PLACE FAIL] 1147438962335931 price=0.56
2026-07-30 16:50:47,798 - ERROR - [py_clob_client_v2] request error status=400 url=https://clob.polymarket.com/order body={"error":"invalid post-only order: order crosses book"}
2026-07-30 16:50:47,798 - ERROR - [PLACE FAIL] 4008127555885222... price=0.43 attempt=1/2 | PolyApiException[status_code=400, error_message={'error': 'invalid post-only order: order crosses book'}]
2026-07-30 16:50:48,539 - ERROR - [PLACE FAIL] 4008127555885222 price=0.43
2026-07-30 16:51:01,759 - INFO - [SCREENER] 228 markets in 7.2s | yes:64 no:32 | next in 30s
2026-07-30 16:51:41,277 - INFO - [SCREENER] 233 markets in 6.9s | yes:61 no:31 | next in 30s
2026-07-30 16:52:23,535 - INFO - [SCREENER] 233 markets in 7.2s | yes:61 no:31 | next in 30s
2026-07-30 16:52:27,152 - ERROR - [py_clob_client_v2] request error status=400 url=https://clob.polymarket.com/order body={"error":"invalid post-only order: order crosses book"}
2026-07-30 16:52:27,152 - ERROR - [PLACE FAIL] 1147438962335931... price=0.56 attempt=1/2 | PolyApiException[status_code=400, error_message={'error': 'invalid post-only order: order crosses book'}]
2026-07-30 16:52:27,885 - ERROR - [PLACE FAIL] 1147438962335931 price=0.56
2026-07-30 16:52:50,486 - ERROR - [py_clob_client_v2] request error status=400 url=https://clob.polymarket.com/order body={"error":"invalid post-only order: order crosses book"}
2026-07-30 16:52:50,486 - ERROR - [PLACE FAIL] 4008127555885222... price=0.43 attempt=1/2 | PolyApiException[status_code=400, error_message={'error': 'invalid post-only order: order crosses book'}]
2026-07-30 16:52:51,200 - ERROR - [PLACE FAIL] 4008127555885222 price=0.43
2026-07-30 16:53:02,757 - INFO - [SCREENER] 224 markets in 6.6s | yes:71 no:31 | next in 30s
2026-07-30 16:53:41,575 - INFO - [SCREENER] 227 markets in 6.5s | yes:69 no:32 | next in 30s
2026-07-30 16:54:24,208 - INFO - [SCREENER] 225 markets in 7.5s | yes:64 no:32 | next in 30s
2026-07-30 16:54:29,573 - ERROR - [py_clob_client_v2] request error status=400 url=https://clob.polymarket.com/order body={"error":"invalid post-only order: order crosses book"}
2026-07-30 16:54:29,573 - ERROR - [PLACE FAIL] 1147438962335931... price=0.56 attempt=1/2 | PolyApiException[status_code=400, error_message={'error': 'invalid post-only order: order crosses book'}]
2026-07-30 16:54:30,245 - ERROR - [PLACE FAIL] 1147438962335931 price=0.56
2026-07-30 16:54:53,387 - ERROR - [py_clob_client_v2] request error status=400 url=https://clob.polymarket.com/order body={"error":"invalid post-only order: order crosses book"}
2026-07-30 16:54:53,387 - ERROR - [PLACE FAIL] 4008127555885222... price=0.43 attempt=1/2 | PolyApiException[status_code=400, error_message={'error': 'invalid post-only order: order crosses book'}]
2026-07-30 16:54:54,123 - ERROR - [PLACE FAIL] 4008127555885222 price=0.43
2026-07-30 16:55:04,235 - INFO - [SCREENER] 225 markets in 7.1s | yes:66 no:32 | next in 30s
2026-07-30 16:55:43,426 - INFO - [SCREENER] 217 markets in 6.6s | yes:65 no:34 | next in 30s
2026-07-30 16:56:25,377 - INFO - [SCREENER] 220 markets in 6.9s | yes:68 no:33 | next in 30s
2026-07-30 16:56:31,893 - ERROR - [py_clob_client_v2] request error status=400 url=https://clob.polymarket.com/order body={"error":"invalid post-only order: order crosses book"}
2026-07-30 16:56:31,894 - ERROR - [PLACE FAIL] 1147438962335931... price=0.56 attempt=1/2 | PolyApiException[status_code=400, error_message={'error': 'invalid post-only order: order crosses book'}]
2026-07-30 16:56:32,633 - ERROR - [PLACE FAIL] 1147438962335931 price=0.56
2026-07-30 16:56:56,180 - ERROR - [py_clob_client_v2] request error status=400 url=https://clob.polymarket.com/order body={"error":"invalid post-only order: order crosses book"}
2026-07-30 16:56:56,180 - ERROR - [PLACE FAIL] 4008127555885222... price=0.43 attempt=1/2 | PolyApiException[status_code=400, error_message={'error': 'invalid post-only order: order crosses book'}]
2026-07-30 16:56:56,921 - ERROR - [PLACE FAIL] 4008127555885222 price=0.43
2026-07-30 16:57:04,864 - INFO - [SCREENER] 221 markets in 6.9s | yes:68 no:34 | next in 30s
2026-07-30 16:57:44,735 - INFO - [SCREENER] 216 markets in 7.3s | yes:71 no:32 | next in 30s
2026-07-30 16:58:26,644 - INFO - [SCREENER] 210 markets in 6.5s | yes:69 no:33 | next in 30s
2026-07-30 16:58:34,160 - ERROR - [py_clob_client_v2] request error status=400 url=https://clob.polymarket.com/order body={"error":"invalid post-only order: order crosses book"}
2026-07-30 16:58:34,162 - ERROR - [PLACE FAIL] 1147438962335931... price=0.56 attempt=1/2 | PolyApiException[status_code=400, error_message={'error': 'invalid post-only order: order crosses book'}]
2026-07-30 16:58:34,659 - ERROR - [PLACE FAIL] 1147438962335931 price=0.56
2026-07-30 16:58:58,438 - ERROR - [py_clob_client_v2] request error status=400 url=https://clob.polymarket.com/order body={"error":"invalid post-only order: order crosses book"}
2026-07-30 16:58:58,440 - ERROR - [PLACE FAIL] 4008127555885222... price=0.43 attempt=1/2 | PolyApiException[status_code=400, error_message={'error': 'invalid post-only order: order crosses book'}]
2026-07-30 16:59:07,890 - INFO - [SCREENER] 206 markets in 8.7s | yes:69 no:36 | next in 30s
2026-07-30 16:59:09,122 - ERROR - [PLACE FAIL] 4008127555885222 price=0.43
2026-07-30 16:59:36,746 - INFO - [SCREENER] 204 markets in 6.9s | yes:71 no:35 | next in 30s
2026-07-30 17:00:16,180 - INFO - [SCREENER] 200 markets in 7.0s | yes:69 no:34 | next in 30s
2026-07-30 17:00:36,683 - ERROR - [py_clob_client_v2] request error status=400 url=https://clob.polymarket.com/order body={"error":"invalid post-only order: order crosses book"}
2026-07-30 17:00:36,683 - ERROR - [PLACE FAIL] 1147438962335931... price=0.56 attempt=1/2 | PolyApiException[status_code=400, error_message={'error': 'invalid post-only order: order crosses book'}]
2026-07-30 17:00:37,209 - ERROR - [PLACE FAIL] 1147438962335931 price=0.56
2026-07-30 17:00:47,982 - INFO - [SCREENER] 200 markets in 6.8s | yes:70 no:33 | next in 30s
2026-07-30 17:01:11,667 - ERROR - [py_clob_client_v2] request error status=400 url=https://clob.polymarket.com/order body={"error":"invalid post-only order: order crosses book"}
2026-07-30 17:01:11,667 - ERROR - [PLACE FAIL] 4008127555885222... price=0.43 attempt=1/2 | PolyApiException[status_code=400, error_message={'error': 'invalid post-only order: order crosses book'}]
2026-07-30 17:01:12,402 - ERROR - [PLACE FAIL] 4008127555885222 price=0.43
2026-07-30 17:01:28,102 - INFO - [SCREENER] 203 markets in 7.7s | yes:70 no:35 | next in 30s
2026-07-30 17:02:08,423 - INFO - [SCREENER] 208 markets in 7.5s | yes:70 no:37 | next in 30s
2026-07-30 17:02:40,397 - INFO - [SCREENER] 209 markets in 7.7s | yes:69 no:38 | next in 30s
2026-07-30 17:02:43,245 - ERROR - [py_clob_client_v2] request error status=400 url=https://clob.polymarket.com/order body={"error":"invalid post-only order: order crosses book"}
2026-07-30 17:02:43,246 - ERROR - [PLACE FAIL] 1147438962335931... price=0.56 attempt=1/2 | PolyApiException[status_code=400, error_message={'error': 'invalid post-only order: order crosses book'}]
2026-07-30 17:02:43,578 - ERROR - [PLACE FAIL] 1147438962335931 price=0.56
2026-07-30 17:03:19,742 - INFO - [SCREENER] 208 markets in 6.7s | yes:67 no:37 | next in 30s
2026-07-30 17:03:22,229 - ERROR - [py_clob_client_v2] request error status=400 url=https://clob.polymarket.com/order body={"error":"invalid post-only order: order crosses book"}
2026-07-30 17:03:22,230 - ERROR - [PLACE FAIL] 4008127555885222... price=0.43 attempt=1/2 | PolyApiException[status_code=400, error_message={'error': 'invalid post-only order: order crosses book'}]
2026-07-30 17:03:22,950 - ERROR - [PLACE FAIL] 4008127555885222 price=0.43
2026-07-30 17:03:59,957 - INFO - [SCREENER] 206 markets in 7.9s | yes:62 no:37 | next in 30s
2026-07-30 17:04:41,398 - INFO - [SCREENER] 206 markets in 6.6s | yes:61 no:38 | next in 30s
2026-07-30 17:05:20,990 - INFO - [SCREENER] 211 markets in 7.0s | yes:62 no:37 | next in 30s
2026-07-30 17:05:24,508 - ERROR - [py_clob_client_v2] request error status=400 url=https://clob.polymarket.com/order body={"error":"invalid post-only order: order crosses book"}
2026-07-30 17:05:24,508 - ERROR - [PLACE FAIL] 4008127555885222... price=0.43 attempt=1/2 | PolyApiException[status_code=400, error_message={'error': 'invalid post-only order: order crosses book'}]
2026-07-30 17:05:25,236 - ERROR - [PLACE FAIL] 4008127555885222 price=0.43
2026-07-30 17:05:34,202 - ERROR - [py_clob_client_v2] request error status=400 url=https://clob.polymarket.com/order body={"error":"invalid post-only order: order crosses book"}
2026-07-30 17:05:34,202 - ERROR - [PLACE FAIL] 1147438962335931... price=0.56 attempt=1/2 | PolyApiException[status_code=400, error_message={'error': 'invalid post-only order: order crosses book'}]
2026-07-30 17:05:34,918 - ERROR - [PLACE FAIL] 1147438962335931 price=0.56
2026-07-30 17:06:00,210 - INFO - [SCREENER] 214 markets in 6.5s | yes:63 no:40 | next in 30s
2026-07-30 17:06:42,054 - INFO - [SCREENER] 218 markets in 7.1s | yes:65 no:42 | next in 30s
2026-07-30 17:07:21,680 - INFO - [SCREENER] 218 markets in 6.9s | yes:66 no:41 | next in 30s
2026-07-30 17:07:27,204 - ERROR - [py_clob_client_v2] request error status=400 url=https://clob.polymarket.com/order body={"error":"invalid post-only order: order crosses book"}
2026-07-30 17:07:27,207 - ERROR - [PLACE FAIL] 4008127555885222... price=0.43 attempt=1/2 | PolyApiException[status_code=400, error_message={'error': 'invalid post-only order: order crosses book'}]
2026-07-30 17:07:27,922 - ERROR - [PLACE FAIL] 4008127555885222 price=0.43
2026-07-30 17:07:37,018 - ERROR - [py_clob_client_v2] request error status=400 url=https://clob.polymarket.com/order body={"error":"invalid post-only order: order crosses book"}
2026-07-30 17:07:37,020 - ERROR - [PLACE FAIL] 1147438962335931... price=0.56 attempt=1/2 | PolyApiException[status_code=400, error_message={'error': 'invalid post-only order: order crosses book'}]
2026-07-30 17:07:37,754 - ERROR - [PLACE FAIL] 1147438962335931 price=0.56
2026-07-30 17:08:01,558 - INFO - [SCREENER] 216 markets in 7.2s | yes:68 no:40 | next in 30s
2026-07-30 17:08:44,085 - INFO - [SCREENER] 228 markets in 6.7s | yes:70 no:38 | next in 30s
2026-07-30 17:09:23,944 - INFO - [SCREENER] 234 markets in 6.9s | yes:72 no:39 | next in 30s
2026-07-30 17:09:29,502 - ERROR - [py_clob_client_v2] request error status=400 url=https://clob.polymarket.com/order body={"error":"invalid post-only order: order crosses book"}
2026-07-30 17:09:29,502 - ERROR - [PLACE FAIL] 4008127555885222... price=0.43 attempt=1/2 | PolyApiException[status_code=400, error_message={'error': 'invalid post-only order: order crosses book'}]
2026-07-30 17:09:30,236 - ERROR - [PLACE FAIL] 4008127555885222 price=0.43
2026-07-30 17:09:39,267 - ERROR - [py_clob_client_v2] request error status=400 url=https://clob.polymarket.com/order body={"error":"invalid post-only order: order crosses book"}
2026-07-30 17:09:39,267 - ERROR - [PLACE FAIL] 1147438962335931... price=0.56 attempt=1/2 | PolyApiException[status_code=400, error_message={'error': 'invalid post-only order: order crosses book'}]
2026-07-30 17:09:39,797 - ERROR - [PLACE FAIL] 1147438962335931 price=0.56
2026-07-30 17:10:03,343 - INFO - [SCREENER] 234 markets in 6.7s | yes:72 no:38 | next in 30s
2026-07-30 17:10:45,090 - INFO - [SCREENER] 232 markets in 6.9s | yes:68 no:37 | next in 30s
2026-07-30 17:11:24,419 - INFO - [SCREENER] 233 markets in 6.7s | yes:70 no:35 | next in 30s
2026-07-30 17:11:32,071 - ERROR - [py_clob_client_v2] request error status=400 url=https://clob.polymarket.com/order body={"error":"invalid post-only order: order crosses book"}
2026-07-30 17:11:32,071 - ERROR - [PLACE FAIL] 4008127555885222... price=0.43 attempt=1/2 | PolyApiException[status_code=400, error_message={'error': 'invalid post-only order: order crosses book'}]
2026-07-30 17:11:32,801 - ERROR - [PLACE FAIL] 4008127555885222 price=0.43
2026-07-30 17:11:41,825 - ERROR - [py_clob_client_v2] request error status=400 url=https://clob.polymarket.com/order body={"error":"invalid post-only order: order crosses book"}
2026-07-30 17:11:41,826 - ERROR - [PLACE FAIL] 1147438962335931... price=0.56 attempt=1/2 | PolyApiException[status_code=400, error_message={'error': 'invalid post-only order: order crosses book'}]
2026-07-30 17:11:42,559 - ERROR - [PLACE FAIL] 1147438962335931 price=0.56
2026-07-30 17:12:05,226 - INFO - [SCREENER] 233 markets in 7.9s | yes:68 no:36 | next in 30s
2026-07-30 17:12:47,577 - INFO - [SCREENER] 233 markets in 7.0s | yes:70 no:35 | next in 30s
2026-07-30 17:13:26,918 - INFO - [SCREENER] 236 markets in 6.6s | yes:71 no:37 | next in 30s
2026-07-30 17:13:34,203 - ERROR - [py_clob_client_v2] request error status=400 url=https://clob.polymarket.com/order body={"error":"invalid post-only order: order crosses book"}
2026-07-30 17:13:34,203 - ERROR - [PLACE FAIL] 4008127555885222... price=0.43 attempt=1/2 | PolyApiException[status_code=400, error_message={'error': 'invalid post-only order: order crosses book'}]
2026-07-30 17:13:34,928 - ERROR - [PLACE FAIL] 4008127555885222 price=0.43
2026-07-30 17:13:43,887 - ERROR - [py_clob_client_v2] request error status=400 url=https://clob.polymarket.com/order body={"error":"invalid post-only order: order crosses book"}
2026-07-30 17:13:43,888 - ERROR - [PLACE FAIL] 1147438962335931... price=0.56 attempt=1/2 | PolyApiException[status_code=400, error_message={'error': 'invalid post-only order: order crosses book'}]
2026-07-30 17:13:44,631 - ERROR - [PLACE FAIL] 1147438962335931 price=0.56
2026-07-30 17:14:07,452 - INFO - [SCREENER] 236 markets in 8.0s | yes:70 no:37 | next in 30s
2026-07-30 17:14:36,303 - INFO - [SCREENER] 232 markets in 6.6s | yes:69 no:35 | next in 30s
2026-07-30 17:15:08,390 - INFO - [SCREENER] 230 markets in 7.3s | yes:70 no:33 | next in 30s
2026-07-30 17:15:36,391 - ERROR - [py_clob_client_v2] request error status=400 url=https://clob.polymarket.com/order body={"error":"invalid post-only order: order crosses book"}
2026-07-30 17:15:36,391 - ERROR - [PLACE FAIL] 4008127555885222... price=0.43 attempt=1/2 | PolyApiException[status_code=400, error_message={'error': 'invalid post-only order: order crosses book'}]
2026-07-30 17:15:37,105 - ERROR - [PLACE FAIL] 4008127555885222 price=0.43
2026-07-30 17:15:48,525 - INFO - [SCREENER] 234 markets in 7.4s | yes:73 no:38 | next in 30s
2026-07-30 17:15:51,289 - ERROR - [py_clob_client_v2] request error status=400 url=https://clob.polymarket.com/order body={"error":"invalid post-only order: order crosses book"}
2026-07-30 17:15:51,289 - ERROR - [PLACE FAIL] 1147438962335931... price=0.56 attempt=1/2 | PolyApiException[status_code=400, error_message={'error': 'invalid post-only order: order crosses book'}]
2026-07-30 17:15:52,018 - ERROR - [PLACE FAIL] 1147438962335931 price=0.56
2026-07-30 17:16:28,659 - INFO - [SCREENER] 230 markets in 6.7s | yes:75 no:37 | next in 30s
2026-07-30 17:17:00,641 - INFO - [SCREENER] 232 markets in 6.9s | yes:75 no:36 | next in 30s
2026-07-30 17:17:40,145 - INFO - [SCREENER] 230 markets in 7.0s | yes:75 no:35 | next in 30s
2026-07-30 17:17:42,565 - ERROR - [py_clob_client_v2] request error status=400 url=https://clob.polymarket.com/order body={"error":"invalid post-only order: order crosses book"}
2026-07-30 17:17:42,565 - ERROR - [PLACE FAIL] 4008127555885222... price=0.43 attempt=1/2 | PolyApiException[status_code=400, error_message={'error': 'invalid post-only order: order crosses book'}]
2026-07-30 17:17:43,290 - ERROR - [PLACE FAIL] 4008127555885222 price=0.43
2026-07-30 17:17:53,319 - ERROR - [py_clob_client_v2] request error status=400 url=https://clob.polymarket.com/order body={"error":"invalid post-only order: order crosses book"}
2026-07-30 17:17:53,320 - ERROR - [PLACE FAIL] 1147438962335931... price=0.56 attempt=1/2 | PolyApiException[status_code=400, error_message={'error': 'invalid post-only order: order crosses book'}]
2026-07-30 17:17:54,042 - ERROR - [PLACE FAIL] 1147438962335931 price=0.56
2026-07-30 17:18:19,806 - INFO - [SCREENER] 229 markets in 6.8s | yes:70 no:36 | next in 30s
2026-07-30 17:19:03,478 - INFO - [SCREENER] 228 markets in 7.1s | yes:72 no:36 | next in 30s
2026-07-30 17:19:42,817 - INFO - [SCREENER] 223 markets in 6.6s | yes:70 no:36 | next in 30s
2026-07-30 17:19:45,162 - ERROR - [py_clob_client_v2] request error status=400 url=https://clob.polymarket.com/order body={"error":"invalid post-only order: order crosses book"}
2026-07-30 17:19:45,162 - ERROR - [PLACE FAIL] 4008127555885222... price=0.43 attempt=1/2 | PolyApiException[status_code=400, error_message={'error': 'invalid post-only order: order crosses book'}]
2026-07-30 17:19:45,855 - ERROR - [PLACE FAIL] 4008127555885222 price=0.43
2026-07-30 17:19:55,912 - ERROR - [py_clob_client_v2] request error status=400 url=https://clob.polymarket.com/order body={"error":"invalid post-only order: order crosses book"}
2026-07-30 17:19:55,912 - ERROR - [PLACE FAIL] 1147438962335931... price=0.56 attempt=1/2 | PolyApiException[status_code=400, error_message={'error': 'invalid post-only order: order crosses book'}]
2026-07-30 17:19:56,636 - ERROR - [PLACE FAIL] 1147438962335931 price=0.56
2026-07-30 17:20:24,302 - INFO - [SCREENER] 226 markets in 8.7s | yes:68 no:35 | next in 30s
2026-07-30 17:20:53,409 - INFO - [SCREENER] 229 markets in 7.0s | yes:67 no:36 | next in 30s
2026-07-30 17:21:25,201 - INFO - [SCREENER] 229 markets in 7.1s | yes:69 no:36 | next in 30s
2026-07-30 17:21:48,088 - ERROR - [py_clob_client_v2] request error status=400 url=https://clob.polymarket.com/order body={"error":"invalid post-only order: order crosses book"}
2026-07-30 17:21:48,088 - ERROR - [PLACE FAIL] 4008127555885222... price=0.43 attempt=1/2 | PolyApiException[status_code=400, error_message={'error': 'invalid post-only order: order crosses book'}]
2026-07-30 17:21:48,822 - ERROR - [PLACE FAIL] 4008127555885222 price=0.43
2026-07-30 17:22:04,594 - INFO - [SCREENER] 225 markets in 6.8s | yes:71 no:37 | next in 30s
2026-07-30 17:22:06,045 - ERROR - [py_clob_client_v2] request error status=400 url=https://clob.polymarket.com/order body={"error":"invalid post-only order: order crosses book"}
2026-07-30 17:22:06,045 - ERROR - [PLACE FAIL] 1147438962335931... price=0.56 attempt=1/2 | PolyApiException[status_code=400, error_message={'error': 'invalid post-only order: order crosses book'}]
2026-07-30 17:22:06,785 - ERROR - [PLACE FAIL] 1147438962335931 price=0.56
2026-07-30 17:22:44,983 - INFO - [SCREENER] 223 markets in 6.7s | yes:68 no:37 | next in 30s
2026-07-30 17:22:59,649 - ERROR - [py_clob_client_v2] request error: Server disconnected
2026-07-30 17:22:59,649 - ERROR - [py_clob_client_v2] request error: Server disconnected
2026-07-30 17:22:59,650 - ERROR - 获取订单簿失败: 78633590736077251574... | PolyApiException[status_code=None, error_message=Request exception!]
2026-07-30 17:22:59,650 - ERROR - 获取订单簿失败: 52487256270918227930... | PolyApiException[status_code=None, error_message=Request exception!]
2026-07-30 17:23:00,649 - WARNING - [RETRY] 7863359073607725 bids不足2档，10s后重试
2026-07-30 17:23:00,649 - WARNING - [RETRY] 5248725627091822 bids不足2档，10s后重试
2026-07-30 17:23:16,300 - INFO - [SCREENER] 221 markets in 6.6s | yes:68 no:37 | next in 30s
2026-07-30 17:23:56,375 - INFO - [SCREENER] 220 markets in 7.6s | yes:68 no:38 | next in 30s
2026-07-30 17:23:58,701 - ERROR - [py_clob_client_v2] request error status=400 url=https://clob.polymarket.com/order body={"error":"invalid post-only order: order crosses book"}
2026-07-30 17:23:58,702 - ERROR - [PLACE FAIL] 4008127555885222... price=0.43 attempt=1/2 | PolyApiException[status_code=400, error_message={'error': 'invalid post-only order: order crosses book'}]
2026-07-30 17:23:59,421 - ERROR - [PLACE FAIL] 4008127555885222 price=0.43
2026-07-30 17:24:09,278 - ERROR - [py_clob_client_v2] request error status=400 url=https://clob.polymarket.com/order body={"error":"invalid post-only order: order crosses book"}
2026-07-30 17:24:09,278 - ERROR - [PLACE FAIL] 1147438962335931... price=0.56 attempt=1/2 | PolyApiException[status_code=400, error_message={'error': 'invalid post-only order: order crosses book'}]
2026-07-30 17:24:10,010 - ERROR - [PLACE FAIL] 1147438962335931 price=0.56
2026-07-30 17:24:35,499 - INFO - [SCREENER] 219 markets in 6.7s | yes:66 no:38 | next in 30s
2026-07-30 17:25:17,998 - INFO - [SCREENER] 225 markets in 6.9s | yes:62 no:38 | next in 30s
2026-07-30 17:25:57,095 - INFO - [SCREENER] 226 markets in 6.7s | yes:64 no:37 | next in 30s
2026-07-30 17:25:57,394 - ERROR - [py_clob_client_v2] request error: Server disconnected
2026-07-30 17:25:57,394 - ERROR - [py_clob_client_v2] request error: Server disconnected
2026-07-30 17:25:57,394 - ERROR - [CANCEL FAIL] 0xdbd4823a5903a16307... | PolyApiException[status_code=None, error_message=Request exception!]
2026-07-30 17:25:57,395 - ERROR - 查询订单失败: PolyApiException[status_code=None, error_message=Request exception!]
2026-07-30 17:25:57,395 - ERROR - [DISCOVER] 订单查询失败，跳过本周期
2026-07-30 17:25:58,359 - ERROR - [CANCEL FAIL] 0xdbd4823a5903a16307 订单仍存活在交易所！保持 RESTING
2026-07-30 17:26:01,935 - ERROR - [py_clob_client_v2] request error status=400 url=https://clob.polymarket.com/order body={"error":"invalid post-only order: order crosses book"}
2026-07-30 17:26:01,935 - ERROR - [PLACE FAIL] 4008127555885222... price=0.43 attempt=1/2 | PolyApiException[status_code=400, error_message={'error': 'invalid post-only order: order crosses book'}]
2026-07-30 17:26:02,362 - ERROR - [PLACE FAIL] 4008127555885222 price=0.43
2026-07-30 17:26:11,626 - ERROR - [py_clob_client_v2] request error status=400 url=https://clob.polymarket.com/order body={"error":"invalid post-only order: order crosses book"}
2026-07-30 17:26:11,626 - ERROR - [PLACE FAIL] 1147438962335931... price=0.56 attempt=1/2 | PolyApiException[status_code=400, error_message={'error': 'invalid post-only order: order crosses book'}]
2026-07-30 17:26:12,155 - ERROR - [PLACE FAIL] 1147438962335931 price=0.56
2026-07-30 17:26:38,335 - INFO - [SCREENER] 225 markets in 8.4s | yes:65 no:35 | next in 30s
2026-07-30 17:27:06,999 - INFO - [SCREENER] 224 markets in 6.9s | yes:63 no:35 | next in 30s
2026-07-30 17:27:09,280 - WARNING - [AUDIT] 8992537298086968 订单丢失纠偏
2026-07-30 17:27:38,975 - INFO - [SCREENER] 225 markets in 7.3s | yes:62 no:34 | next in 30s
2026-07-30 17:28:04,499 - ERROR - [py_clob_client_v2] request error status=400 url=https://clob.polymarket.com/order body={"error":"invalid post-only order: order crosses book"}
2026-07-30 17:28:04,499 - ERROR - [PLACE FAIL] 4008127555885222... price=0.43 attempt=1/2 | PolyApiException[status_code=400, error_message={'error': 'invalid post-only order: order crosses book'}]
2026-07-30 17:28:05,235 - ERROR - [PLACE FAIL] 4008127555885222 price=0.43
2026-07-30 17:28:18,945 - INFO - [SCREENER] 221 markets in 6.7s | yes:61 no:36 | next in 30s
2026-07-30 17:28:21,544 - ERROR - [py_clob_client_v2] request error status=400 url=https://clob.polymarket.com/order body={"error":"invalid post-only order: order crosses book"}
2026-07-30 17:28:21,546 - ERROR - [PLACE FAIL] 1147438962335931... price=0.56 attempt=1/2 | PolyApiException[status_code=400, error_message={'error': 'invalid post-only order: order crosses book'}]
2026-07-30 17:28:22,279 - ERROR - [PLACE FAIL] 1147438962335931 price=0.56
2026-07-30 17:28:58,171 - INFO - [SCREENER] 222 markets in 6.7s | yes:64 no:35 | next in 30s
2026-07-30 17:29:30,876 - INFO - [SCREENER] 221 markets in 7.9s | yes:65 no:36 | next in 30s
2026-07-30 17:30:10,061 - INFO - [SCREENER] 218 markets in 6.5s | yes:64 no:36 | next in 30s
2026-07-30 17:30:12,351 - ERROR - [py_clob_client_v2] request error status=400 url=https://clob.polymarket.com/order body={"error":"invalid post-only order: order crosses book"}
2026-07-30 17:30:12,351 - ERROR - [PLACE FAIL] 4008127555885222... price=0.43 attempt=1/2 | PolyApiException[status_code=400, error_message={'error': 'invalid post-only order: order crosses book'}]
2026-07-30 17:30:13,088 - ERROR - [PLACE FAIL] 4008127555885222 price=0.43
2026-07-30 17:30:24,221 - ERROR - [py_clob_client_v2] request error status=400 url=https://clob.polymarket.com/order body={"error":"invalid post-only order: order crosses book"}
2026-07-30 17:30:24,222 - ERROR - [PLACE FAIL] 1147438962335931... price=0.56 attempt=1/2 | PolyApiException[status_code=400, error_message={'error': 'invalid post-only order: order crosses book'}]
2026-07-30 17:30:24,859 - ERROR - [PLACE FAIL] 1147438962335931 price=0.56
2026-07-30 17:30:49,445 - INFO - [SCREENER] 224 markets in 6.8s | yes:63 no:36 | next in 30s
2026-07-30 17:31:31,922 - INFO - [SCREENER] 223 markets in 7.5s | yes:64 no:35 | next in 30s
2026-07-30 17:32:10,860 - INFO - [SCREENER] 217 markets in 6.4s | yes:64 no:35 | next in 30s
2026-07-30 17:32:15,125 - ERROR - [py_clob_client_v2] request error status=400 url=https://clob.polymarket.com/order body={"error":"invalid post-only order: order crosses book"}
2026-07-30 17:32:15,125 - ERROR - [PLACE FAIL] 4008127555885222... price=0.43 attempt=1/2 | PolyApiException[status_code=400, error_message={'error': 'invalid post-only order: order crosses book'}]
2026-07-30 17:32:15,863 - ERROR - [PLACE FAIL] 4008127555885222 price=0.43
2026-07-30 17:32:27,153 - ERROR - [py_clob_client_v2] request error status=400 url=https://clob.polymarket.com/order body={"error":"invalid post-only order: order crosses book"}
2026-07-30 17:32:27,153 - ERROR - [PLACE FAIL] 1147438962335931... price=0.56 attempt=1/2 | PolyApiException[status_code=400, error_message={'error': 'invalid post-only order: order crosses book'}]
2026-07-30 17:32:27,829 - ERROR - [PLACE FAIL] 1147438962335931 price=0.56
2026-07-30 17:32:50,614 - INFO - [SCREENER] 217 markets in 6.9s | yes:66 no:37 | next in 30s
2026-07-30 17:33:33,316 - INFO - [SCREENER] 216 markets in 7.2s | yes:68 no:37 | next in 30s
2026-07-30 17:34:12,166 - INFO - [SCREENER] 215 markets in 6.2s | yes:67 no:37 | next in 30s
2026-07-30 17:34:17,550 - ERROR - [py_clob_client_v2] request error status=400 url=https://clob.polymarket.com/order body={"error":"invalid post-only order: order crosses book"}
2026-07-30 17:34:17,550 - ERROR - [PLACE FAIL] 4008127555885222... price=0.43 attempt=1/2 | PolyApiException[status_code=400, error_message={'error': 'invalid post-only order: order crosses book'}]
2026-07-30 17:34:18,274 - ERROR - [PLACE FAIL] 4008127555885222 price=0.43
2026-07-30 17:34:29,409 - ERROR - [py_clob_client_v2] request error status=400 url=https://clob.polymarket.com/order body={"error":"invalid post-only order: order crosses book"}
2026-07-30 17:34:29,409 - ERROR - [PLACE FAIL] 1147438962335931... price=0.56 attempt=1/2 | PolyApiException[status_code=400, error_message={'error': 'invalid post-only order: order crosses book'}]
2026-07-30 17:34:30,134 - ERROR - [PLACE FAIL] 1147438962335931 price=0.56
2026-07-30 17:34:51,931 - INFO - [SCREENER] 216 markets in 7.0s | yes:68 no:37 | next in 30s
2026-07-30 17:35:34,747 - INFO - [SCREENER] 215 markets in 7.2s | yes:66 no:37 | next in 30s
2026-07-30 17:36:13,757 - INFO - [SCREENER] 222 markets in 6.6s | yes:70 no:37 | next in 30s
2026-07-30 17:36:20,092 - ERROR - [py_clob_client_v2] request error status=400 url=https://clob.polymarket.com/order body={"error":"invalid post-only order: order crosses book"}
2026-07-30 17:36:20,095 - ERROR - [PLACE FAIL] 4008127555885222... price=0.43 attempt=1/2 | PolyApiException[status_code=400, error_message={'error': 'invalid post-only order: order crosses book'}]
2026-07-30 17:36:20,625 - ERROR - [PLACE FAIL] 4008127555885222 price=0.43
2026-07-30 17:36:31,740 - ERROR - [py_clob_client_v2] request error status=400 url=https://clob.polymarket.com/order body={"error":"invalid post-only order: order crosses book"}
2026-07-30 17:36:31,740 - ERROR - [PLACE FAIL] 1147438962335931... price=0.56 attempt=1/2 | PolyApiException[status_code=400, error_message={'error': 'invalid post-only order: order crosses book'}]
2026-07-30 17:36:32,266 - ERROR - [PLACE FAIL] 1147438962335931 price=0.56
2026-07-30 17:36:53,872 - INFO - [SCREENER] 213 markets in 7.8s | yes:69 no:37 | next in 30s
2026-07-30 17:37:37,050 - INFO - [SCREENER] 221 markets in 7.1s | yes:68 no:37 | next in 30s
2026-07-30 17:38:16,272 - INFO - [SCREENER] 228 markets in 6.5s | yes:66 no:37 | next in 30s
2026-07-30 17:38:22,032 - ERROR - [py_clob_client_v2] request error status=400 url=https://clob.polymarket.com/order body={"error":"invalid post-only order: order crosses book"}
2026-07-30 17:38:22,033 - ERROR - [PLACE FAIL] 4008127555885222... price=0.43 attempt=1/2 | PolyApiException[status_code=400, error_message={'error': 'invalid post-only order: order crosses book'}]
2026-07-30 17:38:22,776 - ERROR - [PLACE FAIL] 4008127555885222 price=0.43
2026-07-30 17:38:33,814 - ERROR - [py_clob_client_v2] request error status=400 url=https://clob.polymarket.com/order body={"error":"invalid post-only order: order crosses book"}
2026-07-30 17:38:33,815 - ERROR - [PLACE FAIL] 1147438962335931... price=0.56 attempt=1/2 | PolyApiException[status_code=400, error_message={'error': 'invalid post-only order: order crosses book'}]
2026-07-30 17:38:34,536 - ERROR - [PLACE FAIL] 1147438962335931 price=0.56
2026-07-30 17:38:48,192 - INFO - [SCREENER] 223 markets in 6.7s | yes:64 no:36 | next in 30s
2026-07-30 17:39:27,966 - INFO - [SCREENER] 222 markets in 7.0s | yes:61 no:36 | next in 30s
2026-07-30 17:39:59,523 - INFO - [SCREENER] 227 markets in 7.1s | yes:62 no:36 | next in 30s
2026-07-30 17:40:24,561 - ERROR - [py_clob_client_v2] request error status=400 url=https://clob.polymarket.com/order body={"error":"invalid post-only order: order crosses book"}
2026-07-30 17:40:24,563 - ERROR - [PLACE FAIL] 4008127555885222... price=0.43 attempt=1/2 | PolyApiException[status_code=400, error_message={'error': 'invalid post-only order: order crosses book'}]
2026-07-30 17:40:25,082 - ERROR - [PLACE FAIL] 4008127555885222 price=0.43
2026-07-30 17:40:40,106 - INFO - [SCREENER] 225 markets in 8.0s | yes:63 no:37 | next in 30s
2026-07-30 17:40:44,131 - ERROR - [py_clob_client_v2] request error status=400 url=https://clob.polymarket.com/order body={"error":"invalid post-only order: order crosses book"}
2026-07-30 17:40:44,132 - ERROR - [PLACE FAIL] 1147438962335931... price=0.56 attempt=1/2 | PolyApiException[status_code=400, error_message={'error': 'invalid post-only order: order crosses book'}]
2026-07-30 17:40:44,864 - ERROR - [PLACE FAIL] 1147438962335931 price=0.56
2026-07-30 17:41:11,693 - INFO - [SCREENER] 224 markets in 8.0s | yes:63 no:37 | next in 30s
2026-07-30 17:41:43,104 - INFO - [SCREENER] 224 markets in 6.8s | yes:63 no:37 | next in 30s
2026-07-30 17:42:23,107 - INFO - [SCREENER] 224 markets in 7.4s | yes:62 no:36 | next in 30s
2026-07-30 17:42:27,013 - ERROR - [py_clob_client_v2] request error status=400 url=https://clob.polymarket.com/order body={"error":"invalid post-only order: order crosses book"}
2026-07-30 17:42:27,013 - ERROR - [PLACE FAIL] 4008127555885222... price=0.43 attempt=1/2 | PolyApiException[status_code=400, error_message={'error': 'invalid post-only order: order crosses book'}]
2026-07-30 17:42:27,737 - ERROR - [PLACE FAIL] 4008127555885222 price=0.43
2026-07-30 17:42:47,397 - ERROR - [py_clob_client_v2] request error status=400 url=https://clob.polymarket.com/order body={"error":"invalid post-only order: order crosses book"}
2026-07-30 17:42:47,397 - ERROR - [PLACE FAIL] 1147438962335931... price=0.56 attempt=1/2 | PolyApiException[status_code=400, error_message={'error': 'invalid post-only order: order crosses book'}]
2026-07-30 17:42:48,135 - ERROR - [PLACE FAIL] 1147438962335931 price=0.56
2026-07-30 17:43:02,854 - INFO - [SCREENER] 223 markets in 6.7s | yes:61 no:36 | next in 30s
2026-07-30 17:43:45,218 - INFO - [SCREENER] 219 markets in 6.8s | yes:63 no:36 | next in 30s
2026-07-30 17:44:25,041 - INFO - [SCREENER] 228 markets in 6.6s | yes:61 no:37 | next in 30s
2026-07-30 17:44:29,535 - ERROR - [py_clob_client_v2] request error status=400 url=https://clob.polymarket.com/order body={"error":"invalid post-only order: order crosses book"}
2026-07-30 17:44:29,535 - ERROR - [PLACE FAIL] 4008127555885222... price=0.43 attempt=1/2 | PolyApiException[status_code=400, error_message={'error': 'invalid post-only order: order crosses book'}]
2026-07-30 17:44:30,239 - ERROR - [PLACE FAIL] 4008127555885222 price=0.43
2026-07-30 17:44:49,934 - ERROR - [py_clob_client_v2] request error status=400 url=https://clob.polymarket.com/order body={"error":"invalid post-only order: order crosses book"}
2026-07-30 17:44:49,934 - ERROR - [PLACE FAIL] 1147438962335931... price=0.56 attempt=1/2 | PolyApiException[status_code=400, error_message={'error': 'invalid post-only order: order crosses book'}]
2026-07-30 17:44:50,662 - ERROR - [PLACE FAIL] 1147438962335931 price=0.56
2026-07-30 17:45:04,436 - INFO - [SCREENER] 231 markets in 6.8s | yes:60 no:35 | next in 30s
2026-07-30 17:45:46,443 - INFO - [SCREENER] 231 markets in 6.8s | yes:61 no:35 | next in 30s
2026-07-30 17:46:25,344 - INFO - [SCREENER] 235 markets in 6.7s | yes:62 no:35 | next in 30s
2026-07-30 17:46:32,423 - ERROR - [py_clob_client_v2] request error status=400 url=https://clob.polymarket.com/order body={"error":"invalid post-only order: order crosses book"}
2026-07-30 17:46:32,423 - ERROR - [PLACE FAIL] 4008127555885222... price=0.43 attempt=1/2 | PolyApiException[status_code=400, error_message={'error': 'invalid post-only order: order crosses book'}]
2026-07-30 17:46:33,159 - ERROR - [PLACE FAIL] 4008127555885222 price=0.43
2026-07-30 17:47:04,512 - INFO - [SCREENER] 240 markets in 7.1s | yes:61 no:37 | next in 30s
2026-07-30 17:47:14,312 - ERROR - [py_clob_client_v2] request error status=400 url=https://clob.polymarket.com/order body={"error":"invalid post-only order: order crosses book"}
2026-07-30 17:47:14,312 - ERROR - [PLACE FAIL] 1147438962335931... price=0.56 attempt=1/2 | PolyApiException[status_code=400, error_message={'error': 'invalid post-only order: order crosses book'}]
2026-07-30 17:47:14,843 - ERROR - [PLACE FAIL] 1147438962335931 price=0.56
2026-07-30 17:47:46,941 - INFO - [SCREENER] 233 markets in 7.2s | yes:59 no:38 | next in 30s
2026-07-30 17:48:26,758 - INFO - [SCREENER] 234 markets in 7.5s | yes:61 no:39 | next in 30s
2026-07-30 17:48:35,177 - ERROR - [py_clob_client_v2] request error status=400 url=https://clob.polymarket.com/order body={"error":"invalid post-only order: order crosses book"}
2026-07-30 17:48:35,178 - ERROR - [PLACE FAIL] 4008127555885222... price=0.43 attempt=1/2 | PolyApiException[status_code=400, error_message={'error': 'invalid post-only order: order crosses book'}]
2026-07-30 17:48:35,911 - ERROR - [PLACE FAIL] 4008127555885222 price=0.43
2026-07-30 17:49:06,104 - INFO - [SCREENER] 236 markets in 6.9s | yes:59 no:38 | next in 30s
2026-07-30 17:49:16,435 - ERROR - [py_clob_client_v2] request error status=400 url=https://clob.polymarket.com/order body={"error":"invalid post-only order: order crosses book"}
2026-07-30 17:49:16,435 - ERROR - [PLACE FAIL] 1147438962335931... price=0.56 attempt=1/2 | PolyApiException[status_code=400, error_message={'error': 'invalid post-only order: order crosses book'}]
2026-07-30 17:49:17,947 - ERROR - [PLACE FAIL] 1147438962335931 price=0.56
2026-07-30 17:49:47,934 - INFO - [SCREENER] 235 markets in 7.0s | yes:60 no:39 | next in 30s
2026-07-30 17:50:28,803 - INFO - [SCREENER] 235 markets in 8.2s | yes:58 no:40 | next in 30s
2026-07-30 17:50:37,302 - ERROR - [py_clob_client_v2] request error status=400 url=https://clob.polymarket.com/order body={"error":"invalid post-only order: order crosses book"}
2026-07-30 17:50:37,303 - ERROR - [PLACE FAIL] 4008127555885222... price=0.43 attempt=1/2 | PolyApiException[status_code=400, error_message={'error': 'invalid post-only order: order crosses book'}]
2026-07-30 17:50:38,035 - ERROR - [PLACE FAIL] 4008127555885222 price=0.43
2026-07-30 17:50:58,476 - INFO - [SCREENER] 228 markets in 7.3s | yes:63 no:38 | next in 30s
2026-07-30 17:51:19,532 - ERROR - [py_clob_client_v2] request error status=400 url=https://clob.polymarket.com/order body={"error":"invalid post-only order: order crosses book"}
2026-07-30 17:51:19,532 - ERROR - [PLACE FAIL] 1147438962335931... price=0.56 attempt=1/2 | PolyApiException[status_code=400, error_message={'error': 'invalid post-only order: order crosses book'}]
2026-07-30 17:51:20,826 - ERROR - [PLACE FAIL] 1147438962335931 price=0.56
2026-07-30 17:51:38,664 - INFO - [SCREENER] 222 markets in 7.8s | yes:61 no:37 | next in 30s
2026-07-30 17:52:09,478 - INFO - [SCREENER] 220 markets in 6.4s | yes:62 no:36 | next in 30s
2026-07-30 17:52:40,038 - ERROR - [py_clob_client_v2] request error status=400 url=https://clob.polymarket.com/order body={"error":"invalid post-only order: order crosses book"}
2026-07-30 17:52:40,038 - ERROR - [PLACE FAIL] 4008127555885222... price=0.43 attempt=1/2 | PolyApiException[status_code=400, error_message={'error': 'invalid post-only order: order crosses book'}]
2026-07-30 17:52:40,757 - ERROR - [PLACE FAIL] 4008127555885222 price=0.43
2026-07-30 17:52:49,198 - INFO - [SCREENER] 218 markets in 7.4s | yes:66 no:36 | next in 30s
2026-07-30 17:53:05,241 - ERROR - [POLL] 批量查询异常: HTTPSConnectionPool(host='clob.polymarket.com', port=443): Max retries exceeded with url: /books (Caused by SSLError(SSLEOFError(8, '[SSL: UNEXPECTED_EOF_WHILE_READING] EOF occurred in violation of protocol (_ssl.c:1000)')))
2026-07-30 17:53:22,096 - INFO - [SCREENER] 215 markets in 6.8s | yes:65 no:36 | next in 30s
2026-07-30 17:53:24,815 - ERROR - [py_clob_client_v2] request error status=400 url=https://clob.polymarket.com/order body={"error":"invalid post-only order: order crosses book"}
2026-07-30 17:53:24,816 - ERROR - [PLACE FAIL] 1147438962335931... price=0.56 attempt=1/2 | PolyApiException[status_code=400, error_message={'error': 'invalid post-only order: order crosses book'}]
2026-07-30 17:53:25,345 - ERROR - [PLACE FAIL] 1147438962335931 price=0.56
2026-07-30 17:53:55,598 - INFO - [SCREENER] 214 markets in 9.0s | yes:67 no:38 | next in 30s
2026-07-30 17:54:25,764 - INFO - [SCREENER] 212 markets in 8.4s | yes:67 no:37 | next in 30s
2026-07-30 17:54:42,901 - ERROR - [py_clob_client_v2] request error status=400 url=https://clob.polymarket.com/order body={"error":"invalid post-only order: order crosses book"}
2026-07-30 17:54:42,902 - ERROR - [PLACE FAIL] 4008127555885222... price=0.43 attempt=1/2 | PolyApiException[status_code=400, error_message={'error': 'invalid post-only order: order crosses book'}]
2026-07-30 17:54:43,627 - ERROR - [PLACE FAIL] 4008127555885222 price=0.43
2026-07-30 17:54:54,436 - INFO - [SCREENER] 214 markets in 6.8s | yes:68 no:35 | next in 30s
2026-07-30 17:55:34,324 - INFO - [SCREENER] 214 markets in 7.2s | yes:66 no:37 | next in 30s
2026-07-30 17:55:35,699 - ERROR - [py_clob_client_v2] request error status=400 url=https://clob.polymarket.com/order body={"error":"invalid post-only order: order crosses book"}
2026-07-30 17:55:35,701 - ERROR - [PLACE FAIL] 1147438962335931... price=0.56 attempt=1/2 | PolyApiException[status_code=400, error_message={'error': 'invalid post-only order: order crosses book'}]
2026-07-30 17:55:36,428 - ERROR - [PLACE FAIL] 1147438962335931 price=0.56
2026-07-30 17:56:06,540 - INFO - [SCREENER] 213 markets in 6.8s | yes:64 no:37 | next in 30s
2026-07-30 17:56:46,310 - INFO - [SCREENER] 214 markets in 7.0s | yes:64 no:39 | next in 30s
2026-07-30 17:56:48,590 - ERROR - [py_clob_client_v2] request error status=400 url=https://clob.polymarket.com/order body={"error":"invalid post-only order: order crosses book"}
2026-07-30 17:56:48,590 - ERROR - [PLACE FAIL] 4008127555885222... price=0.43 attempt=1/2 | PolyApiException[status_code=400, error_message={'error': 'invalid post-only order: order crosses book'}]
2026-07-30 17:56:49,317 - ERROR - [PLACE FAIL] 4008127555885222 price=0.43
2026-07-30 17:57:26,080 - INFO - [SCREENER] 216 markets in 7.2s | yes:64 no:39 | next in 30s
2026-07-30 17:57:39,476 - ERROR - [py_clob_client_v2] request error status=400 url=https://clob.polymarket.com/order body={"error":"invalid post-only order: order crosses book"}
2026-07-30 17:57:39,477 - ERROR - [PLACE FAIL] 1147438962335931... price=0.56 attempt=1/2 | PolyApiException[status_code=400, error_message={'error': 'invalid post-only order: order crosses book'}]
2026-07-30 17:57:40,199 - ERROR - [PLACE FAIL] 1147438962335931 price=0.56
2026-07-30 17:58:08,553 - INFO - [SCREENER] 203 markets in 7.0s | yes:63 no:37 | next in 30s
2026-07-30 17:58:48,274 - INFO - [SCREENER] 198 markets in 7.2s | yes:61 no:36 | next in 30s
2026-07-30 17:58:51,002 - ERROR - [py_clob_client_v2] request error status=400 url=https://clob.polymarket.com/order body={"error":"invalid post-only order: order crosses book"}
2026-07-30 17:58:51,002 - ERROR - [PLACE FAIL] 4008127555885222... price=0.43 attempt=1/2 | PolyApiException[status_code=400, error_message={'error': 'invalid post-only order: order crosses book'}]
2026-07-30 17:58:51,729 - ERROR - [PLACE FAIL] 4008127555885222 price=0.43
2026-07-30 17:59:28,846 - INFO - [SCREENER] 199 markets in 7.5s | yes:60 no:36 | next in 30s
2026-07-30 17:59:41,888 - ERROR - [py_clob_client_v2] request error status=400 url=https://clob.polymarket.com/order body={"error":"invalid post-only order: order crosses book"}
2026-07-30 17:59:41,888 - ERROR - [PLACE FAIL] 1147438962335931... price=0.56 attempt=1/2 | PolyApiException[status_code=400, error_message={'error': 'invalid post-only order: order crosses book'}]
2026-07-30 17:59:42,629 - ERROR - [PLACE FAIL] 1147438962335931 price=0.56
2026-07-30 18:00:10,997 - INFO - [SCREENER] 200 markets in 6.5s | yes:58 no:36 | next in 30s
2026-07-30 18:00:50,904 - INFO - [SCREENER] 196 markets in 7.3s | yes:57 no:37 | next in 30s
2026-07-30 18:00:53,552 - ERROR - [py_clob_client_v2] request error status=400 url=https://clob.polymarket.com/order body={"error":"invalid post-only order: order crosses book"}
2026-07-30 18:00:53,552 - ERROR - [PLACE FAIL] 4008127555885222... price=0.43 attempt=1/2 | PolyApiException[status_code=400, error_message={'error': 'invalid post-only order: order crosses book'}]
2026-07-30 18:00:54,283 - ERROR - [PLACE FAIL] 4008127555885222 price=0.43
2026-07-30 18:01:30,994 - INFO - [SCREENER] 201 markets in 7.3s | yes:56 no:37 | next in 30s
2026-07-30 18:01:44,401 - ERROR - [py_clob_client_v2] request error status=400 url=https://clob.polymarket.com/order body={"error":"invalid post-only order: order crosses book"}
2026-07-30 18:01:44,401 - ERROR - [PLACE FAIL] 1147438962335931... price=0.56 attempt=1/2 | PolyApiException[status_code=400, error_message={'error': 'invalid post-only order: order crosses book'}]
2026-07-30 18:01:45,127 - ERROR - [PLACE FAIL] 1147438962335931 price=0.56
2026-07-30 18:02:13,564 - INFO - [SCREENER] 207 markets in 7.5s | yes:56 no:37 | next in 30s
2026-07-30 18:02:52,618 - INFO - [SCREENER] 203 markets in 6.7s | yes:57 no:37 | next in 30s
2026-07-30 18:02:56,055 - ERROR - [py_clob_client_v2] request error status=400 url=https://clob.polymarket.com/order body={"error":"invalid post-only order: order crosses book"}
2026-07-30 18:02:56,055 - ERROR - [PLACE FAIL] 4008127555885222... price=0.43 attempt=1/2 | PolyApiException[status_code=400, error_message={'error': 'invalid post-only order: order crosses book'}]
2026-07-30 18:02:56,789 - ERROR - [PLACE FAIL] 4008127555885222 price=0.43
2026-07-30 18:03:33,049 - INFO - [SCREENER] 202 markets in 7.6s | yes:56 no:35 | next in 30s
2026-07-30 18:03:46,478 - ERROR - [py_clob_client_v2] request error status=400 url=https://clob.polymarket.com/order body={"error":"invalid post-only order: order crosses book"}
2026-07-30 18:03:46,478 - ERROR - [PLACE FAIL] 1147438962335931... price=0.56 attempt=1/2 | PolyApiException[status_code=400, error_message={'error': 'invalid post-only order: order crosses book'}]
2026-07-30 18:03:47,206 - ERROR - [PLACE FAIL] 1147438962335931 price=0.56
2026-07-30 18:04:15,270 - INFO - [SCREENER] 200 markets in 6.6s | yes:55 no:34 | next in 30s
2026-07-30 18:04:55,220 - INFO - [SCREENER] 202 markets in 7.0s | yes:54 no:33 | next in 30s
2026-07-30 18:04:58,711 - ERROR - [py_clob_client_v2] request error status=400 url=https://clob.polymarket.com/order body={"error":"invalid post-only order: order crosses book"}
2026-07-30 18:04:58,712 - ERROR - [PLACE FAIL] 4008127555885222... price=0.43 attempt=1/2 | PolyApiException[status_code=400, error_message={'error': 'invalid post-only order: order crosses book'}]
2026-07-30 18:04:59,449 - ERROR - [PLACE FAIL] 4008127555885222 price=0.43
2026-07-30 18:05:36,323 - INFO - [SCREENER] 192 markets in 8.5s | yes:56 no:33 | next in 30s
2026-07-30 18:05:49,505 - ERROR - [py_clob_client_v2] request error status=400 url=https://clob.polymarket.com/order body={"error":"invalid post-only order: order crosses book"}
2026-07-30 18:05:49,505 - ERROR - [PLACE FAIL] 1147438962335931... price=0.56 attempt=1/2 | PolyApiException[status_code=400, error_message={'error': 'invalid post-only order: order crosses book'}]
2026-07-30 18:05:50,022 - ERROR - [PLACE FAIL] 1147438962335931 price=0.56
2026-07-30 18:06:04,813 - INFO - [SCREENER] 190 markets in 6.8s | yes:57 no:33 | next in 30s
2026-07-30 18:06:35,723 - INFO - [SCREENER] 194 markets in 6.7s | yes:59 no:33 | next in 30s
2026-07-30 18:07:01,534 - ERROR - [py_clob_client_v2] request error status=400 url=https://clob.polymarket.com/order body={"error":"invalid post-only order: order crosses book"}
2026-07-30 18:07:01,534 - ERROR - [PLACE FAIL] 4008127555885222... price=0.43 attempt=1/2 | PolyApiException[status_code=400, error_message={'error': 'invalid post-only order: order crosses book'}]
2026-07-30 18:07:02,262 - ERROR - [PLACE FAIL] 4008127555885222 price=0.43
2026-07-30 18:07:15,210 - INFO - [SCREENER] 193 markets in 6.9s | yes:58 no:34 | next in 30s
2026-07-30 18:07:54,944 - INFO - [SCREENER] 198 markets in 6.9s | yes:58 no:34 | next in 30s
2026-07-30 18:07:57,393 - ERROR - [py_clob_client_v2] request error status=400 url=https://clob.polymarket.com/order body={"error":"invalid post-only order: order crosses book"}
2026-07-30 18:07:57,393 - ERROR - [PLACE FAIL] 1147438962335931... price=0.56 attempt=1/2 | PolyApiException[status_code=400, error_message={'error': 'invalid post-only order: order crosses book'}]
2026-07-30 18:07:58,129 - ERROR - [PLACE FAIL] 1147438962335931 price=0.56
2026-07-30 18:08:25,792 - INFO - [SELL CONFIRMED] 未知 | Yes | size=20.0000 price=0.25
2026-07-30 18:08:26,845 - INFO - [SCREENER] 204 markets in 7.1s | yes:59 no:33 | next in 30s
2026-07-30 18:08:40,683 - INFO - 收到停止信号，优雅退出...
2026-07-30 18:08:40,684 - INFO - 开始优雅关闭...
2026-07-30 18:08:40,956 - INFO - [CANCEL ALL] 88 已取消 | 系统关闭
2026-07-30 18:08:41,137 - WARNING - [USER WS] close code=None reason=None
2026-07-30 18:08:44,277 - INFO - [HEARTBEAT] 已停止
2026-07-30 18:08:44,277 - INFO - ============================================================
系统已停止
============================================================
