2026-07-29 11:13:29,749 - INFO - ============================================================
2026-07-29 11:13:29,749 - INFO - Maker-only Guardian V7.0 启动
2026-07-29 11:13:29,749 - INFO - 地址: 0x304bf40e9e50c265f6dd86417707d5b41d8ea619 | 档: 2 | 量: 50 | 冷却: 120s | 心跳: 7.0s
2026-07-29 11:13:29,749 - INFO - ============================================================
2026-07-29 11:13:29,750 - INFO - [HEARTBEAT] 已启动 interval=7.0s
2026-07-29 11:14:07,316 - INFO - [SCREENER] 100 markets in 6.8s | yes:30 no:16 | next in 30s
2026-07-29 11:14:14,551 - ERROR - [py_clob_client_v2] request error: Server disconnected
2026-07-29 11:14:14,551 - ERROR - [py_clob_client_v2] request error: Server disconnected
2026-07-29 11:14:14,551 - ERROR - [py_clob_client_v2] request error: Server disconnected
2026-07-29 11:14:14,551 - ERROR - [py_clob_client_v2] request error: Server disconnected
2026-07-29 11:14:14,551 - ERROR - 获取订单簿失败: 32815257285701162070... | PolyApiException[status_code=None, error_message=Request exception!]
2026-07-29 11:14:14,557 - ERROR - 获取订单簿失败: 29871276389122489803... | PolyApiException[status_code=None, error_message=Request exception!]
2026-07-29 11:14:14,557 - ERROR - 获取订单簿失败: 95572177408094348974... | PolyApiException[status_code=None, error_message=Request exception!]
2026-07-29 11:14:14,557 - ERROR - [PLACE FAIL] 5069233318055878... price=0.41 attempt=1/2 | PolyApiException[status_code=None, error_message=Request exception!]
2026-07-29 11:14:15,551 - WARNING - [RETRY] 3281525728570116 bids不足2档，10s后重试
2026-07-29 11:14:15,552 - WARNING - [RETRY] 2987127638912248 bids不足2档，10s后重试
2026-07-29 11:14:15,552 - WARNING - [RETRY] 9557217740809434 bids不足2档，10s后重试
2026-07-29 11:14:31,860 - ERROR - [py_clob_client_v2] request error: Server disconnected
2026-07-29 11:14:31,862 - ERROR - [py_clob_client_v2] request error: Server disconnected
2026-07-29 11:14:31,862 - ERROR - 获取订单簿失败: 20089446633884619242... | PolyApiException[status_code=None, error_message=Request exception!]
2026-07-29 11:14:31,862 - ERROR - [PLACE FAIL] 7974103200923832... price=0.59 attempt=1/2 | PolyApiException[status_code=None, error_message=Request exception!]
2026-07-29 11:14:32,860 - WARNING - [RETRY] 2008944663388461 bids不足2档，10s后重试
2026-07-29 11:14:38,326 - ERROR - [py_clob_client_v2] request error: Server disconnected
2026-07-29 11:14:38,326 - ERROR - [py_clob_client_v2] request error: Server disconnected
2026-07-29 11:14:38,326 - ERROR - [py_clob_client_v2] request error: Server disconnected
2026-07-29 11:14:38,327 - ERROR - [PLACE FAIL] 1648964280113991... price=0.46 attempt=1/2 | PolyApiException[status_code=None, error_message=Request exception!]
2026-07-29 11:14:38,327 - ERROR - [PLACE FAIL] 1539414629600574... price=0.26 attempt=1/2 | PolyApiException[status_code=None, error_message=Request exception!]
2026-07-29 11:14:38,327 - ERROR - [PLACE FAIL] 5727082889551751... price=0.55 attempt=1/2 | PolyApiException[status_code=None, error_message=Request exception!]
2026-07-29 11:14:46,228 - INFO - [SCREENER] 101 markets in 6.4s | yes:30 no:17 | next in 30s
2026-07-29 11:15:24,993 - INFO - [SCREENER] 99 markets in 6.6s | yes:30 no:15 | next in 30s
2026-07-29 11:16:05,413 - INFO - [SCREENER] 100 markets in 6.6s | yes:31 no:15 | next in 30s
2026-07-29 11:16:44,816 - INFO - [SCREENER] 98 markets in 6.9s | yes:33 no:15 | next in 30s
2026-07-29 11:17:23,713 - INFO - [SCREENER] 99 markets in 6.4s | yes:32 no:16 | next in 30s
2026-07-29 11:18:03,667 - INFO - [SCREENER] 97 markets in 6.1s | yes:34 no:14 | next in 30s
2026-07-29 11:18:42,582 - INFO - [SCREENER] 96 markets in 6.7s | yes:32 no:15 | next in 30s
2026-07-29 11:19:21,300 - INFO - [SCREENER] 99 markets in 6.4s | yes:33 no:13 | next in 30s
2026-07-29 11:20:00,414 - INFO - [SCREENER] 99 markets in 6.7s | yes:31 no:13 | next in 30s
2026-07-29 11:20:30,842 - INFO - [SCREENER] 101 markets in 6.9s | yes:32 no:13 | next in 30s
2026-07-29 11:21:09,382 - INFO - [SCREENER] 101 markets in 6.2s | yes:32 no:12 | next in 30s
2026-07-29 11:21:48,288 - INFO - [SCREENER] 102 markets in 6.6s | yes:31 no:11 | next in 30s
2026-07-29 11:22:27,944 - INFO - [SCREENER] 101 markets in 5.8s | yes:30 no:11 | next in 30s
2026-07-29 11:23:05,819 - INFO - [SCREENER] 100 markets in 5.6s | yes:33 no:11 | next in 30s
2026-07-29 11:23:44,066 - INFO - [SCREENER] 101 markets in 6.0s | yes:31 no:10 | next in 30s
2026-07-29 11:24:25,406 - INFO - [SCREENER] 101 markets in 6.9s | yes:30 no:10 | next in 30s
2026-07-29 11:25:03,762 - INFO - [SCREENER] 99 markets in 6.0s | yes:28 no:12 | next in 30s
2026-07-29 11:25:42,487 - INFO - [SCREENER] 99 markets in 6.6s | yes:28 no:12 | next in 30s
2026-07-29 11:26:21,110 - INFO - [SCREENER] 103 markets in 6.2s | yes:27 no:12 | next in 30s
2026-07-29 11:27:01,405 - INFO - [SCREENER] 101 markets in 6.3s | yes:29 no:9 | next in 30s
2026-07-29 11:27:40,149 - INFO - [SCREENER] 103 markets in 6.3s | yes:31 no:9 | next in 30s
2026-07-29 11:28:18,860 - INFO - [SCREENER] 98 markets in 6.0s | yes:29 no:10 | next in 30s
2026-07-29 11:28:58,582 - INFO - [SCREENER] 102 markets in 6.3s | yes:27 no:11 | next in 30s
2026-07-29 11:29:36,881 - INFO - [SCREENER] 100 markets in 6.0s | yes:29 no:13 | next in 30s
2026-07-29 11:30:16,246 - INFO - [SCREENER] 100 markets in 7.2s | yes:28 no:12 | next in 30s
2026-07-29 11:30:56,624 - INFO - [SCREENER] 100 markets in 6.1s | yes:27 no:10 | next in 30s
2026-07-29 11:31:35,244 - INFO - [SCREENER] 98 markets in 6.2s | yes:28 no:11 | next in 30s
2026-07-29 11:32:12,992 - INFO - [SCREENER] 97 markets in 5.7s | yes:29 no:13 | next in 30s
2026-07-29 11:32:51,669 - INFO - [SCREENER] 101 markets in 6.4s | yes:29 no:13 | next in 30s
2026-07-29 11:33:32,491 - INFO - [SCREENER] 98 markets in 6.6s | yes:29 no:13 | next in 30s
2026-07-29 11:34:11,136 - INFO - [SCREENER] 99 markets in 6.7s | yes:30 no:13 | next in 30s
2026-07-29 11:34:49,559 - INFO - [SCREENER] 101 markets in 6.2s | yes:32 no:17 | next in 30s
2026-07-29 11:35:04,637 - ERROR - [py_clob_client_v2] request error: Server disconnected
2026-07-29 11:35:04,637 - ERROR - [py_clob_client_v2] request error: Server disconnected
2026-07-29 11:35:04,637 - ERROR - [PLACE FAIL] 1131295978487087... price=0.64 attempt=1/2 | PolyApiException[status_code=None, error_message=Request exception!]
2026-07-29 11:35:04,637 - ERROR - [PLACE FAIL] 1097222110232354... price=0.59 attempt=1/2 | PolyApiException[status_code=None, error_message=Request exception!]
2026-07-29 11:35:31,166 - INFO - [SCREENER] 100 markets in 7.6s | yes:33 no:17 | next in 30s
2026-07-29 11:36:09,849 - INFO - [SCREENER] 98 markets in 6.6s | yes:36 no:16 | next in 30s
2026-07-29 11:36:48,787 - INFO - [SCREENER] 99 markets in 6.4s | yes:37 no:17 | next in 30s
2026-07-29 11:37:11,761 - ERROR - [BATCH CANCEL FAIL] 0xa8b9c80ee504e034ac... | order can't be found - already canceled or matched
2026-07-29 11:37:12,939 - ERROR - [BATCH CANCEL] 9290178213767472 取消失败，清空 active_id 进入冷却兜底
2026-07-29 11:37:17,451 - INFO - [SELL CONFIRMED] 未知 | No | size=50.0000 price=0.38
2026-07-29 11:37:29,168 - INFO - [SCREENER] 99 markets in 6.2s | yes:37 no:14 | next in 30s
2026-07-29 11:38:07,513 - INFO - [SCREENER] 101 markets in 6.1s | yes:37 no:13 | next in 30s
2026-07-29 11:38:45,570 - INFO - [SCREENER] 105 markets in 6.0s | yes:34 no:15 | next in 30s
2026-07-29 11:39:24,898 - INFO - [SCREENER] 106 markets in 6.8s | yes:35 no:15 | next in 30s
2026-07-29 11:39:55,067 - INFO - [SCREENER] 104 markets in 6.3s | yes:34 no:14 | next in 30s
2026-07-29 11:40:34,712 - INFO - [SCREENER] 102 markets in 7.4s | yes:35 no:15 | next in 30s
2026-07-29 11:41:13,017 - INFO - [SCREENER] 104 markets in 6.3s | yes:37 no:16 | next in 30s
2026-07-29 11:41:49,884 - INFO - [SCREENER] 104 markets in 12.9s | yes:38 no:15 | next in 30s
2026-07-29 11:42:17,558 - INFO - [SCREENER] 105 markets in 6.1s | yes:42 no:14 | next in 30s
2026-07-29 11:42:54,312 - INFO - [SELL CONFIRMED] 未知 | Yes | size=50.0000 price=0.25
2026-07-29 11:42:55,985 - INFO - [SCREENER] 106 markets in 6.0s | yes:40 no:15 | next in 30s
2026-07-29 11:43:34,683 - INFO - [SCREENER] 107 markets in 6.5s | yes:37 no:16 | next in 30s
2026-07-29 11:44:05,133 - INFO - [SCREENER] 108 markets in 6.3s | yes:38 no:15 | next in 30s
2026-07-29 11:44:43,949 - INFO - [SCREENER] 106 markets in 6.1s | yes:34 no:15 | next in 30s
2026-07-29 11:45:22,656 - INFO - [SCREENER] 103 markets in 6.6s | yes:30 no:12 | next in 30s
2026-07-29 11:45:52,977 - INFO - [SCREENER] 106 markets in 6.1s | yes:30 no:14 | next in 30s
2026-07-29 11:46:31,440 - INFO - [SCREENER] 109 markets in 6.4s | yes:32 no:15 | next in 30s
2026-07-29 11:47:09,923 - INFO - [SCREENER] 107 markets in 6.2s | yes:32 no:16 | next in 30s
2026-07-29 11:47:48,779 - INFO - [SCREENER] 112 markets in 6.4s | yes:35 no:15 | next in 30s
2026-07-29 11:48:24,140 - INFO - [SCREENER] 113 markets in 6.0s | yes:34 no:15 | next in 30s
2026-07-29 11:49:03,896 - INFO - [SCREENER] 109 markets in 7.3s | yes:37 no:14 | next in 30s
2026-07-29 11:49:42,999 - INFO - [SCREENER] 110 markets in 6.5s | yes:39 no:13 | next in 30s
2026-07-29 11:50:13,895 - INFO - [SCREENER] 111 markets in 6.5s | yes:38 no:13 | next in 30s
2026-07-29 11:50:52,311 - INFO - [SCREENER] 107 markets in 6.3s | yes:37 no:12 | next in 30s
2026-07-29 11:51:31,219 - INFO - [SCREENER] 108 markets in 6.2s | yes:32 no:12 | next in 30s
2026-07-29 11:52:17,409 - INFO - [SCREENER] 109 markets in 13.4s | yes:34 no:12 | next in 30s
2026-07-29 11:52:48,382 - INFO - [SCREENER] 110 markets in 7.4s | yes:35 no:12 | next in 30s
2026-07-29 11:53:26,778 - INFO - [SCREENER] 109 markets in 6.1s | yes:35 no:12 | next in 30s
2026-07-29 11:54:06,136 - INFO - [SCREENER] 108 markets in 6.1s | yes:31 no:10 | next in 30s
2026-07-29 11:54:37,232 - INFO - [SCREENER] 108 markets in 6.7s | yes:32 no:11 | next in 30s
2026-07-29 11:55:16,119 - INFO - [SCREENER] 108 markets in 6.6s | yes:30 no:11 | next in 30s
2026-07-29 11:55:55,318 - INFO - [SCREENER] 108 markets in 6.9s | yes:35 no:12 | next in 30s
2026-07-29 11:56:33,623 - INFO - [SCREENER] 106 markets in 6.0s | yes:33 no:11 | next in 30s
2026-07-29 11:57:04,873 - INFO - [SCREENER] 106 markets in 6.8s | yes:31 no:11 | next in 30s
2026-07-29 11:57:43,337 - INFO - [SCREENER] 107 markets in 5.9s | yes:32 no:11 | next in 30s
2026-07-29 11:58:22,491 - INFO - [SCREENER] 107 markets in 6.9s | yes:28 no:9 | next in 30s
2026-07-29 11:58:52,636 - INFO - [SCREENER] 105 markets in 6.6s | yes:28 no:9 | next in 30s
2026-07-29 11:59:32,811 - INFO - [SCREENER] 108 markets in 6.7s | yes:28 no:8 | next in 30s
2026-07-29 12:00:11,346 - INFO - [SCREENER] 106 markets in 6.4s | yes:29 no:9 | next in 30s
2026-07-29 12:00:50,511 - INFO - [SCREENER] 108 markets in 6.8s | yes:27 no:9 | next in 30s
2026-07-29 12:01:22,678 - INFO - [SELL CONFIRMED] 未知 | Yes | size=5.0000 price=0.35
2026-07-29 12:01:23,753 - INFO - [SCREENER] 110 markets in 8.8s | yes:27 no:8 | next in 30s
2026-07-29 12:01:52,367 - INFO - [SCREENER] 108 markets in 7.1s | yes:25 no:8 | next in 30s
2026-07-29 12:02:31,185 - INFO - [SCREENER] 107 markets in 6.3s | yes:25 no:10 | next in 30s
2026-07-29 12:02:55,760 - INFO - [LIMIT SELL] Will the highest temperature in Amsterda | 5.0000 shares @ 0.36
2026-07-29 12:02:55,760 - INFO - [POSITION] 限价卖出 1 个持仓
2026-07-29 12:03:04,489 - INFO - [SELL CONFIRMED] 未知 | Yes | size=0.0000 price=0.36
2026-07-29 12:03:11,760 - INFO - [SCREENER] 110 markets in 6.0s | yes:25 no:8 | next in 30s
2026-07-29 12:03:50,926 - INFO - [SCREENER] 109 markets in 6.7s | yes:22 no:8 | next in 30s
2026-07-29 12:04:30,890 - INFO - [SCREENER] 109 markets in 7.2s | yes:23 no:8 | next in 30s
2026-07-29 12:05:09,650 - INFO - [SCREENER] 107 markets in 6.4s | yes:21 no:8 | next in 30s
2026-07-29 12:05:39,732 - INFO - [SCREENER] 104 markets in 5.9s | yes:24 no:8 | next in 30s
2026-07-29 12:06:25,195 - INFO - [SCREENER] 107 markets in 13.4s | yes:22 no:9 | next in 30s
2026-07-29 12:06:52,698 - INFO - [SCREENER] 112 markets in 5.9s | yes:24 no:8 | next in 30s
2026-07-29 12:07:22,611 - INFO - [SCREENER] 108 markets in 5.8s | yes:24 no:8 | next in 30s
2026-07-29 12:08:01,407 - INFO - [SCREENER] 109 markets in 6.7s | yes:24 no:10 | next in 30s
2026-07-29 12:08:40,598 - INFO - [SCREENER] 113 markets in 7.0s | yes:25 no:15 | next in 30s
2026-07-29 12:09:19,658 - INFO - [SCREENER] 110 markets in 6.9s | yes:28 no:14 | next in 30s
2026-07-29 12:09:50,025 - INFO - [SCREENER] 107 markets in 6.5s | yes:28 no:14 | next in 30s
2026-07-29 12:10:28,847 - INFO - [SCREENER] 108 markets in 6.6s | yes:28 no:15 | next in 30s
2026-07-29 12:11:08,644 - INFO - [SCREENER] 111 markets in 7.6s | yes:26 no:13 | next in 30s
2026-07-29 12:11:38,673 - INFO - [SCREENER] 112 markets in 6.0s | yes:24 no:13 | next in 30s
2026-07-29 12:12:17,307 - INFO - [SCREENER] 113 markets in 6.3s | yes:21 no:15 | next in 30s
2026-07-29 12:12:56,313 - INFO - [SCREENER] 110 markets in 6.6s | yes:21 no:16 | next in 30s
2026-07-29 12:13:37,378 - INFO - [SCREENER] 110 markets in 8.8s | yes:20 no:14 | next in 30s
2026-07-29 12:14:09,315 - INFO - [SCREENER] 112 markets in 7.7s | yes:21 no:15 | next in 30s
2026-07-29 12:14:47,572 - INFO - [SCREENER] 113 markets in 6.3s | yes:22 no:16 | next in 30s
2026-07-29 12:15:26,574 - INFO - [SCREENER] 112 markets in 6.9s | yes:18 no:17 | next in 30s
2026-07-29 12:15:57,836 - INFO - [SCREENER] 111 markets in 7.4s | yes:21 no:15 | next in 30s
2026-07-29 12:16:36,709 - INFO - [SCREENER] 111 markets in 6.5s | yes:23 no:16 | next in 30s
2026-07-29 12:17:15,733 - INFO - [SCREENER] 113 markets in 6.7s | yes:23 no:15 | next in 30s
2026-07-29 12:17:57,162 - INFO - [SCREENER] 114 markets in 6.3s | yes:23 no:17 | next in 30s
2026-07-29 12:18:36,659 - INFO - [SCREENER] 113 markets in 6.9s | yes:22 no:15 | next in 30s
2026-07-29 12:19:16,124 - INFO - [SCREENER] 113 markets in 6.3s | yes:27 no:18 | next in 30s
2026-07-29 12:19:55,173 - INFO - [SCREENER] 112 markets in 7.0s | yes:27 no:18 | next in 30s
2026-07-29 12:20:25,443 - INFO - [SCREENER] 112 markets in 6.6s | yes:27 no:15 | next in 30s
2026-07-29 12:21:04,954 - INFO - [SCREENER] 111 markets in 7.0s | yes:30 no:17 | next in 30s
2026-07-29 12:21:44,868 - INFO - [SCREENER] 110 markets in 7.8s | yes:28 no:15 | next in 30s
2026-07-29 12:22:16,687 - INFO - [SCREENER] 110 markets in 7.7s | yes:28 no:16 | next in 30s
2026-07-29 12:22:55,829 - INFO - [SCREENER] 111 markets in 6.3s | yes:25 no:15 | next in 30s
2026-07-29 12:23:04,261 - INFO - [SELL CONFIRMED] 未知 | Yes | size=20.0000 price=0.3
2026-07-29 12:23:34,735 - INFO - [SCREENER] 113 markets in 6.7s | yes:25 no:15 | next in 30s
2026-07-29 12:23:59,668 - INFO - [LIMIT SELL] Will the highest temperature in Kuala Lu | 20.0000 shares @ 0.3
2026-07-29 12:23:59,669 - INFO - [POSITION] 限价卖出 1 个持仓
2026-07-29 12:24:09,354 - INFO - [SELL CONFIRMED] 未知 | Yes | size=0.0000 price=0.3
2026-07-29 12:24:16,518 - INFO - [SCREENER] 114 markets in 6.8s | yes:28 no:15 | next in 30s
2026-07-29 12:24:55,566 - INFO - [SCREENER] 116 markets in 6.8s | yes:27 no:17 | next in 30s
2026-07-29 12:25:36,030 - INFO - [SCREENER] 117 markets in 8.2s | yes:29 no:19 | next in 30s
2026-07-29 12:26:17,269 - INFO - [SCREENER] 120 markets in 7.0s | yes:28 no:19 | next in 30s
2026-07-29 12:26:56,748 - INFO - [SCREENER] 116 markets in 6.8s | yes:25 no:19 | next in 30s
2026-07-29 12:27:35,981 - INFO - [SCREENER] 115 markets in 6.8s | yes:28 no:19 | next in 30s
2026-07-29 12:28:17,892 - INFO - [SCREENER] 115 markets in 6.9s | yes:26 no:21 | next in 30s
2026-07-29 12:28:57,190 - INFO - [SCREENER] 118 markets in 6.5s | yes:28 no:19 | next in 30s
2026-07-29 12:29:36,200 - INFO - [SCREENER] 121 markets in 6.7s | yes:28 no:20 | next in 30s
2026-07-29 12:30:17,745 - INFO - [SCREENER] 121 markets in 6.6s | yes:26 no:22 | next in 30s
2026-07-29 12:30:57,735 - INFO - [SCREENER] 118 markets in 7.7s | yes:24 no:19 | next in 30s
2026-07-29 12:31:36,861 - INFO - [SCREENER] 117 markets in 7.0s | yes:23 no:22 | next in 30s
2026-07-29 12:32:18,395 - INFO - [SCREENER] 118 markets in 6.6s | yes:22 no:18 | next in 30s
2026-07-29 12:32:59,239 - INFO - [SCREENER] 118 markets in 8.3s | yes:26 no:17 | next in 30s
2026-07-29 12:33:38,281 - INFO - [SCREENER] 118 markets in 6.9s | yes:25 no:18 | next in 30s
2026-07-29 12:34:19,703 - INFO - [SCREENER] 119 markets in 6.7s | yes:27 no:18 | next in 30s
2026-07-29 12:34:59,645 - INFO - [SCREENER] 119 markets in 7.5s | yes:26 no:16 | next in 30s
2026-07-29 12:35:05,106 - ERROR - [POLL] 批量查询异常: HTTPSConnectionPool(host='clob.polymarket.com', port=443): Max retries exceeded with url: /books (Caused by SSLError(SSLEOFError(8, '[SSL: UNEXPECTED_EOF_WHILE_READING] EOF occurred in violation of protocol (_ssl.c:1000)')))
2026-07-29 12:35:32,642 - INFO - [SCREENER] 118 markets in 6.9s | yes:27 no:15 | next in 30s
2026-07-29 12:36:11,721 - INFO - [SCREENER] 119 markets in 6.5s | yes:26 no:12 | next in 30s
2026-07-29 12:36:42,719 - INFO - [SCREENER] 118 markets in 6.7s | yes:31 no:11 | next in 30s
2026-07-29 12:37:21,509 - INFO - [SCREENER] 115 markets in 6.4s | yes:27 no:13 | next in 30s
2026-07-29 12:38:01,277 - INFO - [SCREENER] 119 markets in 7.7s | yes:29 no:11 | next in 30s
2026-07-29 12:38:33,323 - INFO - [SCREENER] 119 markets in 7.9s | yes:31 no:12 | next in 30s
2026-07-29 12:39:12,158 - INFO - [SCREENER] 117 markets in 6.3s | yes:27 no:10 | next in 30s
2026-07-29 12:39:51,046 - INFO - [SCREENER] 117 markets in 6.7s | yes:30 no:12 | next in 30s
2026-07-29 12:40:33,327 - INFO - [SCREENER] 120 markets in 6.9s | yes:30 no:13 | next in 30s
2026-07-29 12:41:12,920 - INFO - [SCREENER] 119 markets in 7.1s | yes:29 no:14 | next in 30s
2026-07-29 12:41:52,979 - INFO - [SCREENER] 118 markets in 7.3s | yes:26 no:13 | next in 30s
2026-07-29 12:42:26,553 - INFO - [SCREENER] 117 markets in 6.8s | yes:25 no:12 | next in 30s
2026-07-29 12:42:58,726 - INFO - [SCREENER] 115 markets in 6.6s | yes:25 no:11 | next in 30s
2026-07-29 12:43:37,511 - INFO - [SCREENER] 112 markets in 6.6s | yes:27 no:13 | next in 30s
2026-07-29 12:44:16,753 - INFO - [SCREENER] 113 markets in 7.1s | yes:30 no:16 | next in 30s
2026-07-29 12:44:46,861 - INFO - [SCREENER] 111 markets in 6.3s | yes:32 no:15 | next in 30s
2026-07-29 12:45:25,707 - INFO - [SCREENER] 110 markets in 6.6s | yes:31 no:12 | next in 30s
2026-07-29 12:46:06,122 - INFO - [SCREENER] 112 markets in 7.8s | yes:31 no:12 | next in 30s
2026-07-29 12:46:48,055 - INFO - [SCREENER] 115 markets in 7.4s | yes:27 no:12 | next in 30s
2026-07-29 12:47:26,995 - INFO - [SCREENER] 115 markets in 6.6s | yes:28 no:13 | next in 30s
2026-07-29 12:48:06,352 - INFO - [SCREENER] 117 markets in 7.0s | yes:28 no:11 | next in 30s
2026-07-29 12:48:47,458 - INFO - [SCREENER] 115 markets in 6.9s | yes:27 no:14 | next in 30s
2026-07-29 12:49:26,625 - INFO - [SCREENER] 117 markets in 7.1s | yes:27 no:15 | next in 30s
2026-07-29 12:50:04,850 - INFO - [SCREENER] 115 markets in 6.3s | yes:29 no:17 | next in 30s
2026-07-29 12:50:44,412 - INFO - [SCREENER] 117 markets in 7.1s | yes:31 no:18 | next in 30s
2026-07-29 12:50:59,197 - ERROR - [py_clob_client_v2] request error: Server disconnected
2026-07-29 12:50:59,197 - ERROR - [py_clob_client_v2] request error: Server disconnected
2026-07-29 12:50:59,197 - ERROR - [py_clob_client_v2] request error: Server disconnected
2026-07-29 12:50:59,198 - ERROR - [BATCH CANCEL ERR] 2 条 | PolyApiException[status_code=None, error_message=Request exception!]
2026-07-29 12:50:59,198 - ERROR - 获取订单簿失败: 79741032009238321821... | PolyApiException[status_code=None, error_message=Request exception!]
2026-07-29 12:50:59,199 - ERROR - 获取订单簿失败: 88672534365984296205... | PolyApiException[status_code=None, error_message=Request exception!]
2026-07-29 12:50:59,898 - ERROR - [BATCH CANCEL] 2314986233722398 取消失败，清空 active_id 进入冷却兜底
2026-07-29 12:50:59,898 - ERROR - [BATCH CANCEL] 7763887955587621 取消失败，清空 active_id 进入冷却兜底
2026-07-29 12:50:59,898 - WARNING - [RETRY] 8867253436598429 bids不足2档，10s后重试
2026-07-29 12:50:59,898 - WARNING - [RETRY] 7974103200923832 bids不足2档，10s后重试
2026-07-29 12:51:15,780 - INFO - [SCREENER] 118 markets in 6.9s | yes:31 no:15 | next in 30s
2026-07-29 12:51:55,367 - INFO - [SCREENER] 118 markets in 7.2s | yes:32 no:12 | next in 30s
2026-07-29 12:52:34,490 - INFO - [SCREENER] 119 markets in 6.7s | yes:31 no:12 | next in 30s
2026-07-29 12:53:05,309 - INFO - [SCREENER] 119 markets in 6.9s | yes:26 no:11 | next in 30s
2026-07-29 12:53:45,114 - INFO - [SCREENER] 119 markets in 7.3s | yes:27 no:11 | next in 30s
2026-07-29 12:54:24,574 - INFO - [SCREENER] 119 markets in 7.4s | yes:32 no:11 | next in 30s
2026-07-29 12:55:05,750 - INFO - [SCREENER] 116 markets in 6.6s | yes:31 no:14 | next in 30s
2026-07-29 12:55:45,366 - INFO - [SCREENER] 113 markets in 7.4s | yes:28 no:12 | next in 30s
2026-07-29 12:56:25,937 - INFO - [SCREENER] 113 markets in 8.2s | yes:28 no:13 | next in 30s
2026-07-29 12:57:07,811 - INFO - [SCREENER] 112 markets in 6.8s | yes:29 no:12 | next in 30s
2026-07-29 12:57:48,910 - INFO - [SCREENER] 115 markets in 8.7s | yes:29 no:13 | next in 30s
2026-07-29 12:58:17,311 - INFO - [SCREENER] 113 markets in 6.9s | yes:25 no:9 | next in 30s
2026-07-29 12:58:58,221 - INFO - [SCREENER] 111 markets in 8.1s | yes:25 no:10 | next in 30s
2026-07-29 12:59:28,607 - INFO - [SCREENER] 110 markets in 6.6s | yes:25 no:10 | next in 30s
2026-07-29 13:00:07,154 - INFO - [SCREENER] 107 markets in 6.3s | yes:17 no:7 | next in 30s
2026-07-29 13:00:07,432 - ERROR - [py_clob_client_v2] request error: Server disconnected
2026-07-29 13:00:07,432 - ERROR - [py_clob_client_v2] request error: Server disconnected
2026-07-29 13:00:07,433 - ERROR - 查询订单失败: PolyApiException[status_code=None, error_message=Request exception!]
2026-07-29 13:00:07,433 - ERROR - [py_clob_client_v2] request error: Server disconnected
2026-07-29 13:00:07,433 - ERROR - [CANCEL FAIL] 0x9a768ebe40fb2326d5... | PolyApiException[status_code=None, error_message=Request exception!]
2026-07-29 13:00:07,433 - ERROR - [DISCOVER] 订单查询失败，跳过本周期
2026-07-29 13:00:07,433 - ERROR - [CANCEL FAIL] 0x7435fe738b64e9bfde... | PolyApiException[status_code=None, error_message=Request exception!]
2026-07-29 13:00:08,157 - ERROR - [CANCEL FAIL] 0x9a768ebe40fb2326d5 订单仍存活在交易所！保持 RESTING
2026-07-29 13:00:08,158 - ERROR - [CANCEL FAIL] 0x7435fe738b64e9bfde 订单仍存活在交易所！保持 RESTING
2026-07-29 13:00:47,278 - INFO - [SCREENER] 109 markets in 7.9s | yes:17 no:6 | next in 30s
2026-07-29 13:00:59,705 - WARNING - [AUDIT] 1404373029552738 订单丢失纠偏
2026-07-29 13:00:59,705 - WARNING - [AUDIT] 2777253507673553 订单丢失纠偏
2026-07-29 13:01:19,271 - INFO - [SCREENER] 105 markets in 8.2s | yes:18 no:7 | next in 30s
2026-07-29 13:01:59,556 - INFO - [SCREENER] 109 markets in 7.8s | yes:20 no:7 | next in 30s
2026-07-29 13:02:28,835 - INFO - [SCREENER] 109 markets in 7.0s | yes:20 no:7 | next in 30s
2026-07-29 13:02:31,340 - ERROR - [py_clob_client_v2] request error: Server disconnected
2026-07-29 13:02:31,340 - ERROR - [py_clob_client_v2] request error: Server disconnected
2026-07-29 13:02:31,340 - ERROR - [PLACE FAIL] 5746929709702643... price=0.59 attempt=1/2 | PolyApiException[status_code=None, error_message=Request exception!]
2026-07-29 13:02:31,340 - ERROR - [PLACE FAIL] 5349406397542563... price=0.28 attempt=1/2 | PolyApiException[status_code=None, error_message=Request exception!]
2026-07-29 13:03:09,548 - INFO - [SCREENER] 107 markets in 8.2s | yes:20 no:8 | next in 30s
2026-07-29 13:03:40,398 - INFO - [SCREENER] 106 markets in 7.1s | yes:19 no:6 | next in 30s
2026-07-29 13:04:19,498 - INFO - [SCREENER] 108 markets in 6.5s | yes:20 no:7 | next in 30s
2026-07-29 13:04:58,644 - INFO - [SCREENER] 110 markets in 6.6s | yes:23 no:8 | next in 30s
2026-07-29 13:05:30,208 - INFO - [SCREENER] 111 markets in 7.8s | yes:26 no:9 | next in 30s
2026-07-29 13:06:09,552 - INFO - [SCREENER] 114 markets in 7.2s | yes:24 no:11 | next in 30s
2026-07-29 13:06:48,551 - INFO - [SCREENER] 117 markets in 6.7s | yes:25 no:11 | next in 30s
2026-07-29 13:07:30,436 - INFO - [SCREENER] 117 markets in 7.0s | yes:26 no:11 | next in 30s
2026-07-29 13:08:09,645 - INFO - [SCREENER] 119 markets in 6.8s | yes:27 no:11 | next in 30s
2026-07-29 13:08:48,710 - INFO - [SCREENER] 124 markets in 6.8s | yes:27 no:13 | next in 30s
2026-07-29 13:09:27,692 - INFO - [SCREENER] 125 markets in 6.5s | yes:27 no:14 | next in 30s
2026-07-29 13:09:57,847 - INFO - [SCREENER] 126 markets in 6.4s | yes:27 no:13 | next in 30s
2026-07-29 13:10:37,840 - INFO - [SCREENER] 124 markets in 7.8s | yes:28 no:14 | next in 30s
2026-07-29 13:11:18,110 - INFO - [SCREENER] 128 markets in 7.7s | yes:27 no:13 | next in 30s
2026-07-29 13:11:48,766 - INFO - [SCREENER] 126 markets in 6.8s | yes:29 no:14 | next in 30s
2026-07-29 13:12:27,456 - INFO - [SCREENER] 125 markets in 6.5s | yes:29 no:14 | next in 30s
2026-07-29 13:13:06,148 - INFO - [SCREENER] 125 markets in 6.4s | yes:29 no:16 | next in 30s
2026-07-29 13:13:45,781 - INFO - [SCREENER] 127 markets in 7.2s | yes:28 no:15 | next in 30s
2026-07-29 13:14:16,286 - INFO - [SCREENER] 126 markets in 6.6s | yes:29 no:15 | next in 30s
2026-07-29 13:14:55,245 - INFO - [SCREENER] 129 markets in 6.8s | yes:29 no:17 | next in 30s
2026-07-29 13:15:34,657 - INFO - [SCREENER] 126 markets in 7.2s | yes:28 no:14 | next in 30s
2026-07-29 13:16:06,337 - INFO - [SCREENER] 125 markets in 7.3s | yes:28 no:13 | next in 30s
2026-07-29 13:16:45,776 - INFO - [SCREENER] 128 markets in 7.2s | yes:27 no:15 | next in 30s
2026-07-29 13:17:25,362 - INFO - [SCREENER] 128 markets in 7.4s | yes:29 no:12 | next in 30s
2026-07-29 13:18:07,389 - INFO - [SCREENER] 128 markets in 6.4s | yes:28 no:11 | next in 30s
2026-07-29 13:18:47,180 - INFO - [SCREENER] 128 markets in 7.2s | yes:29 no:14 | next in 30s
2026-07-29 13:19:26,951 - INFO - [SCREENER] 125 markets in 7.3s | yes:28 no:13 | next in 30s
2026-07-29 13:20:08,636 - INFO - [SCREENER] 127 markets in 6.8s | yes:28 no:13 | next in 30s
2026-07-29 13:20:48,595 - INFO - [SCREENER] 130 markets in 7.3s | yes:24 no:12 | next in 30s
2026-07-29 13:21:28,281 - INFO - [SCREENER] 127 markets in 7.3s | yes:26 no:12 | next in 30s
2026-07-29 13:22:11,186 - INFO - [SCREENER] 127 markets in 8.1s | yes:25 no:12 | next in 30s
2026-07-29 13:22:40,420 - INFO - [SCREENER] 126 markets in 7.3s | yes:24 no:12 | next in 30s
2026-07-29 13:23:19,618 - INFO - [SCREENER] 126 markets in 7.0s | yes:23 no:12 | next in 30s
2026-07-29 13:23:59,663 - INFO - [SCREENER] 126 markets in 7.3s | yes:23 no:12 | next in 30s
2026-07-29 13:24:29,973 - INFO - [SCREENER] 126 markets in 6.5s | yes:24 no:12 | next in 30s
2026-07-29 13:25:09,064 - INFO - [SCREENER] 127 markets in 6.9s | yes:25 no:11 | next in 30s
2026-07-29 13:25:49,485 - INFO - [SCREENER] 124 markets in 8.1s | yes:28 no:12 | next in 30s
2026-07-29 13:26:20,692 - INFO - [SCREENER] 125 markets in 7.1s | yes:29 no:10 | next in 30s
2026-07-29 13:26:59,452 - INFO - [SCREENER] 126 markets in 6.8s | yes:29 no:13 | next in 30s
2026-07-29 13:27:39,114 - INFO - [SCREENER] 129 markets in 7.2s | yes:28 no:14 | next in 30s
2026-07-29 13:28:21,125 - INFO - [SCREENER] 126 markets in 7.6s | yes:26 no:15 | next in 30s
2026-07-29 13:29:00,063 - INFO - [SCREENER] 126 markets in 6.9s | yes:26 no:16 | next in 30s
2026-07-29 13:29:39,653 - INFO - [SCREENER] 129 markets in 7.3s | yes:23 no:13 | next in 30s
2026-07-29 13:30:21,086 - INFO - [SCREENER] 121 markets in 6.4s | yes:25 no:14 | next in 30s
2026-07-29 13:30:59,914 - INFO - [SCREENER] 122 markets in 6.7s | yes:29 no:14 | next in 30s
2026-07-29 13:31:39,554 - INFO - [SCREENER] 130 markets in 7.0s | yes:29 no:17 | next in 30s
2026-07-29 13:32:18,430 - INFO - [SCREENER] 126 markets in 6.8s | yes:30 no:16 | next in 30s
2026-07-29 13:32:21,432 - ERROR - [py_clob_client_v2] request error: [SSL: UNEXPECTED_EOF_WHILE_READING] EOF occurred in violation of protocol (_ssl.c:1000)
2026-07-29 13:32:21,979 - ERROR - [HEARTBEAT] 失败 (连续 1 次): 401 Client Error: Unauthorized for url: https://clob.polymarket.com/v1/heartbeats
2026-07-29 13:32:53,897 - INFO - [SCREENER] 125 markets in 7.9s | yes:26 no:18 | next in 30s
2026-07-29 13:33:33,235 - INFO - [SCREENER] 128 markets in 7.0s | yes:26 no:17 | next in 30s
2026-07-29 13:34:12,250 - INFO - [SCREENER] 126 markets in 6.5s | yes:26 no:16 | next in 30s
2026-07-29 13:34:24,702 - WARNING - [AUDIT] 9079945568488785 订单丢失纠偏
2026-07-29 13:34:24,703 - WARNING - [AUDIT] 4785924216663269 订单丢失纠偏
2026-07-29 13:34:24,703 - WARNING - [AUDIT] 2608826086101062 订单丢失纠偏
2026-07-29 13:34:24,704 - WARNING - [AUDIT] 3553748540001749 订单丢失纠偏
2026-07-29 13:34:24,704 - WARNING - [AUDIT] 2008944663388461 订单丢失纠偏
2026-07-29 13:34:24,705 - WARNING - [AUDIT] 1042476319077633 订单丢失纠偏
2026-07-29 13:34:24,705 - WARNING - [AUDIT] 3753667433097096 订单丢失纠偏
2026-07-29 13:34:24,705 - WARNING - [AUDIT] 1648964280113991 订单丢失纠偏
2026-07-29 13:34:24,705 - WARNING - [AUDIT] 8880159495883178 订单丢失纠偏
2026-07-29 13:34:24,706 - WARNING - [AUDIT] 1141520739943063 订单丢失纠偏
2026-07-29 13:34:24,707 - WARNING - [AUDIT] 8017685603829740 订单丢失纠偏
2026-07-29 13:34:24,707 - WARNING - [AUDIT] 1041751381048580 订单丢失纠偏
2026-07-29 13:34:24,708 - WARNING - [AUDIT] 5746929709702643 订单丢失纠偏
2026-07-29 13:34:24,708 - WARNING - [AUDIT] 2987127638912248 订单丢失纠偏
2026-07-29 13:34:24,709 - WARNING - [AUDIT] 4815963623316891 订单丢失纠偏
2026-07-29 13:34:24,709 - WARNING - [AUDIT] 7373662748330488 订单丢失纠偏
2026-07-29 13:34:24,709 - WARNING - [AUDIT] 8124148983509894 订单丢失纠偏
2026-07-29 13:34:24,710 - WARNING - [AUDIT] 3268278949469979 订单丢失纠偏
2026-07-29 13:34:24,710 - WARNING - [AUDIT] 4687753820164864 订单丢失纠偏
2026-07-29 13:34:24,711 - WARNING - [AUDIT] 7561622785587390 订单丢失纠偏
2026-07-29 13:34:24,711 - WARNING - [AUDIT] 1235740109906017 订单丢失纠偏
2026-07-29 13:34:24,711 - WARNING - [AUDIT] 6629130560282330 订单丢失纠偏
2026-07-29 13:34:24,711 - WARNING - [AUDIT] 2777253507673553 订单丢失纠偏
2026-07-29 13:34:24,712 - WARNING - [AUDIT] 1097222110232354 订单丢失纠偏
2026-07-29 13:34:24,712 - WARNING - [AUDIT] 7180695672126738 订单丢失纠偏
2026-07-29 13:34:24,712 - WARNING - [AUDIT] 9689362348295146 订单丢失纠偏
2026-07-29 13:34:24,712 - WARNING - [AUDIT] 1495307552494407 订单丢失纠偏
2026-07-29 13:34:24,712 - WARNING - [AUDIT] 1140824289903172 订单丢失纠偏
2026-07-29 13:34:24,712 - WARNING - [AUDIT] 7763887955587621 订单丢失纠偏
2026-07-29 13:34:24,712 - WARNING - [AUDIT] 5742413509160652 订单丢失纠偏
2026-07-29 13:34:24,712 - WARNING - [AUDIT] 9557217740809434 订单丢失纠偏
2026-07-29 13:34:24,712 - WARNING - [AUDIT] 2164547708738657 订单丢失纠偏
2026-07-29 13:34:24,712 - WARNING - [AUDIT] 8796114787085919 订单丢失纠偏
2026-07-29 13:34:24,712 - WARNING - [AUDIT] 1044492815303529 订单丢失纠偏
2026-07-29 13:34:24,712 - WARNING - [AUDIT] 9290178213767472 订单丢失纠偏
2026-07-29 13:34:42,954 - INFO - [SCREENER] 126 markets in 6.8s | yes:26 no:16 | next in 30s
2026-07-29 13:35:23,454 - INFO - [SCREENER] 127 markets in 7.8s | yes:25 no:17 | next in 30s
2026-07-29 13:36:02,397 - INFO - [SCREENER] 126 markets in 6.6s | yes:22 no:16 | next in 30s
2026-07-29 13:36:43,583 - INFO - [SCREENER] 130 markets in 6.6s | yes:26 no:15 | next in 30s
2026-07-29 13:37:22,489 - INFO - [SCREENER] 129 markets in 6.7s | yes:27 no:16 | next in 30s
2026-07-29 13:38:03,018 - INFO - [SCREENER] 129 markets in 7.3s | yes:23 no:15 | next in 30s
2026-07-29 13:38:45,806 - INFO - [SCREENER] 131 markets in 7.8s | yes:22 no:16 | next in 30s
2026-07-29 13:39:24,910 - INFO - [SCREENER] 134 markets in 6.9s | yes:23 no:17 | next in 30s
2026-07-29 13:40:04,779 - INFO - [SCREENER] 131 markets in 7.3s | yes:25 no:17 | next in 30s
2026-07-29 13:40:46,244 - INFO - [SCREENER] 129 markets in 7.1s | yes:26 no:17 | next in 30s
2026-07-29 13:41:25,712 - INFO - [SCREENER] 133 markets in 6.9s | yes:25 no:17 | next in 30s
2026-07-29 13:41:44,983 - ERROR - [py_clob_client_v2] request error: [SSL: UNEXPECTED_EOF_WHILE_READING] EOF occurred in violation of protocol (_ssl.c:1000)
2026-07-29 13:41:45,441 - ERROR - [HEARTBEAT] 失败 (连续 1 次): 401 Client Error: Unauthorized for url: https://clob.polymarket.com/v1/heartbeats
2026-07-29 13:41:48,078 - ERROR - [BATCH CANCEL FAIL] 0xa5d00717d17691200f... | order can't be found - already canceled or matched
2026-07-29 13:41:48,079 - ERROR - [BATCH CANCEL FAIL] 0xff1408a791c9f57281... | order can't be found - already canceled or matched
2026-07-29 13:41:48,825 - ERROR - [BATCH CANCEL] 7171131379441985 取消失败，清空 active_id 进入冷却兜底
2026-07-29 13:41:48,826 - ERROR - [BATCH CANCEL] 3068602426413270 取消失败，清空 active_id 进入冷却兜底
2026-07-29 13:42:04,402 - INFO - [SCREENER] 134 markets in 6.6s | yes:21 no:19 | next in 30s
2026-07-29 13:42:43,948 - INFO - [SCREENER] 135 markets in 7.1s | yes:21 no:19 | next in 30s
2026-07-29 13:42:45,800 - WARNING - [AUDIT] 4785924216663269 订单丢失纠偏
2026-07-29 13:42:45,800 - WARNING - [AUDIT] 2608826086101062 订单丢失纠偏
2026-07-29 13:42:45,800 - WARNING - [AUDIT] 3553748540001749 订单丢失纠偏
2026-07-29 13:42:45,801 - WARNING - [AUDIT] 2008944663388461 订单丢失纠偏
2026-07-29 13:42:45,802 - WARNING - [AUDIT] 1042476319077633 订单丢失纠偏
2026-07-29 13:42:45,802 - WARNING - [AUDIT] 1648964280113991 订单丢失纠偏
2026-07-29 13:42:45,803 - WARNING - [AUDIT] 8880159495883178 订单丢失纠偏
2026-07-29 13:42:45,803 - WARNING - [AUDIT] 1141520739943063 订单丢失纠偏
2026-07-29 13:42:45,804 - WARNING - [AUDIT] 8017685603829740 订单丢失纠偏
2026-07-29 13:42:45,804 - WARNING - [AUDIT] 5746929709702643 订单丢失纠偏
2026-07-29 13:42:45,804 - WARNING - [AUDIT] 2987127638912248 订单丢失纠偏
2026-07-29 13:42:45,804 - WARNING - [AUDIT] 7373662748330488 订单丢失纠偏
2026-07-29 13:42:45,804 - WARNING - [AUDIT] 8124148983509894 订单丢失纠偏
2026-07-29 13:42:45,804 - WARNING - [AUDIT] 4687753820164864 订单丢失纠偏
2026-07-29 13:42:45,805 - WARNING - [AUDIT] 1235740109906017 订单丢失纠偏
2026-07-29 13:42:45,805 - WARNING - [AUDIT] 6629130560282330 订单丢失纠偏
2026-07-29 13:42:45,805 - WARNING - [AUDIT] 2777253507673553 订单丢失纠偏
2026-07-29 13:42:45,805 - WARNING - [AUDIT] 1097222110232354 订单丢失纠偏
2026-07-29 13:42:45,805 - WARNING - [AUDIT] 9689362348295146 订单丢失纠偏
2026-07-29 13:42:45,806 - WARNING - [AUDIT] 1495307552494407 订单丢失纠偏
2026-07-29 13:42:45,806 - WARNING - [AUDIT] 1140824289903172 订单丢失纠偏
2026-07-29 13:42:45,806 - WARNING - [AUDIT] 5742413509160652 订单丢失纠偏
2026-07-29 13:42:45,806 - WARNING - [AUDIT] 2164547708738657 订单丢失纠偏
2026-07-29 13:42:45,807 - WARNING - [AUDIT] 8796114787085919 订单丢失纠偏
2026-07-29 13:42:45,807 - WARNING - [AUDIT] 9290178213767472 订单丢失纠偏
2026-07-29 13:42:45,807 - WARNING - [AUDIT] 2033596243255553 订单丢失纠偏
2026-07-29 13:42:45,807 - WARNING - [AUDIT] 1001555291583629 订单丢失纠偏
2026-07-29 13:42:45,807 - WARNING - [AUDIT] 7511118960858684 订单丢失纠偏
2026-07-29 13:42:45,808 - WARNING - [AUDIT] 1041751381048580 订单丢失纠偏
2026-07-29 13:42:45,808 - WARNING - [AUDIT] 8161103130997014 订单丢失纠偏
2026-07-29 13:42:45,808 - WARNING - [AUDIT] 8461408730649695 订单丢失纠偏
2026-07-29 13:42:45,808 - WARNING - [AUDIT] 3743761411783168 订单丢失纠偏
2026-07-29 13:42:45,808 - WARNING - [AUDIT] 9557217740809434 订单丢失纠偏
2026-07-29 13:42:45,808 - WARNING - [AUDIT] 6505644525556900 订单丢失纠偏
2026-07-29 13:43:14,634 - INFO - [SCREENER] 133 markets in 6.8s | yes:22 no:20 | next in 30s
2026-07-29 13:43:54,705 - INFO - [SCREENER] 136 markets in 7.4s | yes:23 no:21 | next in 30s
2026-07-29 13:44:34,134 - INFO - [SCREENER] 134 markets in 7.3s | yes:23 no:22 | next in 30s
2026-07-29 13:45:04,943 - INFO - [SCREENER] 134 markets in 6.9s | yes:23 no:22 | next in 30s
2026-07-29 13:45:44,030 - INFO - [SCREENER] 135 markets in 6.8s | yes:25 no:18 | next in 30s
2026-07-29 13:46:23,002 - INFO - [SCREENER] 136 markets in 6.6s | yes:24 no:16 | next in 30s
2026-07-29 13:47:03,051 - INFO - [SCREENER] 140 markets in 7.7s | yes:24 no:15 | next in 30s
2026-07-29 13:47:33,479 - INFO - [SCREENER] 137 markets in 6.3s | yes:22 no:15 | next in 30s
2026-07-29 13:48:13,033 - INFO - [SCREENER] 138 markets in 7.0s | yes:21 no:10 | next in 30s
2026-07-29 13:48:51,649 - INFO - [SCREENER] 140 markets in 6.4s | yes:20 no:9 | next in 30s
2026-07-29 13:49:22,230 - INFO - [SCREENER] 140 markets in 6.8s | yes:21 no:9 | next in 30s
2026-07-29 13:50:01,148 - INFO - [SCREENER] 139 markets in 6.5s | yes:22 no:9 | next in 30s
2026-07-29 13:50:40,196 - INFO - [SCREENER] 138 markets in 6.6s | yes:21 no:12 | next in 30s
2026-07-29 13:51:19,281 - INFO - [SCREENER] 140 markets in 6.5s | yes:21 no:13 | next in 30s
2026-07-29 13:51:49,649 - INFO - [SCREENER] 141 markets in 6.7s | yes:21 no:17 | next in 30s
2026-07-29 13:52:30,104 - INFO - [SCREENER] 137 markets in 8.3s | yes:25 no:16 | next in 30s
2026-07-29 13:52:58,656 - INFO - [SCREENER] 137 markets in 6.8s | yes:27 no:18 | next in 30s
2026-07-29 13:53:40,278 - INFO - [SCREENER] 142 markets in 6.6s | yes:26 no:14 | next in 30s
2026-07-29 13:54:19,048 - INFO - [SCREENER] 141 markets in 6.5s | yes:25 no:13 | next in 30s
2026-07-29 13:54:57,630 - INFO - [SCREENER] 144 markets in 6.3s | yes:24 no:13 | next in 30s
2026-07-29 13:55:37,300 - INFO - [SCREENER] 143 markets in 7.1s | yes:21 no:12 | next in 30s
2026-07-29 13:56:08,827 - INFO - [SCREENER] 144 markets in 7.6s | yes:24 no:10 | next in 30s
2026-07-29 13:56:48,224 - INFO - [SCREENER] 146 markets in 6.8s | yes:21 no:13 | next in 30s
2026-07-29 13:57:26,706 - INFO - [SCREENER] 147 markets in 6.0s | yes:22 no:12 | next in 30s
2026-07-29 13:58:07,591 - INFO - [SCREENER] 139 markets in 6.7s | yes:23 no:11 | next in 30s
2026-07-29 13:58:46,933 - INFO - [SCREENER] 136 markets in 7.1s | yes:20 no:11 | next in 30s
2026-07-29 13:59:25,663 - INFO - [SCREENER] 140 markets in 6.7s | yes:19 no:14 | next in 30s
2026-07-29 14:00:06,848 - INFO - [SCREENER] 141 markets in 6.9s | yes:19 no:14 | next in 30s
2026-07-29 14:00:46,146 - INFO - [SCREENER] 139 markets in 6.4s | yes:18 no:12 | next in 30s
2026-07-29 14:01:25,877 - INFO - [SCREENER] 138 markets in 7.2s | yes:16 no:14 | next in 30s
2026-07-29 14:02:07,292 - INFO - [SCREENER] 136 markets in 6.9s | yes:18 no:13 | next in 30s
2026-07-29 14:02:47,307 - INFO - [SCREENER] 137 markets in 7.3s | yes:19 no:12 | next in 30s
2026-07-29 14:03:26,881 - INFO - [SCREENER] 142 markets in 6.9s | yes:19 no:13 | next in 30s
2026-07-29 14:04:09,202 - INFO - [SCREENER] 141 markets in 7.6s | yes:19 no:18 | next in 30s
2026-07-29 14:04:49,333 - INFO - [SCREENER] 142 markets in 7.0s | yes:15 no:15 | next in 30s
2026-07-29 14:05:28,542 - INFO - [SCREENER] 147 markets in 6.2s | yes:16 no:13 | next in 30s
2026-07-29 14:06:09,541 - INFO - [SCREENER] 147 markets in 6.3s | yes:16 no:14 | next in 30s
2026-07-29 14:06:49,227 - INFO - [SCREENER] 142 markets in 7.1s | yes:16 no:13 | next in 30s
2026-07-29 14:07:27,694 - INFO - [SCREENER] 144 markets in 6.5s | yes:17 no:14 | next in 30s
2026-07-29 14:08:06,408 - INFO - [SCREENER] 143 markets in 6.0s | yes:16 no:11 | next in 30s
2026-07-29 14:08:47,734 - INFO - [SCREENER] 147 markets in 6.8s | yes:18 no:19 | next in 30s
2026-07-29 14:09:27,175 - INFO - [SCREENER] 144 markets in 7.3s | yes:19 no:18 | next in 30s
2026-07-29 14:10:06,668 - INFO - [SCREENER] 147 markets in 7.4s | yes:19 no:18 | next in 30s
2026-07-29 14:10:37,048 - INFO - [SCREENER] 151 markets in 6.6s | yes:17 no:17 | next in 30s
2026-07-29 14:11:17,405 - INFO - [SCREENER] 152 markets in 7.8s | yes:18 no:17 | next in 30s
2026-07-29 14:11:56,869 - INFO - [SCREENER] 154 markets in 7.2s | yes:19 no:17 | next in 30s
2026-07-29 14:12:38,793 - INFO - [SCREENER] 156 markets in 6.7s | yes:21 no:19 | next in 30s
2026-07-29 14:13:18,104 - INFO - [SCREENER] 155 markets in 7.1s | yes:21 no:20 | next in 30s
2026-07-29 14:13:57,935 - INFO - [SCREENER] 153 markets in 7.4s | yes:23 no:18 | next in 30s
2026-07-29 14:14:38,759 - INFO - [SCREENER] 152 markets in 6.5s | yes:24 no:17 | next in 30s
2026-07-29 14:15:19,599 - INFO - [SCREENER] 155 markets in 8.3s | yes:25 no:19 | next in 30s
2026-07-29 14:15:59,841 - INFO - [SCREENER] 156 markets in 8.2s | yes:25 no:14 | next in 30s
2026-07-29 14:16:41,552 - INFO - [SCREENER] 157 markets in 6.6s | yes:28 no:18 | next in 30s
2026-07-29 14:17:20,403 - INFO - [SCREENER] 157 markets in 6.5s | yes:28 no:19 | next in 30s
2026-07-29 14:17:59,321 - INFO - [SCREENER] 155 markets in 6.5s | yes:29 no:19 | next in 30s
2026-07-29 14:18:38,096 - INFO - [SCREENER] 154 markets in 6.6s | yes:25 no:23 | next in 30s
2026-07-29 14:19:08,918 - INFO - [SCREENER] 154 markets in 6.9s | yes:24 no:21 | next in 30s
2026-07-29 14:19:47,875 - INFO - [SCREENER] 153 markets in 6.6s | yes:24 no:18 | next in 30s
2026-07-29 14:20:27,372 - INFO - [SCREENER] 155 markets in 7.1s | yes:21 no:18 | next in 30s
2026-07-29 14:20:57,683 - INFO - [SCREENER] 148 markets in 6.3s | yes:21 no:10 | next in 30s
2026-07-29 14:21:39,382 - INFO - [SCREENER] 150 markets in 9.3s | yes:20 no:13 | next in 30s
2026-07-29 14:22:07,808 - INFO - [SCREENER] 149 markets in 6.6s | yes:23 no:14 | next in 30s
2026-07-29 14:22:47,005 - INFO - [SCREENER] 154 markets in 6.8s | yes:21 no:13 | next in 30s
2026-07-29 14:23:17,115 - INFO - [SCREENER] 150 markets in 6.0s | yes:23 no:14 | next in 30s
2026-07-29 14:23:56,149 - INFO - [SCREENER] 150 markets in 6.9s | yes:18 no:12 | next in 30s
2026-07-29 14:24:35,402 - INFO - [SCREENER] 151 markets in 7.1s | yes:21 no:14 | next in 30s
2026-07-29 14:25:06,541 - INFO - [SCREENER] 153 markets in 7.2s | yes:23 no:13 | next in 30s
2026-07-29 14:25:45,808 - INFO - [SCREENER] 154 markets in 6.9s | yes:25 no:13 | next in 30s
2026-07-29 14:26:25,833 - INFO - [SCREENER] 155 markets in 8.0s | yes:28 no:15 | next in 30s
2026-07-29 14:27:07,732 - INFO - [SCREENER] 156 markets in 6.7s | yes:27 no:14 | next in 30s
2026-07-29 14:27:46,575 - INFO - [SCREENER] 156 markets in 6.5s | yes:26 no:13 | next in 30s
2026-07-29 14:28:25,927 - INFO - [SCREENER] 156 markets in 6.8s | yes:26 no:14 | next in 30s
2026-07-29 14:29:07,298 - INFO - [SCREENER] 158 markets in 6.8s | yes:26 no:16 | next in 30s
2026-07-29 14:29:46,726 - INFO - [SCREENER] 146 markets in 6.8s | yes:23 no:13 | next in 30s
2026-07-29 14:30:25,555 - INFO - [SCREENER] 145 markets in 6.8s | yes:23 no:14 | next in 30s
2026-07-29 14:31:04,445 - INFO - [SCREENER] 147 markets in 6.5s | yes:24 no:13 | next in 30s
2026-07-29 14:31:35,425 - INFO - [SCREENER] 145 markets in 6.9s | yes:22 no:12 | next in 30s
2026-07-29 14:32:15,292 - INFO - [SCREENER] 144 markets in 6.4s | yes:24 no:13 | next in 30s
2026-07-29 14:32:54,462 - INFO - [SCREENER] 147 markets in 6.9s | yes:24 no:11 | next in 30s
2026-07-29 14:33:24,546 - INFO - [SCREENER] 150 markets in 6.1s | yes:24 no:10 | next in 30s
2026-07-29 14:34:03,864 - INFO - [SCREENER] 152 markets in 6.9s | yes:25 no:10 | next in 30s
2026-07-29 14:34:43,442 - INFO - [SCREENER] 151 markets in 7.2s | yes:28 no:10 | next in 30s
2026-07-29 14:35:22,975 - INFO - [SCREENER] 153 markets in 7.1s | yes:29 no:11 | next in 30s
2026-07-29 14:35:54,309 - INFO - [SCREENER] 151 markets in 7.4s | yes:28 no:12 | next in 30s
2026-07-29 14:36:33,489 - INFO - [SCREENER] 149 markets in 6.8s | yes:31 no:15 | next in 30s
2026-07-29 14:37:12,218 - INFO - [SCREENER] 151 markets in 6.6s | yes:32 no:13 | next in 30s
2026-07-29 14:37:43,748 - INFO - [SCREENER] 150 markets in 6.6s | yes:30 no:8 | next in 30s
2026-07-29 14:38:22,569 - INFO - [SCREENER] 150 markets in 6.5s | yes:32 no:12 | next in 30s
2026-07-29 14:39:01,774 - INFO - [SCREENER] 155 markets in 6.7s | yes:35 no:15 | next in 30s
2026-07-29 14:39:41,074 - INFO - [SCREENER] 159 markets in 6.8s | yes:35 no:16 | next in 30s
2026-07-29 14:40:11,625 - INFO - [SCREENER] 160 markets in 6.7s | yes:35 no:19 | next in 30s
2026-07-29 14:40:51,850 - INFO - [SCREENER] 162 markets in 8.0s | yes:34 no:18 | next in 30s
2026-07-29 14:41:31,580 - INFO - [SCREENER] 161 markets in 7.3s | yes:34 no:16 | next in 30s
2026-07-29 14:42:02,654 - INFO - [SCREENER] 162 markets in 6.7s | yes:37 no:18 | next in 30s
2026-07-29 14:42:40,858 - INFO - [SCREENER] 162 markets in 6.1s | yes:35 no:17 | next in 30s
2026-07-29 14:43:21,631 - INFO - [SCREENER] 165 markets in 8.1s | yes:39 no:19 | next in 30s
2026-07-29 14:44:02,237 - INFO - [SCREENER] 162 markets in 6.4s | yes:43 no:17 | next in 30s
2026-07-29 14:44:41,607 - INFO - [SCREENER] 163 markets in 6.9s | yes:45 no:19 | next in 30s
2026-07-29 14:45:20,643 - INFO - [SCREENER] 164 markets in 6.8s | yes:45 no:20 | next in 30s
2026-07-29 14:46:01,027 - INFO - [SCREENER] 164 markets in 7.7s | yes:45 no:20 | next in 30s
2026-07-29 14:46:31,276 - INFO - [SCREENER] 166 markets in 6.3s | yes:45 no:19 | next in 30s
2026-07-29 14:47:10,475 - INFO - [SCREENER] 168 markets in 6.9s | yes:42 no:21 | next in 30s
2026-07-29 14:47:49,768 - INFO - [SCREENER] 163 markets in 7.0s | yes:40 no:19 | next in 30s
2026-07-29 14:48:20,847 - INFO - [SCREENER] 164 markets in 7.1s | yes:41 no:16 | next in 30s
2026-07-29 14:49:00,504 - INFO - [SCREENER] 165 markets in 7.1s | yes:39 no:14 | next in 30s
2026-07-29 14:49:39,935 - INFO - [SCREENER] 165 markets in 6.9s | yes:38 no:12 | next in 30s
2026-07-29 14:50:21,682 - INFO - [SCREENER] 163 markets in 7.0s | yes:40 no:11 | next in 30s
2026-07-29 14:51:01,779 - INFO - [SCREENER] 165 markets in 6.7s | yes:39 no:12 | next in 30s
2026-07-29 14:51:41,168 - INFO - [SCREENER] 164 markets in 6.6s | yes:42 no:12 | next in 30s
2026-07-29 14:52:22,681 - INFO - [SCREENER] 166 markets in 6.7s | yes:42 no:14 | next in 30s
2026-07-29 14:53:03,500 - INFO - [SCREENER] 164 markets in 8.0s | yes:40 no:13 | next in 30s
2026-07-29 14:53:42,505 - INFO - [SCREENER] 162 markets in 6.8s | yes:39 no:13 | next in 30s
2026-07-29 14:54:23,567 - INFO - [SCREENER] 161 markets in 6.6s | yes:38 no:14 | next in 30s
2026-07-29 14:55:13,844 - INFO - [SCREENER] 164 markets in 18.3s | yes:36 no:14 | next in 30s
2026-07-29 14:55:32,622 - INFO - [SCREENER] 163 markets in 6.6s | yes:36 no:14 | next in 30s
2026-07-29 14:56:11,419 - INFO - [SCREENER] 162 markets in 6.5s | yes:35 no:16 | next in 30s
2026-07-29 14:56:42,586 - INFO - [SCREENER] 167 markets in 7.0s | yes:34 no:14 | next in 30s
2026-07-29 14:57:21,679 - INFO - [SCREENER] 167 markets in 6.5s | yes:35 no:17 | next in 30s
2026-07-29 14:57:48,865 - ERROR - [POLL] 批量查询异常: HTTPSConnectionPool(host='clob.polymarket.com', port=443): Max retries exceeded with url: /books (Caused by SSLError(SSLEOFError(8, '[SSL: UNEXPECTED_EOF_WHILE_READING] EOF occurred in violation of protocol (_ssl.c:1000)')))
2026-07-29 14:58:05,070 - INFO - [SCREENER] 165 markets in 6.2s | yes:31 no:12 | next in 30s
2026-07-29 14:58:06,815 - ERROR - [BATCH CANCEL FAIL] 0x07bde894a0d5618769... | order can't be found - already canceled or matched
2026-07-29 14:58:07,163 - ERROR - [BATCH CANCEL] 7511118960858684 取消失败，清空 active_id 进入冷却兜底
2026-07-29 14:58:21,077 - ERROR - [py_clob_client_v2] request error: The read operation timed out
2026-07-29 14:58:21,077 - ERROR - [py_clob_client_v2] request error: The read operation timed out
2026-07-29 14:58:21,082 - ERROR - 查询订单失败: PolyApiException[status_code=None, error_message=Request exception!]
2026-07-29 14:58:22,494 - ERROR - [HEARTBEAT] 失败 (连续 1 次): 401 Client Error: Unauthorized for url: https://clob.polymarket.com/v1/heartbeats
2026-07-29 14:58:28,967 - ERROR - [py_clob_client_v2] request error status=400 url=https://clob.polymarket.com/v1/heartbeats body={"heartbeat_id":"74e71680-76b4-4f64-99cd-cb505f22603e","error_msg":"Invalid Heartbeat ID"}
2026-07-29 14:58:28,968 - INFO - [HEARTBEAT] 从 SDK 错误恢复 heartbeat_id: 74e71680-76b4-4f (旧: 5ade8b53-f19e-4b)
2026-07-29 14:58:29,252 - INFO - [HEARTBEAT] OK (recovered) id=150d9b13-3c73-4b
2026-07-29 14:58:45,190 - INFO - [SCREENER] 166 markets in 6.2s | yes:31 no:11 | next in 30s
2026-07-29 14:59:24,262 - INFO - [SCREENER] 165 markets in 6.6s | yes:35 no:13 | next in 30s
2026-07-29 15:00:03,143 - INFO - [SCREENER] 162 markets in 6.8s | yes:30 no:8 | next in 30s
2026-07-29 15:00:25,769 - ERROR - [BATCH CANCEL FAIL] 0xaba22f455b9abe2d92... | order can't be found - already canceled or matched
2026-07-29 15:00:25,770 - ERROR - [BATCH CANCEL FAIL] 0x6690234bfca8e670c0... | order can't be found - already canceled or matched
2026-07-29 15:00:26,274 - WARNING - [AUDIT] 3753667433097096 订单丢失纠偏
2026-07-29 15:00:26,275 - WARNING - [AUDIT] 9923108436582854 订单丢失纠偏
2026-07-29 15:00:26,275 - WARNING - [AUDIT] 1050467039669960 订单丢失纠偏
2026-07-29 15:00:26,275 - WARNING - [AUDIT] 1042476319077633 订单丢失纠偏
2026-07-29 15:00:26,275 - WARNING - [AUDIT] 2798371224866267 订单丢失纠偏
2026-07-29 15:00:26,275 - WARNING - [AUDIT] 9079945568488785 订单丢失纠偏
2026-07-29 15:00:26,275 - WARNING - [AUDIT] 1211060500189335 订单丢失纠偏
2026-07-29 15:00:26,275 - WARNING - [AUDIT] 5895154120987857 订单丢失纠偏
2026-07-29 15:00:26,276 - WARNING - [AUDIT] 1041751381048580 订单丢失纠偏
2026-07-29 15:00:26,276 - WARNING - [AUDIT] 1981470697000454 订单丢失纠偏
2026-07-29 15:00:26,276 - WARNING - [AUDIT] 6079413036958135 订单丢失纠偏
2026-07-29 15:00:26,276 - WARNING - [AUDIT] 4021450910460381 订单丢失纠偏
2026-07-29 15:00:26,276 - WARNING - [AUDIT] 8807013473938409 订单丢失纠偏
2026-07-29 15:00:26,276 - WARNING - [AUDIT] 8461408730649695 订单丢失纠偏
2026-07-29 15:00:26,277 - WARNING - [AUDIT] 8796114787085919 订单丢失纠偏
2026-07-29 15:00:26,277 - WARNING - [AUDIT] 8923989387729408 订单丢失纠偏
2026-07-29 15:00:26,277 - WARNING - [AUDIT] 1495307552494407 订单丢失纠偏
2026-07-29 15:00:26,277 - WARNING - [AUDIT] 2033596243255553 订单丢失纠偏
2026-07-29 15:00:26,278 - WARNING - [AUDIT] 1140824289903172 订单丢失纠偏
2026-07-29 15:00:26,278 - WARNING - [AUDIT] 3068602426413270 订单丢失纠偏
2026-07-29 15:00:26,278 - WARNING - [AUDIT] 4982711891639792 订单丢失纠偏
2026-07-29 15:00:26,278 - WARNING - [AUDIT] 1980142990093654 订单丢失纠偏
2026-07-29 15:00:26,278 - WARNING - [AUDIT] 2608826086101062 订单丢失纠偏
2026-07-29 15:00:26,278 - WARNING - [AUDIT] 5860495710446842 订单丢失纠偏
2026-07-29 15:00:26,278 - WARNING - [AUDIT] 1186180799404249 订单丢失纠偏
2026-07-29 15:00:26,278 - WARNING - [AUDIT] 2155340172237723 订单丢失纠偏
2026-07-29 15:00:26,278 - WARNING - [AUDIT] 8161103130997014 订单丢失纠偏
2026-07-29 15:00:26,278 - WARNING - [AUDIT] 1141520739943063 订单丢失纠偏
2026-07-29 15:00:26,278 - WARNING - [AUDIT] 8880159495883178 订单丢失纠偏
2026-07-29 15:00:26,279 - WARNING - [AUDIT] 9290178213767472 订单丢失纠偏
2026-07-29 15:00:26,279 - WARNING - [AUDIT] 5069233318055878 订单丢失纠偏
2026-07-29 15:00:26,279 - WARNING - [AUDIT] 5780319226822827 订单丢失纠偏
2026-07-29 15:00:27,833 - ERROR - [BATCH CANCEL] 1044492815303529 取消失败，清空 active_id 进入冷却兜底
2026-07-29 15:00:27,834 - ERROR - [BATCH CANCEL] 5628291943280744 取消失败，清空 active_id 进入冷却兜底
2026-07-29 15:00:44,941 - INFO - [SCREENER] 161 markets in 7.1s | yes:26 no:7 | next in 30s
2026-07-29 15:01:24,155 - INFO - [SCREENER] 166 markets in 7.0s | yes:29 no:9 | next in 30s
2026-07-29 15:02:02,863 - INFO - [SCREENER] 165 markets in 6.6s | yes:30 no:8 | next in 30s
2026-07-29 15:02:44,714 - ERROR - [py_clob_client_v2] request error: _ssl.c:983: The handshake operation timed out
2026-07-29 15:02:46,355 - ERROR - [HEARTBEAT] 失败 (连续 1 次): 401 Client Error: Unauthorized for url: https://clob.polymarket.com/v1/heartbeats
2026-07-29 15:03:14,879 - INFO - [SCREENER] 165 markets in 39.8s | yes:32 no:9 | next in 30s
2026-07-29 15:03:18,006 - WARNING - [AUDIT] 3753667433097096 订单丢失纠偏
2026-07-29 15:03:18,006 - WARNING - [AUDIT] 9923108436582854 订单丢失纠偏
2026-07-29 15:03:18,006 - WARNING - [AUDIT] 1050467039669960 订单丢失纠偏
2026-07-29 15:03:18,008 - WARNING - [AUDIT] 2798371224866267 订单丢失纠偏
2026-07-29 15:03:18,008 - WARNING - [AUDIT] 9079945568488785 订单丢失纠偏
2026-07-29 15:03:18,008 - WARNING - [AUDIT] 5895154120987857 订单丢失纠偏
2026-07-29 15:03:18,009 - WARNING - [AUDIT] 1041751381048580 订单丢失纠偏
2026-07-29 15:03:18,010 - WARNING - [AUDIT] 1981470697000454 订单丢失纠偏
2026-07-29 15:03:18,011 - WARNING - [AUDIT] 6079413036958135 订单丢失纠偏
2026-07-29 15:03:18,011 - WARNING - [AUDIT] 8807013473938409 订单丢失纠偏
2026-07-29 15:03:18,011 - WARNING - [AUDIT] 8461408730649695 订单丢失纠偏
2026-07-29 15:03:18,012 - WARNING - [AUDIT] 8796114787085919 订单丢失纠偏
2026-07-29 15:03:18,012 - WARNING - [AUDIT] 1495307552494407 订单丢失纠偏
2026-07-29 15:03:18,012 - WARNING - [AUDIT] 2033596243255553 订单丢失纠偏
2026-07-29 15:03:18,012 - WARNING - [AUDIT] 1140824289903172 订单丢失纠偏
2026-07-29 15:03:18,012 - WARNING - [AUDIT] 3068602426413270 订单丢失纠偏
2026-07-29 15:03:18,012 - WARNING - [AUDIT] 4982711891639792 订单丢失纠偏
2026-07-29 15:03:18,012 - WARNING - [AUDIT] 1980142990093654 订单丢失纠偏
2026-07-29 15:03:18,012 - WARNING - [AUDIT] 5860495710446842 订单丢失纠偏
2026-07-29 15:03:18,012 - WARNING - [AUDIT] 1186180799404249 订单丢失纠偏
2026-07-29 15:03:18,012 - WARNING - [AUDIT] 2155340172237723 订单丢失纠偏
2026-07-29 15:03:18,012 - WARNING - [AUDIT] 8161103130997014 订单丢失纠偏
2026-07-29 15:03:18,012 - WARNING - [AUDIT] 1141520739943063 订单丢失纠偏
2026-07-29 15:03:18,012 - WARNING - [AUDIT] 8880159495883178 订单丢失纠偏
2026-07-29 15:03:18,012 - WARNING - [AUDIT] 5069233318055878 订单丢失纠偏
2026-07-29 15:03:18,012 - WARNING - [AUDIT] 2432876715532964 订单丢失纠偏
2026-07-29 15:03:18,012 - WARNING - [AUDIT] 5628291943280744 订单丢失纠偏
2026-07-29 15:03:18,014 - WARNING - [AUDIT] 1645017920148622 订单丢失纠偏
2026-07-29 15:03:18,014 - WARNING - [AUDIT] 3028576635815887 订单丢失纠偏
2026-07-29 15:03:18,014 - WARNING - [AUDIT] 1070616765467337 订单丢失纠偏
2026-07-29 15:03:18,014 - WARNING - [AUDIT] 3317956206489901 订单丢失纠偏
2026-07-29 15:03:18,015 - WARNING - [AUDIT] 1066884398268354 订单丢失纠偏
2026-07-29 15:03:18,015 - WARNING - [AUDIT] 1539414629600574 订单丢失纠偏
2026-07-29 15:03:18,015 - WARNING - [AUDIT] 1731101641756303 订单丢失纠偏
2026-07-29 15:03:26,096 - ERROR - [POSITION] 批量查询 best_bid 失败: HTTPSConnectionPool(host='clob.polymarket.com', port=443): Max retries exceeded with url: /books (Caused by SSLError(SSLEOFError(8, '[SSL: UNEXPECTED_EOF_WHILE_READING] EOF occurred in violation of protocol (_ssl.c:1000)')))
2026-07-29 15:03:46,489 - INFO - [SCREENER] 165 markets in 10.1s | yes:32 no:9 | next in 30s
2026-07-29 15:04:14,099 - INFO - [SCREENER] 165 markets in 6.3s | yes:30 no:7 | next in 30s
2026-07-29 15:04:56,655 - INFO - [SCREENER] 165 markets in 7.7s | yes:31 no:8 | next in 30s
2026-07-29 15:05:35,008 - INFO - [SCREENER] 165 markets in 6.3s | yes:29 no:11 | next in 30s
2026-07-29 15:06:14,462 - INFO - [SCREENER] 164 markets in 7.0s | yes:29 no:10 | next in 30s
2026-07-29 15:06:54,977 - INFO - [SCREENER] 163 markets in 6.2s | yes:30 no:10 | next in 30s
2026-07-29 15:07:48,410 - ERROR - [py_clob_client_v2] request error: _ssl.c:983: The handshake operation timed out
2026-07-29 15:07:52,957 - ERROR - [HEARTBEAT] 失败 (连续 1 次): 401 Client Error: Unauthorized for url: https://clob.polymarket.com/v1/heartbeats
2026-07-29 15:08:00,683 - INFO - [SCREENER] 165 markets in 29.3s | yes:27 no:9 | next in 30s
2026-07-29 15:08:20,025 - INFO - [SCREENER] 171 markets in 6.3s | yes:30 no:13 | next in 30s
2026-07-29 15:08:31,794 - ERROR - [BATCH CANCEL FAIL] 0xe9e729461f7d199d47... | order can't be found - already canceled or matched
2026-07-29 15:08:32,540 - ERROR - [BATCH CANCEL] 1186180799404249 取消失败，清空 active_id 进入冷却兜底
2026-07-29 15:08:43,088 - WARNING - [AUDIT] 3753667433097096 订单丢失纠偏
2026-07-29 15:08:43,088 - WARNING - [AUDIT] 9923108436582854 订单丢失纠偏
2026-07-29 15:08:43,088 - WARNING - [AUDIT] 1050467039669960 订单丢失纠偏
2026-07-29 15:08:43,088 - WARNING - [AUDIT] 9079945568488785 订单丢失纠偏
2026-07-29 15:08:43,090 - WARNING - [AUDIT] 5895154120987857 订单丢失纠偏
2026-07-29 15:08:43,090 - WARNING - [AUDIT] 1041751381048580 订单丢失纠偏
2026-07-29 15:08:43,091 - WARNING - [AUDIT] 1981470697000454 订单丢失纠偏
2026-07-29 15:08:43,091 - WARNING - [AUDIT] 8807013473938409 订单丢失纠偏
2026-07-29 15:08:43,091 - WARNING - [AUDIT] 8461408730649695 订单丢失纠偏
2026-07-29 15:08:43,091 - WARNING - [AUDIT] 1495307552494407 订单丢失纠偏
2026-07-29 15:08:43,091 - WARNING - [AUDIT] 1140824289903172 订单丢失纠偏
2026-07-29 15:08:43,091 - WARNING - [AUDIT] 4982711891639792 订单丢失纠偏
2026-07-29 15:08:43,091 - WARNING - [AUDIT] 5860495710446842 订单丢失纠偏
2026-07-29 15:08:43,091 - WARNING - [AUDIT] 1141520739943063 订单丢失纠偏
2026-07-29 15:08:43,092 - WARNING - [AUDIT] 8880159495883178 订单丢失纠偏
2026-07-29 15:08:43,092 - WARNING - [AUDIT] 5069233318055878 订单丢失纠偏
2026-07-29 15:08:43,092 - WARNING - [AUDIT] 3321786090116059 订单丢失纠偏
2026-07-29 15:08:43,092 - WARNING - [AUDIT] 3317956206489901 订单丢失纠偏
2026-07-29 15:08:43,092 - WARNING - [AUDIT] 1066884398268354 订单丢失纠偏
2026-07-29 15:08:43,092 - WARNING - [AUDIT] 9658234936421319 订单丢失纠偏
2026-07-29 15:08:43,092 - WARNING - [AUDIT] 5742413509160652 订单丢失纠偏
2026-07-29 15:08:43,092 - WARNING - [AUDIT] 8923989387729408 订单丢失纠偏
2026-07-29 15:08:43,092 - WARNING - [AUDIT] 2432876715532964 订单丢失纠偏
2026-07-29 15:08:43,093 - WARNING - [AUDIT] 7192843993999372 订单丢失纠偏
2026-07-29 15:08:43,093 - WARNING - [AUDIT] 1002833105886322 订单丢失纠偏
2026-07-29 15:08:43,093 - WARNING - [AUDIT] 5665574963884049 订单丢失纠偏
2026-07-29 15:08:43,093 - WARNING - [AUDIT] 5187525504137206 订单丢失纠偏
2026-07-29 15:09:01,115 - INFO - [SCREENER] 170 markets in 6.6s | yes:34 no:11 | next in 30s
2026-07-29 15:09:41,838 - INFO - [SCREENER] 170 markets in 7.1s | yes:35 no:12 | next in 30s
2026-07-29 15:10:20,348 - INFO - [SCREENER] 170 markets in 6.1s | yes:37 no:10 | next in 30s
2026-07-29 15:10:44,423 - ERROR - [py_clob_client_v2] request error: Server disconnected
2026-07-29 15:10:44,423 - ERROR - [py_clob_client_v2] request error: Server disconnected
2026-07-29 15:10:44,424 - ERROR - 获取订单簿失败: 37536674330970962846... | PolyApiException[status_code=None, error_message=Request exception!]
2026-07-29 15:10:44,425 - ERROR - 获取订单簿失败: 99231084365828542194... | PolyApiException[status_code=None, error_message=Request exception!]
2026-07-29 15:10:44,425 - ERROR - [py_clob_client_v2] request error: Server disconnected
2026-07-29 15:10:44,425 - ERROR - [py_clob_client_v2] request error: Server disconnected
2026-07-29 15:10:44,426 - ERROR - [py_clob_client_v2] request error: Server disconnected
2026-07-29 15:10:44,427 - ERROR - 获取订单簿失败: 10504670396699606231... | PolyApiException[status_code=None, error_message=Request exception!]
2026-07-29 15:10:44,427 - ERROR - 获取订单簿失败: 90799455684887859962... | PolyApiException[status_code=None, error_message=Request exception!]
2026-07-29 15:10:44,427 - ERROR - 获取订单簿失败: 58951541209878572178... | PolyApiException[status_code=None, error_message=Request exception!]
2026-07-29 15:10:45,420 - WARNING - [RETRY] 3753667433097096 bids不足2档，10s后重试
2026-07-29 15:10:45,423 - WARNING - [RETRY] 9923108436582854 bids不足2档，10s后重试
2026-07-29 15:10:45,424 - WARNING - [RETRY] 1050467039669960 bids不足2档，10s后重试
2026-07-29 15:10:45,424 - WARNING - [RETRY] 9079945568488785 bids不足2档，10s后重试
2026-07-29 15:10:45,425 - WARNING - [RETRY] 5895154120987857 bids不足2档，10s后重试
2026-07-29 15:11:02,500 - INFO - [SCREENER] 170 markets in 8.1s | yes:39 no:10 | next in 30s
2026-07-29 15:11:41,459 - INFO - [SCREENER] 171 markets in 6.9s | yes:40 no:10 | next in 30s
2026-07-29 15:12:38,579 - INFO - [SCREENER] 170 markets in 24.5s | yes:43 no:10 | next in 30s
2026-07-29 15:13:18,305 - INFO - [SCREENER] 173 markets in 28.5s | yes:38 no:11 | next in 30s
2026-07-29 15:13:19,513 - WARNING - [AUDIT] 3753667433097096 订单丢失纠偏
2026-07-29 15:13:19,514 - WARNING - [AUDIT] 9923108436582854 订单丢失纠偏
2026-07-29 15:13:19,514 - WARNING - [AUDIT] 1050467039669960 订单丢失纠偏
2026-07-29 15:13:19,514 - WARNING - [AUDIT] 9079945568488785 订单丢失纠偏
2026-07-29 15:13:19,514 - WARNING - [AUDIT] 5895154120987857 订单丢失纠偏
2026-07-29 15:13:19,514 - WARNING - [AUDIT] 1041751381048580 订单丢失纠偏
2026-07-29 15:13:19,514 - WARNING - [AUDIT] 1981470697000454 订单丢失纠偏
2026-07-29 15:13:19,514 - WARNING - [AUDIT] 8807013473938409 订单丢失纠偏
2026-07-29 15:13:19,516 - WARNING - [AUDIT] 8461408730649695 订单丢失纠偏
2026-07-29 15:13:19,517 - WARNING - [AUDIT] 1140824289903172 订单丢失纠偏
2026-07-29 15:13:19,517 - WARNING - [AUDIT] 4982711891639792 订单丢失纠偏
2026-07-29 15:13:19,517 - WARNING - [AUDIT] 5860495710446842 订单丢失纠偏
2026-07-29 15:13:19,517 - WARNING - [AUDIT] 1141520739943063 订单丢失纠偏
2026-07-29 15:13:19,517 - WARNING - [AUDIT] 3317956206489901 订单丢失纠偏
2026-07-29 15:13:19,517 - WARNING - [AUDIT] 1066884398268354 订单丢失纠偏
2026-07-29 15:13:19,517 - WARNING - [AUDIT] 9658234936421319 订单丢失纠偏
2026-07-29 15:13:19,517 - WARNING - [AUDIT] 5742413509160652 订单丢失纠偏
2026-07-29 15:13:19,517 - WARNING - [AUDIT] 8923989387729408 订单丢失纠偏
2026-07-29 15:13:19,517 - WARNING - [AUDIT] 2432876715532964 订单丢失纠偏
2026-07-29 15:13:19,517 - WARNING - [AUDIT] 7192843993999372 订单丢失纠偏
2026-07-29 15:13:19,517 - WARNING - [AUDIT] 5665574963884049 订单丢失纠偏
2026-07-29 15:13:19,517 - WARNING - [AUDIT] 9290178213767472 订单丢失纠偏
2026-07-29 15:13:19,517 - WARNING - [AUDIT] 7180695672126738 订单丢失纠偏
2026-07-29 15:13:19,517 - WARNING - [AUDIT] 2798371224866267 订单丢失纠偏
2026-07-29 15:13:19,517 - WARNING - [AUDIT] 2830245861047794 订单丢失纠偏
2026-07-29 15:13:19,517 - WARNING - [AUDIT] 2008944663388461 订单丢失纠偏
2026-07-29 15:13:19,517 - WARNING - [AUDIT] 5400580981797299 订单丢失纠偏
2026-07-29 15:13:19,522 - WARNING - [AUDIT] 8796114787085919 订单丢失纠偏
2026-07-29 15:13:19,522 - WARNING - [AUDIT] 4306399136212806 订单丢失纠偏
2026-07-29 15:13:19,522 - WARNING - [AUDIT] 9209537011088003 订单丢失纠偏
2026-07-29 15:13:19,522 - WARNING - [AUDIT] 5069233318055878 订单丢失纠偏
2026-07-29 15:13:19,522 - WARNING - [AUDIT] 1096071201107726 订单丢失纠偏
2026-07-29 15:13:19,523 - WARNING - [AUDIT] 1312967125359203 订单丢失纠偏
2026-07-29 15:13:19,523 - WARNING - [AUDIT] 2155340172237723 订单丢失纠偏
2026-07-29 15:13:19,523 - WARNING - [AUDIT] 4469030833584170 订单丢失纠偏
2026-07-29 15:13:19,523 - WARNING - [AUDIT] 3743761411783168 订单丢失纠偏
2026-07-29 15:13:19,523 - WARNING - [AUDIT] 5283429903569414 订单丢失纠偏
2026-07-29 15:13:19,523 - WARNING - [AUDIT] 9471737552867176 订单丢失纠偏
2026-07-29 15:13:19,523 - WARNING - [AUDIT] 1097222110232354 订单丢失纠偏
2026-07-29 15:13:19,523 - WARNING - [AUDIT] 7830642697283363 订单丢失纠偏
2026-07-29 15:13:19,523 - WARNING - [AUDIT] 1623736321694726 订单丢失纠偏
2026-07-29 15:13:19,523 - WARNING - [AUDIT] 3163362723265445 订单丢失纠偏
2026-07-29 15:13:37,516 - INFO - [SCREENER] 172 markets in 6.6s | yes:38 no:11 | next in 30s
2026-07-29 15:14:17,480 - INFO - [SCREENER] 174 markets in 7.7s | yes:37 no:13 | next in 30s
2026-07-29 15:14:57,685 - INFO - [SCREENER] 174 markets in 7.9s | yes:36 no:13 | next in 30s
2026-07-29 15:15:27,988 - INFO - [SCREENER] 174 markets in 6.4s | yes:39 no:13 | next in 30s
2026-07-29 15:16:06,498 - INFO - [SCREENER] 175 markets in 6.4s | yes:40 no:15 | next in 30s
2026-07-29 15:16:46,829 - INFO - [SCREENER] 174 markets in 7.5s | yes:42 no:15 | next in 30s
2026-07-29 15:17:20,198 - INFO - [SCREENER] 166 markets in 9.1s | yes:38 no:13 | next in 30s
2026-07-29 15:17:52,308 - INFO - [SCREENER] 173 markets in 10.0s | yes:42 no:11 | next in 30s
2026-07-29 15:18:23,292 - INFO - [SCREENER] 171 markets in 8.9s | yes:42 no:13 | next in 30s
2026-07-29 15:18:57,104 - INFO - [SCREENER] 173 markets in 11.8s | yes:42 no:14 | next in 30s
2026-07-29 15:19:32,181 - INFO - [SCREENER] 172 markets in 10.3s | yes:43 no:13 | next in 30s
2026-07-29 15:20:05,734 - INFO - [SCREENER] 173 markets in 11.4s | yes:39 no:10 | next in 30s
2026-07-29 15:20:42,632 - INFO - [SCREENER] 172 markets in 13.2s | yes:38 no:10 | next in 30s
2026-07-29 15:21:15,823 - INFO - [SCREENER] 171 markets in 10.9s | yes:40 no:13 | next in 30s
2026-07-29 15:21:55,716 - INFO - [SCREENER] 174 markets in 14.3s | yes:40 no:13 | next in 30s
2026-07-29 15:22:27,844 - INFO - [SCREENER] 175 markets in 10.3s | yes:39 no:13 | next in 30s
2026-07-29 15:23:01,584 - INFO - [SCREENER] 176 markets in 11.5s | yes:41 no:13 | next in 30s
2026-07-29 15:23:33,977 - INFO - [SCREENER] 172 markets in 9.9s | yes:39 no:14 | next in 30s
2026-07-29 15:24:08,809 - INFO - [SCREENER] 174 markets in 9.4s | yes:42 no:13 | next in 30s
2026-07-29 15:24:37,875 - INFO - [SCREENER] 174 markets in 6.2s | yes:47 no:12 | next in 30s
2026-07-29 15:25:18,397 - INFO - [SCREENER] 176 markets in 7.9s | yes:50 no:13 | next in 30s
2026-07-29 15:25:48,533 - INFO - [SCREENER] 175 markets in 7.9s | yes:49 no:13 | next in 30s
2026-07-29 15:26:04,371 - ERROR - [POLL] 批量查询异常: HTTPSConnectionPool(host='clob.polymarket.com', port=443): Max retries exceeded with url: /books (Caused by SSLError(SSLEOFError(8, '[SSL: UNEXPECTED_EOF_WHILE_READING] EOF occurred in violation of protocol (_ssl.c:1000)')))
2026-07-29 15:26:07,348 - WARNING - [POSITION] 9290178213767472 best_bid=0.35 < 成本0.3800-0.02=0.3600，取消卖单等待
2026-07-29 15:26:25,049 - INFO - [SCREENER] 175 markets in 7.7s | yes:49 no:16 | next in 30s
2026-07-29 15:26:25,344 - ERROR - [py_clob_client_v2] request error: Server disconnected
2026-07-29 15:26:25,345 - ERROR - [py_clob_client_v2] request error: Server disconnected
2026-07-29 15:26:25,345 - ERROR - [py_clob_client_v2] request error: Server disconnected
2026-07-29 15:26:25,345 - ERROR - 查询订单失败: PolyApiException[status_code=None, error_message=Request exception!]
2026-07-29 15:26:25,345 - ERROR - [CANCEL FAIL] 0xd44863479caac4218b... | PolyApiException[status_code=None, error_message=Request exception!]
2026-07-29 15:26:25,345 - ERROR - [CANCEL FAIL] 0x45741a78bf58c08323... | PolyApiException[status_code=None, error_message=Request exception!]
2026-07-29 15:26:25,345 - ERROR - [DISCOVER] 订单查询失败，跳过本周期
2026-07-29 15:26:26,018 - ERROR - [CANCEL FAIL] 0xd44863479caac4218b 订单仍存活在交易所！保持 RESTING
2026-07-29 15:26:26,018 - ERROR - [CANCEL FAIL] 0x45741a78bf58c08323 订单仍存活在交易所！保持 RESTING
2026-07-29 15:27:07,105 - INFO - [SCREENER] 172 markets in 9.5s | yes:47 no:17 | next in 30s
2026-07-29 15:27:37,141 - INFO - [SCREENER] 174 markets in 7.5s | yes:44 no:18 | next in 30s
2026-07-29 15:28:18,125 - INFO - [SCREENER] 177 markets in 8.1s | yes:45 no:15 | next in 30s
2026-07-29 15:28:20,593 - WARNING - [AUDIT] 2702503326839325 订单丢失纠偏
2026-07-29 15:28:20,593 - WARNING - [AUDIT] 1082561109215351 订单丢失纠偏
2026-07-29 15:28:22,164 - WARNING - [POSITION] 9290178213767472 best_bid=0.35 < 成本0.3800-0.02=0.3600，取消卖单等待
2026-07-29 15:28:51,563 - INFO - [SCREENER] 175 markets in 8.1s | yes:46 no:15 | next in 30s
2026-07-29 15:29:32,725 - INFO - [SCREENER] 171 markets in 8.7s | yes:44 no:14 | next in 30s
2026-07-29 15:30:02,149 - INFO - [SCREENER] 171 markets in 7.0s | yes:41 no:13 | next in 30s
2026-07-29 15:30:16,994 - WARNING - [POSITION] 9290178213767472 best_bid=0.35 < 成本0.3800-0.02=0.3600，取消卖单等待
2026-07-29 15:30:35,558 - INFO - [SCREENER] 168 markets in 8.6s | yes:42 no:15 | next in 30s
2026-07-29 15:31:06,934 - INFO - [SCREENER] 167 markets in 9.7s | yes:45 no:18 | next in 30s
2026-07-29 15:31:36,291 - INFO - [SCREENER] 164 markets in 7.6s | yes:45 no:16 | next in 30s
2026-07-29 15:31:37,386 - ERROR - [py_clob_client_v2] request error: Server disconnected
2026-07-29 15:31:37,386 - ERROR - [py_clob_client_v2] request error: Server disconnected
2026-07-29 15:31:37,386 - ERROR - [py_clob_client_v2] request error: Server disconnected
2026-07-29 15:31:37,386 - ERROR - [py_clob_client_v2] request error: Server disconnected
2026-07-29 15:31:37,386 - ERROR - 获取订单簿失败: 27983712248662670285... | PolyApiException[status_code=None, error_message=Request exception!]
2026-07-29 15:31:37,386 - ERROR - [py_clob_client_v2] request error: Server disconnected
2026-07-29 15:31:37,386 - ERROR - [BATCH CANCEL ERR] 1 条 | PolyApiException[status_code=None, error_message=Request exception!]
2026-07-29 15:31:37,386 - ERROR - 获取订单簿失败: 78306426972833637969... | PolyApiException[status_code=None, error_message=Request exception!]
2026-07-29 15:31:37,386 - ERROR - 获取订单簿失败: 57270828895517515530... | PolyApiException[status_code=None, error_message=Request exception!]
2026-07-29 15:31:37,387 - ERROR - 获取订单簿失败: 11312959784870871217... | PolyApiException[status_code=None, error_message=Request exception!]
2026-07-29 15:31:38,384 - ERROR - [BATCH CANCEL] 3163362723265445 取消失败，清空 active_id 进入冷却兜底
2026-07-29 15:31:38,384 - WARNING - [RETRY] 2798371224866267 bids不足2档，10s后重试
2026-07-29 15:31:38,384 - WARNING - [RETRY] 7830642697283363 bids不足2档，10s后重试
2026-07-29 15:31:38,385 - WARNING - [RETRY] 5727082889551751 bids不足2档，10s后重试
2026-07-29 15:31:38,385 - WARNING - [RETRY] 1131295978487087 bids不足2档，10s后重试
2026-07-29 15:32:17,096 - INFO - [SCREENER] 165 markets in 8.0s | yes:40 no:14 | next in 30s
2026-07-29 15:32:31,328 - WARNING - [POSITION] 9290178213767472 best_bid=0.35 < 成本0.3800-0.02=0.3600，取消卖单等待
2026-07-29 15:32:49,555 - INFO - [SCREENER] 163 markets in 8.2s | yes:42 no:18 | next in 30s
2026-07-29 15:33:29,089 - INFO - [SCREENER] 168 markets in 7.3s | yes:43 no:17 | next in 30s
2026-07-29 15:34:09,181 - INFO - [SCREENER] 168 markets in 7.0s | yes:34 no:17 | next in 30s
2026-07-29 15:34:34,111 - WARNING - [POSITION] 9290178213767472 best_bid=0.35 < 成本0.3800-0.02=0.3600，取消卖单等待
2026-07-29 15:34:51,029 - INFO - [SCREENER] 167 markets in 6.9s | yes:33 no:17 | next in 30s
2026-07-29 15:35:31,072 - INFO - [SCREENER] 165 markets in 7.5s | yes:35 no:16 | next in 30s
2026-07-29 15:36:10,827 - INFO - [SCREENER] 168 markets in 7.3s | yes:33 no:14 | next in 30s
2026-07-29 15:36:35,913 - WARNING - [POSITION] 9290178213767472 best_bid=0.35 < 成本0.3800-0.02=0.3600，取消卖单等待
2026-07-29 15:36:53,469 - INFO - [SCREENER] 170 markets in 7.6s | yes:35 no:14 | next in 30s
2026-07-29 15:37:34,240 - INFO - [SCREENER] 168 markets in 8.8s | yes:37 no:13 | next in 30s
2026-07-29 15:38:03,281 - INFO - [SCREENER] 169 markets in 6.8s | yes:36 no:14 | next in 30s
2026-07-29 15:38:31,071 - ERROR - [py_clob_client_v2] request error: Server disconnected
2026-07-29 15:38:31,071 - ERROR - [py_clob_client_v2] request error: Server disconnected
2026-07-29 15:38:31,072 - ERROR - [py_clob_client_v2] request error: Server disconnected
2026-07-29 15:38:31,072 - ERROR - 获取订单簿失败: 11501788386123231059... | PolyApiException[status_code=None, error_message=Request exception!]
2026-07-29 15:38:31,072 - ERROR - 获取订单簿失败: 51739283043127587446... | PolyApiException[status_code=None, error_message=Request exception!]
2026-07-29 15:38:31,072 - ERROR - 获取订单簿失败: 30686024264132706059... | PolyApiException[status_code=None, error_message=Request exception!]
2026-07-29 15:38:32,069 - WARNING - [RETRY] 1150178838612323 bids不足2档，10s后重试
2026-07-29 15:38:32,069 - WARNING - [RETRY] 5173928304312758 bids不足2档，10s后重试
2026-07-29 15:38:32,069 - WARNING - [RETRY] 3068602426413270 bids不足2档，10s后重试
2026-07-29 15:38:43,506 - INFO - [SCREENER] 174 markets in 7.4s | yes:40 no:12 | next in 30s
2026-07-29 15:38:46,667 - WARNING - [POSITION] 3281525728570116 best_bid=0.2 < 成本0.2500-0.02=0.2300，取消卖单等待
2026-07-29 15:38:46,667 - WARNING - [POSITION] 9290178213767472 best_bid=0.35 < 成本0.3800-0.02=0.3600，取消卖单等待
2026-07-29 15:39:14,492 - INFO - [SCREENER] 174 markets in 7.3s | yes:41 no:11 | next in 30s
2026-07-29 15:39:53,155 - INFO - [SCREENER] 174 markets in 6.4s | yes:40 no:11 | next in 30s
2026-07-29 15:40:32,414 - INFO - [SCREENER] 171 markets in 7.1s | yes:42 no:11 | next in 30s
2026-07-29 15:40:32,726 - ERROR - [py_clob_client_v2] request error: Server disconnected
2026-07-29 15:40:32,726 - ERROR - [py_clob_client_v2] request error: Server disconnected
2026-07-29 15:40:32,726 - ERROR - [CANCEL FAIL] 0xc8ca1aaf53925e62be... | PolyApiException[status_code=None, error_message=Request exception!]
2026-07-29 15:40:32,726 - ERROR - [py_clob_client_v2] request error: Server disconnected
2026-07-29 15:40:32,726 - ERROR - 查询订单失败: PolyApiException[status_code=None, error_message=Request exception!]
2026-07-29 15:40:32,727 - ERROR - [DISCOVER] 订单查询失败，跳过本周期
2026-07-29 15:40:33,214 - ERROR - [HEARTBEAT] 失败 (连续 1 次): 401 Client Error: Unauthorized for url: https://clob.polymarket.com/v1/heartbeats
2026-07-29 15:40:33,312 - ERROR - [CANCEL FAIL] 0xc8ca1aaf53925e62be 订单仍存活在交易所！保持 RESTING
2026-07-29 15:40:34,454 - ERROR - [py_clob_client_v2] request error status=400 url=https://clob.polymarket.com/v1/heartbeats body={"heartbeat_id":"3ce2bdc5-5ac5-4289-98cc-0367b1900804","error_msg":"Invalid Heartbeat ID"}
2026-07-29 15:40:34,455 - INFO - [HEARTBEAT] 从 SDK 错误恢复 heartbeat_id: 3ce2bdc5-5ac5-42 (旧: d75f4e86-c4d5-4c)
2026-07-29 15:40:34,752 - INFO - [HEARTBEAT] OK (recovered) id=e58054e9-8650-4b
2026-07-29 15:40:44,744 - WARNING - [AUDIT] 4785924216663269 订单丢失纠偏
2026-07-29 15:40:46,276 - WARNING - [POSITION] 3281525728570116 best_bid=0.2 < 成本0.2500-0.02=0.2300，取消卖单等待
2026-07-29 15:41:03,321 - INFO - [SCREENER] 174 markets in 7.0s | yes:36 no:12 | next in 30s
2026-07-29 15:41:42,530 - INFO - [SCREENER] 173 markets in 6.8s | yes:35 no:11 | next in 30s
2026-07-29 15:42:22,110 - INFO - [SCREENER] 179 markets in 7.2s | yes:34 no:13 | next in 30s
2026-07-29 15:42:49,511 - INFO - [SELL CONFIRMED] 未知 | No | size=50.0000 price=0.79
2026-07-29 15:43:09,380 - INFO - [SCREENER] 178 markets in 12.7s | yes:35 no:13 | next in 30s
2026-07-29 15:43:23,544 - ERROR - [py_clob_client_v2] request error: [SSL: UNEXPECTED_EOF_WHILE_READING] EOF occurred in violation of protocol (_ssl.c:1000)
2026-07-29 15:43:28,062 - ERROR - [HEARTBEAT] 失败 (连续 1 次): 401 Client Error: Unauthorized for url: https://clob.polymarket.com/v1/heartbeats
2026-07-29 15:43:41,077 - INFO - [SCREENER] 176 markets in 7.3s | yes:32 no:14 | next in 30s
2026-07-29 15:44:17,456 - INFO - [SCREENER] 176 markets in 6.4s | yes:33 no:14 | next in 30s
2026-07-29 15:44:18,798 - ERROR - [BATCH CANCEL FAIL] 0x06980beeaa76475a04... | order can't be found - already canceled or matched
2026-07-29 15:44:19,541 - ERROR - [BATCH CANCEL] 5069233318055878 取消失败，清空 active_id 进入冷却兜底
2026-07-29 15:44:29,392 - ERROR - [BATCH CANCEL FAIL] 0x4a82eddd87c3366625... | order can't be found - already canceled or matched
2026-07-29 15:44:30,121 - ERROR - [BATCH CANCEL] 3321786090116059 取消失败，清空 active_id 进入冷却兜底
2026-07-29 15:44:57,296 - INFO - [SCREENER] 171 markets in 7.5s | yes:39 no:13 | next in 30s
2026-07-29 15:44:59,058 - WARNING - [AUDIT] 3753667433097096 订单丢失纠偏
2026-07-29 15:44:59,058 - WARNING - [AUDIT] 9923108436582854 订单丢失纠偏
2026-07-29 15:44:59,058 - WARNING - [AUDIT] 1050467039669960 订单丢失纠偏
2026-07-29 15:44:59,058 - WARNING - [AUDIT] 1981470697000454 订单丢失纠偏
2026-07-29 15:44:59,058 - WARNING - [AUDIT] 8807013473938409 订单丢失纠偏
2026-07-29 15:44:59,059 - WARNING - [AUDIT] 1140824289903172 订单丢失纠偏
2026-07-29 15:44:59,059 - WARNING - [AUDIT] 9658234936421319 订单丢失纠偏
2026-07-29 15:44:59,059 - WARNING - [AUDIT] 5742413509160652 订单丢失纠偏
2026-07-29 15:44:59,059 - WARNING - [AUDIT] 8923989387729408 订单丢失纠偏
2026-07-29 15:44:59,059 - WARNING - [AUDIT] 7192843993999372 订单丢失纠偏
2026-07-29 15:44:59,060 - WARNING - [AUDIT] 9290178213767472 订单丢失纠偏
2026-07-29 15:44:59,060 - WARNING - [AUDIT] 2830245861047794 订单丢失纠偏
2026-07-29 15:44:59,060 - WARNING - [AUDIT] 4469030833584170 订单丢失纠偏
2026-07-29 15:44:59,060 - WARNING - [AUDIT] 2164547708738657 订单丢失纠偏
2026-07-29 15:44:59,060 - WARNING - [AUDIT] 8445460600751748 订单丢失纠偏
2026-07-29 15:44:59,060 - WARNING - [AUDIT] 9209537011088003 订单丢失纠偏
2026-07-29 15:44:59,060 - WARNING - [AUDIT] 4792416315212796 订单丢失纠偏
2026-07-29 15:44:59,060 - WARNING - [AUDIT] 4649822719517002 订单丢失纠偏
2026-07-29 15:44:59,060 - WARNING - [AUDIT] 1211060500189335 订单丢失纠偏
2026-07-29 15:44:59,060 - WARNING - [AUDIT] 4577693276594738 订单丢失纠偏
2026-07-29 15:44:59,060 - WARNING - [AUDIT] 3028576635815887 订单丢失纠偏
2026-07-29 15:44:59,060 - WARNING - [AUDIT] 9471737552867176 订单丢失纠偏
2026-07-29 15:44:59,060 - WARNING - [AUDIT] 2033596243255553 订单丢失纠偏
2026-07-29 15:44:59,060 - WARNING - [AUDIT] 1082561109215351 订单丢失纠偏
2026-07-29 15:44:59,060 - WARNING - [AUDIT] 4455263676921725 订单丢失纠偏
2026-07-29 15:44:59,060 - WARNING - [AUDIT] 6079413036958135 订单丢失纠偏
2026-07-29 15:44:59,060 - WARNING - [AUDIT] 1096071201107726 订单丢失纠偏
2026-07-29 15:44:59,060 - WARNING - [AUDIT] 4306399136212806 订单丢失纠偏
2026-07-29 15:44:59,060 - WARNING - [AUDIT] 8665030358931242 订单丢失纠偏
2026-07-29 15:44:59,060 - WARNING - [AUDIT] 1495307552494407 订单丢失纠偏
2026-07-29 15:44:59,060 - WARNING - [AUDIT] 2798371224866267 订单丢失纠偏
2026-07-29 15:44:59,060 - WARNING - [AUDIT] 1042476319077633 订单丢失纠偏
2026-07-29 15:44:59,062 - WARNING - [AUDIT] 1097222110232354 订单丢失纠偏
2026-07-29 15:44:59,062 - WARNING - [AUDIT] 5895154120987857 订单丢失纠偏
2026-07-29 15:45:00,514 - WARNING - [POSITION] 9290178213767472 best_bid=0.35 < 成本0.3800-0.02=0.3600，取消卖单等待
2026-07-29 15:45:32,465 - INFO - [SCREENER] 173 markets in 11.4s | yes:40 no:14 | next in 30s
2026-07-29 15:46:00,555 - INFO - [SCREENER] 173 markets in 6.3s | yes:41 no:13 | next in 30s
2026-07-29 15:46:39,528 - INFO - [SCREENER] 181 markets in 6.8s | yes:46 no:13 | next in 30s
2026-07-29 15:46:53,360 - WARNING - [POSITION] 9290178213767472 best_bid=0.35 < 成本0.3800-0.02=0.3600，取消卖单等待
2026-07-29 15:47:10,258 - INFO - [SCREENER] 197 markets in 6.9s | yes:51 no:12 | next in 30s
2026-07-29 15:48:04,209 - INFO - [SCREENER] 176 markets in 17.1s | yes:42 no:10 | next in 30s
2026-07-29 15:48:41,497 - INFO - [SCREENER] 175 markets in 14.8s | yes:40 no:10 | next in 30s
2026-07-29 15:48:55,436 - WARNING - [POSITION] 9290178213767472 best_bid=0.35 < 成本0.3800-0.02=0.3600，取消卖单等待
2026-07-29 15:49:12,924 - INFO - [SCREENER] 178 markets in 7.5s | yes:40 no:10 | next in 30s
2026-07-29 15:49:13,224 - ERROR - [py_clob_client_v2] request error: Server disconnected
2026-07-29 15:49:13,224 - ERROR - [py_clob_client_v2] request error: Server disconnected
2026-07-29 15:49:13,224 - ERROR - [CANCEL FAIL] 0x2b60a31a5479e68212... | PolyApiException[status_code=None, error_message=Request exception!]
2026-07-29 15:49:13,224 - ERROR - 查询订单失败: PolyApiException[status_code=None, error_message=Request exception!]
2026-07-29 15:49:13,225 - ERROR - [DISCOVER] 订单查询失败，跳过本周期
2026-07-29 15:49:13,961 - ERROR - [CANCEL FAIL] 0x2b60a31a5479e68212 订单仍存活在交易所！保持 RESTING
2026-07-29 15:49:52,012 - INFO - [SCREENER] 179 markets in 6.6s | yes:38 no:11 | next in 30s
2026-07-29 15:50:31,198 - INFO - [SCREENER] 178 markets in 7.1s | yes:38 no:12 | next in 30s
2026-07-29 15:50:56,986 - WARNING - [AUDIT] 9923108436582854 订单丢失纠偏
2026-07-29 15:50:59,788 - WARNING - [POSITION] 9290178213767472 best_bid=0.35 < 成本0.3800-0.02=0.3600，取消卖单等待
2026-07-29 15:51:16,343 - INFO - [SCREENER] 179 markets in 6.6s | yes:36 no:12 | next in 30s
2026-07-29 15:51:58,387 - INFO - [SCREENER] 178 markets in 6.9s | yes:43 no:13 | next in 30s
2026-07-29 15:52:37,776 - INFO - [SCREENER] 178 markets in 7.4s | yes:46 no:13 | next in 30s
2026-07-29 15:53:02,212 - WARNING - [POSITION] 9290178213767472 best_bid=0.35 < 成本0.3800-0.02=0.3600，取消卖单等待
2026-07-29 15:53:19,107 - INFO - [SCREENER] 184 markets in 6.9s | yes:49 no:13 | next in 30s
2026-07-29 15:54:21,456 - INFO - [SCREENER] 178 markets in 30.2s | yes:44 no:12 | next in 30s
2026-07-29 15:54:58,158 - ERROR - [py_clob_client_v2] request error: _ssl.c:983: The handshake operation timed out
2026-07-29 15:54:58,662 - ERROR - [HEARTBEAT] 失败 (连续 1 次): 401 Client Error: Unauthorized for url: https://clob.polymarket.com/v1/heartbeats
2026-07-29 15:55:00,155 - INFO - [SCREENER] 182 markets in 27.7s | yes:42 no:10 | next in 30s
2026-07-29 15:55:18,321 - INFO - [SCREENER] 183 markets in 7.3s | yes:41 no:10 | next in 30s
2026-07-29 15:55:19,552 - ERROR - [BATCH CANCEL FAIL] 0xc60ebac444a688dcef... | order can't be found - already canceled or matched
2026-07-29 15:55:20,039 - WARNING - [AUDIT] 3753667433097096 订单丢失纠偏
2026-07-29 15:55:20,039 - WARNING - [AUDIT] 1050467039669960 订单丢失纠偏
2026-07-29 15:55:20,039 - WARNING - [AUDIT] 1981470697000454 订单丢失纠偏
2026-07-29 15:55:20,039 - WARNING - [AUDIT] 8807013473938409 订单丢失纠偏
2026-07-29 15:55:20,040 - WARNING - [AUDIT] 1140824289903172 订单丢失纠偏
2026-07-29 15:55:20,040 - WARNING - [AUDIT] 9658234936421319 订单丢失纠偏
2026-07-29 15:55:20,040 - WARNING - [AUDIT] 5742413509160652 订单丢失纠偏
2026-07-29 15:55:20,040 - WARNING - [AUDIT] 8923989387729408 订单丢失纠偏
2026-07-29 15:55:20,040 - WARNING - [AUDIT] 9290178213767472 订单丢失纠偏
2026-07-29 15:55:20,040 - WARNING - [AUDIT] 2830245861047794 订单丢失纠偏
2026-07-29 15:55:20,040 - WARNING - [AUDIT] 4469030833584170 订单丢失纠偏
2026-07-29 15:55:20,040 - WARNING - [AUDIT] 2164547708738657 订单丢失纠偏
2026-07-29 15:55:20,040 - WARNING - [AUDIT] 8445460600751748 订单丢失纠偏
2026-07-29 15:55:20,041 - WARNING - [AUDIT] 9209537011088003 订单丢失纠偏
2026-07-29 15:55:20,041 - WARNING - [AUDIT] 4649822719517002 订单丢失纠偏
2026-07-29 15:55:20,041 - WARNING - [AUDIT] 4577693276594738 订单丢失纠偏
2026-07-29 15:55:20,041 - WARNING - [AUDIT] 9471737552867176 订单丢失纠偏
2026-07-29 15:55:20,041 - WARNING - [AUDIT] 2033596243255553 订单丢失纠偏
2026-07-29 15:55:20,041 - WARNING - [AUDIT] 1082561109215351 订单丢失纠偏
2026-07-29 15:55:20,042 - WARNING - [AUDIT] 4455263676921725 订单丢失纠偏
2026-07-29 15:55:20,042 - WARNING - [AUDIT] 6079413036958135 订单丢失纠偏
2026-07-29 15:55:20,042 - WARNING - [AUDIT] 1096071201107726 订单丢失纠偏
2026-07-29 15:55:20,042 - WARNING - [AUDIT] 8665030358931242 订单丢失纠偏
2026-07-29 15:55:20,042 - WARNING - [AUDIT] 1495307552494407 订单丢失纠偏
2026-07-29 15:55:20,042 - WARNING - [AUDIT] 5895154120987857 订单丢失纠偏
2026-07-29 15:55:20,042 - WARNING - [AUDIT] 4379785612426100 订单丢失纠偏
2026-07-29 15:55:20,042 - WARNING - [AUDIT] 2608826086101062 订单丢失纠偏
2026-07-29 15:55:20,043 - WARNING - [AUDIT] 1107486019531506 订单丢失纠偏
2026-07-29 15:55:20,043 - WARNING - [AUDIT] 8455296868074346 订单丢失纠偏
2026-07-29 15:55:20,043 - WARNING - [AUDIT] 1065873366524977 订单丢失纠偏
2026-07-29 15:55:20,043 - WARNING - [AUDIT] 1154230654638001 订单丢失纠偏
2026-07-29 15:55:20,043 - WARNING - [AUDIT] 6621982731843365 订单丢失纠偏
2026-07-29 15:55:20,043 - WARNING - [AUDIT] 2987127638912248 订单丢失纠偏
2026-07-29 15:55:20,043 - WARNING - [AUDIT] 3163362723265445 订单丢失纠偏
2026-07-29 15:55:20,043 - WARNING - [AUDIT] 7238355651593860 订单丢失纠偏
2026-07-29 15:55:20,043 - WARNING - [AUDIT] 1150178838612323 订单丢失纠偏
2026-07-29 15:55:20,044 - WARNING - [AUDIT] 5727082889551751 订单丢失纠偏
2026-07-29 15:55:20,044 - WARNING - [AUDIT] 5069233318055878 订单丢失纠偏
2026-07-29 15:55:20,044 - WARNING - [AUDIT] 2777253507673553 订单丢失纠偏
2026-07-29 15:55:20,044 - WARNING - [AUDIT] 5173928304312758 订单丢失纠偏
2026-07-29 15:55:20,044 - WARNING - [AUDIT] 6945851986459540 订单丢失纠偏
2026-07-29 15:55:20,044 - WARNING - [AUDIT] 3317956206489901 订单丢失纠偏
2026-07-29 15:55:20,044 - WARNING - [AUDIT] 8461408730649695 订单丢失纠偏
2026-07-29 15:55:20,045 - WARNING - [AUDIT] 1070616765467337 订单丢失纠偏
2026-07-29 15:55:21,494 - WARNING - [POSITION] 9290178213767472 best_bid=0.35 < 成本0.3800-0.02=0.3600，取消卖单等待
2026-07-29 15:55:21,495 - ERROR - [BATCH CANCEL] 3068602426413270 取消失败，清空 active_id 进入冷却兜底
2026-07-29 15:55:48,572 - INFO - [SCREENER] 179 markets in 6.5s | yes:39 no:9 | next in 30s
2026-07-29 15:56:28,922 - INFO - [SCREENER] 180 markets in 8.0s | yes:39 no:11 | next in 30s
2026-07-29 15:56:54,413 - ERROR - [py_clob_client_v2] request error: Server disconnected
2026-07-29 15:56:54,414 - ERROR - [py_clob_client_v2] request error: Server disconnected
2026-07-29 15:56:54,414 - ERROR - [PLACE FAIL] 1001555291583629... price=0.70 attempt=1/2 | PolyApiException[status_code=None, error_message=Request exception!]
2026-07-29 15:56:54,414 - ERROR - [PLACE FAIL] 9311264399013062... price=0.36 attempt=1/2 | PolyApiException[status_code=None, error_message=Request exception!]
2026-07-29 15:57:34,905 - INFO - [SCREENER] 182 markets in 33.8s | yes:39 no:10 | next in 30s
2026-07-29 15:58:10,987 - INFO - [SCREENER] 182 markets in 25.1s | yes:40 no:9 | next in 30s
2026-07-29 15:58:14,260 - WARNING - [POSITION] 9290178213767472 best_bid=0.35 < 成本0.3800-0.02=0.3600，取消卖单等待
2026-07-29 15:58:31,071 - INFO - [SCREENER] 186 markets in 6.8s | yes:39 no:8 | next in 30s
2026-07-29 15:58:54,293 - ERROR - [py_clob_client_v2] request error: Server disconnected
2026-07-29 15:58:54,293 - ERROR - [py_clob_client_v2] request error: Server disconnected
2026-07-29 15:58:54,293 - ERROR - [BATCH CANCEL ERR] 2 条 | PolyApiException[status_code=None, error_message=Request exception!]
2026-07-29 15:58:54,815 - ERROR - [HEARTBEAT] 失败 (连续 1 次): 401 Client Error: Unauthorized for url: https://clob.polymarket.com/v1/heartbeats
2026-07-29 15:58:54,977 - ERROR - [BATCH CANCEL] 1495307552494407 取消失败，清空 active_id 进入冷却兜底
2026-07-29 15:58:54,977 - ERROR - [BATCH CANCEL] 8461408730649695 取消失败，清空 active_id 进入冷却兜底
2026-07-29 15:58:56,305 - ERROR - [py_clob_client_v2] request error status=400 url=https://clob.polymarket.com/v1/heartbeats body={"heartbeat_id":"64fd3ee6-17d2-466c-97d5-0578e7e6e2b8","error_msg":"Invalid Heartbeat ID"}
2026-07-29 15:58:56,305 - INFO - [HEARTBEAT] 从 SDK 错误恢复 heartbeat_id: 64fd3ee6-17d2-46 (旧: 4d036bf1-8036-4f)
2026-07-29 15:58:56,560 - INFO - [HEARTBEAT] OK (recovered) id=a8114e00-5bc2-4d
2026-07-29 15:59:11,176 - INFO - [SCREENER] 186 markets in 7.2s | yes:41 no:8 | next in 30s
2026-07-29 15:59:50,625 - INFO - [SCREENER] 183 markets in 7.0s | yes:46 no:10 | next in 30s
2026-07-29 16:00:04,459 - WARNING - [POSITION] 9290178213767472 best_bid=0.35 < 成本0.3800-0.02=0.3600，取消卖单等待
2026-07-29 16:00:22,215 - INFO - [SCREENER] 187 markets in 7.7s | yes:47 no:10 | next in 30s
2026-07-29 16:01:16,432 - INFO - [SCREENER] 182 markets in 21.6s | yes:45 no:9 | next in 30s
2026-07-29 16:01:32,391 - ERROR - [py_clob_client_v2] request error: [SSL: UNEXPECTED_EOF_WHILE_READING] EOF occurred in violation of protocol (_ssl.c:1000)
2026-07-29 16:01:33,708 - ERROR - [HEARTBEAT] 失败 (连续 1 次): 401 Client Error: Unauthorized for url: https://clob.polymarket.com/v1/heartbeats
2026-07-29 16:01:52,132 - INFO - [SCREENER] 183 markets in 24.2s | yes:40 no:8 | next in 30s
2026-07-29 16:02:11,444 - INFO - [SCREENER] 199 markets in 7.0s | yes:48 no:11 | next in 30s
2026-07-29 16:02:12,577 - WARNING - [AUDIT] 3753667433097096 订单丢失纠偏
2026-07-29 16:02:12,577 - WARNING - [AUDIT] 1050467039669960 订单丢失纠偏
2026-07-29 16:02:12,577 - WARNING - [AUDIT] 1981470697000454 订单丢失纠偏
2026-07-29 16:02:12,577 - WARNING - [AUDIT] 8807013473938409 订单丢失纠偏
2026-07-29 16:02:12,577 - WARNING - [AUDIT] 1140824289903172 订单丢失纠偏
2026-07-29 16:02:12,577 - WARNING - [AUDIT] 9658234936421319 订单丢失纠偏
2026-07-29 16:02:12,577 - WARNING - [AUDIT] 5742413509160652 订单丢失纠偏
2026-07-29 16:02:12,577 - WARNING - [AUDIT] 9290178213767472 订单丢失纠偏
2026-07-29 16:02:12,577 - WARNING - [AUDIT] 2830245861047794 订单丢失纠偏
2026-07-29 16:02:12,577 - WARNING - [AUDIT] 4469030833584170 订单丢失纠偏
2026-07-29 16:02:12,577 - WARNING - [AUDIT] 2164547708738657 订单丢失纠偏
2026-07-29 16:02:12,577 - WARNING - [AUDIT] 4649822719517002 订单丢失纠偏
2026-07-29 16:02:12,577 - WARNING - [AUDIT] 4577693276594738 订单丢失纠偏
2026-07-29 16:02:12,577 - WARNING - [AUDIT] 9471737552867176 订单丢失纠偏
2026-07-29 16:02:12,577 - WARNING - [AUDIT] 2033596243255553 订单丢失纠偏
2026-07-29 16:02:12,577 - WARNING - [AUDIT] 4455263676921725 订单丢失纠偏
2026-07-29 16:02:12,580 - WARNING - [AUDIT] 6079413036958135 订单丢失纠偏
2026-07-29 16:02:12,580 - WARNING - [AUDIT] 8665030358931242 订单丢失纠偏
2026-07-29 16:02:12,580 - WARNING - [AUDIT] 1495307552494407 订单丢失纠偏
2026-07-29 16:02:12,580 - WARNING - [AUDIT] 2608826086101062 订单丢失纠偏
2026-07-29 16:02:12,580 - WARNING - [AUDIT] 1107486019531506 订单丢失纠偏
2026-07-29 16:02:12,580 - WARNING - [AUDIT] 8455296868074346 订单丢失纠偏
2026-07-29 16:02:12,580 - WARNING - [AUDIT] 1154230654638001 订单丢失纠偏
2026-07-29 16:02:12,580 - WARNING - [AUDIT] 6621982731843365 订单丢失纠偏
2026-07-29 16:02:12,580 - WARNING - [AUDIT] 2987127638912248 订单丢失纠偏
2026-07-29 16:02:12,580 - WARNING - [AUDIT] 3163362723265445 订单丢失纠偏
2026-07-29 16:02:12,580 - WARNING - [AUDIT] 7238355651593860 订单丢失纠偏
2026-07-29 16:02:12,580 - WARNING - [AUDIT] 1150178838612323 订单丢失纠偏
2026-07-29 16:02:12,580 - WARNING - [AUDIT] 5069233318055878 订单丢失纠偏
2026-07-29 16:02:12,580 - WARNING - [AUDIT] 8461408730649695 订单丢失纠偏
2026-07-29 16:02:12,580 - WARNING - [AUDIT] 1126413069005528 订单丢失纠偏
2026-07-29 16:02:12,581 - WARNING - [AUDIT] 9923108436582854 订单丢失纠偏
2026-07-29 16:02:12,581 - WARNING - [AUDIT] 6629130560282330 订单丢失纠偏
2026-07-29 16:02:12,581 - WARNING - [AUDIT] 5690082784530203 订单丢失纠偏
2026-07-29 16:02:12,581 - WARNING - [AUDIT] 9530461278633684 订单丢失纠偏
2026-07-29 16:02:12,581 - WARNING - [AUDIT] 6319195884440646 订单丢失纠偏
2026-07-29 16:02:12,581 - WARNING - [AUDIT] 1001555291583629 订单丢失纠偏
2026-07-29 16:02:12,581 - WARNING - [AUDIT] 5173928304312758 订单丢失纠偏
2026-07-29 16:02:12,581 - WARNING - [AUDIT] 2777253507673553 订单丢失纠偏
2026-07-29 16:02:12,581 - WARNING - [AUDIT] 4379785612426100 订单丢失纠偏
2026-07-29 16:02:12,581 - WARNING - [AUDIT] 1648964280113991 订单丢失纠偏
2026-07-29 16:02:12,581 - WARNING - [AUDIT] 1106126980369581 订单丢失纠偏
2026-07-29 16:02:12,581 - WARNING - [AUDIT] 5727082889551751 订单丢失纠偏
2026-07-29 16:02:12,581 - WARNING - [AUDIT] 3068602426413270 订单丢失纠偏
2026-07-29 16:02:12,581 - WARNING - [AUDIT] 1047925632399163 订单丢失纠偏
2026-07-29 16:02:12,581 - WARNING - [AUDIT] 5187525504137206 订单丢失纠偏
2026-07-29 16:02:13,946 - WARNING - [POSITION] 9290178213767472 best_bid=0.35 < 成本0.3800-0.02=0.3600，取消卖单等待
2026-07-29 16:02:41,365 - INFO - [SCREENER] 183 markets in 6.9s | yes:43 no:11 | next in 30s
2026-07-29 16:03:21,025 - INFO - [SCREENER] 182 markets in 7.3s | yes:46 no:11 | next in 30s
2026-07-29 16:04:08,009 - INFO - [SCREENER] 180 markets in 14.6s | yes:43 no:11 | next in 30s
2026-07-29 16:04:28,896 - WARNING - [POSITION] 9290178213767472 best_bid=0.35 < 成本0.3800-0.02=0.3600，取消卖单等待
2026-07-29 16:05:04,516 - ERROR - [py_clob_client_v2] request error: [SSL: UNEXPECTED_EOF_WHILE_READING] EOF occurred in violation of protocol (_ssl.c:1000)
2026-07-29 16:05:06,250 - ERROR - [HEARTBEAT] 失败 (连续 1 次): 401 Client Error: Unauthorized for url: https://clob.polymarket.com/v1/heartbeats
2026-07-29 16:05:07,827 - INFO - [SCREENER] 181 markets in 28.9s | yes:44 no:11 | next in 30s
2026-07-29 16:05:26,124 - INFO - [SCREENER] 180 markets in 7.1s | yes:44 no:12 | next in 30s
2026-07-29 16:06:04,342 - INFO - [SCREENER] 182 markets in 6.0s | yes:42 no:11 | next in 30s
2026-07-29 16:06:27,250 - WARNING - [AUDIT] 3753667433097096 订单丢失纠偏
2026-07-29 16:06:27,250 - WARNING - [AUDIT] 1050467039669960 订单丢失纠偏
2026-07-29 16:06:27,250 - WARNING - [AUDIT] 1981470697000454 订单丢失纠偏
2026-07-29 16:06:27,250 - WARNING - [AUDIT] 8807013473938409 订单丢失纠偏
2026-07-29 16:06:27,251 - WARNING - [AUDIT] 1140824289903172 订单丢失纠偏
2026-07-29 16:06:27,251 - WARNING - [AUDIT] 9658234936421319 订单丢失纠偏
2026-07-29 16:06:27,251 - WARNING - [AUDIT] 5742413509160652 订单丢失纠偏
2026-07-29 16:06:27,251 - WARNING - [AUDIT] 2830245861047794 订单丢失纠偏
2026-07-29 16:06:27,251 - WARNING - [AUDIT] 4469030833584170 订单丢失纠偏
2026-07-29 16:06:27,251 - WARNING - [AUDIT] 2164547708738657 订单丢失纠偏
2026-07-29 16:06:27,251 - WARNING - [AUDIT] 4649822719517002 订单丢失纠偏
2026-07-29 16:06:27,251 - WARNING - [AUDIT] 4577693276594738 订单丢失纠偏
2026-07-29 16:06:27,252 - WARNING - [AUDIT] 9471737552867176 订单丢失纠偏
2026-07-29 16:06:27,252 - WARNING - [AUDIT] 2033596243255553 订单丢失纠偏
2026-07-29 16:06:27,252 - WARNING - [AUDIT] 4455263676921725 订单丢失纠偏
2026-07-29 16:06:27,252 - WARNING - [AUDIT] 6079413036958135 订单丢失纠偏
2026-07-29 16:06:27,252 - WARNING - [AUDIT] 8665030358931242 订单丢失纠偏
2026-07-29 16:06:27,252 - WARNING - [AUDIT] 2608826086101062 订单丢失纠偏
2026-07-29 16:06:27,252 - WARNING - [AUDIT] 1107486019531506 订单丢失纠偏
2026-07-29 16:06:27,252 - WARNING - [AUDIT] 8455296868074346 订单丢失纠偏
2026-07-29 16:06:27,252 - WARNING - [AUDIT] 1154230654638001 订单丢失纠偏
2026-07-29 16:06:27,253 - WARNING - [AUDIT] 6621982731843365 订单丢失纠偏
2026-07-29 16:06:27,253 - WARNING - [AUDIT] 2987127638912248 订单丢失纠偏
2026-07-29 16:06:27,253 - WARNING - [AUDIT] 3163362723265445 订单丢失纠偏
2026-07-29 16:06:27,253 - WARNING - [AUDIT] 7238355651593860 订单丢失纠偏
2026-07-29 16:06:27,253 - WARNING - [AUDIT] 5069233318055878 订单丢失纠偏
2026-07-29 16:06:27,253 - WARNING - [AUDIT] 8461408730649695 订单丢失纠偏
2026-07-29 16:06:27,253 - WARNING - [AUDIT] 9923108436582854 订单丢失纠偏
2026-07-29 16:06:27,253 - WARNING - [AUDIT] 6629130560282330 订单丢失纠偏
2026-07-29 16:06:27,254 - WARNING - [AUDIT] 9530461278633684 订单丢失纠偏
2026-07-29 16:06:27,254 - WARNING - [AUDIT] 6319195884440646 订单丢失纠偏
2026-07-29 16:06:27,254 - WARNING - [AUDIT] 4379785612426100 订单丢失纠偏
2026-07-29 16:06:27,254 - WARNING - [AUDIT] 1648964280113991 订单丢失纠偏
2026-07-29 16:06:27,254 - WARNING - [AUDIT] 5727082889551751 订单丢失纠偏
2026-07-29 16:06:27,254 - WARNING - [AUDIT] 1047925632399163 订单丢失纠偏
2026-07-29 16:06:27,254 - WARNING - [AUDIT] 4754445492306527 订单丢失纠偏
2026-07-29 16:06:27,254 - WARNING - [AUDIT] 9658552550054792 订单丢失纠偏
2026-07-29 16:06:27,254 - WARNING - [AUDIT] 4021450910460381 订单丢失纠偏
2026-07-29 16:06:27,254 - WARNING - [AUDIT] 4306399136212806 订单丢失纠偏
2026-07-29 16:06:27,254 - WARNING - [AUDIT] 4785924216663269 订单丢失纠偏
2026-07-29 16:06:27,254 - WARNING - [AUDIT] 1082561109215351 订单丢失纠偏
2026-07-29 16:06:27,254 - WARNING - [AUDIT] 9077404512420004 订单丢失纠偏
2026-07-29 16:06:27,254 - WARNING - [AUDIT] 5665574963884049 订单丢失纠偏
2026-07-29 16:06:27,254 - WARNING - [AUDIT] 1096071201107726 订单丢失纠偏
2026-07-29 16:06:27,255 - WARNING - [AUDIT] 3624954628644320 订单丢失纠偏
2026-07-29 16:06:27,255 - WARNING - [AUDIT] 2527556165798565 订单丢失纠偏
2026-07-29 16:06:28,973 - WARNING - [POSITION] 9290178213767472 best_bid=0.35 < 成本0.3800-0.02=0.3600，取消卖单等待
2026-07-29 16:06:46,301 - INFO - [SCREENER] 182 markets in 7.3s | yes:43 no:10 | next in 30s
2026-07-29 16:07:46,528 - INFO - [SCREENER] 182 markets in 27.9s | yes:43 no:7 | next in 30s
2026-07-29 16:08:06,760 - ERROR - [py_clob_client_v2] request error: [SSL: UNEXPECTED_EOF_WHILE_READING] EOF occurred in violation of protocol (_ssl.c:1000)
2026-07-29 16:08:10,738 - ERROR - [HEARTBEAT] 失败 (连续 1 次): 401 Client Error: Unauthorized for url: https://clob.polymarket.com/v1/heartbeats
2026-07-29 16:08:23,600 - INFO - [SCREENER] 179 markets in 25.8s | yes:46 no:8 | next in 30s
2026-07-29 16:08:27,702 - ERROR - [py_clob_client_v2] request error: Server disconnected
2026-07-29 16:08:27,703 - ERROR - [py_clob_client_v2] request error: Server disconnected
2026-07-29 16:08:27,703 - ERROR - [py_clob_client_v2] request error: Server disconnected
2026-07-29 16:08:27,703 - ERROR - [py_clob_client_v2] request error: Server disconnected
2026-07-29 16:08:27,703 - ERROR - 获取订单簿失败: 20335962432555531457... | PolyApiException[status_code=None, error_message=Request exception!]
2026-07-29 16:08:27,704 - ERROR - [py_clob_client_v2] request error: Server disconnected
2026-07-29 16:08:27,704 - ERROR - 获取订单簿失败: 45776932765947385810... | PolyApiException[status_code=None, error_message=Request exception!]
2026-07-29 16:08:27,704 - ERROR - [py_clob_client_v2] request error: Server disconnected
2026-07-29 16:08:27,704 - ERROR - [py_clob_client_v2] request error: Server disconnected
2026-07-29 16:08:27,704 - ERROR - [py_clob_client_v2] request error: Server disconnected
2026-07-29 16:08:27,704 - ERROR - 获取订单簿失败: 57424135091606529028... | PolyApiException[status_code=None, error_message=Request exception!]
2026-07-29 16:08:27,704 - ERROR - [py_clob_client_v2] request error: Server disconnected
2026-07-29 16:08:27,706 - ERROR - 获取订单簿失败: 21645477087386579404... | PolyApiException[status_code=None, error_message=Request exception!]
2026-07-29 16:08:27,705 - ERROR - 获取订单簿失败: 44690308335841706025... | PolyApiException[status_code=None, error_message=Request exception!]
2026-07-29 16:08:27,704 - ERROR - 获取订单簿失败: 44552636769217256870... | PolyApiException[status_code=None, error_message=Request exception!]
2026-07-29 16:08:27,707 - ERROR - 获取订单簿失败: 60794130369581359877... | PolyApiException[status_code=None, error_message=Request exception!]
2026-07-29 16:08:27,707 - ERROR - 获取订单簿失败: 86650303589312423132... | PolyApiException[status_code=None, error_message=Request exception!]
2026-07-29 16:08:27,707 - ERROR - 获取订单簿失败: 94717375528671760958... | PolyApiException[status_code=None, error_message=Request exception!]
2026-07-29 16:08:28,445 - WARNING - [RETRY] 5742413509160652 bids不足2档，10s后重试
2026-07-29 16:08:28,445 - WARNING - [RETRY] 4469030833584170 bids不足2档，10s后重试
2026-07-29 16:08:28,445 - WARNING - [RETRY] 2164547708738657 bids不足2档，10s后重试
2026-07-29 16:08:28,446 - WARNING - [RETRY] 4577693276594738 bids不足2档，10s后重试
2026-07-29 16:08:28,446 - WARNING - [RETRY] 9471737552867176 bids不足2档，10s后重试
2026-07-29 16:08:28,446 - WARNING - [RETRY] 2033596243255553 bids不足2档，10s后重试
2026-07-29 16:08:28,446 - WARNING - [RETRY] 4455263676921725 bids不足2档，10s后重试
2026-07-29 16:08:28,446 - WARNING - [RETRY] 6079413036958135 bids不足2档，10s后重试
2026-07-29 16:08:28,446 - WARNING - [RETRY] 8665030358931242 bids不足2档，10s后重试
2026-07-29 16:08:41,690 - INFO - [SCREENER] 181 markets in 7.2s | yes:47 no:9 | next in 30s
2026-07-29 16:08:43,581 - WARNING - [AUDIT] 1126413069005528 订单丢失纠偏
2026-07-29 16:08:43,582 - WARNING - [AUDIT] 1645017920148622 订单丢失纠偏
2026-07-29 16:08:43,582 - WARNING - [AUDIT] 5187525504137206 订单丢失纠偏
2026-07-29 16:08:43,582 - WARNING - [AUDIT] 3475849100824778 订单丢失纠偏
2026-07-29 16:08:44,920 - WARNING - [POSITION] 9290178213767472 best_bid=0.35 < 成本0.3800-0.02=0.3600，取消卖单等待
2026-07-29 16:09:12,674 - INFO - [SCREENER] 181 markets in 7.1s | yes:46 no:10 | next in 30s
2026-07-29 16:10:14,721 - INFO - [SCREENER] 183 markets in 29.4s | yes:52 no:8 | next in 30s
2026-07-29 16:10:16,229 - INFO - [BUY CONFIRMED] 未知 | No | size=2.7778 price=0.36
2026-07-29 16:10:52,138 - INFO - [SCREENER] 182 markets in 26.5s | yes:50 no:10 | next in 30s
2026-07-29 16:11:10,145 - INFO - [SCREENER] 183 markets in 6.8s | yes:50 no:9 | next in 30s
2026-07-29 16:11:13,156 - WARNING - [POSITION] 9290178213767472 best_bid=0.35 < 成本0.3800-0.02=0.3600，取消卖单等待
2026-07-29 16:11:40,697 - INFO - [SCREENER] 184 markets in 7.0s | yes:52 no:12 | next in 30s
2026-07-29 16:12:20,108 - INFO - [SCREENER] 183 markets in 7.1s | yes:47 no:13 | next in 30s
2026-07-29 16:12:59,973 - INFO - [SCREENER] 184 markets in 7.3s | yes:50 no:13 | next in 30s
2026-07-29 16:13:14,215 - WARNING - [POSITION] 9290178213767472 best_bid=0.35 < 成本0.3800-0.02=0.3600，取消卖单等待
2026-07-29 16:13:30,885 - INFO - [SCREENER] 186 markets in 6.7s | yes:48 no:13 | next in 30s
2026-07-29 16:14:13,162 - INFO - [SCREENER] 195 markets in 9.9s | yes:49 no:14 | next in 30s
2026-07-29 16:14:23,588 - ERROR - [POLL] 批量查询异常: HTTPSConnectionPool(host='clob.polymarket.com', port=443): Read timed out. (read timeout=10)
2026-07-29 16:14:45,405 - INFO - [SCREENER] 190 markets in 11.8s | yes:46 no:15 | next in 30s
2026-07-29 16:15:22,787 - INFO - [SCREENER] 190 markets in 15.2s | yes:48 no:14 | next in 30s
2026-07-29 16:15:36,953 - WARNING - [POSITION] 9290178213767472 best_bid=0.35 < 成本0.3800-0.02=0.3600，取消卖单等待
2026-07-29 16:15:54,329 - INFO - [SCREENER] 188 markets in 7.4s | yes:48 no:12 | next in 30s
2026-07-29 16:16:34,014 - INFO - [SCREENER] 188 markets in 7.3s | yes:50 no:12 | next in 30s
2026-07-29 16:16:50,240 - ERROR - [POLL] 批量查询异常: HTTPSConnectionPool(host='clob.polymarket.com', port=443): Max retries exceeded with url: /books (Caused by SSLError(SSLEOFError(8, '[SSL: UNEXPECTED_EOF_WHILE_READING] EOF occurred in violation of protocol (_ssl.c:1000)')))
2026-07-29 16:17:16,719 - INFO - [SCREENER] 189 markets in 16.5s | yes:48 no:13 | next in 30s
2026-07-29 16:17:57,476 - INFO - [SCREENER] 186 markets in 13.5s | yes:49 no:12 | next in 30s
2026-07-29 16:18:00,709 - WARNING - [POSITION] 9290178213767472 best_bid=0.35 < 成本0.3800-0.02=0.3600，取消卖单等待
2026-07-29 16:18:28,511 - INFO - [SCREENER] 186 markets in 7.0s | yes:47 no:13 | next in 30s
2026-07-29 16:19:07,721 - INFO - [SCREENER] 185 markets in 6.7s | yes:49 no:12 | next in 30s
2026-07-29 16:19:46,789 - INFO - [SCREENER] 184 markets in 6.9s | yes:47 no:12 | next in 30s
2026-07-29 16:20:09,527 - WARNING - [POSITION] 9290178213767472 best_bid=0.35 < 成本0.3800-0.02=0.3600，取消卖单等待
2026-07-29 16:20:28,308 - INFO - [SCREENER] 185 markets in 8.8s | yes:46 no:11 | next in 30s
2026-07-29 16:21:03,296 - INFO - [SCREENER] 185 markets in 12.3s | yes:47 no:12 | next in 30s
2026-07-29 16:21:31,895 - INFO - [SCREENER] 185 markets in 7.1s | yes:46 no:10 | next in 30s
2026-07-29 16:22:10,637 - INFO - [SCREENER] 183 markets in 6.6s | yes:48 no:11 | next in 30s
2026-07-29 16:22:13,914 - WARNING - [POSITION] 9290178213767472 best_bid=0.35 < 成本0.3800-0.02=0.3600，取消卖单等待
2026-07-29 16:22:42,151 - INFO - [SCREENER] 181 markets in 7.5s | yes:47 no:12 | next in 30s
2026-07-29 16:23:33,280 - ERROR - [py_clob_client_v2] request error: [SSL: UNEXPECTED_EOF_WHILE_READING] EOF occurred in violation of protocol (_ssl.c:1000)
2026-07-29 16:23:33,805 - ERROR - [HEARTBEAT] 失败 (连续 1 次): 401 Client Error: Unauthorized for url: https://clob.polymarket.com/v1/heartbeats
2026-07-29 16:23:35,110 - INFO - [SCREENER] 180 markets in 19.3s | yes:51 no:11 | next in 30s
2026-07-29 16:23:36,568 - ERROR - [BATCH CANCEL FAIL] 0x52e8ee7fdb174dc26f... | order can't be found - already canceled or matched
2026-07-29 16:23:36,979 - ERROR - [BATCH CANCEL] 5690082784530203 取消失败，清空 active_id 进入冷却兜底
2026-07-29 16:24:03,504 - INFO - [SCREENER] 181 markets in 17.5s | yes:48 no:11 | next in 30s
2026-07-29 16:24:25,970 - INFO - [SCREENER] 178 markets in 6.9s | yes:48 no:11 | next in 30s
2026-07-29 16:24:28,107 - WARNING - [AUDIT] 3753667433097096 订单丢失纠偏
2026-07-29 16:24:28,107 - WARNING - [AUDIT] 1050467039669960 订单丢失纠偏
2026-07-29 16:24:28,108 - WARNING - [AUDIT] 8807013473938409 订单丢失纠偏
2026-07-29 16:24:28,108 - WARNING - [AUDIT] 5742413509160652 订单丢失纠偏
2026-07-29 16:24:28,108 - WARNING - [AUDIT] 4469030833584170 订单丢失纠偏
2026-07-29 16:24:28,108 - WARNING - [AUDIT] 2164547708738657 订单丢失纠偏
2026-07-29 16:24:28,108 - WARNING - [AUDIT] 4649822719517002 订单丢失纠偏
2026-07-29 16:24:28,108 - WARNING - [AUDIT] 4577693276594738 订单丢失纠偏
2026-07-29 16:24:28,108 - WARNING - [AUDIT] 9471737552867176 订单丢失纠偏
2026-07-29 16:24:28,109 - WARNING - [AUDIT] 4455263676921725 订单丢失纠偏
2026-07-29 16:24:28,109 - WARNING - [AUDIT] 6079413036958135 订单丢失纠偏
2026-07-29 16:24:28,109 - WARNING - [AUDIT] 8455296868074346 订单丢失纠偏
2026-07-29 16:24:28,109 - WARNING - [AUDIT] 3163362723265445 订单丢失纠偏
2026-07-29 16:24:28,109 - WARNING - [AUDIT] 5069233318055878 订单丢失纠偏
2026-07-29 16:24:28,110 - WARNING - [AUDIT] 6629130560282330 订单丢失纠偏
2026-07-29 16:24:28,110 - WARNING - [AUDIT] 6319195884440646 订单丢失纠偏
2026-07-29 16:24:28,110 - WARNING - [AUDIT] 4379785612426100 订单丢失纠偏
2026-07-29 16:24:28,110 - WARNING - [AUDIT] 1047925632399163 订单丢失纠偏
2026-07-29 16:24:28,110 - WARNING - [AUDIT] 9658552550054792 订单丢失纠偏
2026-07-29 16:24:28,110 - WARNING - [AUDIT] 4021450910460381 订单丢失纠偏
2026-07-29 16:24:28,110 - WARNING - [AUDIT] 1082561109215351 订单丢失纠偏
2026-07-29 16:24:28,110 - WARNING - [AUDIT] 5665574963884049 订单丢失纠偏
2026-07-29 16:24:28,110 - WARNING - [AUDIT] 1096071201107726 订单丢失纠偏
2026-07-29 16:24:28,111 - WARNING - [AUDIT] 5187525504137206 订单丢失纠偏
2026-07-29 16:24:28,111 - WARNING - [AUDIT] 8017685603829740 订单丢失纠偏
2026-07-29 16:24:28,111 - WARNING - [AUDIT] 3317956206489901 订单丢失纠偏
2026-07-29 16:24:28,111 - WARNING - [AUDIT] 5173928304312758 订单丢失纠偏
2026-07-29 16:24:28,111 - WARNING - [AUDIT] 9077404512420004 订单丢失纠偏
2026-07-29 16:24:28,111 - WARNING - [AUDIT] 8461408730649695 订单丢失纠偏
2026-07-29 16:24:28,111 - WARNING - [AUDIT] 7677103133706603 订单丢失纠偏
2026-07-29 16:24:28,111 - WARNING - [AUDIT] 1024901928493356 订单丢失纠偏
2026-07-29 16:24:28,111 - WARNING - [AUDIT] 9209537011088003 订单丢失纠偏
2026-07-29 16:24:28,111 - WARNING - [AUDIT] 1150178838612323 订单丢失纠偏
2026-07-29 16:24:28,112 - WARNING - [AUDIT] 7862020853514833 订单丢失纠偏
2026-07-29 16:24:28,112 - WARNING - [AUDIT] 3068602426413270 订单丢失纠偏
2026-07-29 16:24:28,112 - WARNING - [AUDIT] 6945851986459540 订单丢失纠偏
2026-07-29 16:24:28,112 - WARNING - [AUDIT] 2608826086101062 订单丢失纠偏
2026-07-29 16:24:28,112 - WARNING - [AUDIT] 2033596243255553 订单丢失纠偏
2026-07-29 16:24:28,112 - WARNING - [AUDIT] 1303241453322048 订单丢失纠偏
2026-07-29 16:24:28,112 - WARNING - [AUDIT] 3553748540001749 订单丢失纠偏
2026-07-29 16:24:28,112 - WARNING - [AUDIT] 9923108436582854 订单丢失纠偏
2026-07-29 16:24:28,112 - WARNING - [AUDIT] 4306399136212806 订单丢失纠偏
2026-07-29 16:24:28,113 - WARNING - [AUDIT] 2830245861047794 订单丢失纠偏
2026-07-29 16:24:28,113 - WARNING - [AUDIT] 2397622545537952 订单丢失纠偏
2026-07-29 16:24:28,113 - WARNING - [AUDIT] 5876813217369463 订单丢失纠偏
2026-07-29 16:24:28,113 - WARNING - [AUDIT] 6621982731843365 订单丢失纠偏
2026-07-29 16:24:28,113 - WARNING - [AUDIT] 7763887955587621 订单丢失纠偏
2026-07-29 16:24:29,490 - WARNING - [POSITION] 9290178213767472 best_bid=0.35 < 成本0.3800-0.02=0.3600，取消卖单等待
2026-07-29 16:24:57,192 - INFO - [SCREENER] 178 markets in 7.1s | yes:51 no:11 | next in 30s
2026-07-29 16:25:36,244 - INFO - [SCREENER] 180 markets in 6.4s | yes:49 no:12 | next in 30s
2026-07-29 16:26:15,247 - INFO - [SCREENER] 177 markets in 6.5s | yes:50 no:11 | next in 30s
2026-07-29 16:26:28,697 - WARNING - [POSITION] 9290178213767472 best_bid=0.35 < 成本0.3800-0.02=0.3600，取消卖单等待
2026-07-29 16:26:45,437 - INFO - [SCREENER] 178 markets in 6.7s | yes:48 no:11 | next in 30s
2026-07-29 16:27:25,046 - INFO - [SCREENER] 177 markets in 6.9s | yes:46 no:13 | next in 30s
2026-07-29 16:28:05,861 - INFO - [SCREENER] 176 markets in 6.6s | yes:48 no:13 | next in 30s
2026-07-29 16:28:34,086 - WARNING - [POSITION] 9290178213767472 best_bid=0.35 < 成本0.3800-0.02=0.3600，取消卖单等待
2026-07-29 16:28:50,451 - INFO - [SCREENER] 174 markets in 6.4s | yes:48 no:10 | next in 30s
2026-07-29 16:29:29,362 - INFO - [SCREENER] 178 markets in 6.9s | yes:46 no:11 | next in 30s
2026-07-29 16:30:16,548 - INFO - [SCREENER] 182 markets in 15.0s | yes:41 no:10 | next in 30s
2026-07-29 16:30:56,320 - INFO - [SCREENER] 184 markets in 17.2s | yes:41 no:9 | next in 30s
2026-07-29 16:31:02,070 - WARNING - [POSITION] 9290178213767472 best_bid=0.35 < 成本0.3800-0.02=0.3600，取消卖单等待
2026-07-29 16:31:18,577 - INFO - [SCREENER] 180 markets in 6.5s | yes:41 no:9 | next in 30s
2026-07-29 16:31:57,713 - INFO - [SCREENER] 181 markets in 6.8s | yes:41 no:10 | next in 30s
2026-07-29 16:32:36,754 - INFO - [SCREENER] 176 markets in 6.7s | yes:42 no:12 | next in 30s
2026-07-29 16:32:50,632 - WARNING - [POSITION] 9290178213767472 best_bid=0.35 < 成本0.3800-0.02=0.3600，取消卖单等待
2026-07-29 16:33:06,932 - INFO - [SCREENER] 177 markets in 6.3s | yes:42 no:11 | next in 30s
2026-07-29 16:33:46,572 - INFO - [SCREENER] 177 markets in 7.5s | yes:42 no:13 | next in 30s
2026-07-29 16:34:26,300 - INFO - [SCREENER] 177 markets in 6.5s | yes:46 no:11 | next in 30s
2026-07-29 16:34:41,432 - ERROR - [py_clob_client_v2] request error: Server disconnected
2026-07-29 16:34:41,432 - ERROR - [py_clob_client_v2] request error: Server disconnected
2026-07-29 16:34:41,433 - ERROR - 获取订单簿失败: 43295067416142422967... | PolyApiException[status_code=None, error_message=Request exception!]
2026-07-29 16:34:41,434 - ERROR - 获取订单簿失败: 26191070400927045983... | PolyApiException[status_code=None, error_message=Request exception!]
2026-07-29 16:34:42,432 - WARNING - [RETRY] 4329506741614242 bids不足2档，10s后重试
2026-07-29 16:34:42,432 - WARNING - [RETRY] 2619107040092704 bids不足2档，10s后重试
2026-07-29 16:35:01,795 - INFO - [SCREENER] 175 markets in 10.4s | yes:44 no:11 | next in 30s
2026-07-29 16:35:05,076 - WARNING - [POSITION] 9290178213767472 best_bid=0.35 < 成本0.3800-0.02=0.3600，取消卖单等待
2026-07-29 16:35:32,852 - INFO - [SCREENER] 176 markets in 7.2s | yes:44 no:12 | next in 30s
2026-07-29 16:36:11,689 - INFO - [SCREENER] 181 markets in 6.7s | yes:47 no:12 | next in 30s
2026-07-29 16:36:58,276 - INFO - [SCREENER] 182 markets in 13.4s | yes:42 no:12 | next in 30s
2026-07-29 16:36:59,928 - ERROR - [BATCH CANCEL FAIL] 0x584f82e330fa44ff94... | order can't be found - already canceled or matched
2026-07-29 16:37:00,438 - ERROR - [BATCH CANCEL] 4306399136212806 取消失败，清空 active_id 进入冷却兜底
2026-07-29 16:37:11,429 - WARNING - [AUDIT] 3753667433097096 订单丢失纠偏
2026-07-29 16:37:11,429 - WARNING - [AUDIT] 1050467039669960 订单丢失纠偏
2026-07-29 16:37:11,429 - WARNING - [AUDIT] 8807013473938409 订单丢失纠偏
2026-07-29 16:37:11,429 - WARNING - [AUDIT] 5742413509160652 订单丢失纠偏
2026-07-29 16:37:11,429 - WARNING - [AUDIT] 4469030833584170 订单丢失纠偏
2026-07-29 16:37:11,430 - WARNING - [AUDIT] 2164547708738657 订单丢失纠偏
2026-07-29 16:37:11,430 - WARNING - [AUDIT] 4649822719517002 订单丢失纠偏
2026-07-29 16:37:11,430 - WARNING - [AUDIT] 4577693276594738 订单丢失纠偏
2026-07-29 16:37:11,430 - WARNING - [AUDIT] 6079413036958135 订单丢失纠偏
2026-07-29 16:37:11,430 - WARNING - [AUDIT] 3163362723265445 订单丢失纠偏
2026-07-29 16:37:11,430 - WARNING - [AUDIT] 5069233318055878 订单丢失纠偏
2026-07-29 16:37:11,430 - WARNING - [AUDIT] 6629130560282330 订单丢失纠偏
2026-07-29 16:37:11,431 - WARNING - [AUDIT] 6319195884440646 订单丢失纠偏
2026-07-29 16:37:11,431 - WARNING - [AUDIT] 4379785612426100 订单丢失纠偏
2026-07-29 16:37:11,431 - WARNING - [AUDIT] 1047925632399163 订单丢失纠偏
2026-07-29 16:37:11,432 - WARNING - [AUDIT] 4021450910460381 订单丢失纠偏
2026-07-29 16:37:11,432 - WARNING - [AUDIT] 1082561109215351 订单丢失纠偏
2026-07-29 16:37:11,432 - WARNING - [AUDIT] 5665574963884049 订单丢失纠偏
2026-07-29 16:37:11,432 - WARNING - [AUDIT] 1096071201107726 订单丢失纠偏
2026-07-29 16:37:11,432 - WARNING - [AUDIT] 5187525504137206 订单丢失纠偏
2026-07-29 16:37:11,432 - WARNING - [AUDIT] 5690082784530203 订单丢失纠偏
2026-07-29 16:37:11,432 - WARNING - [AUDIT] 8017685603829740 订单丢失纠偏
2026-07-29 16:37:11,432 - WARNING - [AUDIT] 3317956206489901 订单丢失纠偏
2026-07-29 16:37:11,432 - WARNING - [AUDIT] 5173928304312758 订单丢失纠偏
2026-07-29 16:37:11,432 - WARNING - [AUDIT] 9077404512420004 订单丢失纠偏
2026-07-29 16:37:11,432 - WARNING - [AUDIT] 8461408730649695 订单丢失纠偏
2026-07-29 16:37:11,432 - WARNING - [AUDIT] 1150178838612323 订单丢失纠偏
2026-07-29 16:37:11,432 - WARNING - [AUDIT] 7862020853514833 订单丢失纠偏
2026-07-29 16:37:11,432 - WARNING - [AUDIT] 3068602426413270 订单丢失纠偏
2026-07-29 16:37:11,432 - WARNING - [AUDIT] 6945851986459540 订单丢失纠偏
2026-07-29 16:37:11,433 - WARNING - [AUDIT] 2608826086101062 订单丢失纠偏
2026-07-29 16:37:11,433 - WARNING - [AUDIT] 2033596243255553 订单丢失纠偏
2026-07-29 16:37:11,433 - WARNING - [AUDIT] 1303241453322048 订单丢失纠偏
2026-07-29 16:37:11,433 - WARNING - [AUDIT] 9923108436582854 订单丢失纠偏
2026-07-29 16:37:11,433 - WARNING - [AUDIT] 1981470697000454 订单丢失纠偏
2026-07-29 16:37:11,433 - WARNING - [AUDIT] 4853728431270722 订单丢失纠偏
2026-07-29 16:37:11,433 - WARNING - [AUDIT] 5628291943280744 订单丢失纠偏
2026-07-29 16:37:11,434 - WARNING - [AUDIT] 6512084481618349 订单丢失纠偏
2026-07-29 16:37:11,434 - WARNING - [AUDIT] 1645017920148622 订单丢失纠偏
2026-07-29 16:37:11,434 - WARNING - [AUDIT] 4754445492306527 订单丢失纠偏
2026-07-29 16:37:11,434 - WARNING - [AUDIT] 1211060500189335 订单丢失纠偏
2026-07-29 16:37:11,434 - WARNING - [AUDIT] 2314986233722398 订单丢失纠偏
2026-07-29 16:37:11,434 - WARNING - [AUDIT] 2008944663388461 订单丢失纠偏
2026-07-29 16:37:11,434 - WARNING - [AUDIT] 7192843993999372 订单丢失纠偏
2026-07-29 16:37:11,434 - WARNING - [AUDIT] 1980142990093654 订单丢失纠偏
2026-07-29 16:37:11,434 - WARNING - [AUDIT] 4982711891639792 订单丢失纠偏
2026-07-29 16:37:11,434 - WARNING - [AUDIT] 2987127638912248 订单丢失纠偏
2026-07-29 16:37:11,436 - WARNING - [AUDIT] 7974103200923832 订单丢失纠偏
2026-07-29 16:37:36,800 - INFO - [SCREENER] 182 markets in 11.7s | yes:48 no:10 | next in 30s
2026-07-29 16:38:05,130 - INFO - [SCREENER] 185 markets in 6.5s | yes:51 no:12 | next in 30s
2026-07-29 16:38:44,448 - INFO - [SCREENER] 182 markets in 6.8s | yes:49 no:12 | next in 30s
2026-07-29 16:39:23,219 - INFO - [SCREENER] 180 markets in 6.8s | yes:51 no:12 | next in 30s
2026-07-29 16:39:26,320 - WARNING - [POSITION] 9290178213767472 best_bid=0.35 < 成本0.3800-0.02=0.3600，取消卖单等待
2026-07-29 16:39:53,916 - INFO - [SCREENER] 181 markets in 6.8s | yes:52 no:12 | next in 30s
2026-07-29 16:40:33,006 - INFO - [SCREENER] 181 markets in 7.0s | yes:54 no:13 | next in 30s
2026-07-29 16:41:23,052 - INFO - [SCREENER] 185 markets in 14.1s | yes:54 no:14 | next in 30s
2026-07-29 16:42:00,646 - INFO - [SCREENER] 183 markets in 11.8s | yes:57 no:17 | next in 30s
2026-07-29 16:42:29,105 - INFO - [SCREENER] 185 markets in 6.7s | yes:58 no:18 | next in 30s
2026-07-29 16:43:08,403 - INFO - [SCREENER] 188 markets in 7.1s | yes:58 no:17 | next in 30s
2026-07-29 16:43:54,197 - INFO - [SCREENER] 187 markets in 12.8s | yes:59 no:15 | next in 30s
2026-07-29 16:43:57,445 - WARNING - [POSITION] 9290178213767472 best_bid=0.35 < 成本0.3800-0.02=0.3600，取消卖单等待
2026-07-29 16:44:30,523 - INFO - [SCREENER] 187 markets in 12.0s | yes:57 no:14 | next in 30s
2026-07-29 16:44:59,725 - INFO - [SCREENER] 188 markets in 7.5s | yes:53 no:14 | next in 30s
2026-07-29 16:45:38,647 - INFO - [SCREENER] 189 markets in 6.6s | yes:52 no:14 | next in 30s
2026-07-29 16:45:52,721 - WARNING - [POSITION] 9290178213767472 best_bid=0.35 < 成本0.3800-0.02=0.3600，取消卖单等待
2026-07-29 16:46:09,143 - INFO - [SCREENER] 185 markets in 6.4s | yes:53 no:14 | next in 30s
2026-07-29 16:46:48,478 - INFO - [SCREENER] 188 markets in 6.8s | yes:51 no:15 | next in 30s
2026-07-29 16:46:48,784 - ERROR - [py_clob_client_v2] request error: Server disconnected
2026-07-29 16:46:48,784 - ERROR - [py_clob_client_v2] request error: Server disconnected
2026-07-29 16:46:48,784 - ERROR - [py_clob_client_v2] request error: Server disconnected
2026-07-29 16:46:48,784 - ERROR - [CANCEL FAIL] 0xe170f7d0b920bb60bf... | PolyApiException[status_code=None, error_message=Request exception!]
2026-07-29 16:46:48,784 - ERROR - 查询订单失败: PolyApiException[status_code=None, error_message=Request exception!]
2026-07-29 16:46:48,784 - ERROR - [CANCEL FAIL] 0x37d607beef13e580ae... | PolyApiException[status_code=None, error_message=Request exception!]
2026-07-29 16:46:48,785 - ERROR - [DISCOVER] 订单查询失败，跳过本周期
2026-07-29 16:46:49,370 - ERROR - [CANCEL FAIL] 0xe170f7d0b920bb60bf 订单仍存活在交易所！保持 RESTING
2026-07-29 16:46:49,370 - ERROR - [CANCEL FAIL] 0x37d607beef13e580ae 订单仍存活在交易所！保持 RESTING
2026-07-29 16:47:36,923 - INFO - [SCREENER] 190 markets in 15.8s | yes:51 no:14 | next in 30s
2026-07-29 16:48:18,299 - INFO - [SCREENER] 189 markets in 18.8s | yes:52 no:13 | next in 30s
2026-07-29 16:48:20,304 - WARNING - [AUDIT] 2033596243255553 订单丢失纠偏
2026-07-29 16:48:20,305 - WARNING - [AUDIT] 2397622545537952 订单丢失纠偏
2026-07-29 16:48:21,624 - WARNING - [POSITION] 9290178213767472 best_bid=0.35 < 成本0.3800-0.02=0.3600，取消卖单等待
2026-07-29 16:48:38,704 - INFO - [SCREENER] 190 markets in 7.1s | yes:52 no:13 | next in 30s
2026-07-29 16:49:18,594 - INFO - [SCREENER] 192 markets in 7.4s | yes:49 no:14 | next in 30s
2026-07-29 16:49:57,379 - INFO - [SCREENER] 191 markets in 6.7s | yes:50 no:13 | next in 30s
2026-07-29 16:50:11,628 - WARNING - [POSITION] 9290178213767472 best_bid=0.35 < 成本0.3800-0.02=0.3600，取消卖单等待
2026-07-29 16:50:28,939 - INFO - [SCREENER] 192 markets in 7.3s | yes:52 no:14 | next in 30s
2026-07-29 16:51:08,113 - INFO - [SCREENER] 195 markets in 6.8s | yes:51 no:16 | next in 30s
2026-07-29 16:51:47,350 - INFO - [SCREENER] 195 markets in 7.0s | yes:52 no:16 | next in 30s
2026-07-29 16:52:12,228 - WARNING - [POSITION] 9290178213767472 best_bid=0.35 < 成本0.3800-0.02=0.3600，取消卖单等待
2026-07-29 16:52:29,841 - INFO - [SCREENER] 194 markets in 7.6s | yes:52 no:17 | next in 30s
2026-07-29 16:53:08,984 - INFO - [SCREENER] 191 markets in 7.0s | yes:52 no:17 | next in 30s
2026-07-29 16:53:49,074 - INFO - [SCREENER] 195 markets in 7.6s | yes:49 no:14 | next in 30s
2026-07-29 16:54:14,097 - WARNING - [POSITION] 9290178213767472 best_bid=0.35 < 成本0.3800-0.02=0.3600，取消卖单等待
2026-07-29 16:54:30,549 - INFO - [SCREENER] 196 markets in 6.4s | yes:51 no:15 | next in 30s
2026-07-29 16:54:30,834 - ERROR - [py_clob_client_v2] request error: Server disconnected
2026-07-29 16:54:30,834 - ERROR - [py_clob_client_v2] request error: Server disconnected
2026-07-29 16:54:30,834 - ERROR - 查询订单失败: PolyApiException[status_code=None, error_message=Request exception!]
2026-07-29 16:54:30,834 - ERROR - [DISCOVER] 订单查询失败，跳过本周期
2026-07-29 16:54:31,318 - ERROR - [HEARTBEAT] 失败 (连续 1 次): 401 Client Error: Unauthorized for url: https://clob.polymarket.com/v1/heartbeats
2026-07-29 16:54:32,814 - ERROR - [py_clob_client_v2] request error status=400 url=https://clob.polymarket.com/v1/heartbeats body={"heartbeat_id":"086fc9a9-11a2-4ff9-a3f2-4c59955791ef","error_msg":"Invalid Heartbeat ID"}
2026-07-29 16:54:32,814 - INFO - [HEARTBEAT] 从 SDK 错误恢复 heartbeat_id: 086fc9a9-11a2-4f (旧: fcfae4e9-84ad-49)
2026-07-29 16:54:33,061 - INFO - [HEARTBEAT] OK (recovered) id=126226dc-85ab-41
2026-07-29 16:55:09,190 - INFO - [SCREENER] 195 markets in 6.7s | yes:52 no:16 | next in 30s
2026-07-29 16:55:48,627 - INFO - [SCREENER] 193 markets in 7.0s | yes:52 no:18 | next in 30s
2026-07-29 16:56:27,536 - INFO - [SCREENER] 191 markets in 6.2s | yes:46 no:12 | next in 30s
2026-07-29 16:56:31,243 - WARNING - [POSITION] 9290178213767472 best_bid=0.35 < 成本0.3800-0.02=0.3600，取消卖单等待
2026-07-29 16:56:59,538 - INFO - [SCREENER] 194 markets in 7.7s | yes:45 no:12 | next in 30s
2026-07-29 16:57:38,566 - INFO - [SCREENER] 194 markets in 6.4s | yes:44 no:9 | next in 30s
2026-07-29 16:58:17,214 - INFO - [SCREENER] 192 markets in 6.4s | yes:45 no:9 | next in 30s
2026-07-29 16:58:31,094 - WARNING - [POSITION] 9290178213767472 best_bid=0.35 < 成本0.3800-0.02=0.3600，取消卖单等待
2026-07-29 16:58:47,723 - INFO - [SCREENER] 193 markets in 6.6s | yes:45 no:10 | next in 30s
2026-07-29 16:59:26,572 - INFO - [SCREENER] 193 markets in 6.6s | yes:49 no:10 | next in 30s
2026-07-29 16:59:26,876 - ERROR - [py_clob_client_v2] request error: Server disconnected
2026-07-29 16:59:26,876 - ERROR - [py_clob_client_v2] request error: Server disconnected
2026-07-29 16:59:26,877 - ERROR - [CANCEL FAIL] 0xaf7aae2497ae601ee2... | PolyApiException[status_code=None, error_message=Request exception!]
2026-07-29 16:59:26,877 - ERROR - [py_clob_client_v2] request error: Server disconnected
2026-07-29 16:59:26,877 - ERROR - 查询订单失败: PolyApiException[status_code=None, error_message=Request exception!]
2026-07-29 16:59:26,877 - ERROR - [CANCEL FAIL] 0x77b6aa675834b98459... | PolyApiException[status_code=None, error_message=Request exception!]
2026-07-29 16:59:26,878 - ERROR - [DISCOVER] 订单查询失败，跳过本周期
2026-07-29 16:59:27,578 - ERROR - [CANCEL FAIL] 0xaf7aae2497ae601ee2 订单仍存活在交易所！保持 RESTING
2026-07-29 16:59:27,579 - ERROR - [CANCEL FAIL] 0x77b6aa675834b98459 订单仍存活在交易所！保持 RESTING
2026-07-29 16:59:29,612 - INFO - 收到停止信号，优雅退出...
2026-07-29 16:59:30,581 - INFO - 开始优雅关闭...
2026-07-29 16:59:30,838 - INFO - [CANCEL ALL] 51 已取消 | 系统关闭
2026-07-29 16:59:30,849 - WARNING - [USER WS] close code=None reason=None
2026-07-29 16:59:34,810 - INFO - [HEARTBEAT] 已停止
2026-07-29 16:59:34,810 - INFO - ============================================================
系统已停止
============================================================
2026-07-29 18:41:03,157 - INFO - ============================================================
2026-07-29 18:41:03,157 - INFO - Maker-only Guardian V7.0 启动
2026-07-29 18:41:03,157 - INFO - 地址: 0x304bf40e9e50c265f6dd86417707d5b41d8ea619 | 档: 2 | 量: 50 | 冷却: 120s | 心跳: 7.0s
2026-07-29 18:41:03,157 - INFO - ============================================================
2026-07-29 18:41:03,161 - INFO - [HEARTBEAT] 已启动 interval=7.0s
2026-07-29 18:41:05,939 - ERROR - [py_clob_client_v2] request error: [SSL: UNEXPECTED_EOF_WHILE_READING] EOF occurred in violation of protocol (_ssl.c:1000)
2026-07-29 18:41:06,143 - ERROR - [USER WS ERR] [SSL: UNEXPECTED_EOF_WHILE_READING] EOF occurred in violation of protocol (_ssl.c:1000)
2026-07-29 18:41:06,144 - ERROR - [SSL: UNEXPECTED_EOF_WHILE_READING] EOF occurred in violation of protocol (_ssl.c:1000) - goodbye
2026-07-29 18:41:06,144 - WARNING - [USER WS] close code=None reason=None
2026-07-29 18:41:06,144 - WARNING - [USER WS] 断开，5s 后重连...
2026-07-29 18:41:08,700 - ERROR - [HEARTBEAT] 失败 (连续 1 次): HTTPSConnectionPool(host='clob.polymarket.com', port=443): Max retries exceeded with url: /v1/heartbeats (Caused by SSLError(SSLEOFError(8, '[SSL: UNEXPECTED_EOF_WHILE_READING] EOF occurred in violation of protocol (_ssl.c:1000)')))
2026-07-29 18:41:08,716 - ERROR - [py_clob_client_v2] request error: [SSL: UNEXPECTED_EOF_WHILE_READING] EOF occurred in violation of protocol (_ssl.c:1000)
2026-07-29 18:41:08,716 - ERROR - 查询订单失败: PolyApiException[status_code=None, error_message=Request exception!]
2026-07-29 18:41:08,717 - ERROR - [DISCOVER] 订单查询失败，跳过本周期
2026-07-29 18:41:12,432 - ERROR - [py_clob_client_v2] request error: [SSL: UNEXPECTED_EOF_WHILE_READING] EOF occurred in violation of protocol (_ssl.c:1000)
2026-07-29 18:41:13,535 - ERROR - [USER WS ERR] [SSL: UNEXPECTED_EOF_WHILE_READING] EOF occurred in violation of protocol (_ssl.c:1000)
2026-07-29 18:41:13,535 - ERROR - [SSL: UNEXPECTED_EOF_WHILE_READING] EOF occurred in violation of protocol (_ssl.c:1000) - goodbye
2026-07-29 18:41:13,536 - WARNING - [USER WS] close code=None reason=None
2026-07-29 18:41:13,537 - WARNING - [USER WS] 断开，5s 后重连...
2026-07-29 18:41:16,587 - ERROR - [HEARTBEAT] 失败 (连续 2 次): HTTPSConnectionPool(host='clob.polymarket.com', port=443): Max retries exceeded with url: /v1/heartbeats (Caused by SSLError(SSLEOFError(8, '[SSL: UNEXPECTED_EOF_WHILE_READING] EOF occurred in violation of protocol (_ssl.c:1000)')))
2026-07-29 18:41:20,965 - ERROR - [py_clob_client_v2] request error: [SSL: UNEXPECTED_EOF_WHILE_READING] EOF occurred in violation of protocol (_ssl.c:1000)
2026-07-29 18:41:21,967 - ERROR - [USER WS ERR] [SSL: UNEXPECTED_EOF_WHILE_READING] EOF occurred in violation of protocol (_ssl.c:1000)
2026-07-29 18:41:21,967 - ERROR - [SSL: UNEXPECTED_EOF_WHILE_READING] EOF occurred in violation of protocol (_ssl.c:1000) - goodbye
2026-07-29 18:41:21,967 - WARNING - [USER WS] close code=None reason=None
2026-07-29 18:41:21,968 - WARNING - [USER WS] 断开，5s 后重连...
2026-07-29 18:41:24,380 - ERROR - [HEARTBEAT] 失败 (连续 3 次): HTTPSConnectionPool(host='clob.polymarket.com', port=443): Max retries exceeded with url: /v1/heartbeats (Caused by SSLError(SSLEOFError(8, '[SSL: UNEXPECTED_EOF_WHILE_READING] EOF occurred in violation of protocol (_ssl.c:1000)')))
2026-07-29 18:41:24,380 - CRITICAL - [HEARTBEAT] 连续失败 3 次！订单将在 ~7 秒后被交易所自动取消！
2026-07-29 18:41:29,576 - ERROR - [USER WS ERR] [SSL: UNEXPECTED_EOF_WHILE_READING] EOF occurred in violation of protocol (_ssl.c:1000)
2026-07-29 18:41:29,577 - ERROR - [SSL: UNEXPECTED_EOF_WHILE_READING] EOF occurred in violation of protocol (_ssl.c:1000) - goodbye
2026-07-29 18:41:29,577 - WARNING - [USER WS] close code=None reason=None
2026-07-29 18:41:29,578 - WARNING - [USER WS] 断开，5s 后重连...
2026-07-29 18:41:34,108 - ERROR - [py_clob_client_v2] request error: [SSL: UNEXPECTED_EOF_WHILE_READING] EOF occurred in violation of protocol (_ssl.c:1000)
2026-07-29 18:41:36,990 - ERROR - [HEARTBEAT] 失败 (连续 4 次): HTTPSConnectionPool(host='clob.polymarket.com', port=443): Max retries exceeded with url: /v1/heartbeats (Caused by SSLError(SSLEOFError(8, '[SSL: UNEXPECTED_EOF_WHILE_READING] EOF occurred in violation of protocol (_ssl.c:1000)')))
2026-07-29 18:41:36,990 - CRITICAL - [HEARTBEAT] 连续失败 4 次！订单将在 ~7 秒后被交易所自动取消！
2026-07-29 18:41:37,738 - ERROR - [USER WS ERR] [SSL: UNEXPECTED_EOF_WHILE_READING] EOF occurred in violation of protocol (_ssl.c:1000)
2026-07-29 18:41:37,738 - ERROR - [SSL: UNEXPECTED_EOF_WHILE_READING] EOF occurred in violation of protocol (_ssl.c:1000) - goodbye
2026-07-29 18:41:37,738 - WARNING - [USER WS] close code=None reason=None
2026-07-29 18:41:37,739 - WARNING - [USER WS] 断开，5s 后重连...
2026-07-29 18:41:45,706 - INFO - [SCREENER] 197 markets in 7.0s | yes:66 no:12 | next in 30s
2026-07-29 18:41:56,003 - ERROR - [py_clob_client_v2] request error: Server disconnected
2026-07-29 18:41:56,003 - ERROR - [py_clob_client_v2] request error: Server disconnected
2026-07-29 18:41:56,003 - ERROR - [PLACE FAIL] 4021450910460381... price=0.29 attempt=1/2 | PolyApiException[status_code=None, error_message=Request exception!]
2026-07-29 18:41:56,004 - ERROR - [PLACE FAIL] 6079413036958135... price=0.40 attempt=1/2 | PolyApiException[status_code=None, error_message=Request exception!]
2026-07-29 18:41:59,615 - ERROR - [py_clob_client_v2] request error: Server disconnected
2026-07-29 18:41:59,615 - ERROR - [py_clob_client_v2] request error: Server disconnected
2026-07-29 18:41:59,615 - ERROR - [py_clob_client_v2] request error: Server disconnected
2026-07-29 18:41:59,615 - ERROR - [PLACE FAIL] 9079945568488785... price=0.27 attempt=1/2 | PolyApiException[status_code=None, error_message=Request exception!]
2026-07-29 18:41:59,615 - ERROR - [PLACE FAIL] 2702503326839325... price=0.41 attempt=1/2 | PolyApiException[status_code=None, error_message=Request exception!]
2026-07-29 18:41:59,616 - ERROR - [PLACE FAIL] 1044492815303529... price=0.43 attempt=1/2 | PolyApiException[status_code=None, error_message=Request exception!]
2026-07-29 18:42:05,086 - ERROR - [py_clob_client_v2] request error: Server disconnected
2026-07-29 18:42:05,086 - ERROR - [py_clob_client_v2] request error: Server disconnected
2026-07-29 18:42:05,086 - ERROR - [py_clob_client_v2] request error: Server disconnected
2026-07-29 18:42:05,086 - ERROR - 获取订单簿失败: 11542306546380013193... | PolyApiException[status_code=None, error_message=Request exception!]
2026-07-29 18:42:05,086 - ERROR - [py_clob_client_v2] request error: Server disconnected
2026-07-29 18:42:05,086 - ERROR - 获取订单簿失败: 17311016417563031855... | PolyApiException[status_code=None, error_message=Request exception!]
2026-07-29 18:42:05,086 - ERROR - [py_clob_client_v2] request error: Server disconnected
2026-07-29 18:42:05,087 - ERROR - 获取订单簿失败: 80176856038297409790... | PolyApiException[status_code=None, error_message=Request exception!]
2026-07-29 18:42:05,087 - ERROR - 获取订单簿失败: 33179562064899012071... | PolyApiException[status_code=None, error_message=Request exception!]
2026-07-29 18:42:05,088 - ERROR - [PLACE FAIL] 9605998236724750... price=0.28 attempt=1/2 | PolyApiException[status_code=None, error_message=Request exception!]
2026-07-29 18:42:06,083 - WARNING - [RETRY] 1154230654638001 bids不足2档，10s后重试
2026-07-29 18:42:06,084 - WARNING - [RETRY] 1731101641756303 bids不足2档，10s后重试
2026-07-29 18:42:06,086 - WARNING - [RETRY] 8017685603829740 bids不足2档，10s后重试
2026-07-29 18:42:06,086 - WARNING - [RETRY] 3317956206489901 bids不足2档，10s后重试
2026-07-29 18:42:24,628 - INFO - [SCREENER] 197 markets in 6.8s | yes:66 no:13 | next in 30s
2026-07-29 18:42:31,267 - INFO - 收到停止信号，优雅退出...
2026-07-29 18:42:31,460 - INFO - 开始优雅关闭...
2026-07-29 18:42:31,729 - INFO - [CANCEL ALL] 73 已取消 | 系统关闭
2026-07-29 18:42:31,730 - WARNING - [USER WS] close code=None reason=None
2026-07-29 18:42:35,187 - INFO - [HEARTBEAT] 已停止
2026-07-29 18:42:35,187 - INFO - ============================================================
系统已停止
============================================================
2026-07-29 18:42:54,094 - INFO - ============================================================
2026-07-29 18:42:54,094 - INFO - Maker-only Guardian V7.0 启动
2026-07-29 18:42:54,094 - INFO - 地址: 0x304bf40e9e50c265f6dd86417707d5b41d8ea619 | 档: 2 | 量: 50 | 冷却: 120s | 心跳: 7.0s
2026-07-29 18:42:54,094 - INFO - ============================================================
2026-07-29 18:42:54,096 - INFO - [HEARTBEAT] 已启动 interval=7.0s
2026-07-29 18:43:30,926 - INFO - [SCREENER] 197 markets in 6.3s | yes:64 no:12 | next in 30s
2026-07-29 18:43:56,550 - ERROR - [py_clob_client_v2] request error: Server disconnected
2026-07-29 18:43:56,550 - ERROR - [py_clob_client_v2] request error: Server disconnected
2026-07-29 18:43:56,550 - ERROR - [PLACE FAIL] 8049682316231262... price=0.66 attempt=1/2 | PolyApiException[status_code=None, error_message=Request exception!]
2026-07-29 18:43:56,551 - ERROR - [py_clob_client_v2] request error: Server disconnected
2026-07-29 18:43:56,551 - ERROR - [py_clob_client_v2] request error: Server disconnected
2026-07-29 18:43:56,551 - ERROR - [PLACE FAIL] 3743761411783168... price=0.35 attempt=1/2 | PolyApiException[status_code=None, error_message=Request exception!]
2026-07-29 18:43:56,552 - ERROR - [py_clob_client_v2] request error: Server disconnected
2026-07-29 18:43:56,552 - ERROR - 获取订单簿失败: 27983712248662670285... | PolyApiException[status_code=None, error_message=Request exception!]
2026-07-29 18:43:56,553 - ERROR - 获取订单簿失败: 51739283043127587446... | PolyApiException[status_code=None, error_message=Request exception!]
2026-07-29 18:43:56,554 - ERROR - 获取订单簿失败: 19801429900936549477... | PolyApiException[status_code=None, error_message=Request exception!]
2026-07-29 18:43:57,226 - WARNING - [RETRY] 5173928304312758 bids不足2档，10s后重试
2026-07-29 18:43:57,227 - WARNING - [RETRY] 1980142990093654 bids不足2档，10s后重试
2026-07-29 18:43:57,228 - WARNING - [RETRY] 2798371224866267 bids不足2档，10s后重试
2026-07-29 18:44:09,348 - INFO - [SCREENER] 196 markets in 6.1s | yes:64 no:13 | next in 30s
2026-07-29 18:44:55,239 - INFO - [SCREENER] 193 markets in 13.3s | yes:64 no:14 | next in 30s
2026-07-29 18:45:24,486 - INFO - [SCREENER] 197 markets in 6.0s | yes:63 no:10 | next in 30s
2026-07-29 18:46:03,774 - INFO - [SCREENER] 198 markets in 6.7s | yes:61 no:12 | next in 30s
2026-07-29 18:46:43,669 - INFO - [SCREENER] 199 markets in 7.3s | yes:63 no:12 | next in 30s
2026-07-29 18:47:22,114 - INFO - [SCREENER] 200 markets in 6.1s | yes:61 no:13 | next in 30s
2026-07-29 18:47:52,058 - INFO - [SCREENER] 200 markets in 6.0s | yes:58 no:12 | next in 30s
2026-07-29 18:48:30,502 - INFO - [SCREENER] 198 markets in 6.1s | yes:53 no:9 | next in 30s
2026-07-29 18:49:10,025 - INFO - [SCREENER] 200 markets in 7.0s | yes:56 no:9 | next in 30s
2026-07-29 18:49:39,666 - INFO - [SCREENER] 201 markets in 6.6s | yes:56 no:10 | next in 30s
2026-07-29 18:50:19,043 - INFO - [SCREENER] 198 markets in 6.8s | yes:55 no:11 | next in 30s
2026-07-29 18:50:58,103 - INFO - [SCREENER] 199 markets in 6.7s | yes:60 no:11 | next in 30s
2026-07-29 18:51:38,284 - INFO - [SCREENER] 198 markets in 7.7s | yes:62 no:10 | next in 30s
2026-07-29 18:52:08,505 - INFO - [SCREENER] 196 markets in 6.7s | yes:64 no:10 | next in 30s
2026-07-29 18:52:47,455 - INFO - [SCREENER] 197 markets in 6.3s | yes:66 no:11 | next in 30s
2026-07-29 18:53:26,416 - INFO - [SCREENER] 199 markets in 6.3s | yes:63 no:12 | next in 30s
2026-07-29 18:54:07,161 - INFO - [SCREENER] 200 markets in 6.7s | yes:67 no:14 | next in 30s
2026-07-29 18:54:45,884 - INFO - [SCREENER] 201 markets in 6.7s | yes:63 no:15 | next in 30s
2026-07-29 18:55:25,400 - INFO - [SCREENER] 200 markets in 7.1s | yes:64 no:13 | next in 30s
2026-07-29 18:56:06,081 - INFO - [SCREENER] 198 markets in 6.3s | yes:65 no:13 | next in 30s
2026-07-29 18:56:45,187 - INFO - [SCREENER] 198 markets in 6.7s | yes:63 no:18 | next in 30s
2026-07-29 18:57:24,546 - INFO - [SCREENER] 199 markets in 6.8s | yes:62 no:16 | next in 30s
2026-07-29 18:58:03,200 - INFO - [SCREENER] 194 markets in 6.2s | yes:58 no:14 | next in 30s
2026-07-29 18:58:43,953 - INFO - [SCREENER] 195 markets in 6.7s | yes:63 no:14 | next in 30s
2026-07-29 18:58:50,595 - INFO - [BUY CONFIRMED] 未知 | Yes | size=50.0000 price=0.36
2026-07-29 18:59:23,369 - INFO - [SCREENER] 199 markets in 6.7s | yes:66 no:10 | next in 30s
2026-07-29 19:00:01,654 - INFO - [SCREENER] 191 markets in 6.4s | yes:60 no:10 | next in 30s
2026-07-29 19:00:32,596 - INFO - [SCREENER] 191 markets in 6.6s | yes:58 no:8 | next in 30s
2026-07-29 19:01:11,352 - INFO - [SCREENER] 195 markets in 6.5s | yes:56 no:6 | next in 30s
2026-07-29 19:01:50,922 - INFO - [SCREENER] 194 markets in 7.0s | yes:56 no:5 | next in 30s
2026-07-29 19:02:04,451 - ERROR - [py_clob_client_v2] request error: Server disconnected
2026-07-29 19:02:04,451 - ERROR - [py_clob_client_v2] request error: Server disconnected
2026-07-29 19:02:04,451 - ERROR - 获取订单簿失败: 83764434868798342633... | PolyApiException[status_code=None, error_message=Request exception!]
2026-07-29 19:02:04,451 - ERROR - [PLACE FAIL] 3028576635815887... price=0.36 attempt=1/2 | PolyApiException[status_code=None, error_message=Request exception!]
2026-07-29 19:02:05,449 - WARNING - [RETRY] 8376443486879834 bids不足2档，10s后重试
2026-07-29 19:02:30,459 - INFO - [SCREENER] 194 markets in 7.1s | yes:58 no:3 | next in 30s
2026-07-29 19:03:01,657 - INFO - [SCREENER] 195 markets in 6.6s | yes:57 no:3 | next in 30s
2026-07-29 19:03:40,766 - INFO - [SCREENER] 196 markets in 6.4s | yes:58 no:4 | next in 30s
2026-07-29 19:03:50,670 - INFO - [BUY CONFIRMED] 未知 | No | size=5.4300 price=0.74
2026-07-29 19:04:20,567 - INFO - [SCREENER] 196 markets in 7.7s | yes:57 no:4 | next in 30s
2026-07-29 19:04:34,485 - INFO - [LIMIT SELL] Will the highest temperature in Qingdao  | 5.4300 shares @ 0.26
2026-07-29 19:04:34,485 - INFO - [POSITION] 限价卖出 1 个持仓
2026-07-29 19:04:44,728 - INFO - [SELL CONFIRMED] 未知 | Yes | size=0.0000 price=0.26
2026-07-29 19:04:50,897 - INFO - [SCREENER] 195 markets in 6.4s | yes:56 no:5 | next in 30s
2026-07-29 19:05:29,312 - INFO - [SCREENER] 196 markets in 6.1s | yes:58 no:6 | next in 30s
2026-07-29 19:06:08,325 - INFO - [SCREENER] 194 markets in 6.3s | yes:58 no:7 | next in 30s
2026-07-29 19:06:47,850 - INFO - [SCREENER] 194 markets in 7.3s | yes:59 no:7 | next in 30s
2026-07-29 19:07:18,751 - INFO - [SCREENER] 191 markets in 6.7s | yes:57 no:6 | next in 30s
2026-07-29 19:07:58,139 - INFO - [SCREENER] 195 markets in 6.8s | yes:61 no:7 | next in 30s
2026-07-29 19:08:37,619 - INFO - [SCREENER] 197 markets in 7.2s | yes:61 no:9 | next in 30s
2026-07-29 19:09:08,000 - INFO - [SCREENER] 198 markets in 6.4s | yes:62 no:10 | next in 30s
2026-07-29 19:09:46,824 - INFO - [SCREENER] 200 markets in 6.3s | yes:60 no:11 | next in 30s
2026-07-29 19:10:30,585 - INFO - [SCREENER] 200 markets in 6.9s | yes:64 no:10 | next in 30s
2026-07-29 19:11:11,742 - INFO - [SCREENER] 196 markets in 6.5s | yes:66 no:10 | next in 30s
2026-07-29 19:11:51,081 - INFO - [SCREENER] 198 markets in 7.1s | yes:65 no:13 | next in 30s
2026-07-29 19:12:31,337 - INFO - [SCREENER] 199 markets in 6.0s | yes:63 no:14 | next in 30s
2026-07-29 19:13:12,707 - INFO - [SCREENER] 199 markets in 6.6s | yes:65 no:14 | next in 30s
2026-07-29 19:13:52,208 - INFO - [SCREENER] 200 markets in 6.9s | yes:66 no:14 | next in 30s
2026-07-29 19:14:31,250 - INFO - [SCREENER] 200 markets in 6.7s | yes:68 no:14 | next in 30s
2026-07-29 19:15:12,282 - INFO - [SCREENER] 200 markets in 8.7s | yes:65 no:13 | next in 30s
2026-07-29 19:15:43,143 - INFO - [SCREENER] 198 markets in 6.7s | yes:66 no:11 | next in 30s
2026-07-29 19:16:22,865 - INFO - [SCREENER] 201 markets in 7.7s | yes:63 no:11 | next in 30s
2026-07-29 19:17:03,448 - INFO - [SCREENER] 196 markets in 8.0s | yes:58 no:10 | next in 30s
2026-07-29 19:17:34,686 - INFO - [SCREENER] 196 markets in 7.0s | yes:61 no:13 | next in 30s
2026-07-29 19:18:13,983 - INFO - [SCREENER] 198 markets in 7.2s | yes:61 no:12 | next in 30s
2026-07-29 19:18:53,952 - INFO - [SCREENER] 198 markets in 6.9s | yes:60 no:8 | next in 30s
2026-07-29 19:19:46,393 - INFO - [SCREENER] 200 markets in 15.3s | yes:61 no:11 | next in 30s
2026-07-29 19:20:22,760 - INFO - [SCREENER] 198 markets in 14.0s | yes:62 no:7 | next in 30s
2026-07-29 19:20:51,273 - INFO - [SCREENER] 200 markets in 6.8s | yes:63 no:9 | next in 30s
2026-07-29 19:21:29,572 - INFO - [SCREENER] 197 markets in 6.4s | yes:59 no:8 | next in 30s
2026-07-29 19:22:00,460 - INFO - [SCREENER] 201 markets in 6.3s | yes:60 no:9 | next in 30s
2026-07-29 19:22:39,406 - INFO - [SCREENER] 197 markets in 6.8s | yes:62 no:7 | next in 30s
2026-07-29 19:23:18,885 - INFO - [SCREENER] 207 markets in 7.0s | yes:68 no:7 | next in 30s
2026-07-29 19:23:49,543 - INFO - [SCREENER] 196 markets in 6.7s | yes:55 no:6 | next in 30s
2026-07-29 19:24:27,952 - INFO - [SCREENER] 196 markets in 6.0s | yes:55 no:5 | next in 30s
2026-07-29 19:25:06,204 - INFO - [SCREENER] 195 markets in 6.1s | yes:54 no:5 | next in 30s
2026-07-29 19:25:45,215 - INFO - [SCREENER] 197 markets in 6.9s | yes:58 no:6 | next in 30s
2026-07-29 19:26:15,153 - INFO - [SCREENER] 190 markets in 6.3s | yes:52 no:5 | next in 30s
2026-07-29 19:26:53,991 - INFO - [SCREENER] 197 markets in 6.5s | yes:54 no:7 | next in 30s
2026-07-29 19:27:32,994 - INFO - [SCREENER] 199 markets in 6.3s | yes:55 no:10 | next in 30s
2026-07-29 19:27:46,938 - INFO - [LIMIT SELL] Will the highest temperature in Jeddah b | 50.0000 shares @ 0.63
2026-07-29 19:27:46,939 - INFO - [POSITION] 限价卖出 1 个持仓
2026-07-29 19:27:54,886 - INFO - [SELL CONFIRMED] 未知 | No | size=0.0000 price=0.63
2026-07-29 19:28:03,157 - INFO - [SCREENER] 198 markets in 6.2s | yes:57 no:7 | next in 30s
2026-07-29 19:28:42,350 - INFO - [SCREENER] 195 markets in 7.1s | yes:58 no:8 | next in 30s
2026-07-29 19:29:27,794 - INFO - [SCREENER] 198 markets in 11.1s | yes:58 no:9 | next in 30s
2026-07-29 19:29:35,420 - ERROR - [py_clob_client_v2] request error: Server disconnected
2026-07-29 19:29:35,420 - ERROR - [py_clob_client_v2] request error: Server disconnected
2026-07-29 19:29:35,421 - ERROR - 获取订单簿失败: 10668843982683549964... | PolyApiException[status_code=None, error_message=Request exception!]
2026-07-29 19:29:35,421 - ERROR - 获取订单簿失败: 43797856124261000394... | PolyApiException[status_code=None, error_message=Request exception!]
2026-07-29 19:29:36,419 - WARNING - [RETRY] 1066884398268354 bids不足2档，10s后重试
2026-07-29 19:29:36,419 - WARNING - [RETRY] 4379785612426100 bids不足2档，10s后重试
2026-07-29 19:29:46,586 - ERROR - [BATCH CANCEL FAIL] 0x186085e08840784b75... | order can't be found - already canceled or matched
2026-07-29 19:29:46,587 - ERROR - [BATCH CANCEL FAIL] 0xb7e77bf1fb5dec2b56... | order can't be found - already canceled or matched
2026-07-29 19:29:46,589 - ERROR - [BATCH CANCEL] 6079413036958135 取消失败，清空 active_id 进入冷却兜底
2026-07-29 19:29:46,591 - ERROR - [BATCH CANCEL] 8867253436598429 取消失败，清空 active_id 进入冷却兜底
2026-07-29 19:30:02,020 - INFO - [SCREENER] 196 markets in 6.4s | yes:54 no:9 | next in 30s
2026-07-29 19:30:03,770 - WARNING - [AUDIT] 2155340172237723 订单丢失纠偏
2026-07-29 19:30:03,770 - WARNING - [AUDIT] 1303241453322048 订单丢失纠偏
2026-07-29 19:30:03,771 - WARNING - [AUDIT] 5483500589407724 订单丢失纠偏
2026-07-29 19:30:03,771 - WARNING - [AUDIT] 1154230654638001 订单丢失纠偏
2026-07-29 19:30:03,771 - WARNING - [AUDIT] 3321786090116059 订单丢失纠偏
2026-07-29 19:30:03,771 - WARNING - [AUDIT] 1096071201107726 订单丢失纠偏
2026-07-29 19:30:03,772 - WARNING - [AUDIT] 3163362723265445 订单丢失纠偏
2026-07-29 19:30:03,772 - WARNING - [AUDIT] 9077404512420004 订单丢失纠偏
2026-07-29 19:30:03,772 - WARNING - [AUDIT] 1107486019531506 订单丢失纠偏
2026-07-29 19:30:03,772 - WARNING - [AUDIT] 4021450910460381 订单丢失纠偏
2026-07-29 19:30:03,772 - WARNING - [AUDIT] 8461408730649695 订单丢失纠偏
2026-07-29 19:30:03,773 - WARNING - [AUDIT] 5690082784530203 订单丢失纠偏
2026-07-29 19:30:03,773 - WARNING - [AUDIT] 3068602426413270 订单丢失纠偏
2026-07-29 19:30:03,773 - WARNING - [AUDIT] 1495307552494407 订单丢失纠偏
2026-07-29 19:30:03,773 - WARNING - [AUDIT] 2798371224866267 订单丢失纠偏
2026-07-29 19:30:03,774 - WARNING - [AUDIT] 9079945568488785 订单丢失纠偏
2026-07-29 19:30:03,774 - WARNING - [AUDIT] 5895154120987857 订单丢失纠偏
2026-07-29 19:30:03,774 - WARNING - [AUDIT] 1050467039669960 订单丢失纠偏
2026-07-29 19:30:03,774 - WARNING - [AUDIT] 5665574963884049 订单丢失纠偏
2026-07-29 19:30:03,775 - WARNING - [AUDIT] 9471737552867176 订单丢失纠偏
2026-07-29 19:30:03,775 - WARNING - [AUDIT] 2164547708738657 订单丢失纠偏
2026-07-29 19:30:03,775 - WARNING - [AUDIT] 9256148593125948 订单丢失纠偏
2026-07-29 19:30:03,776 - WARNING - [AUDIT] 8602109109345929 订单丢失纠偏
2026-07-29 19:30:03,776 - WARNING - [AUDIT] 7561622785587390 订单丢失纠偏
2026-07-29 19:30:03,776 - WARNING - [AUDIT] 5187525504137206 订单丢失纠偏
2026-07-29 19:30:03,776 - WARNING - [AUDIT] 8376443486879834 订单丢失纠偏
2026-07-29 19:30:03,777 - WARNING - [AUDIT] 5628291943280744 订单丢失纠偏
2026-07-29 19:30:03,777 - WARNING - [AUDIT] 5552092961648777 订单丢失纠偏
2026-07-29 19:30:03,777 - WARNING - [AUDIT] 4306399136212806 订单丢失纠偏
2026-07-29 19:30:03,777 - WARNING - [AUDIT] 8807013473938409 订单丢失纠偏
2026-07-29 19:30:03,777 - WARNING - [AUDIT] 1648964280113991 订单丢失纠偏
2026-07-29 19:30:03,778 - WARNING - [AUDIT] 2777253507673553 订单丢失纠偏
2026-07-29 19:30:03,778 - WARNING - [AUDIT] 9658234936421319 订单丢失纠偏
2026-07-29 19:30:03,778 - WARNING - [AUDIT] 5860495710446842 订单丢失纠偏
2026-07-29 19:30:03,778 - WARNING - [AUDIT] 4206476010603719 订单丢失纠偏
2026-07-29 19:30:03,779 - WARNING - [AUDIT] 6629130560282330 订单丢失纠偏
2026-07-29 19:30:03,779 - WARNING - [AUDIT] 7238355651593860 订单丢失纠偏
2026-07-29 19:30:03,779 - WARNING - [AUDIT] 7806172137258540 订单丢失纠偏
2026-07-29 19:30:03,779 - WARNING - [AUDIT] 5742413509160652 订单丢失纠偏
2026-07-29 19:30:03,780 - WARNING - [AUDIT] 6621982731843365 订单丢失纠偏
2026-07-29 19:30:03,780 - WARNING - [AUDIT] 4785924216663269 订单丢失纠偏
2026-07-29 19:30:03,780 - WARNING - [AUDIT] 1117587924147036 订单丢失纠偏
2026-07-29 19:30:03,780 - WARNING - [AUDIT] 9923601734476122 订单丢失纠偏
2026-07-29 19:30:03,780 - WARNING - [AUDIT] 5151600533323602 订单丢失纠偏
2026-07-29 19:30:03,780 - WARNING - [AUDIT] 1140824289903172 订单丢失纠偏
2026-07-29 19:30:03,780 - WARNING - [AUDIT] 8685733861007292 订单丢失纠偏
2026-07-29 19:30:03,781 - WARNING - [AUDIT] 4577693276594738 订单丢失纠偏
2026-07-29 19:30:03,781 - WARNING - [AUDIT] 1044492815303529 订单丢失纠偏
2026-07-29 19:30:03,781 - WARNING - [AUDIT] 1113168410954942 订单丢失纠偏
2026-07-29 19:30:03,781 - WARNING - [AUDIT] 5173928304312758 订单丢失纠偏
2026-07-29 19:30:03,782 - WARNING - [AUDIT] 7567018887959061 订单丢失纠偏
2026-07-29 19:30:03,782 - WARNING - [AUDIT] 1047925632399163 订单丢失纠偏
2026-07-29 19:30:03,782 - WARNING - [AUDIT] 1022092457472070 订单丢失纠偏
2026-07-29 19:30:03,782 - WARNING - [AUDIT] 1404373029552738 订单丢失纠偏
2026-07-29 19:30:03,783 - WARNING - [AUDIT] 8426754621888280 订单丢失纠偏
2026-07-29 19:30:03,783 - WARNING - [AUDIT] 7830642697283363 订单丢失纠偏
2026-07-29 19:30:03,783 - WARNING - [AUDIT] 1363762739260391 订单丢失纠偏
2026-07-29 19:30:42,679 - INFO - [SCREENER] 196 markets in 7.2s | yes:50 no:10 | next in 30s
2026-07-29 19:31:21,846 - INFO - [SCREENER] 199 markets in 7.2s | yes:58 no:11 | next in 30s
2026-07-29 19:32:00,414 - INFO - [SCREENER] 202 markets in 6.0s | yes:59 no:11 | next in 30s
2026-07-29 19:32:41,514 - INFO - [SCREENER] 202 markets in 6.9s | yes:61 no:16 | next in 30s
2026-07-29 19:33:20,720 - INFO - [SCREENER] 200 markets in 6.7s | yes:58 no:17 | next in 30s
2026-07-29 19:33:59,716 - INFO - [SCREENER] 201 markets in 6.5s | yes:56 no:16 | next in 30s
2026-07-29 19:34:39,910 - INFO - [SCREENER] 197 markets in 6.3s | yes:61 no:14 | next in 30s
2026-07-29 19:35:18,589 - INFO - [SCREENER] 200 markets in 6.3s | yes:61 no:16 | next in 30s
2026-07-29 19:35:57,332 - INFO - [SCREENER] 196 markets in 6.8s | yes:63 no:18 | next in 30s
2026-07-29 19:36:36,011 - INFO - [SCREENER] 196 markets in 6.3s | yes:63 no:17 | next in 30s
2026-07-29 19:37:15,736 - INFO - [SCREENER] 198 markets in 6.4s | yes:59 no:17 | next in 30s
2026-07-29 19:37:54,863 - INFO - [SCREENER] 197 markets in 6.6s | yes:57 no:17 | next in 30s
2026-07-29 19:38:33,835 - INFO - [SCREENER] 201 markets in 7.0s | yes:55 no:18 | next in 30s
2026-07-29 19:38:46,854 - ERROR - [py_clob_client_v2] request error: Server disconnected
2026-07-29 19:38:46,854 - ERROR - [py_clob_client_v2] request error: Server disconnected
2026-07-29 19:38:46,854 - ERROR - 获取订单簿失败: 82457860106559625161... | PolyApiException[status_code=None, error_message=Request exception!]
2026-07-29 19:38:46,854 - ERROR - 获取订单簿失败: 22482786527568077943... | PolyApiException[status_code=None, error_message=Request exception!]
2026-07-29 19:38:47,852 - WARNING - [RETRY] 8245786010655962 bids不足2档，10s后重试
2026-07-29 19:38:47,852 - WARNING - [RETRY] 2248278652756807 bids不足2档，10s后重试
2026-07-29 19:39:03,313 - INFO - [SCREENER] 199 markets in 6.5s | yes:55 no:17 | next in 30s
2026-07-29 19:39:42,067 - INFO - [SCREENER] 200 markets in 6.7s | yes:59 no:20 | next in 30s
2026-07-29 19:40:42,504 - INFO - [SCREENER] 200 markets in 28.2s | yes:62 no:18 | next in 30s
2026-07-29 19:41:18,693 - INFO - [SCREENER] 197 markets in 24.8s | yes:62 no:19 | next in 30s
2026-07-29 19:41:37,464 - INFO - [SCREENER] 200 markets in 6.1s | yes:62 no:20 | next in 30s
2026-07-29 19:41:58,950 - ERROR - [POLL] 批量查询异常: HTTPSConnectionPool(host='clob.polymarket.com', port=443): Read timed out. (read timeout=10)
2026-07-29 19:42:59,765 - ERROR - [py_clob_client_v2] request error: The read operation timed out
2026-07-29 19:43:00,238 - ERROR - [HEARTBEAT] 失败 (连续 1 次): 401 Client Error: Unauthorized for url: https://clob.polymarket.com/v1/heartbeats
2026-07-29 19:43:06,565 - ERROR - [py_clob_client_v2] request error: The read operation timed out
2026-07-29 19:43:07,039 - ERROR - [HEARTBEAT] 失败 (连续 2 次): 401 Client Error: Unauthorized for url: https://clob.polymarket.com/v1/heartbeats
2026-07-29 19:43:13,327 - ERROR - [py_clob_client_v2] request error: The read operation timed out
2026-07-29 19:43:13,798 - ERROR - [HEARTBEAT] 失败 (连续 3 次): 401 Client Error: Unauthorized for url: https://clob.polymarket.com/v1/heartbeats
2026-07-29 19:43:13,799 - CRITICAL - [HEARTBEAT] 连续失败 3 次！订单将在 ~7 秒后被交易所自动取消！
2026-07-29 19:43:14,076 - ERROR - [USER WS ERR] Connection to remote host was lost.
2026-07-29 19:43:14,077 - ERROR - Connection to remote host was lost. - goodbye
2026-07-29 19:43:14,077 - WARNING - [USER WS] close code=None reason=None
2026-07-29 19:43:14,086 - WARNING - [USER WS] 断开，5s 后重连...
2026-07-29 19:44:15,811 - ERROR - [SCREENER] 筛选失败: ('Connection aborted.', RemoteDisconnected('Remote end closed connection without response'))
2026-07-29 19:44:26,304 - ERROR - [POLL] 批量查询异常: HTTPSConnectionPool(host='clob.polymarket.com', port=443): Read timed out. (read timeout=10)
2026-07-29 19:45:54,098 - INFO - [SCREENER] 197 markets in 77.8s | yes:58 no:13 | next in 30s
2026-07-29 19:45:55,838 - WARNING - [AUDIT] 1303241453322048 订单丢失纠偏
2026-07-29 19:45:55,839 - WARNING - [AUDIT] 5483500589407724 订单丢失纠偏
2026-07-29 19:45:55,840 - WARNING - [AUDIT] 3321786090116059 订单丢失纠偏
2026-07-29 19:45:55,841 - WARNING - [AUDIT] 1096071201107726 订单丢失纠偏
2026-07-29 19:45:55,841 - WARNING - [AUDIT] 3163362723265445 订单丢失纠偏
2026-07-29 19:45:55,841 - WARNING - [AUDIT] 9077404512420004 订单丢失纠偏
2026-07-29 19:45:55,842 - WARNING - [AUDIT] 1107486019531506 订单丢失纠偏
2026-07-29 19:45:55,843 - WARNING - [AUDIT] 4021450910460381 订单丢失纠偏
2026-07-29 19:45:55,843 - WARNING - [AUDIT] 8461408730649695 订单丢失纠偏
2026-07-29 19:45:55,843 - WARNING - [AUDIT] 5690082784530203 订单丢失纠偏
2026-07-29 19:45:55,844 - WARNING - [AUDIT] 3068602426413270 订单丢失纠偏
2026-07-29 19:45:55,844 - WARNING - [AUDIT] 1495307552494407 订单丢失纠偏
2026-07-29 19:45:55,845 - WARNING - [AUDIT] 2798371224866267 订单丢失纠偏
2026-07-29 19:45:55,845 - WARNING - [AUDIT] 9079945568488785 订单丢失纠偏
2026-07-29 19:45:55,845 - WARNING - [AUDIT] 5895154120987857 订单丢失纠偏
2026-07-29 19:45:55,846 - WARNING - [AUDIT] 1050467039669960 订单丢失纠偏
2026-07-29 19:45:55,846 - WARNING - [AUDIT] 5665574963884049 订单丢失纠偏
2026-07-29 19:45:55,846 - WARNING - [AUDIT] 9471737552867176 订单丢失纠偏
2026-07-29 19:45:55,846 - WARNING - [AUDIT] 2164547708738657 订单丢失纠偏
2026-07-29 19:45:55,846 - WARNING - [AUDIT] 9256148593125948 订单丢失纠偏
2026-07-29 19:45:55,846 - WARNING - [AUDIT] 8602109109345929 订单丢失纠偏
2026-07-29 19:45:55,846 - WARNING - [AUDIT] 8376443486879834 订单丢失纠偏
2026-07-29 19:45:55,846 - WARNING - [AUDIT] 5628291943280744 订单丢失纠偏
2026-07-29 19:45:55,846 - WARNING - [AUDIT] 5552092961648777 订单丢失纠偏
2026-07-29 19:45:55,846 - WARNING - [AUDIT] 8807013473938409 订单丢失纠偏
2026-07-29 19:45:55,846 - WARNING - [AUDIT] 5860495710446842 订单丢失纠偏
2026-07-29 19:45:55,846 - WARNING - [AUDIT] 4206476010603719 订单丢失纠偏
2026-07-29 19:45:55,846 - WARNING - [AUDIT] 6621982731843365 订单丢失纠偏
2026-07-29 19:45:55,846 - WARNING - [AUDIT] 4785924216663269 订单丢失纠偏
2026-07-29 19:45:55,849 - WARNING - [AUDIT] 1117587924147036 订单丢失纠偏
2026-07-29 19:45:55,849 - WARNING - [AUDIT] 4577693276594738 订单丢失纠偏
2026-07-29 19:45:55,849 - WARNING - [AUDIT] 1044492815303529 订单丢失纠偏
2026-07-29 19:45:55,850 - WARNING - [AUDIT] 1113168410954942 订单丢失纠偏
2026-07-29 19:45:55,850 - WARNING - [AUDIT] 7567018887959061 订单丢失纠偏
2026-07-29 19:45:55,850 - WARNING - [AUDIT] 7830642697283363 订单丢失纠偏
2026-07-29 19:45:55,850 - WARNING - [AUDIT] 1123187992791800 订单丢失纠偏
2026-07-29 19:45:55,850 - WARNING - [AUDIT] 9777525359596273 订单丢失纠偏
2026-07-29 19:45:55,850 - WARNING - [AUDIT] 6319195884440646 订单丢失纠偏
2026-07-29 19:45:55,850 - WARNING - [AUDIT] 8011644069452108 订单丢失纠偏
2026-07-29 19:45:55,850 - WARNING - [AUDIT] 5746929709702643 订单丢失纠偏
2026-07-29 19:45:55,850 - WARNING - [AUDIT] 7549987038399964 订单丢失纠偏
2026-07-29 19:45:55,850 - WARNING - [AUDIT] 5187525504137206 订单丢失纠偏
2026-07-29 19:45:55,850 - WARNING - [AUDIT] 1154230654638001 订单丢失纠偏
2026-07-29 19:45:55,850 - WARNING - [AUDIT] 2777253507673553 订单丢失纠偏
2026-07-29 19:45:55,850 - WARNING - [AUDIT] 9923108436582854 订单丢失纠偏
2026-07-29 19:45:55,850 - WARNING - [AUDIT] 9290178213767472 订单丢失纠偏
2026-07-29 19:45:55,850 - WARNING - [AUDIT] 3555278768001105 订单丢失纠偏
2026-07-29 19:45:55,850 - WARNING - [AUDIT] 2830245861047794 订单丢失纠偏
2026-07-29 19:45:55,850 - WARNING - [AUDIT] 2268163722841394 订单丢失纠偏
2026-07-29 19:45:55,850 - WARNING - [AUDIT] 9689362348295146 订单丢失纠偏
2026-07-29 19:45:55,850 - WARNING - [AUDIT] 8685733861007292 订单丢失纠偏
2026-07-29 19:45:55,850 - WARNING - [AUDIT] 1024901928493356 订单丢失纠偏
2026-07-29 19:45:55,850 - WARNING - [AUDIT] 3553748540001749 订单丢失纠偏
2026-07-29 19:45:55,850 - WARNING - [AUDIT] 1070616765467337 订单丢失纠偏
2026-07-29 19:45:55,850 - WARNING - [AUDIT] 4455263676921725 订单丢失纠偏
2026-07-29 19:45:55,850 - WARNING - [AUDIT] 7238355651593860 订单丢失纠偏
2026-07-29 19:45:55,850 - WARNING - [AUDIT] 3268278949469979 订单丢失纠偏
2026-07-29 19:45:55,850 - WARNING - [AUDIT] 9722224499485587 订单丢失纠偏
2026-07-29 19:45:55,850 - WARNING - [AUDIT] 3941773415756632 订单丢失纠偏
2026-07-29 19:46:29,878 - INFO - [SCREENER] 197 markets in 23.4s | yes:58 no:12 | next in 30s
2026-07-29 19:46:40,351 - ERROR - [POLL] 批量查询异常: HTTPSConnectionPool(host='clob.polymarket.com', port=443): Read timed out. (read timeout=10)
2026-07-29 19:47:31,543 - INFO - [SCREENER] 205 markets in 41.2s | yes:66 no:14 | next in 30s
2026-07-29 19:47:42,121 - ERROR - [POLL] 批量查询异常: HTTPSConnectionPool(host='clob.polymarket.com', port=443): Read timed out. (read timeout=10)
2026-07-29 19:48:20,942 - INFO - [SCREENER] 195 markets in 27.5s | yes:61 no:13 | next in 30s
2026-07-29 19:48:25,826 - ERROR - [py_clob_client_v2] request error: The read operation timed out
2026-07-29 19:48:25,828 - ERROR - [py_clob_client_v2] request error: The read operation timed out
2026-07-29 19:48:25,830 - ERROR - [py_clob_client_v2] request error: The read operation timed out
2026-07-29 19:48:25,833 - ERROR - [py_clob_client_v2] request error: The read operation timed out
2026-07-29 19:48:25,834 - ERROR - [CANCEL FAIL] 0xbf47169cbb38ed0f2e... | PolyApiException[status_code=None, error_message=Request exception!]
2026-07-29 19:48:25,834 - ERROR - 查询订单失败: PolyApiException[status_code=None, error_message=Request exception!]
2026-07-29 19:48:25,835 - ERROR - [CANCEL FAIL] 0x36978ec5c9f11faed7... | PolyApiException[status_code=None, error_message=Request exception!]
2026-07-29 19:48:25,836 - ERROR - [py_clob_client_v2] request error: The read operation timed out
2026-07-29 19:48:25,837 - ERROR - [DISCOVER] 订单查询失败，跳过本周期
2026-07-29 19:48:25,837 - ERROR - [py_clob_client_v2] request error: The read operation timed out
2026-07-29 19:48:25,837 - ERROR - [CANCEL FAIL] 0xeb7001bcc8b988acc3... | PolyApiException[status_code=None, error_message=Request exception!]
2026-07-29 19:48:25,839 - ERROR - [CANCEL FAIL] 0x234428dc0afd186c47... | PolyApiException[status_code=None, error_message=Request exception!]
2026-07-29 19:48:25,840 - ERROR - [py_clob_client_v2] request error: The read operation timed out
2026-07-29 19:48:25,840 - ERROR - [CANCEL FAIL] 0xd46cc97d0be9caf572... | PolyApiException[status_code=None, error_message=Request exception!]
2026-07-29 19:48:26,318 - ERROR - [HEARTBEAT] 失败 (连续 1 次): 401 Client Error: Unauthorized for url: https://clob.polymarket.com/v1/heartbeats
2026-07-29 19:48:36,096 - ERROR - [POLL] 批量查询异常: HTTPSConnectionPool(host='clob.polymarket.com', port=443): Read timed out. (read timeout=10)
2026-07-29 19:48:36,099 - ERROR - [CANCEL FAIL] 0xbf47169cbb38ed0f2e 订单仍存活在交易所！保持 RESTING
2026-07-29 19:48:36,100 - ERROR - [CANCEL FAIL] 0x36978ec5c9f11faed7 订单仍存活在交易所！保持 RESTING
2026-07-29 19:48:36,101 - ERROR - [CANCEL FAIL] 0xeb7001bcc8b988acc3 订单仍存活在交易所！保持 RESTING
2026-07-29 19:48:36,103 - ERROR - [CANCEL FAIL] 0x234428dc0afd186c47 订单仍存活在交易所！保持 RESTING
2026-07-29 19:48:36,103 - ERROR - [CANCEL FAIL] 0xd46cc97d0be9caf572 订单仍存活在交易所！保持 RESTING
2026-07-29 19:48:52,157 - INFO - [SCREENER] 193 markets in 6.0s | yes:63 no:13 | next in 30s
2026-07-29 19:49:02,836 - ERROR - [POLL] 批量查询异常: HTTPSConnectionPool(host='clob.polymarket.com', port=443): Read timed out. (read timeout=10)
2026-07-29 19:49:23,092 - ERROR - [POLL] 批量查询异常: HTTPSConnectionPool(host='clob.polymarket.com', port=443): Read timed out. (read timeout=10)
2026-07-29 19:49:33,587 - ERROR - [AUDIT] 批量查询 best_bid 失败: HTTPSConnectionPool(host='clob.polymarket.com', port=443): Read timed out. (read timeout=10)
2026-07-29 19:49:33,589 - WARNING - [AUDIT] 8245786010655962 订单丢失纠偏
2026-07-29 19:49:33,590 - WARNING - [AUDIT] 4815963623316891 订单丢失纠偏
2026-07-29 19:49:33,591 - WARNING - [AUDIT] 9180087189180355 订单丢失纠偏
2026-07-29 19:49:33,591 - WARNING - [AUDIT] 8455296868074346 订单丢失纠偏
2026-07-29 19:49:33,592 - WARNING - [AUDIT] 6512084481618349 订单丢失纠偏
2026-07-29 19:49:33,593 - WARNING - [AUDIT] 6629130560282330 订单丢失纠偏
2026-07-29 19:49:33,593 - WARNING - [AUDIT] 7511118960858684 订单丢失纠偏
2026-07-29 19:49:33,594 - WARNING - [AUDIT] 8985687337765311 订单丢失纠偏
2026-07-29 19:49:33,595 - WARNING - [AUDIT] 6079413036958135 订单丢失纠偏
2026-07-29 19:49:33,595 - WARNING - [AUDIT] 8685733861007292 订单丢失纠偏
2026-07-29 19:49:33,596 - WARNING - [AUDIT] 9557217740809434 订单丢失纠偏
2026-07-29 19:49:33,596 - WARNING - [AUDIT] 9923601734476122 订单丢失纠偏
2026-07-29 19:49:33,596 - WARNING - [AUDIT] 8665030358931242 订单丢失纠偏
2026-07-29 19:49:33,597 - WARNING - [AUDIT] 1086604758790294 订单丢失纠偏
2026-07-29 19:49:33,598 - WARNING - [AUDIT] 8923989387729408 订单丢失纠偏
2026-07-29 19:50:31,093 - ERROR - [py_clob_client_v2] request error: The read operation timed out
2026-07-29 19:50:31,726 - ERROR - [HEARTBEAT] 失败 (连续 1 次): 401 Client Error: Unauthorized for url: https://clob.polymarket.com/v1/heartbeats
2026-07-29 19:50:38,127 - INFO - [SCREENER] 195 markets in 53.9s | yes:62 no:11 | next in 30s
2026-07-29 19:50:40,037 - ERROR - [BATCH CANCEL FAIL] 0x481017bb81a59adc65... | order can't be found - already canceled or matched
2026-07-29 19:50:40,037 - ERROR - [BATCH CANCEL FAIL] 0xf2a4c79da045fdc9c6... | order can't be found - already canceled or matched
2026-07-29 19:50:40,640 - ERROR - [BATCH CANCEL] 7238355651593860 取消失败，清空 active_id 进入冷却兜底
2026-07-29 19:50:40,640 - ERROR - [BATCH CANCEL] 7830642697283363 取消失败，清空 active_id 进入冷却兜底
2026-07-29 19:50:57,120 - INFO - [SCREENER] 193 markets in 7.5s | yes:59 no:8 | next in 30s
2026-07-29 19:51:20,162 - ERROR - [BATCH CANCEL FAIL] 0x1adbd4692596f2371d... | order can't be found - already canceled or matched
2026-07-29 19:51:20,634 - WARNING - [AUDIT] 1303241453322048 订单丢失纠偏
2026-07-29 19:51:20,634 - WARNING - [AUDIT] 5483500589407724 订单丢失纠偏
2026-07-29 19:51:20,635 - WARNING - [AUDIT] 1096071201107726 订单丢失纠偏
2026-07-29 19:51:20,636 - WARNING - [AUDIT] 3163362723265445 订单丢失纠偏
2026-07-29 19:51:20,636 - WARNING - [AUDIT] 9077404512420004 订单丢失纠偏
2026-07-29 19:51:20,636 - WARNING - [AUDIT] 1107486019531506 订单丢失纠偏
2026-07-29 19:51:20,636 - WARNING - [AUDIT] 4021450910460381 订单丢失纠偏
2026-07-29 19:51:20,637 - WARNING - [AUDIT] 8461408730649695 订单丢失纠偏
2026-07-29 19:51:20,637 - WARNING - [AUDIT] 5690082784530203 订单丢失纠偏
2026-07-29 19:51:20,638 - WARNING - [AUDIT] 3068602426413270 订单丢失纠偏
2026-07-29 19:51:20,638 - WARNING - [AUDIT] 1495307552494407 订单丢失纠偏
2026-07-29 19:51:20,639 - WARNING - [AUDIT] 2798371224866267 订单丢失纠偏
2026-07-29 19:51:20,639 - WARNING - [AUDIT] 9079945568488785 订单丢失纠偏
2026-07-29 19:51:20,639 - WARNING - [AUDIT] 5895154120987857 订单丢失纠偏
2026-07-29 19:51:20,640 - WARNING - [AUDIT] 1050467039669960 订单丢失纠偏
2026-07-29 19:51:20,640 - WARNING - [AUDIT] 5665574963884049 订单丢失纠偏
2026-07-29 19:51:20,641 - WARNING - [AUDIT] 9471737552867176 订单丢失纠偏
2026-07-29 19:51:20,641 - WARNING - [AUDIT] 2164547708738657 订单丢失纠偏
2026-07-29 19:51:20,641 - WARNING - [AUDIT] 9256148593125948 订单丢失纠偏
2026-07-29 19:51:20,641 - WARNING - [AUDIT] 8602109109345929 订单丢失纠偏
2026-07-29 19:51:20,641 - WARNING - [AUDIT] 8376443486879834 订单丢失纠偏
2026-07-29 19:51:20,642 - WARNING - [AUDIT] 5628291943280744 订单丢失纠偏
2026-07-29 19:51:20,642 - WARNING - [AUDIT] 5552092961648777 订单丢失纠偏
2026-07-29 19:51:20,642 - WARNING - [AUDIT] 8807013473938409 订单丢失纠偏
2026-07-29 19:51:20,642 - WARNING - [AUDIT] 5860495710446842 订单丢失纠偏
2026-07-29 19:51:20,643 - WARNING - [AUDIT] 6621982731843365 订单丢失纠偏
2026-07-29 19:51:20,643 - WARNING - [AUDIT] 4785924216663269 订单丢失纠偏
2026-07-29 19:51:20,643 - WARNING - [AUDIT] 4577693276594738 订单丢失纠偏
2026-07-29 19:51:20,643 - WARNING - [AUDIT] 1044492815303529 订单丢失纠偏
2026-07-29 19:51:20,643 - WARNING - [AUDIT] 1113168410954942 订单丢失纠偏
2026-07-29 19:51:20,643 - WARNING - [AUDIT] 7567018887959061 订单丢失纠偏
2026-07-29 19:51:20,643 - WARNING - [AUDIT] 6319195884440646 订单丢失纠偏
2026-07-29 19:51:20,643 - WARNING - [AUDIT] 7549987038399964 订单丢失纠偏
2026-07-29 19:51:20,643 - WARNING - [AUDIT] 5187525504137206 订单丢失纠偏
2026-07-29 19:51:20,643 - WARNING - [AUDIT] 1154230654638001 订单丢失纠偏
2026-07-29 19:51:20,643 - WARNING - [AUDIT] 2777253507673553 订单丢失纠偏
2026-07-29 19:51:20,643 - WARNING - [AUDIT] 2830245861047794 订单丢失纠偏
2026-07-29 19:51:20,643 - WARNING - [AUDIT] 2268163722841394 订单丢失纠偏
2026-07-29 19:51:20,643 - WARNING - [AUDIT] 9689362348295146 订单丢失纠偏
2026-07-29 19:51:20,643 - WARNING - [AUDIT] 3553748540001749 订单丢失纠偏
2026-07-29 19:51:20,643 - WARNING - [AUDIT] 4455263676921725 订单丢失纠偏
2026-07-29 19:51:20,643 - WARNING - [AUDIT] 3268278949469979 订单丢失纠偏
2026-07-29 19:51:20,643 - WARNING - [AUDIT] 3941773415756632 订单丢失纠偏
2026-07-29 19:51:20,643 - WARNING - [AUDIT] 2248278652756807 订单丢失纠偏
2026-07-29 19:51:20,645 - WARNING - [AUDIT] 9311264399013062 订单丢失纠偏
2026-07-29 19:51:20,645 - WARNING - [AUDIT] 5577167869714116 订单丢失纠偏
2026-07-29 19:51:20,645 - WARNING - [AUDIT] 5173928304312758 订单丢失纠偏
2026-07-29 19:51:20,645 - WARNING - [AUDIT] 2155340172237723 订单丢失纠偏
2026-07-29 19:51:20,645 - WARNING - [AUDIT] 1140824289903172 订单丢失纠偏
2026-07-29 19:51:20,645 - WARNING - [AUDIT] 5166195493537182 订单丢失纠偏
2026-07-29 19:51:20,645 - WARNING - [AUDIT] 5727082889551751 订单丢失纠偏
2026-07-29 19:51:20,645 - WARNING - [AUDIT] 5283429903569414 订单丢失纠偏
2026-07-29 19:51:20,645 - WARNING - [AUDIT] 4867084195078017 订单丢失纠偏
2026-07-29 19:51:21,216 - ERROR - [BATCH CANCEL] 3321786090116059 取消失败，清空 active_id 进入冷却兜底
2026-07-29 19:51:38,008 - INFO - [SCREENER] 193 markets in 6.8s | yes:52 no:5 | next in 30s
2026-07-29 19:52:16,405 - INFO - [SCREENER] 195 markets in 6.3s | yes:48 no:7 | next in 30s
2026-07-29 19:52:54,820 - INFO - [SCREENER] 197 markets in 6.2s | yes:51 no:8 | next in 30s
2026-07-29 19:53:33,053 - INFO - [SCREENER] 191 markets in 6.3s | yes:51 no:9 | next in 30s
2026-07-29 19:54:13,166 - INFO - [SCREENER] 191 markets in 6.4s | yes:51 no:8 | next in 30s
2026-07-29 19:54:51,999 - INFO - [SCREENER] 190 markets in 6.5s | yes:51 no:8 | next in 30s
2026-07-29 19:55:30,408 - INFO - [SCREENER] 190 markets in 6.2s | yes:50 no:10 | next in 30s
2026-07-29 19:56:10,715 - INFO - [SCREENER] 191 markets in 6.8s | yes:54 no:6 | next in 30s
2026-07-29 19:56:49,200 - INFO - [SCREENER] 192 markets in 6.5s | yes:54 no:7 | next in 30s
2026-07-29 19:57:28,680 - INFO - [SCREENER] 193 markets in 7.0s | yes:52 no:7 | next in 30s
2026-07-29 19:58:09,435 - INFO - [SCREENER] 192 markets in 7.1s | yes:55 no:4 | next in 30s
2026-07-29 19:58:48,029 - INFO - [SCREENER] 191 markets in 6.2s | yes:53 no:4 | next in 30s
2026-07-29 19:59:26,524 - INFO - [SCREENER] 193 markets in 6.2s | yes:51 no:3 | next in 30s
2026-07-29 20:00:04,750 - INFO - [SCREENER] 189 markets in 6.3s | yes:52 no:7 | next in 30s
2026-07-29 20:00:45,632 - INFO - [SCREENER] 189 markets in 7.4s | yes:46 no:6 | next in 30s
2026-07-29 20:01:25,155 - INFO - [SCREENER] 188 markets in 7.0s | yes:44 no:4 | next in 30s
2026-07-29 20:02:03,797 - INFO - [SCREENER] 190 markets in 5.9s | yes:43 no:3 | next in 30s
2026-07-29 20:02:44,180 - INFO - [SCREENER] 186 markets in 6.8s | yes:43 no:3 | next in 30s
2026-07-29 20:03:22,825 - INFO - [SCREENER] 186 markets in 6.1s | yes:45 no:4 | next in 30s
2026-07-29 20:03:25,201 - INFO - 收到停止信号，优雅退出...
2026-07-29 20:03:25,647 - INFO - 开始优雅关闭...
2026-07-29 20:03:25,909 - INFO - [CANCEL ALL] 42 已取消 | 系统关闭
2026-07-29 20:03:25,910 - WARNING - [USER WS] close code=None reason=None
2026-07-29 20:03:27,932 - INFO - [HEARTBEAT] 已停止
2026-07-29 20:03:27,932 - INFO - ============================================================
系统已停止
============================================================
2026-07-29 20:03:40,450 - INFO - ============================================================
2026-07-29 20:03:40,450 - INFO - Maker-only Guardian V7.0 启动
2026-07-29 20:03:40,450 - INFO - 地址: 0x304bf40e9e50c265f6dd86417707d5b41d8ea619 | 档: 2 | 量: 50 | 冷却: 120s | 心跳: 7.0s
2026-07-29 20:03:40,450 - INFO - 筛选器: keyword=temp top1=50 top2=800 top3=1500 existing=1500 rewards>=20
2026-07-29 20:03:40,450 - INFO - 实例: bot1 | midpoint=[0.15, 0.85]
2026-07-29 20:03:40,450 - INFO - ============================================================
2026-07-29 20:03:40,452 - INFO - [HEARTBEAT] 已启动 interval=7.0s
2026-07-29 20:04:17,303 - INFO - [SCREENER] 185 markets in 6.3s | yes:48 no:3 | next in 30s
2026-07-29 20:04:32,032 - ERROR - [py_clob_client_v2] request error: Server disconnected
2026-07-29 20:04:32,033 - ERROR - [py_clob_client_v2] request error: Server disconnected
2026-07-29 20:04:32,033 - ERROR - [py_clob_client_v2] request error: Server disconnected
2026-07-29 20:04:32,033 - ERROR - 获取订单簿失败: 82457860106559625161... | PolyApiException[status_code=None, error_message=Request exception!]
2026-07-29 20:04:32,033 - ERROR - 获取订单簿失败: 90799455684887859962... | PolyApiException[status_code=None, error_message=Request exception!]
2026-07-29 20:04:32,033 - ERROR - [PLACE FAIL] 5552092961648777... price=0.25 attempt=1/2 | PolyApiException[status_code=None, error_message=Request exception!]
2026-07-29 20:04:33,031 - WARNING - [RETRY] 8245786010655962 bids不足2档，10s后重试
2026-07-29 20:04:33,031 - WARNING - [RETRY] 9079945568488785 bids不足2档，10s后重试
2026-07-29 20:04:56,404 - INFO - [SCREENER] 181 markets in 6.8s | yes:49 no:2 | next in 30s
2026-07-29 20:05:10,294 - INFO - 收到停止信号，优雅退出...
2026-07-29 20:05:10,781 - INFO - 开始优雅关闭...
2026-07-29 20:05:11,040 - INFO - [CANCEL ALL] 48 已取消 | 系统关闭
2026-07-29 20:05:11,043 - WARNING - [USER WS] close code=None reason=None
2026-07-29 20:05:16,312 - INFO - [HEARTBEAT] 已停止
2026-07-29 20:05:16,313 - INFO - ============================================================
系统已停止
============================================================
2026-07-29 20:06:47,042 - INFO - ============================================================
2026-07-29 20:06:47,042 - INFO - Maker-only Guardian V7.0 启动
2026-07-29 20:06:47,042 - INFO - 地址: 0x304bf40e9e50c265f6dd86417707d5b41d8ea619 | 档: 2 | 量: 50 | 冷却: 120s | 心跳: 7.0s
2026-07-29 20:06:47,042 - INFO - 筛选器: keyword=temp top1=50 top2=1000 top3=2000 existing=3000 rewards>=20
2026-07-29 20:06:47,044 - INFO - 实例: bot1 | midpoint=[0.15, 0.85]
2026-07-29 20:06:47,044 - INFO - ============================================================
2026-07-29 20:06:47,044 - INFO - [HEARTBEAT] 已启动 interval=7.0s
2026-07-29 20:07:25,335 - INFO - [SCREENER] 137 markets in 7.7s | yes:31 no:1 | next in 30s
2026-07-29 20:07:38,100 - ERROR - [py_clob_client_v2] request error: Server disconnected
2026-07-29 20:07:38,100 - ERROR - [py_clob_client_v2] request error: Server disconnected
2026-07-29 20:07:38,100 - ERROR - [PLACE FAIL] 9256148593125948... price=0.40 attempt=1/2 | PolyApiException[status_code=None, error_message=Request exception!]
2026-07-29 20:07:38,100 - ERROR - [PLACE FAIL] 6759728210972296... price=0.24 attempt=1/2 | PolyApiException[status_code=None, error_message=Request exception!]
2026-07-29 20:08:03,468 - INFO - [SCREENER] 133 markets in 6.0s | yes:28 no:1 | next in 30s
2026-07-29 20:08:43,336 - INFO - [SCREENER] 144 markets in 6.7s | yes:29 no:2 | next in 30s
2026-07-29 20:09:24,402 - INFO - [SCREENER] 142 markets in 7.5s | yes:28 no:1 | next in 30s
2026-07-29 20:10:03,254 - INFO - [SCREENER] 138 markets in 6.6s | yes:30 no:0 | next in 30s
2026-07-29 20:10:43,525 - INFO - [SCREENER] 139 markets in 7.8s | yes:31 no:1 | next in 30s
2026-07-29 20:11:13,228 - INFO - [SCREENER] 151 markets in 6.5s | yes:31 no:1 | next in 30s
2026-07-29 20:11:51,723 - INFO - [SCREENER] 145 markets in 6.3s | yes:34 no:1 | next in 30s
2026-07-29 20:12:29,871 - INFO - [SCREENER] 150 markets in 6.3s | yes:33 no:1 | next in 30s
2026-07-29 20:13:09,007 - INFO - [SCREENER] 149 markets in 7.1s | yes:33 no:1 | next in 30s
2026-07-29 20:13:48,469 - INFO - [SCREENER] 154 markets in 6.0s | yes:34 no:1 | next in 30s
2026-07-29 20:14:27,396 - INFO - [SCREENER] 151 markets in 6.7s | yes:34 no:0 | next in 30s
2026-07-29 20:15:06,982 - INFO - [SCREENER] 155 markets in 7.7s | yes:36 no:0 | next in 30s
2026-07-29 20:15:36,893 - INFO - [SCREENER] 156 markets in 6.8s | yes:33 no:1 | next in 30s
2026-07-29 20:16:15,778 - INFO - [SCREENER] 156 markets in 6.6s | yes:33 no:1 | next in 30s
2026-07-29 20:16:54,164 - INFO - [SCREENER] 155 markets in 6.3s | yes:34 no:0 | next in 30s
2026-07-29 20:17:32,414 - INFO - [SCREENER] 155 markets in 6.3s | yes:37 no:1 | next in 30s
2026-07-29 20:18:12,331 - INFO - [SCREENER] 145 markets in 6.5s | yes:37 no:1 | next in 30s
2026-07-29 20:18:52,260 - INFO - [SCREENER] 147 markets in 7.6s | yes:35 no:1 | next in 30s
2026-07-29 20:19:31,687 - INFO - [SCREENER] 145 markets in 7.2s | yes:36 no:1 | next in 30s
2026-07-29 20:20:02,467 - INFO - [SCREENER] 147 markets in 6.8s | yes:34 no:2 | next in 30s
2026-07-29 20:20:41,807 - INFO - [SCREENER] 146 markets in 7.1s | yes:34 no:0 | next in 30s
2026-07-29 20:21:20,680 - INFO - [SCREENER] 144 markets in 6.8s | yes:31 no:0 | next in 30s
2026-07-29 20:21:58,813 - INFO - [SCREENER] 144 markets in 6.3s | yes:31 no:0 | next in 30s
2026-07-29 20:22:38,522 - INFO - [SCREENER] 150 markets in 6.4s | yes:31 no:0 | next in 30s
2026-07-29 20:23:17,431 - INFO - [SCREENER] 150 markets in 6.7s | yes:33 no:0 | next in 30s
2026-07-29 20:23:56,179 - INFO - [SCREENER] 147 markets in 6.2s | yes:29 no:0 | next in 30s
2026-07-29 20:24:36,558 - INFO - [SCREENER] 149 markets in 7.0s | yes:29 no:0 | next in 30s
2026-07-29 20:25:02,626 - ERROR - [py_clob_client_v2] request error: Server disconnected
2026-07-29 20:25:02,626 - ERROR - [py_clob_client_v2] request error: Server disconnected
2026-07-29 20:25:02,626 - ERROR - 获取订单簿失败: 99231084365828542194... | PolyApiException[status_code=None, error_message=Request exception!]
2026-07-29 20:25:02,628 - ERROR - 获取订单簿失败: 32682789494699791023... | PolyApiException[status_code=None, error_message=Request exception!]
2026-07-29 20:25:03,625 - WARNING - [RETRY] 9923108436582854 bids不足2档，10s后重试
2026-07-29 20:25:03,625 - WARNING - [RETRY] 3268278949469979 bids不足2档，10s后重试
2026-07-29 20:25:14,712 - INFO - [SCREENER] 147 markets in 6.1s | yes:25 no:0 | next in 30s
2026-07-29 20:25:53,266 - INFO - [SCREENER] 148 markets in 6.6s | yes:28 no:0 | next in 30s
2026-07-29 20:26:33,699 - INFO - [SCREENER] 147 markets in 6.3s | yes:26 no:0 | next in 30s
2026-07-29 20:27:11,838 - INFO - [SCREENER] 151 markets in 5.9s | yes:27 no:0 | next in 30s
2026-07-29 20:27:51,319 - INFO - [SCREENER] 148 markets in 7.7s | yes:25 no:1 | next in 30s
2026-07-29 20:28:29,162 - INFO - [SCREENER] 150 markets in 5.7s | yes:25 no:1 | next in 30s
2026-07-29 20:29:09,394 - INFO - [SCREENER] 152 markets in 7.1s | yes:24 no:1 | next in 30s
2026-07-29 20:29:47,206 - INFO - [SCREENER] 151 markets in 5.9s | yes:26 no:1 | next in 30s
2026-07-29 20:30:26,019 - INFO - [SCREENER] 148 markets in 6.8s | yes:25 no:0 | next in 30s
2026-07-29 20:30:56,147 - INFO - [SCREENER] 150 markets in 6.9s | yes:25 no:0 | next in 30s
2026-07-29 20:31:34,417 - INFO - [SCREENER] 149 markets in 6.0s | yes:28 no:0 | next in 30s
2026-07-29 20:32:13,614 - INFO - [SCREENER] 150 markets in 7.2s | yes:29 no:0 | next in 30s
2026-07-29 20:32:53,211 - INFO - [SCREENER] 145 markets in 7.3s | yes:32 no:0 | next in 30s
2026-07-29 20:33:22,658 - INFO - [SCREENER] 146 markets in 6.7s | yes:31 no:0 | next in 30s
2026-07-29 20:34:01,634 - INFO - [SCREENER] 146 markets in 7.0s | yes:33 no:1 | next in 30s
2026-07-29 20:34:39,964 - INFO - [SCREENER] 150 markets in 6.2s | yes:30 no:0 | next in 30s
2026-07-29 20:35:19,898 - INFO - [SCREENER] 150 markets in 6.6s | yes:29 no:0 | next in 30s
2026-07-29 20:35:58,314 - INFO - [SCREENER] 153 markets in 6.6s | yes:28 no:0 | next in 30s
2026-07-29 20:36:39,237 - INFO - [SCREENER] 154 markets in 8.8s | yes:28 no:0 | next in 30s
2026-07-29 20:37:06,807 - INFO - [SCREENER] 157 markets in 6.1s | yes:27 no:0 | next in 30s
2026-07-29 20:37:47,013 - INFO - [SCREENER] 159 markets in 6.3s | yes:27 no:0 | next in 30s
2026-07-29 20:38:25,157 - INFO - [SCREENER] 166 markets in 6.2s | yes:32 no:0 | next in 30s
2026-07-29 20:39:02,933 - INFO - [SCREENER] 164 markets in 6.0s | yes:34 no:0 | next in 30s
2026-07-29 20:39:43,518 - INFO - [SCREENER] 160 markets in 7.1s | yes:34 no:0 | next in 30s
2026-07-29 20:40:22,237 - INFO - [SCREENER] 161 markets in 6.5s | yes:33 no:1 | next in 30s
2026-07-29 20:41:00,713 - INFO - [SCREENER] 161 markets in 6.4s | yes:33 no:1 | next in 30s
2026-07-29 20:41:40,045 - INFO - [SCREENER] 163 markets in 5.8s | yes:34 no:1 | next in 30s
2026-07-29 20:42:18,786 - INFO - [SCREENER] 166 markets in 6.2s | yes:35 no:2 | next in 30s
2026-07-29 20:42:58,852 - INFO - [SCREENER] 168 markets in 8.1s | yes:35 no:3 | next in 30s
2026-07-29 20:43:37,111 - INFO - [SCREENER] 170 markets in 6.4s | yes:33 no:7 | next in 30s
2026-07-29 20:44:17,850 - INFO - [SCREENER] 168 markets in 6.7s | yes:33 no:6 | next in 30s
2026-07-29 20:44:56,137 - INFO - [SCREENER] 169 markets in 6.3s | yes:37 no:5 | next in 30s
2026-07-29 20:45:34,462 - INFO - [SCREENER] 167 markets in 6.1s | yes:37 no:2 | next in 30s
2026-07-29 20:46:14,214 - INFO - [SCREENER] 172 markets in 6.3s | yes:38 no:2 | next in 30s
2026-07-29 20:46:53,691 - INFO - [SCREENER] 172 markets in 7.4s | yes:36 no:1 | next in 30s
2026-07-29 20:47:32,944 - INFO - [SCREENER] 170 markets in 7.0s | yes:35 no:2 | next in 30s
2026-07-29 20:48:12,662 - INFO - [SCREENER] 164 markets in 6.0s | yes:36 no:1 | next in 30s
2026-07-29 20:48:53,586 - INFO - [SCREENER] 167 markets in 8.5s | yes:39 no:1 | next in 30s
2026-07-29 20:49:32,244 - INFO - [SCREENER] 164 markets in 6.7s | yes:36 no:1 | next in 30s
2026-07-29 20:50:11,538 - INFO - [SCREENER] 169 markets in 7.3s | yes:37 no:2 | next in 30s
2026-07-29 20:50:30,830 - ERROR - [USER WS ERR] Connection to remote host was lost.
2026-07-29 20:50:30,830 - ERROR - Connection to remote host was lost. - goodbye
2026-07-29 20:50:30,830 - WARNING - [USER WS] close code=None reason=None
2026-07-29 20:50:30,831 - WARNING - [USER WS] 断开，5s 后重连...
2026-07-29 20:50:42,901 - INFO - [SCREENER] 166 markets in 8.3s | yes:40 no:2 | next in 30s
2026-07-29 20:51:21,265 - INFO - [SCREENER] 166 markets in 6.4s | yes:40 no:2 | next in 30s
2026-07-29 20:52:00,525 - INFO - [SCREENER] 160 markets in 6.8s | yes:36 no:0 | next in 30s
2026-07-29 20:52:40,736 - INFO - [SCREENER] 163 markets in 6.5s | yes:37 no:1 | next in 30s
2026-07-29 20:53:19,990 - INFO - [SCREENER] 155 markets in 7.0s | yes:36 no:0 | next in 30s
2026-07-29 20:54:00,378 - INFO - [SCREENER] 157 markets in 8.3s | yes:38 no:1 | next in 30s
2026-07-29 20:54:29,772 - INFO - [SCREENER] 158 markets in 6.0s | yes:40 no:1 | next in 30s
2026-07-29 20:55:08,207 - INFO - [SCREENER] 157 markets in 6.3s | yes:37 no:1 | next in 30s
2026-07-29 20:55:47,097 - INFO - [SCREENER] 156 markets in 7.0s | yes:38 no:1 | next in 30s
2026-07-29 20:56:24,921 - INFO - [SCREENER] 155 markets in 5.9s | yes:40 no:0 | next in 30s
2026-07-29 20:57:04,559 - INFO - [SCREENER] 156 markets in 6.0s | yes:41 no:0 | next in 30s
2026-07-29 20:57:43,280 - INFO - [SCREENER] 155 markets in 6.6s | yes:43 no:0 | next in 30s
2026-07-29 20:58:21,722 - INFO - [SCREENER] 154 markets in 6.2s | yes:42 no:0 | next in 30s
2026-07-29 20:59:01,048 - INFO - [SCREENER] 147 markets in 5.7s | yes:42 no:0 | next in 30s
2026-07-29 20:59:40,327 - INFO - [SCREENER] 147 markets in 7.1s | yes:42 no:0 | next in 30s
2026-07-29 21:00:18,924 - INFO - [SCREENER] 145 markets in 6.2s | yes:41 no:0 | next in 30s
2026-07-29 21:00:59,324 - INFO - [SCREENER] 148 markets in 6.5s | yes:41 no:0 | next in 30s
2026-07-29 21:01:37,491 - INFO - [SCREENER] 147 markets in 6.0s | yes:42 no:0 | next in 30s
2026-07-29 21:02:16,211 - INFO - [SCREENER] 149 markets in 6.8s | yes:42 no:1 | next in 30s
2026-07-29 21:02:54,592 - INFO - [SCREENER] 147 markets in 6.2s | yes:42 no:1 | next in 30s
2026-07-29 21:03:42,147 - INFO - [SCREENER] 146 markets in 13.8s | yes:44 no:1 | next in 30s
2026-07-29 21:04:10,043 - INFO - [SCREENER] 144 markets in 6.4s | yes:43 no:1 | next in 30s
2026-07-29 21:04:48,341 - INFO - [SCREENER] 145 markets in 6.3s | yes:40 no:1 | next in 30s
2026-07-29 21:05:18,750 - INFO - [SCREENER] 145 markets in 6.4s | yes:44 no:1 | next in 30s
2026-07-29 21:05:56,883 - INFO - [SCREENER] 144 markets in 6.0s | yes:44 no:1 | next in 30s
2026-07-29 21:06:35,569 - INFO - [SCREENER] 148 markets in 6.6s | yes:45 no:1 | next in 30s
2026-07-29 21:07:14,483 - INFO - [SCREENER] 149 markets in 6.5s | yes:44 no:1 | next in 30s
2026-07-29 21:07:45,729 - INFO - [SCREENER] 145 markets in 7.6s | yes:41 no:2 | next in 30s
2026-07-29 21:08:24,802 - INFO - [SCREENER] 159 markets in 6.8s | yes:42 no:1 | next in 30s
2026-07-29 21:09:03,573 - INFO - [SCREENER] 157 markets in 6.8s | yes:41 no:0 | next in 30s
2026-07-29 21:09:44,747 - INFO - [SCREENER] 154 markets in 7.4s | yes:45 no:1 | next in 30s
2026-07-29 21:10:22,870 - INFO - [SCREENER] 154 markets in 6.2s | yes:43 no:1 | next in 30s
2026-07-29 21:11:01,793 - INFO - [SCREENER] 156 markets in 6.7s | yes:45 no:1 | next in 30s
2026-07-29 21:11:42,897 - INFO - [SCREENER] 159 markets in 5.9s | yes:51 no:1 | next in 30s
2026-07-29 21:12:05,315 - ERROR - [py_clob_client_v2] request error: Server disconnected
2026-07-29 21:12:05,315 - ERROR - [py_clob_client_v2] request error: Server disconnected
2026-07-29 21:12:05,315 - ERROR - 获取订单簿失败: 93112643990130625152... | PolyApiException[status_code=None, error_message=Request exception!]
2026-07-29 21:12:05,315 - ERROR - 获取订单簿失败: 27983712248662670285... | PolyApiException[status_code=None, error_message=Request exception!]
2026-07-29 21:12:06,313 - WARNING - [RETRY] 9311264399013062 bids不足2档，10s后重试
2026-07-29 21:12:06,313 - WARNING - [RETRY] 2798371224866267 bids不足2档，10s后重试
2026-07-29 21:12:24,368 - INFO - [SCREENER] 160 markets in 9.1s | yes:52 no:1 | next in 30s
2026-07-29 21:12:52,658 - INFO - [SCREENER] 162 markets in 6.8s | yes:51 no:0 | next in 30s
2026-07-29 21:13:32,742 - INFO - [SCREENER] 161 markets in 7.7s | yes:54 no:0 | next in 30s
2026-07-29 21:14:03,105 - INFO - [SCREENER] 162 markets in 7.0s | yes:51 no:1 | next in 30s
2026-07-29 21:14:41,615 - INFO - [SCREENER] 160 markets in 6.0s | yes:50 no:1 | next in 30s
2026-07-29 21:15:20,498 - INFO - [SCREENER] 163 markets in 7.0s | yes:50 no:1 | next in 30s
2026-07-29 21:15:51,477 - INFO - [SCREENER] 162 markets in 7.5s | yes:50 no:1 | next in 30s
2026-07-29 21:16:30,534 - INFO - [SCREENER] 160 markets in 6.4s | yes:53 no:0 | next in 30s
2026-07-29 21:16:56,582 - ERROR - [py_clob_client_v2] request error: [SSL: UNEXPECTED_EOF_WHILE_READING] EOF occurred in violation of protocol (_ssl.c:1000)
2026-07-29 21:16:57,051 - ERROR - [HEARTBEAT] 失败 (连续 1 次): 401 Client Error: Unauthorized for url: https://clob.polymarket.com/v1/heartbeats
2026-07-29 21:17:08,622 - INFO - [SCREENER] 161 markets in 5.9s | yes:51 no:1 | next in 30s
2026-07-29 21:17:46,816 - INFO - [SCREENER] 162 markets in 6.1s | yes:53 no:2 | next in 30s
2026-07-29 21:17:48,615 - WARNING - [AUDIT] 5628291943280744 订单丢失纠偏
2026-07-29 21:17:48,616 - WARNING - [AUDIT] 5665574963884049 订单丢失纠偏
2026-07-29 21:17:48,616 - WARNING - [AUDIT] 6381496004909133 订单丢失纠偏
2026-07-29 21:17:48,616 - WARNING - [AUDIT] 1154230654638001 订单丢失纠偏
2026-07-29 21:17:48,616 - WARNING - [AUDIT] 1050467039669960 订单丢失纠偏
2026-07-29 21:17:48,617 - WARNING - [AUDIT] 1495307552494407 订单丢失纠偏
2026-07-29 21:17:48,617 - WARNING - [AUDIT] 5690082784530203 订单丢失纠偏
2026-07-29 21:17:48,617 - WARNING - [AUDIT] 5483500589407724 订单丢失纠偏
2026-07-29 21:17:48,617 - WARNING - [AUDIT] 8985687337765311 订单丢失纠偏
2026-07-29 21:17:48,618 - WARNING - [AUDIT] 4021450910460381 订单丢失纠偏
2026-07-29 21:17:48,618 - WARNING - [AUDIT] 1101733377666130 订单丢失纠偏
2026-07-29 21:17:48,618 - WARNING - [AUDIT] 3163362723265445 订单丢失纠偏
2026-07-29 21:17:48,618 - WARNING - [AUDIT] 5552092961648777 订单丢失纠偏
2026-07-29 21:17:48,619 - WARNING - [AUDIT] 1117587924147036 订单丢失纠偏
2026-07-29 21:17:48,619 - WARNING - [AUDIT] 5166195493537182 订单丢失纠偏
2026-07-29 21:17:48,620 - WARNING - [AUDIT] 4577693276594738 订单丢失纠偏
2026-07-29 21:17:48,620 - WARNING - [AUDIT] 8602109109345929 订单丢失纠偏
2026-07-29 21:17:48,620 - WARNING - [AUDIT] 2353946486221127 订单丢失纠偏
2026-07-29 21:17:48,620 - WARNING - [AUDIT] 4329506741614242 订单丢失纠偏
2026-07-29 21:17:48,621 - WARNING - [AUDIT] 8665030358931242 订单丢失纠偏
2026-07-29 21:17:48,621 - WARNING - [AUDIT] 7549987038399964 订单丢失纠偏
2026-07-29 21:17:48,621 - WARNING - [AUDIT] 7238355651593860 订单丢失纠偏
2026-07-29 21:17:48,621 - WARNING - [AUDIT] 4785924216663269 订单丢失纠偏
2026-07-29 21:17:48,622 - WARNING - [AUDIT] 1980142990093654 订单丢失纠偏
2026-07-29 21:17:48,622 - WARNING - [AUDIT] 1158979346242362 订单丢失纠偏
2026-07-29 21:17:48,622 - WARNING - [AUDIT] 8017685603829740 订单丢失纠偏
2026-07-29 21:17:48,622 - WARNING - [AUDIT] 9471737552867176 订单丢失纠偏
2026-07-29 21:17:48,623 - WARNING - [AUDIT] 9077404512420004 订单丢失纠偏
2026-07-29 21:17:48,623 - WARNING - [AUDIT] 8807013473938409 订单丢失纠偏
2026-07-29 21:17:48,623 - WARNING - [AUDIT] 5173928304312758 订单丢失纠偏
2026-07-29 21:17:48,623 - WARNING - [AUDIT] 9658234936421319 订单丢失纠偏
2026-07-29 21:17:48,624 - WARNING - [AUDIT] 6759728210972296 订单丢失纠偏
2026-07-29 21:17:48,624 - WARNING - [AUDIT] 5151600533323602 订单丢失纠偏
2026-07-29 21:17:48,624 - WARNING - [AUDIT] 1881611846012403 订单丢失纠偏
2026-07-29 21:17:48,624 - WARNING - [AUDIT] 1096071201107726 订单丢失纠偏
2026-07-29 21:17:48,625 - WARNING - [AUDIT] 1026545093522770 订单丢失纠偏
2026-07-29 21:17:48,625 - WARNING - [AUDIT] 9311264399013062 订单丢失纠偏
2026-07-29 21:17:48,625 - WARNING - [AUDIT] 6434882239083600 订单丢失纠偏
2026-07-29 21:17:48,625 - WARNING - [AUDIT] 8085588690987788 订单丢失纠偏
2026-07-29 21:17:48,626 - WARNING - [AUDIT] 1022092457472070 订单丢失纠偏
2026-07-29 21:17:48,626 - WARNING - [AUDIT] 1082561109215351 订单丢失纠偏
2026-07-29 21:17:48,626 - WARNING - [AUDIT] 3321786090116059 订单丢失纠偏
2026-07-29 21:17:48,627 - WARNING - [AUDIT] 6621982731843365 订单丢失纠偏
2026-07-29 21:17:48,627 - WARNING - [AUDIT] 1042476319077633 订单丢失纠偏
2026-07-29 21:17:48,627 - WARNING - [AUDIT] 2798371224866267 订单丢失纠偏
2026-07-29 21:17:48,627 - WARNING - [AUDIT] 9557217740809434 订单丢失纠偏
2026-07-29 21:17:48,628 - WARNING - [AUDIT] 9923108436582854 订单丢失纠偏
2026-07-29 21:18:26,710 - INFO - [SCREENER] 165 markets in 6.1s | yes:52 no:2 | next in 30s
2026-07-29 21:19:05,154 - INFO - [SCREENER] 167 markets in 6.1s | yes:50 no:2 | next in 30s
2026-07-29 21:19:43,062 - INFO - [SCREENER] 167 markets in 5.9s | yes:50 no:2 | next in 30s
2026-07-29 21:20:23,302 - INFO - [SCREENER] 168 markets in 6.6s | yes:51 no:2 | next in 30s
2026-07-29 21:21:01,416 - INFO - [SCREENER] 166 markets in 6.2s | yes:52 no:2 | next in 30s
2026-07-29 21:21:40,801 - INFO - [SCREENER] 165 markets in 6.9s | yes:49 no:2 | next in 30s
2026-07-29 21:22:22,549 - INFO - [SCREENER] 166 markets in 6.8s | yes:46 no:2 | next in 30s
2026-07-29 21:23:01,459 - INFO - [SCREENER] 172 markets in 6.5s | yes:48 no:1 | next in 30s
2026-07-29 21:23:41,652 - INFO - [SCREENER] 171 markets in 7.9s | yes:48 no:1 | next in 30s
2026-07-29 21:24:21,614 - INFO - [SCREENER] 169 markets in 6.2s | yes:49 no:2 | next in 30s
2026-07-29 21:25:00,674 - INFO - [SCREENER] 167 markets in 6.9s | yes:47 no:2 | next in 30s
2026-07-29 21:25:41,647 - INFO - [SCREENER] 165 markets in 8.0s | yes:45 no:2 | next in 30s
2026-07-29 21:26:20,242 - INFO - [SCREENER] 164 markets in 6.4s | yes:48 no:2 | next in 30s
2026-07-29 21:27:01,345 - INFO - [SCREENER] 162 markets in 7.3s | yes:47 no:2 | next in 30s
2026-07-29 21:27:41,523 - INFO - [SCREENER] 160 markets in 8.0s | yes:49 no:2 | next in 30s
2026-07-29 21:28:19,875 - INFO - [SCREENER] 155 markets in 6.1s | yes:48 no:2 | next in 30s
2026-07-29 21:29:00,933 - INFO - [SCREENER] 154 markets in 7.3s | yes:44 no:2 | next in 30s
2026-07-29 21:29:39,756 - INFO - [SCREENER] 156 markets in 6.3s | yes:49 no:2 | next in 30s
2026-07-29 21:30:18,924 - INFO - [SCREENER] 158 markets in 6.9s | yes:48 no:2 | next in 30s
2026-07-29 21:31:01,117 - INFO - [SCREENER] 156 markets in 8.5s | yes:45 no:2 | next in 30s
2026-07-29 21:31:30,068 - INFO - [SCREENER] 157 markets in 6.9s | yes:45 no:2 | next in 30s
2026-07-29 21:32:09,804 - INFO - [SCREENER] 159 markets in 7.7s | yes:46 no:2 | next in 30s
2026-07-29 21:32:48,984 - INFO - [SCREENER] 160 markets in 7.1s | yes:43 no:2 | next in 30s
2026-07-29 21:33:19,256 - INFO - [SCREENER] 161 markets in 7.2s | yes:46 no:2 | next in 30s
2026-07-29 21:33:58,836 - INFO - [SCREENER] 159 markets in 7.5s | yes:50 no:2 | next in 30s
2026-07-29 21:34:37,756 - INFO - [SCREENER] 161 markets in 7.0s | yes:50 no:2 | next in 30s
2026-07-29 21:35:09,192 - INFO - [SCREENER] 159 markets in 7.7s | yes:49 no:2 | next in 30s
2026-07-29 21:35:48,508 - INFO - [SCREENER] 158 markets in 7.4s | yes:46 no:2 | next in 30s
2026-07-29 21:36:27,340 - INFO - [SCREENER] 155 markets in 6.6s | yes:48 no:2 | next in 30s
2026-07-29 21:37:06,425 - INFO - [SCREENER] 155 markets in 7.1s | yes:47 no:2 | next in 30s
2026-07-29 21:37:38,134 - INFO - [SCREENER] 158 markets in 8.6s | yes:49 no:2 | next in 30s
2026-07-29 21:38:16,417 - INFO - [SCREENER] 159 markets in 6.3s | yes:48 no:2 | next in 30s
2026-07-29 21:38:56,344 - INFO - [SCREENER] 161 markets in 7.7s | yes:46 no:2 | next in 30s
2026-07-29 21:39:27,149 - INFO - [SCREENER] 164 markets in 7.5s | yes:45 no:2 | next in 30s
2026-07-29 21:40:05,533 - INFO - [SCREENER] 162 markets in 6.3s | yes:44 no:0 | next in 30s
2026-07-29 21:40:50,948 - INFO - [SCREENER] 162 markets in 13.2s | yes:43 no:1 | next in 30s
2026-07-29 21:41:19,560 - INFO - [SCREENER] 164 markets in 6.9s | yes:43 no:0 | next in 30s
2026-07-29 21:41:51,533 - INFO - [SCREENER] 162 markets in 8.6s | yes:41 no:1 | next in 30s
2026-07-29 21:42:09,287 - ERROR - [py_clob_client_v2] request error: Server disconnected
2026-07-29 21:42:09,287 - ERROR - [py_clob_client_v2] request error: Server disconnected
2026-07-29 21:42:09,287 - ERROR - 获取订单簿失败: 50068774947725765713... | PolyApiException[status_code=None, error_message=Request exception!]
2026-07-29 21:42:09,844 - ERROR - [HEARTBEAT] 失败 (连续 1 次): 401 Client Error: Unauthorized for url: https://clob.polymarket.com/v1/heartbeats
2026-07-29 21:42:09,942 - WARNING - [RETRY] 5006877494772576 bids不足2档，10s后重试
2026-07-29 21:42:11,321 - ERROR - [py_clob_client_v2] request error status=400 url=https://clob.polymarket.com/v1/heartbeats body={"heartbeat_id":"2c979bfa-8690-46e7-a4bf-3776a5490fe1","error_msg":"Invalid Heartbeat ID"}
2026-07-29 21:42:11,321 - INFO - [HEARTBEAT] 从 SDK 错误恢复 heartbeat_id: 2c979bfa-8690-46 (旧: f7ab1caf-8418-45)
2026-07-29 21:42:11,570 - INFO - [HEARTBEAT] OK (recovered) id=77ad4d20-b8a2-47
2026-07-29 21:42:31,210 - INFO - [SCREENER] 167 markets in 7.6s | yes:44 no:3 | next in 30s
2026-07-29 21:43:11,580 - INFO - [SCREENER] 166 markets in 8.3s | yes:43 no:3 | next in 30s
2026-07-29 21:43:42,721 - INFO - [SCREENER] 166 markets in 7.5s | yes:43 no:4 | next in 30s
2026-07-29 21:44:21,440 - INFO - [SCREENER] 162 markets in 6.3s | yes:43 no:3 | next in 30s
2026-07-29 21:45:05,251 - INFO - [SCREENER] 163 markets in 11.5s | yes:39 no:3 | next in 30s
2026-07-29 21:45:34,062 - INFO - [SCREENER] 164 markets in 7.5s | yes:38 no:3 | next in 30s
2026-07-29 21:46:07,234 - INFO - [SCREENER] 165 markets in 9.8s | yes:38 no:3 | next in 30s
2026-07-29 21:46:36,096 - INFO - [SCREENER] 167 markets in 7.2s | yes:41 no:2 | next in 30s
2026-07-29 21:47:16,249 - INFO - [SCREENER] 166 markets in 7.8s | yes:42 no:2 | next in 30s
2026-07-29 21:47:45,894 - INFO - [SCREENER] 166 markets in 6.2s | yes:40 no:2 | next in 30s
2026-07-29 21:48:24,233 - INFO - [SCREENER] 166 markets in 6.3s | yes:38 no:2 | next in 30s
2026-07-29 21:49:04,295 - INFO - [SCREENER] 165 markets in 8.0s | yes:42 no:2 | next in 30s
2026-07-29 21:49:44,158 - INFO - [SCREENER] 163 markets in 7.7s | yes:40 no:2 | next in 30s
2026-07-29 21:50:15,309 - INFO - [SCREENER] 166 markets in 7.9s | yes:42 no:2 | next in 30s
2026-07-29 21:50:54,286 - INFO - [SCREENER] 163 markets in 7.1s | yes:44 no:1 | next in 30s
2026-07-29 21:51:40,281 - INFO - [SCREENER] 160 markets in 13.5s | yes:46 no:0 | next in 30s
2026-07-29 21:52:10,602 - INFO - [SCREENER] 160 markets in 6.9s | yes:46 no:0 | next in 30s
2026-07-29 21:52:51,156 - INFO - [SCREENER] 160 markets in 8.5s | yes:45 no:0 | next in 30s
2026-07-29 21:53:21,833 - INFO - [SCREENER] 157 markets in 9.0s | yes:45 no:0 | next in 30s
2026-07-29 21:53:27,374 - ERROR - [POLL] 批量查询异常: HTTPSConnectionPool(host='clob.polymarket.com', port=443): Max retries exceeded with url: /books (Caused by SSLError(SSLEOFError(8, '[SSL: UNEXPECTED_EOF_WHILE_READING] EOF occurred in violation of protocol (_ssl.c:1000)')))
2026-07-29 21:53:56,475 - INFO - [SCREENER] 155 markets in 8.4s | yes:45 no:0 | next in 30s
2026-07-29 21:54:42,622 - INFO - [SCREENER] 160 markets in 22.9s | yes:43 no:0 | next in 30s
2026-07-29 21:55:08,020 - INFO - [SCREENER] 160 markets in 14.4s | yes:42 no:0 | next in 30s
2026-07-29 21:55:42,909 - INFO - [SCREENER] 158 markets in 13.5s | yes:41 no:0 | next in 30s
2026-07-29 21:56:04,168 - ERROR - [py_clob_client_v2] request error: [SSL: UNEXPECTED_EOF_WHILE_READING] EOF occurred in violation of protocol (_ssl.c:1000)
2026-07-29 21:56:04,659 - ERROR - [HEARTBEAT] 失败 (连续 1 次): 401 Client Error: Unauthorized for url: https://clob.polymarket.com/v1/heartbeats
2026-07-29 21:56:19,873 - INFO - [SCREENER] 159 markets in 15.0s | yes:39 no:0 | next in 30s
2026-07-29 21:56:21,390 - ERROR - [BATCH CANCEL FAIL] 0x525c615d87d5b4b35d... | order can't be found - already canceled or matched
2026-07-29 21:56:22,141 - ERROR - [BATCH CANCEL] 5552092961648777 取消失败，清空 active_id 进入冷却兜底
2026-07-29 21:56:32,593 - WARNING - [AUDIT] 5628291943280744 订单丢失纠偏
2026-07-29 21:56:32,594 - WARNING - [AUDIT] 5665574963884049 订单丢失纠偏
2026-07-29 21:56:32,594 - WARNING - [AUDIT] 6381496004909133 订单丢失纠偏
2026-07-29 21:56:32,594 - WARNING - [AUDIT] 1154230654638001 订单丢失纠偏
2026-07-29 21:56:32,595 - WARNING - [AUDIT] 1050467039669960 订单丢失纠偏
2026-07-29 21:56:32,595 - WARNING - [AUDIT] 1495307552494407 订单丢失纠偏
2026-07-29 21:56:32,596 - WARNING - [AUDIT] 5690082784530203 订单丢失纠偏
2026-07-29 21:56:32,596 - WARNING - [AUDIT] 8985687337765311 订单丢失纠偏
2026-07-29 21:56:32,596 - WARNING - [AUDIT] 4021450910460381 订单丢失纠偏
2026-07-29 21:56:32,596 - WARNING - [AUDIT] 2353946486221127 订单丢失纠偏
2026-07-29 21:56:32,596 - WARNING - [AUDIT] 4329506741614242 订单丢失纠偏
2026-07-29 21:56:32,597 - WARNING - [AUDIT] 9471737552867176 订单丢失纠偏
2026-07-29 21:56:32,597 - WARNING - [AUDIT] 8807013473938409 订单丢失纠偏
2026-07-29 21:56:32,597 - WARNING - [AUDIT] 5173928304312758 订单丢失纠偏
2026-07-29 21:56:32,597 - WARNING - [AUDIT] 1881611846012403 订单丢失纠偏
2026-07-29 21:56:32,598 - WARNING - [AUDIT] 1022092457472070 订单丢失纠偏
2026-07-29 21:56:32,598 - WARNING - [AUDIT] 3321786090116059 订单丢失纠偏
2026-07-29 21:56:32,598 - WARNING - [AUDIT] 9256148593125948 订单丢失纠偏
2026-07-29 21:56:32,598 - WARNING - [AUDIT] 1100234228660797 订单丢失纠偏
2026-07-29 21:56:32,599 - WARNING - [AUDIT] 6043790029541861 订单丢失纠偏
2026-07-29 21:56:32,599 - WARNING - [AUDIT] 5166195493537182 订单丢失纠偏
2026-07-29 21:56:32,599 - WARNING - [AUDIT] 1117587924147036 订单丢失纠偏
2026-07-29 21:56:32,600 - WARNING - [AUDIT] 3068602426413270 订单丢失纠偏
2026-07-29 21:56:32,600 - WARNING - [AUDIT] 1082561109215351 订单丢失纠偏
2026-07-29 21:56:32,600 - WARNING - [AUDIT] 7912940889785135 订单丢失纠偏
2026-07-29 21:56:32,600 - WARNING - [AUDIT] 2798371224866267 订单丢失纠偏
2026-07-29 21:56:32,601 - WARNING - [AUDIT] 2155340172237723 订单丢失纠偏
2026-07-29 21:56:32,601 - WARNING - [AUDIT] 6079413036958135 订单丢失纠偏
2026-07-29 21:56:32,601 - WARNING - [AUDIT] 4469030833584170 订单丢失纠偏
2026-07-29 21:56:32,601 - WARNING - [AUDIT] 9605998236724750 订单丢失纠偏
2026-07-29 21:56:32,601 - WARNING - [AUDIT] 1399898491292407 订单丢失纠偏
2026-07-29 21:56:32,601 - WARNING - [AUDIT] 8085588690987788 订单丢失纠偏
2026-07-29 21:56:32,603 - WARNING - [AUDIT] 1096071201107726 订单丢失纠偏
2026-07-29 21:56:32,603 - WARNING - [AUDIT] 9923601734476122 订单丢失纠偏
2026-07-29 21:56:32,603 - WARNING - [AUDIT] 6614385806473436 订单丢失纠偏
2026-07-29 21:56:51,080 - INFO - [SCREENER] 161 markets in 7.0s | yes:44 no:0 | next in 30s
2026-07-29 21:57:30,909 - INFO - [SCREENER] 160 markets in 7.9s | yes:45 no:0 | next in 30s
2026-07-29 21:58:10,525 - INFO - [SCREENER] 154 markets in 6.5s | yes:44 no:0 | next in 30s
2026-07-29 21:58:38,228 - ERROR - [AUDIT] 批量查询 best_bid 失败: HTTPSConnectionPool(host='clob.polymarket.com', port=443): Max retries exceeded with url: /books (Caused by SSLError(SSLEOFError(8, '[SSL: UNEXPECTED_EOF_WHILE_READING] EOF occurred in violation of protocol (_ssl.c:1000)')))
2026-07-29 21:58:44,781 - ERROR - [py_clob_client_v2] request error: [SSL: UNEXPECTED_EOF_WHILE_READING] EOF occurred in violation of protocol (_ssl.c:1000)
2026-07-29 21:58:44,781 - ERROR - 获取订单簿失败: 56282919432807449024... | PolyApiException[status_code=None, error_message=Request exception!]
2026-07-29 21:58:45,778 - WARNING - [RETRY] 5628291943280744 bids不足2档，10s后重试
2026-07-29 21:59:12,276 - INFO - [SCREENER] 149 markets in 22.5s | yes:43 no:0 | next in 30s
2026-07-29 21:59:30,075 - INFO - [SCREENER] 150 markets in 7.0s | yes:41 no:0 | next in 30s
2026-07-29 21:59:34,174 - ERROR - [py_clob_client_v2] request error: [SSL: UNEXPECTED_EOF_WHILE_READING] EOF occurred in violation of protocol (_ssl.c:1000)
2026-07-29 21:59:34,673 - ERROR - [HEARTBEAT] 失败 (连续 1 次): 401 Client Error: Unauthorized for url: https://clob.polymarket.com/v1/heartbeats
2026-07-29 21:59:35,915 - ERROR - [BATCH CANCEL FAIL] 0x3fd87b67a821034688... | order can't be found - already canceled or matched
2026-07-29 21:59:36,319 - ERROR - [BATCH CANCEL] 1154230654638001 取消失败，清空 active_id 进入冷却兜底
2026-07-29 22:00:02,832 - INFO - [SCREENER] 152 markets in 6.9s | yes:38 no:0 | next in 30s
2026-07-29 22:00:50,665 - INFO - [SCREENER] 155 markets in 15.4s | yes:39 no:0 | next in 30s
2026-07-29 22:00:52,396 - WARNING - [AUDIT] 5628291943280744 订单丢失纠偏
2026-07-29 22:00:52,397 - WARNING - [AUDIT] 5665574963884049 订单丢失纠偏
2026-07-29 22:00:52,397 - WARNING - [AUDIT] 1050467039669960 订单丢失纠偏
2026-07-29 22:00:52,397 - WARNING - [AUDIT] 1495307552494407 订单丢失纠偏
2026-07-29 22:00:52,397 - WARNING - [AUDIT] 8985687337765311 订单丢失纠偏
2026-07-29 22:00:52,398 - WARNING - [AUDIT] 4021450910460381 订单丢失纠偏
2026-07-29 22:00:52,398 - WARNING - [AUDIT] 2353946486221127 订单丢失纠偏
2026-07-29 22:00:52,398 - WARNING - [AUDIT] 4329506741614242 订单丢失纠偏
2026-07-29 22:00:52,398 - WARNING - [AUDIT] 9471737552867176 订单丢失纠偏
2026-07-29 22:00:52,399 - WARNING - [AUDIT] 8807013473938409 订单丢失纠偏
2026-07-29 22:00:52,399 - WARNING - [AUDIT] 5173928304312758 订单丢失纠偏
2026-07-29 22:00:52,399 - WARNING - [AUDIT] 1881611846012403 订单丢失纠偏
2026-07-29 22:00:52,399 - WARNING - [AUDIT] 1022092457472070 订单丢失纠偏
2026-07-29 22:00:52,400 - WARNING - [AUDIT] 3321786090116059 订单丢失纠偏
2026-07-29 22:00:52,400 - WARNING - [AUDIT] 9256148593125948 订单丢失纠偏
2026-07-29 22:00:52,400 - WARNING - [AUDIT] 6043790029541861 订单丢失纠偏
2026-07-29 22:00:52,400 - WARNING - [AUDIT] 5166195493537182 订单丢失纠偏
2026-07-29 22:00:52,401 - WARNING - [AUDIT] 1117587924147036 订单丢失纠偏
2026-07-29 22:00:52,401 - WARNING - [AUDIT] 3068602426413270 订单丢失纠偏
2026-07-29 22:00:52,401 - WARNING - [AUDIT] 1082561109215351 订单丢失纠偏
2026-07-29 22:00:52,401 - WARNING - [AUDIT] 7912940889785135 订单丢失纠偏
2026-07-29 22:00:52,401 - WARNING - [AUDIT] 2798371224866267 订单丢失纠偏
2026-07-29 22:00:52,402 - WARNING - [AUDIT] 2155340172237723 订单丢失纠偏
2026-07-29 22:00:52,402 - WARNING - [AUDIT] 4469030833584170 订单丢失纠偏
2026-07-29 22:00:52,402 - WARNING - [AUDIT] 1096071201107726 订单丢失纠偏
2026-07-29 22:00:52,402 - WARNING - [AUDIT] 9923601734476122 订单丢失纠偏
2026-07-29 22:00:52,402 - WARNING - [AUDIT] 6614385806473436 订单丢失纠偏
2026-07-29 22:00:52,403 - WARNING - [AUDIT] 8017685603829740 订单丢失纠偏
2026-07-29 22:00:52,403 - WARNING - [AUDIT] 8602109109345929 订单丢失纠偏
2026-07-29 22:00:52,403 - WARNING - [AUDIT] 9530461278633684 订单丢失纠偏
2026-07-29 22:00:52,403 - WARNING - [AUDIT] 6434882239083600 订单丢失纠偏
2026-07-29 22:00:52,404 - WARNING - [AUDIT] 3163362723265445 订单丢失纠偏
2026-07-29 22:00:52,404 - WARNING - [AUDIT] 9557217740809434 订单丢失纠偏
2026-07-29 22:01:20,680 - INFO - [SCREENER] 152 markets in 6.3s | yes:38 no:0 | next in 30s
2026-07-29 22:01:24,193 - ERROR - [py_clob_client_v2] request error: [SSL: UNEXPECTED_EOF_WHILE_READING] EOF occurred in violation of protocol (_ssl.c:1000)
2026-07-29 22:01:24,671 - ERROR - [HEARTBEAT] 失败 (连续 1 次): 401 Client Error: Unauthorized for url: https://clob.polymarket.com/v1/heartbeats
2026-07-29 22:02:00,181 - INFO - [SCREENER] 151 markets in 14.3s | yes:40 no:0 | next in 30s
2026-07-29 22:02:37,064 - INFO - [SCREENER] 154 markets in 15.5s | yes:44 no:0 | next in 30s
2026-07-29 22:02:53,067 - ERROR - [POLL] 批量查询异常: HTTPSConnectionPool(host='clob.polymarket.com', port=443): Max retries exceeded with url: /books (Caused by SSLError(SSLEOFError(8, '[SSL: UNEXPECTED_EOF_WHILE_READING] EOF occurred in violation of protocol (_ssl.c:1000)')))
2026-07-29 22:02:54,066 - WARNING - [AUDIT] 1623736321694726 订单丢失纠偏
2026-07-29 22:02:54,067 - WARNING - [AUDIT] 8161103130997014 订单丢失纠偏
2026-07-29 22:02:59,074 - ERROR - 查询持仓失败: HTTPSConnectionPool(host='data-api.polymarket.com', port=443): Max retries exceeded with url: /positions?user=0x304bf40e9e50c265f6dd86417707d5b41d8ea619&sizeThreshold=1.0 (Caused by SSLError(SSLEOFError(8, '[SSL: UNEXPECTED_EOF_WHILE_READING] EOF occurred in violation of protocol (_ssl.c:1000)')))
2026-07-29 22:02:59,340 - ERROR - [py_clob_client_v2] request error: Server disconnected
2026-07-29 22:02:59,342 - ERROR - [py_clob_client_v2] request error: Server disconnected
2026-07-29 22:02:59,342 - ERROR - [py_clob_client_v2] request error: Server disconnected
2026-07-29 22:02:59,343 - ERROR - 获取订单簿失败: 10220924574720706562... | PolyApiException[status_code=None, error_message=Request exception!]
2026-07-29 22:02:59,343 - ERROR - [py_clob_client_v2] request error: Server disconnected
2026-07-29 22:02:59,343 - ERROR - 获取订单簿失败: 94717375528671760958... | PolyApiException[status_code=None, error_message=Request exception!]
2026-07-29 22:02:59,343 - ERROR - [py_clob_client_v2] request error: Server disconnected
2026-07-29 22:02:59,343 - ERROR - [py_clob_client_v2] request error: Server disconnected
2026-07-29 22:02:59,344 - ERROR - 获取订单簿失败: 92561485931259489520... | PolyApiException[status_code=None, error_message=Request exception!]
2026-07-29 22:02:59,347 - ERROR - 获取订单簿失败: 33217860901160592700... | PolyApiException[status_code=None, error_message=Request exception!]
2026-07-29 22:02:59,348 - ERROR - 获取订单簿失败: 60437900295418612557... | PolyApiException[status_code=None, error_message=Request exception!]
2026-07-29 22:02:59,349 - ERROR - 获取订单簿失败: 18816118460124035317... | PolyApiException[status_code=None, error_message=Request exception!]
2026-07-29 22:03:00,076 - WARNING - [RETRY] 9471737552867176 bids不足2档，10s后重试
2026-07-29 22:03:00,078 - WARNING - [RETRY] 1881611846012403 bids不足2档，10s后重试
2026-07-29 22:03:00,078 - WARNING - [RETRY] 1022092457472070 bids不足2档，10s后重试
2026-07-29 22:03:00,078 - WARNING - [RETRY] 3321786090116059 bids不足2档，10s后重试
2026-07-29 22:03:00,079 - WARNING - [RETRY] 9256148593125948 bids不足2档，10s后重试
2026-07-29 22:03:00,083 - WARNING - [RETRY] 6043790029541861 bids不足2档，10s后重试
2026-07-29 22:03:23,100 - INFO - [SCREENER] 153 markets in 14.0s | yes:45 no:1 | next in 30s
2026-07-29 22:03:57,442 - ERROR - [py_clob_client_v2] request error: [SSL: UNEXPECTED_EOF_WHILE_READING] EOF occurred in violation of protocol (_ssl.c:1000)
2026-07-29 22:03:57,971 - ERROR - [HEARTBEAT] 失败 (连续 1 次): 401 Client Error: Unauthorized for url: https://clob.polymarket.com/v1/heartbeats
2026-07-29 22:03:59,353 - INFO - [SCREENER] 154 markets in 14.5s | yes:45 no:1 | next in 30s
2026-07-29 22:04:00,617 - ERROR - [BATCH CANCEL FAIL] 0xb715749452b7e66081... | order can't be found - already canceled or matched
2026-07-29 22:04:01,370 - ERROR - [BATCH CANCEL] 1107486019531506 取消失败，清空 active_id 进入冷却兜底
2026-07-29 22:04:15,379 - ERROR - [POLL] 批量查询异常: HTTPSConnectionPool(host='clob.polymarket.com', port=443): Max retries exceeded with url: /books (Caused by SSLError(SSLEOFError(8, '[SSL: UNEXPECTED_EOF_WHILE_READING] EOF occurred in violation of protocol (_ssl.c:1000)')))
2026-07-29 22:04:48,412 - ERROR - [py_clob_client_v2] request error: [SSL: UNEXPECTED_EOF_WHILE_READING] EOF occurred in violation of protocol (_ssl.c:1000)
2026-07-29 22:04:48,933 - ERROR - [HEARTBEAT] 失败 (连续 1 次): 401 Client Error: Unauthorized for url: https://clob.polymarket.com/v1/heartbeats
2026-07-29 22:04:52,904 - INFO - [SCREENER] 155 markets in 27.5s | yes:37 no:1 | next in 30s
2026-07-29 22:04:54,938 - ERROR - [py_clob_client_v2] request error: [SSL: UNEXPECTED_EOF_WHILE_READING] EOF occurred in violation of protocol (_ssl.c:1000)
2026-07-29 22:04:55,460 - ERROR - [HEARTBEAT] 失败 (连续 2 次): 401 Client Error: Unauthorized for url: https://clob.polymarket.com/v1/heartbeats
2026-07-29 22:05:13,770 - INFO - [SCREENER] 151 markets in 7.6s | yes:37 no:0 | next in 30s
2026-07-29 22:05:15,975 - ERROR - [py_clob_client_v2] request error: [SSL: UNEXPECTED_EOF_WHILE_READING] EOF occurred in violation of protocol (_ssl.c:1000)
2026-07-29 22:05:16,443 - ERROR - [HEARTBEAT] 失败 (连续 1 次): 401 Client Error: Unauthorized for url: https://clob.polymarket.com/v1/heartbeats
2026-07-29 22:05:17,695 - WARNING - [AUDIT] 5628291943280744 订单丢失纠偏
2026-07-29 22:05:17,696 - WARNING - [AUDIT] 5665574963884049 订单丢失纠偏
2026-07-29 22:05:17,696 - WARNING - [AUDIT] 1154230654638001 订单丢失纠偏
2026-07-29 22:05:17,696 - WARNING - [AUDIT] 1050467039669960 订单丢失纠偏
2026-07-29 22:05:17,697 - WARNING - [AUDIT] 1495307552494407 订单丢失纠偏
2026-07-29 22:05:17,697 - WARNING - [AUDIT] 8985687337765311 订单丢失纠偏
2026-07-29 22:05:17,697 - WARNING - [AUDIT] 4021450910460381 订单丢失纠偏
2026-07-29 22:05:17,697 - WARNING - [AUDIT] 9471737552867176 订单丢失纠偏
2026-07-29 22:05:17,697 - WARNING - [AUDIT] 1881611846012403 订单丢失纠偏
2026-07-29 22:05:17,698 - WARNING - [AUDIT] 1022092457472070 订单丢失纠偏
2026-07-29 22:05:17,698 - WARNING - [AUDIT] 3321786090116059 订单丢失纠偏
2026-07-29 22:05:17,698 - WARNING - [AUDIT] 9256148593125948 订单丢失纠偏
2026-07-29 22:05:17,698 - WARNING - [AUDIT] 6043790029541861 订单丢失纠偏
2026-07-29 22:05:17,698 - WARNING - [AUDIT] 1117587924147036 订单丢失纠偏
2026-07-29 22:05:17,699 - WARNING - [AUDIT] 3068602426413270 订单丢失纠偏
2026-07-29 22:05:17,699 - WARNING - [AUDIT] 7912940889785135 订单丢失纠偏
2026-07-29 22:05:17,699 - WARNING - [AUDIT] 4469030833584170 订单丢失纠偏
2026-07-29 22:05:17,699 - WARNING - [AUDIT] 8017685603829740 订单丢失纠偏
2026-07-29 22:05:17,700 - WARNING - [AUDIT] 9530461278633684 订单丢失纠偏
2026-07-29 22:05:17,700 - WARNING - [AUDIT] 6434882239083600 订单丢失纠偏
2026-07-29 22:05:17,700 - WARNING - [AUDIT] 3163362723265445 订单丢失纠偏
2026-07-29 22:05:17,700 - WARNING - [AUDIT] 9557217740809434 订单丢失纠偏
2026-07-29 22:05:17,700 - WARNING - [AUDIT] 1623736321694726 订单丢失纠偏
2026-07-29 22:05:17,700 - WARNING - [AUDIT] 8161103130997014 订单丢失纠偏
2026-07-29 22:05:17,700 - WARNING - [AUDIT] 1980142990093654 订单丢失纠偏
2026-07-29 22:05:17,701 - WARNING - [AUDIT] 1399898491292407 订单丢失纠偏
2026-07-29 22:05:17,701 - WARNING - [AUDIT] 1100234228660797 订单丢失纠偏
2026-07-29 22:05:17,701 - WARNING - [AUDIT] 9077404512420004 订单丢失纠偏
2026-07-29 22:05:17,701 - WARNING - [AUDIT] 1158979346242362 订单丢失纠偏
2026-07-29 22:05:17,702 - WARNING - [AUDIT] 1044492815303529 订单丢失纠偏
2026-07-29 22:05:17,702 - WARNING - [AUDIT] 4982711891639792 订单丢失纠偏
2026-07-29 22:05:17,702 - WARNING - [AUDIT] 9180087189180355 订单丢失纠偏
2026-07-29 22:05:17,703 - WARNING - [AUDIT] 8085588690987788 订单丢失纠偏
2026-07-29 22:05:29,701 - ERROR - [py_clob_client_v2] request error: [SSL: UNEXPECTED_EOF_WHILE_READING] EOF occurred in violation of protocol (_ssl.c:1000)
2026-07-29 22:05:30,201 - ERROR - [HEARTBEAT] 失败 (连续 1 次): 401 Client Error: Unauthorized for url: https://clob.polymarket.com/v1/heartbeats
2026-07-29 22:05:50,965 - ERROR - [py_clob_client_v2] request error: [SSL: UNEXPECTED_EOF_WHILE_READING] EOF occurred in violation of protocol (_ssl.c:1000)
2026-07-29 22:05:51,548 - ERROR - [HEARTBEAT] 失败 (连续 1 次): 401 Client Error: Unauthorized for url: https://clob.polymarket.com/v1/heartbeats
2026-07-29 22:06:06,708 - INFO - [SCREENER] 149 markets in 27.3s | yes:31 no:1 | next in 30s
2026-07-29 22:06:25,040 - INFO - [SCREENER] 154 markets in 7.2s | yes:33 no:1 | next in 30s
2026-07-29 22:06:49,364 - ERROR - [py_clob_client_v2] request error: [SSL: UNEXPECTED_EOF_WHILE_READING] EOF occurred in violation of protocol (_ssl.c:1000)
2026-07-29 22:06:50,032 - ERROR - [HEARTBEAT] 失败 (连续 1 次): 401 Client Error: Unauthorized for url: https://clob.polymarket.com/v1/heartbeats
2026-07-29 22:07:10,985 - INFO - [SCREENER] 155 markets in 13.8s | yes:32 no:1 | next in 30s
2026-07-29 22:07:27,687 - ERROR - [AUDIT] 批量查询 best_bid 失败: HTTPSConnectionPool(host='clob.polymarket.com', port=443): Max retries exceeded with url: /books (Caused by SSLError(SSLEOFError(8, '[SSL: UNEXPECTED_EOF_WHILE_READING] EOF occurred in violation of protocol (_ssl.c:1000)')))
2026-07-29 22:07:27,688 - WARNING - [AUDIT] 8807013473938409 订单丢失纠偏
2026-07-29 22:07:27,688 - WARNING - [AUDIT] 7677103133706603 订单丢失纠偏
2026-07-29 22:07:27,688 - WARNING - [AUDIT] 4379785612426100 订单丢失纠偏
2026-07-29 22:08:08,469 - INFO - [SCREENER] 154 markets in 30.1s | yes:35 no:0 | next in 30s
2026-07-29 22:08:25,517 - ERROR - [py_clob_client_v2] request error: [SSL: UNEXPECTED_EOF_WHILE_READING] EOF occurred in violation of protocol (_ssl.c:1000)
2026-07-29 22:08:26,025 - ERROR - [HEARTBEAT] 失败 (连续 1 次): 401 Client Error: Unauthorized for url: https://clob.polymarket.com/v1/heartbeats
2026-07-29 22:08:41,013 - INFO - [SCREENER] 162 markets in 21.7s | yes:40 no:3 | next in 30s
2026-07-29 22:09:15,014 - INFO - [SCREENER] 161 markets in 22.9s | yes:40 no:2 | next in 30s
2026-07-29 22:09:46,528 - INFO - [SCREENER] 159 markets in 20.5s | yes:42 no:2 | next in 30s
2026-07-29 22:09:52,938 - ERROR - [AUDIT] 批量查询 best_bid 失败: HTTPSConnectionPool(host='clob.polymarket.com', port=443): Max retries exceeded with url: /books (Caused by SSLError(SSLEOFError(8, '[SSL: UNEXPECTED_EOF_WHILE_READING] EOF occurred in violation of protocol (_ssl.c:1000)')))
2026-07-29 22:09:52,939 - WARNING - [AUDIT] 5628291943280744 订单丢失纠偏
2026-07-29 22:09:52,939 - WARNING - [AUDIT] 5665574963884049 订单丢失纠偏
2026-07-29 22:09:52,939 - WARNING - [AUDIT] 1050467039669960 订单丢失纠偏
2026-07-29 22:09:52,939 - WARNING - [AUDIT] 1495307552494407 订单丢失纠偏
2026-07-29 22:09:52,940 - WARNING - [AUDIT] 8985687337765311 订单丢失纠偏
2026-07-29 22:09:52,940 - WARNING - [AUDIT] 4021450910460381 订单丢失纠偏
2026-07-29 22:09:52,940 - WARNING - [AUDIT] 9471737552867176 订单丢失纠偏
2026-07-29 22:09:52,940 - WARNING - [AUDIT] 1881611846012403 订单丢失纠偏
2026-07-29 22:09:52,941 - WARNING - [AUDIT] 1022092457472070 订单丢失纠偏
2026-07-29 22:09:52,941 - WARNING - [AUDIT] 3321786090116059 订单丢失纠偏
2026-07-29 22:09:52,941 - WARNING - [AUDIT] 9256148593125948 订单丢失纠偏
2026-07-29 22:09:52,941 - WARNING - [AUDIT] 1117587924147036 订单丢失纠偏
2026-07-29 22:09:52,941 - WARNING - [AUDIT] 3068602426413270 订单丢失纠偏
2026-07-29 22:09:52,942 - WARNING - [AUDIT] 4469030833584170 订单丢失纠偏
2026-07-29 22:09:52,942 - WARNING - [AUDIT] 8017685603829740 订单丢失纠偏
2026-07-29 22:09:52,943 - WARNING - [AUDIT] 9530461278633684 订单丢失纠偏
2026-07-29 22:09:52,943 - WARNING - [AUDIT] 6434882239083600 订单丢失纠偏
2026-07-29 22:09:52,943 - WARNING - [AUDIT] 3163362723265445 订单丢失纠偏
2026-07-29 22:09:52,943 - WARNING - [AUDIT] 9557217740809434 订单丢失纠偏
2026-07-29 22:09:52,944 - WARNING - [AUDIT] 1623736321694726 订单丢失纠偏
2026-07-29 22:09:52,944 - WARNING - [AUDIT] 8161103130997014 订单丢失纠偏
2026-07-29 22:09:52,944 - WARNING - [AUDIT] 1980142990093654 订单丢失纠偏
2026-07-29 22:09:52,944 - WARNING - [AUDIT] 1399898491292407 订单丢失纠偏
2026-07-29 22:09:52,945 - WARNING - [AUDIT] 1100234228660797 订单丢失纠偏
2026-07-29 22:09:52,945 - WARNING - [AUDIT] 9077404512420004 订单丢失纠偏
2026-07-29 22:09:52,945 - WARNING - [AUDIT] 1158979346242362 订单丢失纠偏
2026-07-29 22:09:52,945 - WARNING - [AUDIT] 8085588690987788 订单丢失纠偏
2026-07-29 22:09:52,946 - WARNING - [AUDIT] 7180695672126738 订单丢失纠偏
2026-07-29 22:10:25,133 - INFO - [SCREENER] 153 markets in 21.5s | yes:46 no:2 | next in 30s
2026-07-29 22:10:50,502 - INFO - [SCREENER] 153 markets in 14.1s | yes:46 no:2 | next in 30s
2026-07-29 22:11:20,074 - INFO - [SCREENER] 154 markets in 8.2s | yes:46 no:2 | next in 30s
2026-07-29 22:11:52,189 - INFO - [SCREENER] 156 markets in 8.8s | yes:46 no:2 | next in 30s
2026-07-29 22:11:53,069 - ERROR - [py_clob_client_v2] request error: Server disconnected
2026-07-29 22:11:53,070 - ERROR - [py_clob_client_v2] request error: Server disconnected
2026-07-29 22:11:53,072 - ERROR - 获取订单簿失败: 56282919432807449024... | PolyApiException[status_code=None, error_message=Request exception!]
2026-07-29 22:11:53,074 - ERROR - [py_clob_client_v2] request error: Server disconnected
2026-07-29 22:11:53,074 - ERROR - 获取订单簿失败: 56655749638840496172... | PolyApiException[status_code=None, error_message=Request exception!]
2026-07-29 22:11:53,074 - ERROR - [py_clob_client_v2] request error: Server disconnected
2026-07-29 22:11:53,075 - ERROR - [py_clob_client_v2] request error: Server disconnected
2026-07-29 22:11:53,075 - ERROR - 获取订单簿失败: 10504670396699606231... | PolyApiException[status_code=None, error_message=Request exception!]
2026-07-29 22:11:53,076 - ERROR - 获取订单簿失败: 14953075524944078333... | PolyApiException[status_code=None, error_message=Request exception!]
2026-07-29 22:11:53,077 - ERROR - 获取订单簿失败: 89856873377653111467... | PolyApiException[status_code=None, error_message=Request exception!]
2026-07-29 22:11:54,065 - WARNING - [RETRY] 5628291943280744 bids不足2档，10s后重试
2026-07-29 22:11:54,066 - WARNING - [RETRY] 5665574963884049 bids不足2档，10s后重试
2026-07-29 22:11:54,066 - WARNING - [RETRY] 1050467039669960 bids不足2档，10s后重试
2026-07-29 22:11:54,066 - WARNING - [RETRY] 1495307552494407 bids不足2档，10s后重试
2026-07-29 22:11:54,066 - WARNING - [RETRY] 8985687337765311 bids不足2档，10s后重试
2026-07-29 22:12:21,246 - ERROR - [py_clob_client_v2] request error: [SSL: UNEXPECTED_EOF_WHILE_READING] EOF occurred in violation of protocol (_ssl.c:1000)
2026-07-29 22:12:21,820 - ERROR - [HEARTBEAT] 失败 (连续 1 次): 401 Client Error: Unauthorized for url: https://clob.polymarket.com/v1/heartbeats
2026-07-29 22:12:41,797 - INFO - [SCREENER] 157 markets in 28.1s | yes:43 no:2 | next in 30s
2026-07-29 22:12:42,851 - ERROR - [py_clob_client_v2] request error: [SSL: UNEXPECTED_EOF_WHILE_READING] EOF occurred in violation of protocol (_ssl.c:1000)
2026-07-29 22:12:43,395 - ERROR - [HEARTBEAT] 失败 (连续 1 次): 401 Client Error: Unauthorized for url: https://clob.polymarket.com/v1/heartbeats
2026-07-29 22:13:07,393 - INFO - [SCREENER] 154 markets in 13.2s | yes:41 no:1 | next in 30s
2026-07-29 22:13:43,395 - INFO - [SCREENER] 158 markets in 14.4s | yes:40 no:1 | next in 30s
2026-07-29 22:13:55,365 - ERROR - [BATCH CANCEL FAIL] 0x0556a4a0becde3f93e... | order can't be found - already canceled or matched
2026-07-29 22:13:55,880 - WARNING - [AUDIT] 5628291943280744 订单丢失纠偏
2026-07-29 22:13:55,881 - WARNING - [AUDIT] 5665574963884049 订单丢失纠偏
2026-07-29 22:13:55,881 - WARNING - [AUDIT] 1050467039669960 订单丢失纠偏
2026-07-29 22:13:55,881 - WARNING - [AUDIT] 1495307552494407 订单丢失纠偏
2026-07-29 22:13:55,882 - WARNING - [AUDIT] 8985687337765311 订单丢失纠偏
2026-07-29 22:13:55,882 - WARNING - [AUDIT] 4021450910460381 订单丢失纠偏
2026-07-29 22:13:55,882 - WARNING - [AUDIT] 9471737552867176 订单丢失纠偏
2026-07-29 22:13:55,882 - WARNING - [AUDIT] 1881611846012403 订单丢失纠偏
2026-07-29 22:13:55,883 - WARNING - [AUDIT] 1022092457472070 订单丢失纠偏
2026-07-29 22:13:55,883 - WARNING - [AUDIT] 3321786090116059 订单丢失纠偏
2026-07-29 22:13:55,883 - WARNING - [AUDIT] 1117587924147036 订单丢失纠偏
2026-07-29 22:13:55,883 - WARNING - [AUDIT] 3068602426413270 订单丢失纠偏
2026-07-29 22:13:55,883 - WARNING - [AUDIT] 4469030833584170 订单丢失纠偏
2026-07-29 22:13:55,884 - WARNING - [AUDIT] 8017685603829740 订单丢失纠偏
2026-07-29 22:13:55,884 - WARNING - [AUDIT] 9530461278633684 订单丢失纠偏
2026-07-29 22:13:55,884 - WARNING - [AUDIT] 6434882239083600 订单丢失纠偏
2026-07-29 22:13:55,884 - WARNING - [AUDIT] 3163362723265445 订单丢失纠偏
2026-07-29 22:13:55,884 - WARNING - [AUDIT] 9557217740809434 订单丢失纠偏
2026-07-29 22:13:55,885 - WARNING - [AUDIT] 1623736321694726 订单丢失纠偏
2026-07-29 22:13:55,885 - WARNING - [AUDIT] 1980142990093654 订单丢失纠偏
2026-07-29 22:13:55,886 - WARNING - [AUDIT] 1100234228660797 订单丢失纠偏
2026-07-29 22:13:55,886 - WARNING - [AUDIT] 1158979346242362 订单丢失纠偏
2026-07-29 22:13:55,886 - WARNING - [AUDIT] 8085588690987788 订单丢失纠偏
2026-07-29 22:13:55,886 - WARNING - [AUDIT] 8807013473938409 订单丢失纠偏
2026-07-29 22:13:55,887 - WARNING - [AUDIT] 7677103133706603 订单丢失纠偏
2026-07-29 22:13:55,887 - WARNING - [AUDIT] 9923108436582854 订单丢失纠偏
2026-07-29 22:13:55,887 - WARNING - [AUDIT] 1096071201107726 订单丢失纠偏
2026-07-29 22:13:55,887 - WARNING - [AUDIT] 3475849100824778 订单丢失纠偏
2026-07-29 22:13:55,888 - WARNING - [AUDIT] 9209537011088003 订单丢失纠偏
2026-07-29 22:13:55,888 - WARNING - [AUDIT] 7549987038399964 订单丢失纠偏
2026-07-29 22:13:55,888 - WARNING - [AUDIT] 1066884398268354 订单丢失纠偏
2026-07-29 22:13:55,888 - WARNING - [AUDIT] 4379785612426100 订单丢失纠偏
2026-07-29 22:13:55,889 - WARNING - [AUDIT] 9605998236724750 订单丢失纠偏
2026-07-29 22:13:55,889 - WARNING - [AUDIT] 5552092961648777 订单丢失纠偏
2026-07-29 22:13:55,889 - WARNING - [AUDIT] 1004949569176251 订单丢失纠偏
2026-07-29 22:13:57,162 - ERROR - [BATCH CANCEL] 1399898491292407 取消失败，清空 active_id 进入冷却兜底
2026-07-29 22:14:36,964 - INFO - [SCREENER] 162 markets in 29.8s | yes:41 no:2 | next in 30s
2026-07-29 22:14:54,595 - INFO - [SCREENER] 159 markets in 6.5s | yes:41 no:2 | next in 30s
2026-07-29 22:15:18,953 - ERROR - [py_clob_client_v2] request error: [SSL: UNEXPECTED_EOF_WHILE_READING] EOF occurred in violation of protocol (_ssl.c:1000)
2026-07-29 22:15:19,452 - ERROR - [HEARTBEAT] 失败 (连续 1 次): 401 Client Error: Unauthorized for url: https://clob.polymarket.com/v1/heartbeats
2026-07-29 22:15:40,480 - ERROR - [py_clob_client_v2] request error: [SSL: UNEXPECTED_EOF_WHILE_READING] EOF occurred in violation of protocol (_ssl.c:1000)
2026-07-29 22:15:40,990 - ERROR - [HEARTBEAT] 失败 (连续 1 次): 401 Client Error: Unauthorized for url: https://clob.polymarket.com/v1/heartbeats
2026-07-29 22:15:41,385 - INFO - [SCREENER] 165 markets in 14.7s | yes:42 no:2 | next in 30s
2026-07-29 22:15:42,708 - ERROR - [BATCH CANCEL FAIL] 0xde39df8ee2daeeff82... | order can't be found - already canceled or matched
2026-07-29 22:15:43,447 - ERROR - [BATCH CANCEL] 6512084481618349 取消失败，清空 active_id 进入冷却兜底
2026-07-29 22:15:56,546 - ERROR - [py_clob_client_v2] request error: Server disconnected
2026-07-29 22:15:56,546 - ERROR - [py_clob_client_v2] request error: Server disconnected
2026-07-29 22:15:56,547 - ERROR - [py_clob_client_v2] request error: Server disconnected
2026-07-29 22:15:56,548 - ERROR - 获取订单簿失败: 88070134739384091531... | PolyApiException[status_code=None, error_message=Request exception!]
2026-07-29 22:15:56,548 - ERROR - [py_clob_client_v2] request error: Server disconnected
2026-07-29 22:15:56,548 - ERROR - [py_clob_client_v2] request error: Server disconnected
2026-07-29 22:15:56,548 - ERROR - [py_clob_client_v2] request error: Server disconnected
2026-07-29 22:15:56,549 - ERROR - 获取订单簿失败: 80855886909877888687... | PolyApiException[status_code=None, error_message=Request exception!]
2026-07-29 22:15:56,550 - ERROR - [py_clob_client_v2] request error: Server disconnected
2026-07-29 22:15:56,550 - ERROR - [py_clob_client_v2] request error: Server disconnected
2026-07-29 22:15:56,550 - ERROR - 获取订单簿失败: 19801429900936549477... | PolyApiException[status_code=None, error_message=Request exception!]
2026-07-29 22:15:56,551 - ERROR - 获取订单簿失败: 76771031337066035708... | PolyApiException[status_code=None, error_message=Request exception!]
2026-07-29 22:15:56,551 - ERROR - 获取订单簿失败: 11002342286607970432... | PolyApiException[status_code=None, error_message=Request exception!]
2026-07-29 22:15:56,551 - ERROR - 获取订单簿失败: 11589793462423629066... | PolyApiException[status_code=None, error_message=Request exception!]
2026-07-29 22:15:56,552 - ERROR - 获取订单簿失败: 99231084365828542194... | PolyApiException[status_code=None, error_message=Request exception!]
2026-07-29 22:15:56,552 - ERROR - 获取订单簿失败: 31633627232654453821... | PolyApiException[status_code=None, error_message=Request exception!]
2026-07-29 22:15:57,030 - WARNING - [RETRY] 3163362723265445 bids不足2档，10s后重试
2026-07-29 22:15:57,031 - WARNING - [RETRY] 1980142990093654 bids不足2档，10s后重试
2026-07-29 22:15:57,031 - WARNING - [RETRY] 1100234228660797 bids不足2档，10s后重试
2026-07-29 22:15:57,033 - WARNING - [RETRY] 1158979346242362 bids不足2档，10s后重试
2026-07-29 22:15:57,033 - WARNING - [RETRY] 8085588690987788 bids不足2档，10s后重试
2026-07-29 22:15:57,037 - WARNING - [RETRY] 8807013473938409 bids不足2档，10s后重试
2026-07-29 22:15:57,037 - WARNING - [RETRY] 7677103133706603 bids不足2档，10s后重试
2026-07-29 22:15:57,037 - WARNING - [RETRY] 9923108436582854 bids不足2档，10s后重试
2026-07-29 22:16:09,310 - INFO - [SCREENER] 165 markets in 6.3s | yes:41 no:2 | next in 30s
2026-07-29 22:16:11,235 - WARNING - [AUDIT] 6614385806473436 订单丢失纠偏
2026-07-29 22:16:11,236 - WARNING - [AUDIT] 3268278949469979 订单丢失纠偏
2026-07-29 22:16:11,236 - WARNING - [AUDIT] 5173928304312758 订单丢失纠偏
2026-07-29 22:16:11,236 - WARNING - [AUDIT] 1044492815303529 订单丢失纠偏
2026-07-29 22:16:11,236 - WARNING - [AUDIT] 1082561109215351 订单丢失纠偏
2026-07-29 22:16:11,237 - WARNING - [AUDIT] 1154230654638001 订单丢失纠偏
2026-07-29 22:16:11,237 - WARNING - [AUDIT] 6434882239083600 订单丢失纠偏
2026-07-29 22:16:11,237 - WARNING - [AUDIT] 8461408730649695 订单丢失纠偏
2026-07-29 22:16:36,518 - ERROR - [py_clob_client_v2] request error: [SSL: UNEXPECTED_EOF_WHILE_READING] EOF occurred in violation of protocol (_ssl.c:1000)
2026-07-29 22:16:36,519 - ERROR - 获取订单簿失败: 20089446633884619242... | PolyApiException[status_code=None, error_message=Request exception!]
2026-07-29 22:16:37,227 - WARNING - [RETRY] 2008944663388461 bids不足2档，10s后重试
2026-07-29 22:16:50,513 - INFO - [SCREENER] 166 markets in 7.3s | yes:42 no:2 | next in 30s
2026-07-29 22:17:29,772 - INFO - [SCREENER] 172 markets in 6.7s | yes:41 no:2 | next in 30s
2026-07-29 22:17:41,267 - ERROR - [py_clob_client_v2] request error: [SSL: UNEXPECTED_EOF_WHILE_READING] EOF occurred in violation of protocol (_ssl.c:1000)
2026-07-29 22:17:41,775 - ERROR - [HEARTBEAT] 失败 (连续 1 次): 401 Client Error: Unauthorized for url: https://clob.polymarket.com/v1/heartbeats
2026-07-29 22:18:08,596 - INFO - [SCREENER] 168 markets in 6.6s | yes:41 no:3 | next in 30s
2026-07-29 22:18:20,897 - WARNING - [AUDIT] 5665574963884049 订单丢失纠偏
2026-07-29 22:18:20,897 - WARNING - [AUDIT] 1050467039669960 订单丢失纠偏
2026-07-29 22:18:20,897 - WARNING - [AUDIT] 1495307552494407 订单丢失纠偏
2026-07-29 22:18:20,898 - WARNING - [AUDIT] 4021450910460381 订单丢失纠偏
2026-07-29 22:18:20,898 - WARNING - [AUDIT] 9471737552867176 订单丢失纠偏
2026-07-29 22:18:20,898 - WARNING - [AUDIT] 1881611846012403 订单丢失纠偏
2026-07-29 22:18:20,898 - WARNING - [AUDIT] 1022092457472070 订单丢失纠偏
2026-07-29 22:18:20,898 - WARNING - [AUDIT] 3321786090116059 订单丢失纠偏
2026-07-29 22:18:20,899 - WARNING - [AUDIT] 1117587924147036 订单丢失纠偏
2026-07-29 22:18:20,899 - WARNING - [AUDIT] 3068602426413270 订单丢失纠偏
2026-07-29 22:18:20,899 - WARNING - [AUDIT] 4469030833584170 订单丢失纠偏
2026-07-29 22:18:20,900 - WARNING - [AUDIT] 8017685603829740 订单丢失纠偏
2026-07-29 22:18:20,900 - WARNING - [AUDIT] 9530461278633684 订单丢失纠偏
2026-07-29 22:18:20,900 - WARNING - [AUDIT] 3163362723265445 订单丢失纠偏
2026-07-29 22:18:20,900 - WARNING - [AUDIT] 9557217740809434 订单丢失纠偏
2026-07-29 22:18:20,900 - WARNING - [AUDIT] 1623736321694726 订单丢失纠偏
2026-07-29 22:18:20,900 - WARNING - [AUDIT] 1980142990093654 订单丢失纠偏
2026-07-29 22:18:20,901 - WARNING - [AUDIT] 1100234228660797 订单丢失纠偏
2026-07-29 22:18:20,901 - WARNING - [AUDIT] 1158979346242362 订单丢失纠偏
2026-07-29 22:18:20,901 - WARNING - [AUDIT] 8085588690987788 订单丢失纠偏
2026-07-29 22:18:20,901 - WARNING - [AUDIT] 8807013473938409 订单丢失纠偏
2026-07-29 22:18:20,901 - WARNING - [AUDIT] 9923108436582854 订单丢失纠偏
2026-07-29 22:18:20,901 - WARNING - [AUDIT] 3475849100824778 订单丢失纠偏
2026-07-29 22:18:20,902 - WARNING - [AUDIT] 7549987038399964 订单丢失纠偏
2026-07-29 22:18:20,902 - WARNING - [AUDIT] 1066884398268354 订单丢失纠偏
2026-07-29 22:18:20,902 - WARNING - [AUDIT] 4379785612426100 订单丢失纠偏
2026-07-29 22:18:20,902 - WARNING - [AUDIT] 9605998236724750 订单丢失纠偏
2026-07-29 22:18:20,902 - WARNING - [AUDIT] 1004949569176251 订单丢失纠偏
2026-07-29 22:18:20,902 - WARNING - [AUDIT] 5628291943280744 订单丢失纠偏
2026-07-29 22:18:20,903 - WARNING - [AUDIT] 2008944663388461 订单丢失纠偏
2026-07-29 22:18:20,903 - WARNING - [AUDIT] 4982711891639792 订单丢失纠偏
2026-07-29 22:18:20,903 - WARNING - [AUDIT] 1047925632399163 订单丢失纠偏
2026-07-29 22:18:46,545 - INFO - [SCREENER] 166 markets in 14.5s | yes:42 no:2 | next in 30s
2026-07-29 22:19:21,425 - INFO - [SCREENER] 165 markets in 13.5s | yes:40 no:2 | next in 30s
2026-07-29 22:19:24,696 - INFO - [SELL CONFIRMED] 未知 | Yes | size=5.0000 price=0.4
2026-07-29 22:20:04,242 - INFO - [SCREENER] 162 markets in 21.1s | yes:39 no:3 | next in 30s
2026-07-29 22:20:29,245 - INFO - [SCREENER] 161 markets in 13.8s | yes:41 no:3 | next in 30s
2026-07-29 22:20:34,502 - ERROR - [POLL] 批量查询异常: HTTPSConnectionPool(host='clob.polymarket.com', port=443): Max retries exceeded with url: /books (Caused by SSLError(SSLEOFError(8, '[SSL: UNEXPECTED_EOF_WHILE_READING] EOF occurred in violation of protocol (_ssl.c:1000)')))
2026-07-29 22:20:47,891 - INFO - [LIMIT SELL] Will the highest temperature in Beijing  | 5.0000 shares @ 0.4
2026-07-29 22:20:47,891 - INFO - [POSITION] 限价卖出 1 个持仓
2026-07-29 22:20:57,471 - INFO - [SELL CONFIRMED] 未知 | Yes | size=0.0000 price=0.4
2026-07-29 22:21:05,440 - INFO - [SCREENER] 161 markets in 7.5s | yes:43 no:2 | next in 30s
2026-07-29 22:21:43,813 - INFO - [SCREENER] 164 markets in 6.3s | yes:43 no:2 | next in 30s
2026-07-29 22:22:16,013 - ERROR - [py_clob_client_v2] request error: [SSL: UNEXPECTED_EOF_WHILE_READING] EOF occurred in violation of protocol (_ssl.c:1000)
2026-07-29 22:22:16,526 - ERROR - [HEARTBEAT] 失败 (连续 1 次): 401 Client Error: Unauthorized for url: https://clob.polymarket.com/v1/heartbeats
2026-07-29 22:22:31,754 - INFO - [SCREENER] 161 markets in 16.0s | yes:43 no:3 | next in 30s
2026-07-29 22:23:23,721 - INFO - [SCREENER] 164 markets in 30.0s | yes:44 no:3 | next in 30s
2026-07-29 22:23:29,340 - ERROR - [POLL] 批量查询异常: HTTPSConnectionPool(host='clob.polymarket.com', port=443): Max retries exceeded with url: /books (Caused by SSLError(SSLEOFError(8, '[SSL: UNEXPECTED_EOF_WHILE_READING] EOF occurred in violation of protocol (_ssl.c:1000)')))
2026-07-29 22:23:30,116 - WARNING - [AUDIT] 5665574963884049 订单丢失纠偏
2026-07-29 22:23:30,117 - WARNING - [AUDIT] 1050467039669960 订单丢失纠偏
2026-07-29 22:23:30,117 - WARNING - [AUDIT] 1495307552494407 订单丢失纠偏
2026-07-29 22:23:30,117 - WARNING - [AUDIT] 4021450910460381 订单丢失纠偏
2026-07-29 22:23:30,117 - WARNING - [AUDIT] 9471737552867176 订单丢失纠偏
2026-07-29 22:23:30,118 - WARNING - [AUDIT] 1881611846012403 订单丢失纠偏
2026-07-29 22:23:30,118 - WARNING - [AUDIT] 1022092457472070 订单丢失纠偏
2026-07-29 22:23:30,118 - WARNING - [AUDIT] 3321786090116059 订单丢失纠偏
2026-07-29 22:23:30,118 - WARNING - [AUDIT] 1117587924147036 订单丢失纠偏
2026-07-29 22:23:30,118 - WARNING - [AUDIT] 3068602426413270 订单丢失纠偏
2026-07-29 22:23:30,118 - WARNING - [AUDIT] 4469030833584170 订单丢失纠偏
2026-07-29 22:23:30,119 - WARNING - [AUDIT] 8017685603829740 订单丢失纠偏
2026-07-29 22:23:30,119 - WARNING - [AUDIT] 9530461278633684 订单丢失纠偏
2026-07-29 22:23:30,119 - WARNING - [AUDIT] 3163362723265445 订单丢失纠偏
2026-07-29 22:23:30,119 - WARNING - [AUDIT] 9557217740809434 订单丢失纠偏
2026-07-29 22:23:30,119 - WARNING - [AUDIT] 1623736321694726 订单丢失纠偏
2026-07-29 22:23:30,120 - WARNING - [AUDIT] 1980142990093654 订单丢失纠偏
2026-07-29 22:23:30,120 - WARNING - [AUDIT] 1100234228660797 订单丢失纠偏
2026-07-29 22:23:30,120 - WARNING - [AUDIT] 1158979346242362 订单丢失纠偏
2026-07-29 22:23:30,120 - WARNING - [AUDIT] 8085588690987788 订单丢失纠偏
2026-07-29 22:23:30,120 - WARNING - [AUDIT] 8807013473938409 订单丢失纠偏
2026-07-29 22:23:30,121 - WARNING - [AUDIT] 7677103133706603 订单丢失纠偏
2026-07-29 22:23:30,121 - WARNING - [AUDIT] 9923108436582854 订单丢失纠偏
2026-07-29 22:23:30,121 - WARNING - [AUDIT] 6614385806473436 订单丢失纠偏
2026-07-29 22:23:30,122 - WARNING - [AUDIT] 1066884398268354 订单丢失纠偏
2026-07-29 22:23:30,122 - WARNING - [AUDIT] 4379785612426100 订单丢失纠偏
2026-07-29 22:23:30,122 - WARNING - [AUDIT] 3268278949469979 订单丢失纠偏
2026-07-29 22:23:30,122 - WARNING - [AUDIT] 5173928304312758 订单丢失纠偏
2026-07-29 22:23:30,122 - WARNING - [AUDIT] 1154230654638001 订单丢失纠偏
2026-07-29 22:23:30,123 - WARNING - [AUDIT] 5628291943280744 订单丢失纠偏
2026-07-29 22:23:30,123 - WARNING - [AUDIT] 8719793095183641 订单丢失纠偏
2026-07-29 22:23:30,123 - WARNING - [AUDIT] 8665030358931242 订单丢失纠偏
2026-07-29 22:23:30,123 - WARNING - [AUDIT] 1096071201107726 订单丢失纠偏
2026-07-29 22:23:30,123 - WARNING - [AUDIT] 7763887955587621 订单丢失纠偏
2026-07-29 22:23:30,124 - WARNING - [AUDIT] 2155340172237723 订单丢失纠偏
2026-07-29 22:23:30,124 - WARNING - [AUDIT] 9209537011088003 订单丢失纠偏
2026-07-29 22:23:30,124 - WARNING - [AUDIT] 1399898491292407 订单丢失纠偏
2026-07-29 22:23:30,124 - WARNING - [AUDIT] 5552092961648777 订单丢失纠偏
2026-07-29 22:23:30,124 - WARNING - [AUDIT] 5690082784530203 订单丢失纠偏
2026-07-29 22:23:30,125 - WARNING - [AUDIT] 9256148593125948 订单丢失纠偏
2026-07-29 22:23:30,125 - WARNING - [AUDIT] 4329506741614242 订单丢失纠偏
2026-07-29 22:23:54,452 - INFO - [SCREENER] 161 markets in 13.6s | yes:46 no:3 | next in 30s
2026-07-29 22:24:30,183 - INFO - [SCREENER] 163 markets in 14.3s | yes:45 no:3 | next in 30s
2026-07-29 22:24:43,277 - ERROR - [py_clob_client_v2] request error: [SSL: UNEXPECTED_EOF_WHILE_READING] EOF occurred in violation of protocol (_ssl.c:1000)
2026-07-29 22:24:43,763 - ERROR - [HEARTBEAT] 失败 (连续 1 次): 401 Client Error: Unauthorized for url: https://clob.polymarket.com/v1/heartbeats
2026-07-29 22:24:43,763 - ERROR - [BATCH CANCEL FAIL] 0x080b7d0ba5b6dddbab... | order can't be found - already canceled or matched
2026-07-29 22:24:43,861 - ERROR - [BATCH CANCEL] 1107486019531506 取消失败，清空 active_id 进入冷却兜底
2026-07-29 22:24:59,835 - INFO - [SCREENER] 162 markets in 8.0s | yes:44 no:3 | next in 30s
2026-07-29 22:25:12,142 - WARNING - [AUDIT] 1044492815303529 订单丢失纠偏
2026-07-29 22:25:12,142 - WARNING - [AUDIT] 6512084481618349 订单丢失纠偏
2026-07-29 22:25:12,143 - WARNING - [AUDIT] 1047925632399163 订单丢失纠偏
2026-07-29 22:25:12,143 - WARNING - [AUDIT] 3317956206489901 订单丢失纠偏
2026-07-29 22:25:12,143 - WARNING - [AUDIT] 4982711891639792 订单丢失纠偏
2026-07-29 22:25:27,228 - ERROR - [py_clob_client_v2] request error: [SSL: UNEXPECTED_EOF_WHILE_READING] EOF occurred in violation of protocol (_ssl.c:1000)
2026-07-29 22:25:27,733 - ERROR - [HEARTBEAT] 失败 (连续 1 次): 401 Client Error: Unauthorized for url: https://clob.polymarket.com/v1/heartbeats
2026-07-29 22:25:52,492 - INFO - [SCREENER] 162 markets in 29.5s | yes:43 no:3 | next in 30s
2026-07-29 22:26:17,491 - INFO - [SCREENER] 165 markets in 14.2s | yes:43 no:3 | next in 30s
2026-07-29 22:26:45,727 - INFO - [SCREENER] 163 markets in 6.7s | yes:45 no:3 | next in 30s
2026-07-29 22:27:32,357 - INFO - [SCREENER] 160 markets in 14.5s | yes:46 no:2 | next in 30s
2026-07-29 22:27:37,828 - ERROR - [POLL] 批量查询异常: HTTPSConnectionPool(host='clob.polymarket.com', port=443): Max retries exceeded with url: /books (Caused by SSLError(SSLEOFError(8, '[SSL: UNEXPECTED_EOF_WHILE_READING] EOF occurred in violation of protocol (_ssl.c:1000)')))
2026-07-29 22:28:02,846 - INFO - [SCREENER] 155 markets in 13.3s | yes:46 no:2 | next in 30s
2026-07-29 22:28:31,729 - INFO - [SCREENER] 157 markets in 7.3s | yes:47 no:2 | next in 30s
2026-07-29 22:28:55,175 - ERROR - [py_clob_client_v2] request error: [SSL: UNEXPECTED_EOF_WHILE_READING] EOF occurred in violation of protocol (_ssl.c:1000)
2026-07-29 22:28:55,658 - ERROR - [HEARTBEAT] 失败 (连续 1 次): 401 Client Error: Unauthorized for url: https://clob.polymarket.com/v1/heartbeats
2026-07-29 22:29:11,872 - INFO - [SCREENER] 159 markets in 8.1s | yes:48 no:3 | next in 30s
2026-07-29 22:29:43,795 - INFO - [SCREENER] 160 markets in 8.9s | yes:48 no:3 | next in 30s
2026-07-29 22:30:28,123 - INFO - [SCREENER] 157 markets in 22.7s | yes:53 no:1 | next in 30s
2026-07-29 22:30:45,627 - INFO - [SCREENER] 158 markets in 6.5s | yes:54 no:3 | next in 30s
2026-07-29 22:30:55,679 - ERROR - [py_clob_client_v2] request error: Server disconnected
2026-07-29 22:30:55,679 - ERROR - [py_clob_client_v2] request error: Server disconnected
2026-07-29 22:30:55,680 - ERROR - 获取订单簿失败: 71928439939993723793... | PolyApiException[status_code=None, error_message=Request exception!]
2026-07-29 22:30:56,207 - ERROR - [HEARTBEAT] 失败 (连续 1 次): 401 Client Error: Unauthorized for url: https://clob.polymarket.com/v1/heartbeats
2026-07-29 22:30:57,240 - WARNING - [RETRY] 7192843993999372 bids不足2档，10s后重试
2026-07-29 22:30:57,758 - ERROR - [py_clob_client_v2] request error status=400 url=https://clob.polymarket.com/v1/heartbeats body={"heartbeat_id":"c137c4b7-d0fd-4f46-b007-c9479f535d48","error_msg":"Invalid Heartbeat ID"}
2026-07-29 22:30:57,759 - INFO - [HEARTBEAT] 从 SDK 错误恢复 heartbeat_id: c137c4b7-d0fd-4f (旧: a4021d5e-6804-49)
2026-07-29 22:30:58,021 - INFO - [HEARTBEAT] OK (recovered) id=8e2a5ede-6009-48
2026-07-29 22:31:24,900 - INFO - [SCREENER] 158 markets in 7.0s | yes:54 no:3 | next in 30s
2026-07-29 22:32:11,948 - INFO - [SCREENER] 156 markets in 13.5s | yes:52 no:3 | next in 30s
2026-07-29 22:32:16,522 - ERROR - [py_clob_client_v2] request error: [SSL: UNEXPECTED_EOF_WHILE_READING] EOF occurred in violation of protocol (_ssl.c:1000)
2026-07-29 22:32:17,022 - ERROR - [HEARTBEAT] 失败 (连续 1 次): 401 Client Error: Unauthorized for url: https://clob.polymarket.com/v1/heartbeats
2026-07-29 22:32:28,613 - ERROR - [BATCH CANCEL FAIL] 0x4918ba029a4904e2e5... | order can't be found - already canceled or matched
2026-07-29 22:32:28,613 - ERROR - [BATCH CANCEL FAIL] 0xcd2483ff8d67f9f1fe... | order can't be found - already canceled or matched
2026-07-29 22:32:28,613 - ERROR - [BATCH CANCEL FAIL] 0x32500d185d06284392... | order can't be found - already canceled or matched
2026-07-29 22:32:28,614 - ERROR - [BATCH CANCEL FAIL] 0x28271b7aad3b2d95d9... | order can't be found - already canceled or matched
2026-07-29 22:32:29,356 - ERROR - [BATCH CANCEL] 9180087189180355 取消失败，清空 active_id 进入冷却兜底
2026-07-29 22:32:29,356 - ERROR - [BATCH CANCEL] 8807013473938409 取消失败，清空 active_id 进入冷却兜底
2026-07-29 22:32:29,356 - ERROR - [BATCH CANCEL] 1047925632399163 取消失败，清空 active_id 进入冷却兜底
2026-07-29 22:32:29,356 - ERROR - [BATCH CANCEL] 1990157254269563 取消失败，清空 active_id 进入冷却兜底
2026-07-29 22:32:44,555 - INFO - [SCREENER] 160 markets in 6.2s | yes:47 no:3 | next in 30s
2026-07-29 22:33:23,437 - INFO - [SCREENER] 158 markets in 6.4s | yes:46 no:3 | next in 30s
2026-07-29 22:33:35,520 - ERROR - [BATCH CANCEL FAIL] 0x7a498e78133bb0f065... | order can't be found - already canceled or matched
2026-07-29 22:33:36,249 - ERROR - [BATCH CANCEL] 4469030833584170 取消失败，清空 active_id 进入冷却兜底
2026-07-29 22:33:47,184 - WARNING - [AUDIT] 5665574963884049 订单丢失纠偏
2026-07-29 22:33:47,185 - WARNING - [AUDIT] 1050467039669960 订单丢失纠偏
2026-07-29 22:33:47,185 - WARNING - [AUDIT] 1495307552494407 订单丢失纠偏
2026-07-29 22:33:47,185 - WARNING - [AUDIT] 4021450910460381 订单丢失纠偏
2026-07-29 22:33:47,186 - WARNING - [AUDIT] 9471737552867176 订单丢失纠偏
2026-07-29 22:33:47,186 - WARNING - [AUDIT] 1881611846012403 订单丢失纠偏
2026-07-29 22:33:47,186 - WARNING - [AUDIT] 1022092457472070 订单丢失纠偏
2026-07-29 22:33:47,186 - WARNING - [AUDIT] 3321786090116059 订单丢失纠偏
2026-07-29 22:33:47,186 - WARNING - [AUDIT] 1117587924147036 订单丢失纠偏
2026-07-29 22:33:47,186 - WARNING - [AUDIT] 3068602426413270 订单丢失纠偏
2026-07-29 22:33:47,187 - WARNING - [AUDIT] 8017685603829740 订单丢失纠偏
2026-07-29 22:33:47,187 - WARNING - [AUDIT] 9530461278633684 订单丢失纠偏
2026-07-29 22:33:47,187 - WARNING - [AUDIT] 3163362723265445 订单丢失纠偏
2026-07-29 22:33:47,187 - WARNING - [AUDIT] 9557217740809434 订单丢失纠偏
2026-07-29 22:33:47,188 - WARNING - [AUDIT] 1623736321694726 订单丢失纠偏
2026-07-29 22:33:47,188 - WARNING - [AUDIT] 1980142990093654 订单丢失纠偏
2026-07-29 22:33:47,188 - WARNING - [AUDIT] 1100234228660797 订单丢失纠偏
2026-07-29 22:33:47,188 - WARNING - [AUDIT] 1158979346242362 订单丢失纠偏
2026-07-29 22:33:47,189 - WARNING - [AUDIT] 8085588690987788 订单丢失纠偏
2026-07-29 22:33:47,189 - WARNING - [AUDIT] 7677103133706603 订单丢失纠偏
2026-07-29 22:33:47,189 - WARNING - [AUDIT] 6614385806473436 订单丢失纠偏
2026-07-29 22:33:47,190 - WARNING - [AUDIT] 4379785612426100 订单丢失纠偏
2026-07-29 22:33:47,190 - WARNING - [AUDIT] 3268278949469979 订单丢失纠偏
2026-07-29 22:33:47,191 - WARNING - [AUDIT] 1154230654638001 订单丢失纠偏
2026-07-29 22:33:47,191 - WARNING - [AUDIT] 5628291943280744 订单丢失纠偏
2026-07-29 22:33:47,191 - WARNING - [AUDIT] 8719793095183641 订单丢失纠偏
2026-07-29 22:33:47,191 - WARNING - [AUDIT] 8665030358931242 订单丢失纠偏
2026-07-29 22:33:47,192 - WARNING - [AUDIT] 1096071201107726 订单丢失纠偏
2026-07-29 22:33:47,192 - WARNING - [AUDIT] 9209537011088003 订单丢失纠偏
2026-07-29 22:33:47,192 - WARNING - [AUDIT] 1399898491292407 订单丢失纠偏
2026-07-29 22:33:47,193 - WARNING - [AUDIT] 5552092961648777 订单丢失纠偏
2026-07-29 22:33:47,193 - WARNING - [AUDIT] 5690082784530203 订单丢失纠偏
2026-07-29 22:33:47,193 - WARNING - [AUDIT] 4329506741614242 订单丢失纠偏
2026-07-29 22:33:47,193 - WARNING - [AUDIT] 3317956206489901 订单丢失纠偏
2026-07-29 22:33:47,194 - WARNING - [AUDIT] 3475849100824778 订单丢失纠偏
2026-07-29 22:33:47,194 - WARNING - [AUDIT] 8245786010655962 订单丢失纠偏
2026-07-29 22:33:47,194 - WARNING - [AUDIT] 2777253507673553 订单丢失纠偏
2026-07-29 22:33:47,194 - WARNING - [AUDIT] 4785924216663269 订单丢失纠偏
2026-07-29 22:33:47,195 - WARNING - [AUDIT] 1044492815303529 订单丢失纠偏
2026-07-29 22:33:47,195 - WARNING - [AUDIT] 2702503326839325 订单丢失纠偏
2026-07-29 22:33:47,195 - WARNING - [AUDIT] 6434882239083600 订单丢失纠偏
2026-07-29 22:33:47,195 - WARNING - [AUDIT] 8602109109345929 订单丢失纠偏
2026-07-29 22:33:47,195 - WARNING - [AUDIT] 6079413036958135 订单丢失纠偏
2026-07-29 22:33:47,196 - WARNING - [AUDIT] 7549987038399964 订单丢失纠偏
2026-07-29 22:33:47,196 - WARNING - [AUDIT] 7192843993999372 订单丢失纠偏
2026-07-29 22:33:47,196 - WARNING - [AUDIT] 2798371224866267 订单丢失纠偏
2026-07-29 22:33:52,201 - ERROR - 查询持仓失败: HTTPSConnectionPool(host='data-api.polymarket.com', port=443): Max retries exceeded with url: /positions?user=0x304bf40e9e50c265f6dd86417707d5b41d8ea619&sizeThreshold=1.0 (Caused by SSLError(SSLEOFError(8, '[SSL: UNEXPECTED_EOF_WHILE_READING] EOF occurred in violation of protocol (_ssl.c:1000)')))
2026-07-29 22:34:16,896 - INFO - [SCREENER] 156 markets in 14.7s | yes:45 no:2 | next in 30s
2026-07-29 22:34:33,254 - ERROR - [POLL] 批量查询异常: HTTPSConnectionPool(host='clob.polymarket.com', port=443): Max retries exceeded with url: /books (Caused by SSLError(SSLEOFError(8, '[SSL: UNEXPECTED_EOF_WHILE_READING] EOF occurred in violation of protocol (_ssl.c:1000)')))
2026-07-29 22:34:50,704 - INFO - [SCREENER] 157 markets in 7.4s | yes:47 no:2 | next in 30s
2026-07-29 22:35:36,603 - INFO - [SCREENER] 159 markets in 13.8s | yes:49 no:1 | next in 30s
2026-07-29 22:35:41,592 - ERROR - [py_clob_client_v2] request error: _ssl.c:983: The handshake operation timed out
2026-07-29 22:35:41,593 - ERROR - 查询订单失败: PolyApiException[status_code=None, error_message=Request exception!]
2026-07-29 22:35:41,593 - ERROR - [DISCOVER] 订单查询失败，跳过本周期
2026-07-29 22:36:25,706 - INFO - [SCREENER] 160 markets in 21.2s | yes:54 no:1 | next in 30s
2026-07-29 22:36:45,978 - ERROR - [py_clob_client_v2] request error: [SSL: UNEXPECTED_EOF_WHILE_READING] EOF occurred in violation of protocol (_ssl.c:1000)
2026-07-29 22:36:46,502 - ERROR - [HEARTBEAT] 失败 (连续 1 次): 401 Client Error: Unauthorized for url: https://clob.polymarket.com/v1/heartbeats
2026-07-29 22:36:51,818 - INFO - [SCREENER] 156 markets in 14.8s | yes:52 no:3 | next in 30s
2026-07-29 22:36:53,544 - ERROR - [BATCH CANCEL FAIL] 0x215880a07d587467b3... | order can't be found - already canceled or matched
2026-07-29 22:36:54,133 - ERROR - [BATCH CANCEL] 3317956206489901 取消失败，清空 active_id 进入冷却兜底
2026-07-29 22:37:27,203 - INFO - [SCREENER] 155 markets in 13.5s | yes:53 no:3 | next in 30s
2026-07-29 22:37:52,003 - ERROR - [py_clob_client_v2] request error: [SSL: UNEXPECTED_EOF_WHILE_READING] EOF occurred in violation of protocol (_ssl.c:1000)
2026-07-29 22:37:52,488 - ERROR - [HEARTBEAT] 失败 (连续 1 次): 401 Client Error: Unauthorized for url: https://clob.polymarket.com/v1/heartbeats
2026-07-29 22:37:55,139 - INFO - [SCREENER] 158 markets in 6.4s | yes:53 no:4 | next in 30s
2026-07-29 22:38:07,575 - WARNING - [AUDIT] 5665574963884049 订单丢失纠偏
2026-07-29 22:38:07,575 - WARNING - [AUDIT] 1050467039669960 订单丢失纠偏
2026-07-29 22:38:07,576 - WARNING - [AUDIT] 1495307552494407 订单丢失纠偏
2026-07-29 22:38:07,576 - WARNING - [AUDIT] 9471737552867176 订单丢失纠偏
2026-07-29 22:38:07,576 - WARNING - [AUDIT] 1881611846012403 订单丢失纠偏
2026-07-29 22:38:07,576 - WARNING - [AUDIT] 1022092457472070 订单丢失纠偏
2026-07-29 22:38:07,576 - WARNING - [AUDIT] 3321786090116059 订单丢失纠偏
2026-07-29 22:38:07,576 - WARNING - [AUDIT] 1117587924147036 订单丢失纠偏
2026-07-29 22:38:07,578 - WARNING - [AUDIT] 3068602426413270 订单丢失纠偏
2026-07-29 22:38:07,578 - WARNING - [AUDIT] 8017685603829740 订单丢失纠偏
2026-07-29 22:38:07,578 - WARNING - [AUDIT] 9530461278633684 订单丢失纠偏
2026-07-29 22:38:07,578 - WARNING - [AUDIT] 3163362723265445 订单丢失纠偏
2026-07-29 22:38:07,578 - WARNING - [AUDIT] 9557217740809434 订单丢失纠偏
2026-07-29 22:38:07,579 - WARNING - [AUDIT] 1623736321694726 订单丢失纠偏
2026-07-29 22:38:07,579 - WARNING - [AUDIT] 1980142990093654 订单丢失纠偏
2026-07-29 22:38:07,579 - WARNING - [AUDIT] 1100234228660797 订单丢失纠偏
2026-07-29 22:38:07,579 - WARNING - [AUDIT] 1158979346242362 订单丢失纠偏
2026-07-29 22:38:07,579 - WARNING - [AUDIT] 8085588690987788 订单丢失纠偏
2026-07-29 22:38:07,580 - WARNING - [AUDIT] 8807013473938409 订单丢失纠偏
2026-07-29 22:38:07,580 - WARNING - [AUDIT] 7677103133706603 订单丢失纠偏
2026-07-29 22:38:07,580 - WARNING - [AUDIT] 6614385806473436 订单丢失纠偏
2026-07-29 22:38:07,580 - WARNING - [AUDIT] 4379785612426100 订单丢失纠偏
2026-07-29 22:38:07,580 - WARNING - [AUDIT] 3268278949469979 订单丢失纠偏
2026-07-29 22:38:07,581 - WARNING - [AUDIT] 1154230654638001 订单丢失纠偏
2026-07-29 22:38:07,581 - WARNING - [AUDIT] 5628291943280744 订单丢失纠偏
2026-07-29 22:38:07,581 - WARNING - [AUDIT] 8719793095183641 订单丢失纠偏
2026-07-29 22:38:07,581 - WARNING - [AUDIT] 8665030358931242 订单丢失纠偏
2026-07-29 22:38:07,581 - WARNING - [AUDIT] 1096071201107726 订单丢失纠偏
2026-07-29 22:38:07,581 - WARNING - [AUDIT] 9209537011088003 订单丢失纠偏
2026-07-29 22:38:07,581 - WARNING - [AUDIT] 5552092961648777 订单丢失纠偏
2026-07-29 22:38:07,582 - WARNING - [AUDIT] 5690082784530203 订单丢失纠偏
2026-07-29 22:38:07,582 - WARNING - [AUDIT] 4329506741614242 订单丢失纠偏
2026-07-29 22:38:07,582 - WARNING - [AUDIT] 3475849100824778 订单丢失纠偏
2026-07-29 22:38:07,582 - WARNING - [AUDIT] 2777253507673553 订单丢失纠偏
2026-07-29 22:38:07,582 - WARNING - [AUDIT] 4785924216663269 订单丢失纠偏
2026-07-29 22:38:07,583 - WARNING - [AUDIT] 1044492815303529 订单丢失纠偏
2026-07-29 22:38:07,583 - WARNING - [AUDIT] 2702503326839325 订单丢失纠偏
2026-07-29 22:38:07,583 - WARNING - [AUDIT] 6434882239083600 订单丢失纠偏
2026-07-29 22:38:07,583 - WARNING - [AUDIT] 6079413036958135 订单丢失纠偏
2026-07-29 22:38:07,583 - WARNING - [AUDIT] 7549987038399964 订单丢失纠偏
2026-07-29 22:38:07,584 - WARNING - [AUDIT] 2798371224866267 订单丢失纠偏
2026-07-29 22:38:07,584 - WARNING - [AUDIT] 7238355651593860 订单丢失纠偏
2026-07-29 22:38:07,584 - WARNING - [AUDIT] 8161103130997014 订单丢失纠偏
2026-07-29 22:38:07,584 - WARNING - [AUDIT] 8602109109345929 订单丢失纠偏
2026-07-29 22:38:07,584 - WARNING - [AUDIT] 1042476319077633 订单丢失纠偏
2026-07-29 22:38:07,586 - WARNING - [AUDIT] 5173928304312758 订单丢失纠偏
2026-07-29 22:38:07,586 - WARNING - [AUDIT] 9180087189180355 订单丢失纠偏
2026-07-29 22:38:07,586 - WARNING - [AUDIT] 1990157254269563 订单丢失纠偏
2026-07-29 22:38:07,586 - WARNING - [AUDIT] 1648964280113991 订单丢失纠偏
2026-07-29 22:38:07,586 - WARNING - [AUDIT] 4306399136212806 订单丢失纠偏
2026-07-29 22:38:07,587 - WARNING - [AUDIT] 1047925632399163 订单丢失纠偏
2026-07-29 22:38:07,587 - WARNING - [AUDIT] 6512084481618349 订单丢失纠偏
2026-07-29 22:38:07,587 - WARNING - [AUDIT] 7192843993999372 订单丢失纠偏
2026-07-29 22:38:35,243 - INFO - [SCREENER] 158 markets in 6.3s | yes:49 no:4 | next in 30s
2026-07-29 22:39:21,855 - INFO - [SCREENER] 159 markets in 14.6s | yes:44 no:4 | next in 30s
2026-07-29 22:40:05,044 - INFO - [SCREENER] 161 markets in 21.3s | yes:44 no:3 | next in 30s
2026-07-29 22:40:08,616 - ERROR - [py_clob_client_v2] request error: Server disconnected
2026-07-29 22:40:08,616 - ERROR - [py_clob_client_v2] request error: Server disconnected
2026-07-29 22:40:08,616 - ERROR - [py_clob_client_v2] request error: Server disconnected
2026-07-29 22:40:08,617 - ERROR - [py_clob_client_v2] request error: Server disconnected
2026-07-29 22:40:08,617 - ERROR - 获取订单簿失败: 95572177408094348974... | PolyApiException[status_code=None, error_message=Request exception!]
2026-07-29 22:40:08,617 - ERROR - [py_clob_client_v2] request error: Server disconnected
2026-07-29 22:40:08,617 - ERROR - [py_clob_client_v2] request error: Server disconnected
2026-07-29 22:40:08,617 - ERROR - 获取订单簿失败: 95304612786336841590... | PolyApiException[status_code=None, error_message=Request exception!]
2026-07-29 22:40:08,617 - ERROR - [py_clob_client_v2] request error: Server disconnected
2026-07-29 22:40:08,618 - ERROR - [py_clob_client_v2] request error: Server disconnected
2026-07-29 22:40:08,619 - ERROR - 获取订单簿失败: 16237363216947267538... | PolyApiException[status_code=None, error_message=Request exception!]
2026-07-29 22:40:08,620 - ERROR - [py_clob_client_v2] request error: Server disconnected
2026-07-29 22:40:08,620 - ERROR - 获取订单簿失败: 19801429900936549477... | PolyApiException[status_code=None, error_message=Request exception!]
2026-07-29 22:40:08,621 - ERROR - 获取订单簿失败: 11002342286607970432... | PolyApiException[status_code=None, error_message=Request exception!]
2026-07-29 22:40:08,621 - ERROR - 获取订单簿失败: 10220924574720706562... | PolyApiException[status_code=None, error_message=Request exception!]
2026-07-29 22:40:08,622 - ERROR - 获取订单簿失败: 11589793462423629066... | PolyApiException[status_code=None, error_message=Request exception!]
2026-07-29 22:40:08,622 - ERROR - 获取订单簿失败: 31633627232654453821... | PolyApiException[status_code=None, error_message=Request exception!]
2026-07-29 22:40:08,623 - ERROR - 获取订单簿失败: 11175879241470367929... | PolyApiException[status_code=None, error_message=Request exception!]
2026-07-29 22:40:09,333 - WARNING - [RETRY] 1022092457472070 bids不足2档，10s后重试
2026-07-29 22:40:09,333 - WARNING - [RETRY] 1117587924147036 bids不足2档，10s后重试
2026-07-29 22:40:09,334 - WARNING - [RETRY] 9530461278633684 bids不足2档，10s后重试
2026-07-29 22:40:09,334 - WARNING - [RETRY] 3163362723265445 bids不足2档，10s后重试
2026-07-29 22:40:09,334 - WARNING - [RETRY] 9557217740809434 bids不足2档，10s后重试
2026-07-29 22:40:09,335 - WARNING - [RETRY] 1623736321694726 bids不足2档，10s后重试
2026-07-29 22:40:09,335 - WARNING - [RETRY] 1980142990093654 bids不足2档，10s后重试
2026-07-29 22:40:09,335 - WARNING - [RETRY] 1100234228660797 bids不足2档，10s后重试
2026-07-29 22:40:09,335 - WARNING - [RETRY] 1158979346242362 bids不足2档，10s后重试
2026-07-29 22:40:22,808 - INFO - [SCREENER] 159 markets in 6.5s | yes:44 no:4 | next in 30s
2026-07-29 22:41:04,129 - INFO - [SCREENER] 159 markets in 7.8s | yes:44 no:4 | next in 30s
2026-07-29 22:41:25,655 - ERROR - [py_clob_client_v2] request error: [SSL: UNEXPECTED_EOF_WHILE_READING] EOF occurred in violation of protocol (_ssl.c:1000)
2026-07-29 22:41:26,163 - ERROR - [HEARTBEAT] 失败 (连续 1 次): 401 Client Error: Unauthorized for url: https://clob.polymarket.com/v1/heartbeats
2026-07-29 22:41:44,284 - INFO - [SCREENER] 160 markets in 7.5s | yes:44 no:3 | next in 30s
2026-07-29 22:42:01,481 - ERROR - [POLL] 批量查询异常: HTTPSConnectionPool(host='clob.polymarket.com', port=443): Max retries exceeded with url: /books (Caused by SSLError(SSLEOFError(8, '[SSL: UNEXPECTED_EOF_WHILE_READING] EOF occurred in violation of protocol (_ssl.c:1000)')))
2026-07-29 22:42:20,274 - INFO - [SCREENER] 161 markets in 8.8s | yes:47 no:5 | next in 30s
2026-07-29 22:42:36,366 - ERROR - [POLL] 批量查询异常: HTTPSConnectionPool(host='clob.polymarket.com', port=443): Max retries exceeded with url: /books (Caused by SSLError(SSLEOFError(8, '[SSL: UNEXPECTED_EOF_WHILE_READING] EOF occurred in violation of protocol (_ssl.c:1000)')))
2026-07-29 22:42:41,373 - ERROR - [py_clob_client_v2] request error: [SSL: UNEXPECTED_EOF_WHILE_READING] EOF occurred in violation of protocol (_ssl.c:1000)
2026-07-29 22:42:41,374 - ERROR - 查询订单失败: PolyApiException[status_code=None, error_message=Request exception!]
2026-07-29 22:43:07,212 - INFO - [SCREENER] 161 markets in 15.2s | yes:47 no:5 | next in 30s
2026-07-29 22:43:42,944 - INFO - [SCREENER] 165 markets in 14.2s | yes:48 no:3 | next in 30s
2026-07-29 22:44:17,766 - INFO - [SCREENER] 165 markets in 13.4s | yes:50 no:3 | next in 30s
2026-07-29 22:44:47,382 - INFO - [SCREENER] 166 markets in 7.9s | yes:50 no:4 | next in 30s
2026-07-29 22:45:05,129 - ERROR - [POLL] 批量查询异常: HTTPSConnectionPool(host='clob.polymarket.com', port=443): Max retries exceeded with url: /books (Caused by SSLError(SSLEOFError(8, '[SSL: UNEXPECTED_EOF_WHILE_READING] EOF occurred in violation of protocol (_ssl.c:1000)')))
2026-07-29 22:45:22,588 - INFO - [SCREENER] 165 markets in 7.5s | yes:51 no:3 | next in 30s
2026-07-29 22:46:00,145 - ERROR - [py_clob_client_v2] request error: _ssl.c:983: The handshake operation timed out
2026-07-29 22:46:00,706 - ERROR - [HEARTBEAT] 失败 (连续 1 次): 401 Client Error: Unauthorized for url: https://clob.polymarket.com/v1/heartbeats
2026-07-29 22:46:12,652 - INFO - [SCREENER] 170 markets in 17.8s | yes:47 no:2 | next in 30s
2026-07-29 22:46:49,427 - INFO - [SCREENER] 175 markets in 15.0s | yes:47 no:3 | next in 30s
2026-07-29 22:47:26,174 - INFO - [SCREENER] 173 markets in 13.6s | yes:44 no:3 | next in 30s
2026-07-29 22:47:56,297 - INFO - [SCREENER] 173 markets in 8.5s | yes:45 no:3 | next in 30s
2026-07-29 22:48:44,209 - INFO - [SCREENER] 168 markets in 15.9s | yes:44 no:2 | next in 30s
2026-07-29 22:49:36,886 - INFO - [SCREENER] 162 markets in 30.8s | yes:40 no:2 | next in 30s
2026-07-29 22:49:56,665 - INFO - [SCREENER] 160 markets in 6.9s | yes:42 no:2 | next in 30s
2026-07-29 22:50:19,421 - ERROR - [py_clob_client_v2] request error: [SSL: UNEXPECTED_EOF_WHILE_READING] EOF occurred in violation of protocol (_ssl.c:1000)
2026-07-29 22:50:19,997 - ERROR - [HEARTBEAT] 失败 (连续 1 次): 401 Client Error: Unauthorized for url: https://clob.polymarket.com/v1/heartbeats
2026-07-29 22:50:49,090 - INFO - [SCREENER] 158 markets in 20.2s | yes:40 no:1 | next in 30s
2026-07-29 22:51:06,787 - INFO - [SCREENER] 160 markets in 6.3s | yes:40 no:1 | next in 30s
2026-07-29 22:51:18,444 - ERROR - [BATCH CANCEL FAIL] 0xe90c30ab2ce8e711ac... | order can't be found - already canceled or matched
2026-07-29 22:51:18,974 - WARNING - [AUDIT] 5665574963884049 订单丢失纠偏
2026-07-29 22:51:18,974 - WARNING - [AUDIT] 1050467039669960 订单丢失纠偏
2026-07-29 22:51:18,974 - WARNING - [AUDIT] 1495307552494407 订单丢失纠偏
2026-07-29 22:51:18,975 - WARNING - [AUDIT] 9471737552867176 订单丢失纠偏
2026-07-29 22:51:18,975 - WARNING - [AUDIT] 1881611846012403 订单丢失纠偏
2026-07-29 22:51:18,975 - WARNING - [AUDIT] 1022092457472070 订单丢失纠偏
2026-07-29 22:51:18,975 - WARNING - [AUDIT] 3321786090116059 订单丢失纠偏
2026-07-29 22:51:18,975 - WARNING - [AUDIT] 1117587924147036 订单丢失纠偏
2026-07-29 22:51:18,975 - WARNING - [AUDIT] 3068602426413270 订单丢失纠偏
2026-07-29 22:51:18,975 - WARNING - [AUDIT] 9530461278633684 订单丢失纠偏
2026-07-29 22:51:18,976 - WARNING - [AUDIT] 3163362723265445 订单丢失纠偏
2026-07-29 22:51:18,976 - WARNING - [AUDIT] 9557217740809434 订单丢失纠偏
2026-07-29 22:51:18,976 - WARNING - [AUDIT] 1623736321694726 订单丢失纠偏
2026-07-29 22:51:18,976 - WARNING - [AUDIT] 1980142990093654 订单丢失纠偏
2026-07-29 22:51:18,976 - WARNING - [AUDIT] 1100234228660797 订单丢失纠偏
2026-07-29 22:51:18,976 - WARNING - [AUDIT] 1158979346242362 订单丢失纠偏
2026-07-29 22:51:18,976 - WARNING - [AUDIT] 8085588690987788 订单丢失纠偏
2026-07-29 22:51:18,976 - WARNING - [AUDIT] 7677103133706603 订单丢失纠偏
2026-07-29 22:51:18,977 - WARNING - [AUDIT] 6614385806473436 订单丢失纠偏
2026-07-29 22:51:18,977 - WARNING - [AUDIT] 4379785612426100 订单丢失纠偏
2026-07-29 22:51:18,977 - WARNING - [AUDIT] 1154230654638001 订单丢失纠偏
2026-07-29 22:51:18,977 - WARNING - [AUDIT] 5628291943280744 订单丢失纠偏
2026-07-29 22:51:18,977 - WARNING - [AUDIT] 8665030358931242 订单丢失纠偏
2026-07-29 22:51:18,977 - WARNING - [AUDIT] 1096071201107726 订单丢失纠偏
2026-07-29 22:51:18,978 - WARNING - [AUDIT] 9209537011088003 订单丢失纠偏
2026-07-29 22:51:18,978 - WARNING - [AUDIT] 5552092961648777 订单丢失纠偏
2026-07-29 22:51:18,978 - WARNING - [AUDIT] 5690082784530203 订单丢失纠偏
2026-07-29 22:51:18,978 - WARNING - [AUDIT] 4329506741614242 订单丢失纠偏
2026-07-29 22:51:18,978 - WARNING - [AUDIT] 6079413036958135 订单丢失纠偏
2026-07-29 22:51:18,978 - WARNING - [AUDIT] 2798371224866267 订单丢失纠偏
2026-07-29 22:51:18,978 - WARNING - [AUDIT] 7238355651593860 订单丢失纠偏
2026-07-29 22:51:18,978 - WARNING - [AUDIT] 5173928304312758 订单丢失纠偏
2026-07-29 22:51:18,978 - WARNING - [AUDIT] 1648964280113991 订单丢失纠偏
2026-07-29 22:51:18,978 - WARNING - [AUDIT] 8017685603829740 订单丢失纠偏
2026-07-29 22:51:18,978 - WARNING - [AUDIT] 8807013473938409 订单丢失纠偏
2026-07-29 22:51:18,978 - WARNING - [AUDIT] 1066884398268354 订单丢失纠偏
2026-07-29 22:51:18,978 - WARNING - [AUDIT] 4577693276594738 订单丢失纠偏
2026-07-29 22:51:18,978 - WARNING - [AUDIT] 1047925632399163 订单丢失纠偏
2026-07-29 22:51:19,668 - ERROR - [BATCH CANCEL] 4306399136212806 取消失败，清空 active_id 进入冷却兜底
2026-07-29 22:51:32,946 - ERROR - [py_clob_client_v2] request error: [SSL: UNEXPECTED_EOF_WHILE_READING] EOF occurred in violation of protocol (_ssl.c:1000)
2026-07-29 22:51:33,427 - ERROR - [HEARTBEAT] 失败 (连续 1 次): 401 Client Error: Unauthorized for url: https://clob.polymarket.com/v1/heartbeats
2026-07-29 22:52:00,785 - INFO - [SCREENER] 159 markets in 20.5s | yes:40 no:1 | next in 30s
2026-07-29 22:52:32,760 - INFO - [SCREENER] 159 markets in 21.1s | yes:39 no:1 | next in 30s
2026-07-29 22:52:53,618 - INFO - [SCREENER] 159 markets in 9.6s | yes:39 no:1 | next in 30s
2026-07-29 22:52:59,029 - ERROR - [POLL] 批量查询异常: HTTPSConnectionPool(host='clob.polymarket.com', port=443): Max retries exceeded with url: /books (Caused by SSLError(SSLEOFError(8, '[SSL: UNEXPECTED_EOF_WHILE_READING] EOF occurred in violation of protocol (_ssl.c:1000)')))
2026-07-29 22:53:23,350 - ERROR - [py_clob_client_v2] request error: _ssl.c:983: The handshake operation timed out
2026-07-29 22:53:23,869 - ERROR - [HEARTBEAT] 失败 (连续 1 次): 401 Client Error: Unauthorized for url: https://clob.polymarket.com/v1/heartbeats
2026-07-29 22:53:26,626 - INFO - [SCREENER] 155 markets in 7.0s | yes:40 no:1 | next in 30s
2026-07-29 22:53:27,642 - WARNING - [AUDIT] 3317956206489901 订单丢失纠偏
2026-07-29 22:53:27,642 - WARNING - [AUDIT] 1211060500189335 订单丢失纠偏
2026-07-29 22:53:27,642 - WARNING - [AUDIT] 8161103130997014 订单丢失纠偏
2026-07-29 22:54:13,133 - INFO - [SCREENER] 158 markets in 13.7s | yes:40 no:1 | next in 30s
2026-07-29 22:54:28,967 - ERROR - [POLL] 批量查询异常: HTTPSConnectionPool(host='clob.polymarket.com', port=443): Max retries exceeded with url: /books (Caused by SSLError(SSLEOFError(8, '[SSL: UNEXPECTED_EOF_WHILE_READING] EOF occurred in violation of protocol (_ssl.c:1000)')))
2026-07-29 22:54:45,400 - INFO - [SCREENER] 157 markets in 6.4s | yes:40 no:1 | next in 30s
2026-07-29 22:54:50,402 - ERROR - [py_clob_client_v2] request error: _ssl.c:983: The handshake operation timed out
2026-07-29 22:54:50,403 - ERROR - [CANCEL FAIL] 0xee1e7f8915666c8815... | PolyApiException[status_code=None, error_message=Request exception!]
2026-07-29 22:54:51,521 - ERROR - [CANCEL FAIL] 0xee1e7f8915666c8815 订单仍存活在交易所！保持 RESTING
2026-07-29 22:55:19,907 - INFO - [SCREENER] 157 markets in 7.7s | yes:38 no:1 | next in 30s
2026-07-29 22:55:49,697 - INFO - [SCREENER] 154 markets in 6.5s | yes:37 no:1 | next in 30s
2026-07-29 22:56:09,775 - ERROR - [py_clob_client_v2] request error: [SSL: UNEXPECTED_EOF_WHILE_READING] EOF occurred in violation of protocol (_ssl.c:1000)
2026-07-29 22:56:10,247 - ERROR - [HEARTBEAT] 失败 (连续 1 次): 401 Client Error: Unauthorized for url: https://clob.polymarket.com/v1/heartbeats
2026-07-29 22:56:42,479 - INFO - [SCREENER] 151 markets in 20.6s | yes:42 no:2 | next in 30s
2026-07-29 22:57:07,530 - INFO - [SCREENER] 153 markets in 14.2s | yes:40 no:2 | next in 30s
2026-07-29 22:57:12,819 - ERROR - [POLL] 批量查询异常: HTTPSConnectionPool(host='clob.polymarket.com', port=443): Max retries exceeded with url: /books (Caused by SSLError(SSLEOFError(8, '[SSL: UNEXPECTED_EOF_WHILE_READING] EOF occurred in violation of protocol (_ssl.c:1000)')))
2026-07-29 22:57:40,701 - INFO - [SCREENER] 151 markets in 7.3s | yes:36 no:2 | next in 30s
2026-07-29 22:58:11,579 - INFO - [SCREENER] 142 markets in 6.7s | yes:38 no:1 | next in 30s
2026-07-29 22:58:58,085 - INFO - [SCREENER] 141 markets in 14.5s | yes:37 no:3 | next in 30s
2026-07-29 22:59:14,271 - ERROR - [POLL] 批量查询异常: HTTPSConnectionPool(host='clob.polymarket.com', port=443): Max retries exceeded with url: /books (Caused by SSLError(SSLEOFError(8, '[SSL: UNEXPECTED_EOF_WHILE_READING] EOF occurred in violation of protocol (_ssl.c:1000)')))
2026-07-29 22:59:30,776 - INFO - [SCREENER] 136 markets in 6.5s | yes:34 no:3 | next in 30s
2026-07-29 23:00:01,385 - INFO - [SCREENER] 136 markets in 6.8s | yes:36 no:4 | next in 30s
2026-07-29 23:00:50,667 - INFO - [SCREENER] 135 markets in 16.9s | yes:36 no:3 | next in 30s
2026-07-29 23:01:25,805 - INFO - [SCREENER] 132 markets in 13.8s | yes:36 no:4 | next in 30s
2026-07-29 23:01:54,033 - INFO - [SCREENER] 134 markets in 6.8s | yes:37 no:4 | next in 30s
2026-07-29 23:02:35,157 - ERROR - [py_clob_client_v2] request error: [SSL: UNEXPECTED_EOF_WHILE_READING] EOF occurred in violation of protocol (_ssl.c:1000)
2026-07-29 23:02:35,758 - ERROR - [HEARTBEAT] 失败 (连续 1 次): 401 Client Error: Unauthorized for url: https://clob.polymarket.com/v1/heartbeats
2026-07-29 23:02:57,342 - INFO - [SCREENER] 134 markets in 39.9s | yes:38 no:4 | next in 30s
2026-07-29 23:03:33,477 - INFO - [SCREENER] 135 markets in 25.2s | yes:38 no:4 | next in 30s
2026-07-29 23:03:51,211 - INFO - [SCREENER] 138 markets in 6.8s | yes:38 no:4 | next in 30s
2026-07-29 23:04:27,617 - INFO - [SCREENER] 138 markets in 13.1s | yes:39 no:3 | next in 30s
2026-07-29 23:04:56,658 - INFO - [SCREENER] 137 markets in 7.2s | yes:41 no:4 | next in 30s
2026-07-29 23:05:36,476 - INFO - [SCREENER] 140 markets in 7.2s | yes:38 no:4 | next in 30s
2026-07-29 23:06:14,758 - INFO - [SCREENER] 139 markets in 6.1s | yes:38 no:4 | next in 30s
2026-07-29 23:06:55,155 - INFO - [SCREENER] 145 markets in 6.6s | yes:35 no:4 | next in 30s
2026-07-29 23:07:34,081 - INFO - [SCREENER] 149 markets in 6.7s | yes:36 no:4 | next in 30s
2026-07-29 23:08:14,296 - INFO - [SCREENER] 150 markets in 7.9s | yes:39 no:4 | next in 30s
2026-07-29 23:08:51,307 - INFO - [SCREENER] 152 markets in 13.9s | yes:39 no:4 | next in 30s
2026-07-29 23:09:19,697 - INFO - [SCREENER] 152 markets in 7.1s | yes:37 no:4 | next in 30s
2026-07-29 23:09:58,877 - INFO - [SCREENER] 149 markets in 6.9s | yes:39 no:3 | next in 30s
2026-07-29 23:10:37,938 - INFO - [SCREENER] 150 markets in 6.7s | yes:41 no:3 | next in 30s
2026-07-29 23:11:07,592 - INFO - [SCREENER] 153 markets in 6.3s | yes:41 no:4 | next in 30s
2026-07-29 23:11:48,750 - INFO - [SCREENER] 154 markets in 8.9s | yes:41 no:3 | next in 30s
2026-07-29 23:12:20,186 - INFO - [SCREENER] 155 markets in 9.9s | yes:41 no:2 | next in 30s
2026-07-29 23:12:55,739 - INFO - [SCREENER] 156 markets in 12.5s | yes:39 no:3 | next in 30s
2026-07-29 23:13:25,224 - INFO - [SCREENER] 154 markets in 7.8s | yes:41 no:5 | next in 30s
2026-07-29 23:14:04,921 - INFO - [SCREENER] 153 markets in 7.7s | yes:39 no:3 | next in 30s
2026-07-29 23:14:43,603 - INFO - [SCREENER] 151 markets in 6.3s | yes:40 no:3 | next in 30s
2026-07-29 23:14:50,241 - ERROR - 查询持仓失败: HTTPSConnectionPool(host='data-api.polymarket.com', port=443): Max retries exceeded with url: /positions?user=0x304bf40e9e50c265f6dd86417707d5b41d8ea619&sizeThreshold=1.0 (Caused by SSLError(SSLEOFError(8, '[SSL: UNEXPECTED_EOF_WHILE_READING] EOF occurred in violation of protocol (_ssl.c:1000)')))
2026-07-29 23:15:19,037 - INFO - [SCREENER] 152 markets in 8.2s | yes:37 no:3 | next in 30s
2026-07-29 23:15:50,331 - INFO - [SCREENER] 151 markets in 9.3s | yes:38 no:4 | next in 30s
2026-07-29 23:16:20,048 - INFO - [SCREENER] 149 markets in 8.3s | yes:39 no:4 | next in 30s
2026-07-29 23:17:00,926 - INFO - [SCREENER] 151 markets in 6.9s | yes:43 no:4 | next in 30s
2026-07-29 23:17:40,213 - INFO - [SCREENER] 152 markets in 7.2s | yes:43 no:4 | next in 30s
2026-07-29 23:18:19,712 - INFO - [SCREENER] 152 markets in 6.7s | yes:40 no:1 | next in 30s
2026-07-29 23:19:01,363 - INFO - [SCREENER] 152 markets in 9.3s | yes:41 no:0 | next in 30s
2026-07-29 23:19:31,948 - INFO - [SCREENER] 153 markets in 7.2s | yes:41 no:2 | next in 30s
2026-07-29 23:20:10,900 - INFO - [SCREENER] 148 markets in 6.1s | yes:40 no:2 | next in 30s
2026-07-29 23:20:51,238 - INFO - [SCREENER] 149 markets in 8.4s | yes:44 no:2 | next in 30s
2026-07-29 23:21:20,013 - INFO - [SCREENER] 150 markets in 6.0s | yes:41 no:2 | next in 30s
2026-07-29 23:21:59,744 - INFO - [SCREENER] 150 markets in 7.6s | yes:43 no:2 | next in 30s
2026-07-29 23:22:39,989 - INFO - [SCREENER] 149 markets in 7.9s | yes:42 no:3 | next in 30s
2026-07-29 23:23:18,675 - INFO - [SCREENER] 148 markets in 6.6s | yes:41 no:1 | next in 30s
2026-07-29 23:24:00,537 - INFO - [SCREENER] 150 markets in 8.0s | yes:42 no:2 | next in 30s
2026-07-29 23:24:40,498 - INFO - [SCREENER] 149 markets in 7.7s | yes:41 no:3 | next in 30s
2026-07-29 23:25:19,734 - INFO - [SCREENER] 151 markets in 6.9s | yes:43 no:3 | next in 30s
2026-07-29 23:25:49,609 - INFO - [SCREENER] 151 markets in 6.5s | yes:43 no:3 | next in 30s
2026-07-29 23:26:29,067 - INFO - [SCREENER] 148 markets in 7.3s | yes:42 no:3 | next in 30s
2026-07-29 23:27:07,878 - INFO - [SCREENER] 150 markets in 6.8s | yes:42 no:3 | next in 30s
2026-07-29 23:27:38,732 - INFO - [SCREENER] 148 markets in 7.5s | yes:43 no:3 | next in 30s
2026-07-29 23:28:16,887 - INFO - [SCREENER] 146 markets in 6.2s | yes:42 no:3 | next in 30s
2026-07-29 23:28:55,638 - INFO - [SCREENER] 147 markets in 6.6s | yes:41 no:3 | next in 30s
2026-07-29 23:29:35,790 - INFO - [SCREENER] 147 markets in 7.9s | yes:40 no:3 | next in 30s
2026-07-29 23:30:05,361 - INFO - [SCREENER] 143 markets in 6.6s | yes:41 no:3 | next in 30s
2026-07-29 23:30:43,770 - INFO - [SCREENER] 143 markets in 6.2s | yes:39 no:3 | next in 30s
2026-07-29 23:31:22,255 - INFO - [SCREENER] 139 markets in 6.1s | yes:40 no:3 | next in 30s
2026-07-29 23:32:03,179 - INFO - [SCREENER] 133 markets in 7.6s | yes:38 no:3 | next in 30s
2026-07-29 23:32:42,092 - INFO - [SCREENER] 133 markets in 6.6s | yes:31 no:3 | next in 30s
2026-07-29 23:33:20,190 - INFO - [SCREENER] 131 markets in 6.0s | yes:34 no:4 | next in 30s
2026-07-29 23:34:00,140 - INFO - [SCREENER] 133 markets in 6.3s | yes:44 no:3 | next in 30s
2026-07-29 23:34:40,412 - INFO - [SCREENER] 137 markets in 7.2s | yes:45 no:3 | next in 30s
2026-07-29 23:34:55,294 - ERROR - [py_clob_client_v2] request error: [SSL: UNEXPECTED_EOF_WHILE_READING] EOF occurred in violation of protocol (_ssl.c:1000)
2026-07-29 23:34:55,294 - ERROR - 获取订单簿失败: 66143858064734363126... | PolyApiException[status_code=None, error_message=Request exception!]
2026-07-29 23:34:55,830 - WARNING - [RETRY] 6614385806473436 bids不足2档，10s后重试
2026-07-29 23:35:18,625 - INFO - [SCREENER] 137 markets in 6.2s | yes:44 no:3 | next in 30s
2026-07-29 23:35:56,864 - INFO - [SCREENER] 142 markets in 6.0s | yes:43 no:3 | next in 30s
2026-07-29 23:36:36,620 - INFO - [SCREENER] 138 markets in 6.1s | yes:42 no:3 | next in 30s
2026-07-29 23:37:15,772 - INFO - [SCREENER] 137 markets in 7.3s | yes:42 no:3 | next in 30s
2026-07-29 23:37:55,038 - INFO - [SCREENER] 141 markets in 6.5s | yes:43 no:3 | next in 30s
2026-07-29 23:38:35,042 - INFO - [SCREENER] 145 markets in 6.1s | yes:43 no:3 | next in 30s
2026-07-29 23:39:20,781 - INFO - [SCREENER] 147 markets in 13.6s | yes:40 no:3 | next in 30s
2026-07-29 23:39:50,531 - INFO - [SCREENER] 147 markets in 8.1s | yes:39 no:4 | next in 30s
2026-07-29 23:40:30,913 - INFO - [SCREENER] 145 markets in 6.7s | yes:40 no:4 | next in 30s
2026-07-29 23:41:09,421 - INFO - [SCREENER] 143 markets in 6.3s | yes:41 no:4 | next in 30s
2026-07-29 23:41:47,990 - INFO - [SCREENER] 142 markets in 6.5s | yes:40 no:3 | next in 30s
2026-07-29 23:42:28,088 - INFO - [SCREENER] 144 markets in 7.7s | yes:41 no:4 | next in 30s
2026-07-29 23:42:57,324 - INFO - [SCREENER] 143 markets in 6.2s | yes:36 no:4 | next in 30s
2026-07-29 23:43:36,618 - INFO - [SCREENER] 143 markets in 7.4s | yes:37 no:4 | next in 30s
2026-07-29 23:44:17,839 - INFO - [SCREENER] 143 markets in 9.3s | yes:37 no:3 | next in 30s
2026-07-29 23:44:18,141 - ERROR - [py_clob_client_v2] request error: Server disconnected
2026-07-29 23:44:18,141 - ERROR - [py_clob_client_v2] request error: Server disconnected
2026-07-29 23:44:18,142 - ERROR - [py_clob_client_v2] request error: Server disconnected
2026-07-29 23:44:18,142 - ERROR - 查询订单失败: PolyApiException[status_code=None, error_message=Request exception!]
2026-07-29 23:44:18,142 - ERROR - [CANCEL FAIL] 0xcc2c1f3b9306be4082... | PolyApiException[status_code=None, error_message=Request exception!]
2026-07-29 23:44:18,142 - ERROR - [CANCEL FAIL] 0x8403cb1addee57cad9... | PolyApiException[status_code=None, error_message=Request exception!]
2026-07-29 23:44:18,143 - ERROR - [DISCOVER] 订单查询失败，跳过本周期
2026-07-29 23:44:18,672 - ERROR - [CANCEL FAIL] 0xcc2c1f3b9306be4082 订单仍存活在交易所！保持 RESTING
2026-07-29 23:44:18,673 - ERROR - [CANCEL FAIL] 0x8403cb1addee57cad9 订单仍存活在交易所！保持 RESTING
2026-07-29 23:44:30,190 - WARNING - [AUDIT] 5714644372500509 订单丢失纠偏
2026-07-29 23:44:30,191 - WARNING - [AUDIT] 5006877494772576 订单丢失纠偏
2026-07-29 23:44:48,116 - INFO - [SCREENER] 145 markets in 7.3s | yes:36 no:3 | next in 30s
2026-07-29 23:45:28,513 - INFO - [SCREENER] 146 markets in 7.9s | yes:34 no:3 | next in 30s
2026-07-29 23:46:07,344 - INFO - [SCREENER] 148 markets in 6.4s | yes:33 no:3 | next in 30s
2026-07-29 23:46:47,296 - INFO - [SCREENER] 151 markets in 6.5s | yes:32 no:3 | next in 30s
2026-07-29 23:47:25,962 - INFO - [SCREENER] 152 markets in 6.3s | yes:32 no:3 | next in 30s
2026-07-29 23:48:03,875 - INFO - [SCREENER] 144 markets in 6.0s | yes:29 no:2 | next in 30s
2026-07-29 23:48:45,561 - INFO - [SCREENER] 145 markets in 9.4s | yes:30 no:2 | next in 30s
2026-07-29 23:49:15,606 - INFO - [SCREENER] 146 markets in 6.7s | yes:33 no:2 | next in 30s
2026-07-29 23:49:54,773 - INFO - [SCREENER] 146 markets in 6.9s | yes:33 no:2 | next in 30s
2026-07-29 23:50:33,040 - INFO - [SCREENER] 143 markets in 6.3s | yes:30 no:2 | next in 30s
2026-07-29 23:51:14,651 - INFO - [SCREENER] 144 markets in 7.8s | yes:31 no:2 | next in 30s
2026-07-29 23:51:54,070 - INFO - [SCREENER] 144 markets in 7.3s | yes:31 no:2 | next in 30s
2026-07-29 23:52:33,118 - INFO - [SCREENER] 146 markets in 7.1s | yes:31 no:1 | next in 30s
2026-07-29 23:53:14,541 - INFO - [SCREENER] 145 markets in 7.9s | yes:30 no:1 | next in 30s
2026-07-29 23:53:54,548 - INFO - [SCREENER] 146 markets in 7.8s | yes:31 no:1 | next in 30s
2026-07-29 23:54:32,164 - INFO - [SCREENER] 145 markets in 5.7s | yes:30 no:1 | next in 30s
2026-07-29 23:55:10,458 - INFO - [SCREENER] 140 markets in 6.3s | yes:27 no:1 | next in 30s
2026-07-29 23:55:50,669 - INFO - [SCREENER] 140 markets in 6.4s | yes:31 no:1 | next in 30s
2026-07-29 23:56:29,631 - INFO - [SCREENER] 140 markets in 6.6s | yes:32 no:1 | next in 30s
2026-07-29 23:57:07,964 - INFO - [SCREENER] 143 markets in 6.4s | yes:35 no:1 | next in 30s
2026-07-29 23:57:48,261 - INFO - [SCREENER] 146 markets in 6.6s | yes:35 no:2 | next in 30s
2026-07-29 23:58:26,833 - INFO - [SCREENER] 129 markets in 6.4s | yes:33 no:2 | next in 30s
2026-07-29 23:59:05,245 - INFO - [SCREENER] 124 markets in 6.4s | yes:30 no:2 | next in 30s
2026-07-29 23:59:46,359 - INFO - [SCREENER] 127 markets in 7.3s | yes:28 no:1 | next in 30s
2026-07-30 00:00:25,629 - INFO - [SCREENER] 120 markets in 7.4s | yes:28 no:1 | next in 30s
2026-07-30 00:01:04,115 - INFO - [SCREENER] 118 markets in 6.4s | yes:25 no:0 | next in 30s
2026-07-30 00:01:42,163 - INFO - [SCREENER] 115 markets in 5.9s | yes:24 no:0 | next in 30s
2026-07-30 00:01:49,147 - INFO - [SELL CONFIRMED] 未知 | Yes | size=35.5500 price=0.35
2026-07-30 00:02:22,608 - INFO - [SCREENER] 118 markets in 6.2s | yes:26 no:0 | next in 30s
2026-07-30 00:03:01,874 - INFO - [SCREENER] 112 markets in 7.2s | yes:25 no:1 | next in 30s
2026-07-30 00:03:39,496 - INFO - [SCREENER] 113 markets in 5.8s | yes:25 no:1 | next in 30s
2026-07-30 00:03:53,095 - INFO - [LIMIT SELL] Will the highest temperature in Taipei b | 35.5500 shares @ 0.35
2026-07-30 00:03:53,096 - INFO - [POSITION] 限价卖出 1 个持仓
2026-07-30 00:04:02,048 - INFO - [SELL CONFIRMED] 未知 | Yes | size=0.0000 price=0.35
2026-07-30 00:04:03,789 - INFO - [SELL CONFIRMED] 未知 | No | size=0.5600 price=0.65
2026-07-30 00:04:19,543 - INFO - [SCREENER] 110 markets in 5.9s | yes:23 no:1 | next in 30s
2026-07-30 00:04:35,751 - INFO - [SELL CONFIRMED] 未知 | No | size=0.5600 price=0.65
2026-07-30 00:04:58,182 - INFO - [SCREENER] 112 markets in 6.6s | yes:26 no:1 | next in 30s
2026-07-30 00:05:37,008 - INFO - [SCREENER] 115 markets in 6.6s | yes:24 no:1 | next in 30s
2026-07-30 00:06:01,481 - INFO - [LIMIT SELL] 9471737552867176 更新卖价 0.35 → 0.34
2026-07-30 00:06:01,481 - INFO - [LIMIT SELL] Will the highest temperature in Taipei b | 29.4300 shares @ 0.34
2026-07-30 00:06:01,484 - INFO - [POSITION] 限价卖出 1 个持仓
2026-07-30 00:06:09,536 - INFO - [SELL CONFIRMED] 未知 | Yes | size=0.0000 price=0.34
2026-07-30 00:06:11,179 - INFO - [SELL CONFIRMED] 未知 | No | size=4.2800 price=0.66
2026-07-30 00:06:17,867 - INFO - [SCREENER] 118 markets in 6.4s | yes:25 no:1 | next in 30s
2026-07-30 00:06:57,624 - INFO - [SCREENER] 114 markets in 5.8s | yes:25 no:2 | next in 30s
2026-07-30 00:07:35,408 - INFO - [SCREENER] 113 markets in 5.7s | yes:22 no:2 | next in 30s
2026-07-30 00:08:13,211 - INFO - [SCREENER] 118 markets in 5.8s | yes:25 no:2 | next in 30s
2026-07-30 00:08:16,236 - WARNING - [POSITION] 9471737552867176 best_bid=0.32 < 成本0.3500-0.02=0.3300，取消卖单等待
2026-07-30 00:08:54,177 - INFO - [SCREENER] 114 markets in 6.8s | yes:23 no:2 | next in 30s
2026-07-30 00:09:32,039 - INFO - [SCREENER] 115 markets in 6.0s | yes:22 no:2 | next in 30s
2026-07-30 00:10:10,468 - INFO - [SCREENER] 116 markets in 6.4s | yes:22 no:2 | next in 30s
2026-07-30 00:10:24,207 - INFO - [LIMIT SELL] Will the highest temperature in Taipei b | 20.1500 shares @ 0.33
2026-07-30 00:10:24,207 - INFO - [POSITION] 限价卖出 1 个持仓
2026-07-30 00:10:32,275 - INFO - [SELL CONFIRMED] 未知 | Yes | size=0.0000 price=0.33
2026-07-30 00:10:41,176 - INFO - [SCREENER] 116 markets in 7.0s | yes:22 no:2 | next in 30s
2026-07-30 00:11:20,301 - INFO - [SCREENER] 110 markets in 6.5s | yes:22 no:3 | next in 30s
2026-07-30 00:11:58,470 - INFO - [SCREENER] 115 markets in 6.2s | yes:27 no:2 | next in 30s
2026-07-30 00:12:37,005 - INFO - [SCREENER] 118 markets in 6.5s | yes:25 no:3 | next in 30s
2026-07-30 00:12:40,096 - WARNING - [POSITION] 9471737552867176 best_bid=0.32 < 成本0.3500-0.02=0.3300，取消卖单等待
2026-07-30 00:13:07,025 - INFO - [SCREENER] 115 markets in 6.2s | yes:24 no:2 | next in 30s
2026-07-30 00:13:45,258 - INFO - [SCREENER] 118 markets in 6.0s | yes:23 no:2 | next in 30s
2026-07-30 00:14:25,076 - INFO - [SCREENER] 118 markets in 7.5s | yes:21 no:2 | next in 30s
2026-07-30 00:15:01,645 - INFO - [SCREENER] 118 markets in 12.9s | yes:19 no:2 | next in 30s
2026-07-30 00:15:28,684 - INFO - [SCREENER] 120 markets in 5.8s | yes:19 no:2 | next in 30s
2026-07-30 00:16:06,213 - INFO - [SCREENER] 120 markets in 5.7s | yes:19 no:2 | next in 30s
2026-07-30 00:16:44,771 - INFO - [SCREENER] 116 markets in 6.0s | yes:19 no:2 | next in 30s
2026-07-30 00:16:48,962 - INFO - [LIMIT SELL] Will the highest temperature in Taipei b | 15.1500 shares @ 0.33
2026-07-30 00:16:48,963 - INFO - [POSITION] 限价卖出 1 个持仓
2026-07-30 00:16:57,843 - INFO - [SELL CONFIRMED] 未知 | Yes | size=0.0000 price=0.33
2026-07-30 00:17:15,411 - INFO - [SCREENER] 103 markets in 5.9s | yes:15 no:1 | next in 30s
2026-07-30 00:17:54,046 - INFO - [SCREENER] 119 markets in 6.2s | yes:16 no:1 | next in 30s
2026-07-30 00:18:31,807 - INFO - [SCREENER] 117 markets in 5.8s | yes:18 no:1 | next in 30s
2026-07-30 00:19:12,608 - INFO - [SCREENER] 117 markets in 7.4s | yes:21 no:2 | next in 30s
2026-07-30 00:19:52,366 - INFO - [SCREENER] 116 markets in 7.6s | yes:18 no:3 | next in 30s
2026-07-30 00:20:31,330 - INFO - [SCREENER] 116 markets in 6.8s | yes:18 no:3 | next in 30s
2026-07-30 00:21:11,719 - INFO - [SCREENER] 118 markets in 6.9s | yes:18 no:3 | next in 30s
2026-07-30 00:21:50,940 - INFO - [SCREENER] 120 markets in 7.0s | yes:18 no:2 | next in 30s
2026-07-30 00:22:29,379 - INFO - [SCREENER] 120 markets in 6.4s | yes:18 no:2 | next in 30s
2026-07-30 00:23:07,704 - INFO - [SCREENER] 116 markets in 6.6s | yes:18 no:2 | next in 30s
2026-07-30 00:23:47,606 - INFO - [SCREENER] 118 markets in 6.9s | yes:18 no:3 | next in 30s
2026-07-30 00:24:27,684 - INFO - [SCREENER] 117 markets in 8.1s | yes:22 no:3 | next in 30s
2026-07-30 00:25:05,846 - INFO - [SCREENER] 117 markets in 6.3s | yes:21 no:3 | next in 30s
2026-07-30 00:25:46,499 - INFO - [SCREENER] 116 markets in 6.9s | yes:23 no:3 | next in 30s
2026-07-30 00:26:24,874 - INFO - [SCREENER] 119 markets in 6.1s | yes:22 no:3 | next in 30s
2026-07-30 00:27:09,911 - INFO - [SCREENER] 119 markets in 13.2s | yes:22 no:3 | next in 30s
2026-07-30 00:27:40,308 - INFO - [SCREENER] 118 markets in 7.4s | yes:23 no:3 | next in 30s
2026-07-30 00:28:20,571 - INFO - [SCREENER] 115 markets in 8.2s | yes:23 no:2 | next in 30s
2026-07-30 00:28:49,872 - INFO - [SCREENER] 118 markets in 7.4s | yes:25 no:2 | next in 30s
2026-07-30 00:29:28,427 - INFO - [SCREENER] 120 markets in 6.6s | yes:26 no:2 | next in 30s
2026-07-30 00:30:07,928 - INFO - [SCREENER] 116 markets in 6.3s | yes:24 no:3 | next in 30s
2026-07-30 00:30:45,760 - INFO - [SCREENER] 117 markets in 6.0s | yes:26 no:3 | next in 30s
2026-07-30 00:31:25,077 - INFO - [SCREENER] 118 markets in 6.3s | yes:24 no:3 | next in 30s
2026-07-30 00:32:05,711 - INFO - [SCREENER] 115 markets in 6.8s | yes:23 no:3 | next in 30s
2026-07-30 00:32:44,627 - INFO - [SCREENER] 114 markets in 6.7s | yes:25 no:2 | next in 30s
2026-07-30 00:33:24,436 - INFO - [SCREENER] 115 markets in 7.4s | yes:26 no:2 | next in 30s
2026-07-30 00:34:04,437 - INFO - [SCREENER] 117 markets in 6.2s | yes:24 no:2 | next in 30s
2026-07-30 00:34:42,614 - INFO - [SCREENER] 119 markets in 5.9s | yes:24 no:2 | next in 30s
2026-07-30 00:35:21,003 - INFO - [SCREENER] 119 markets in 6.4s | yes:23 no:3 | next in 30s
2026-07-30 00:35:59,370 - INFO - [SCREENER] 116 markets in 6.3s | yes:24 no:3 | next in 30s
2026-07-30 00:36:39,227 - INFO - [SCREENER] 115 markets in 6.4s | yes:25 no:3 | next in 30s
2026-07-30 00:37:17,205 - INFO - [SCREENER] 115 markets in 6.0s | yes:25 no:5 | next in 30s
2026-07-30 00:37:56,315 - INFO - [SCREENER] 117 markets in 7.1s | yes:26 no:4 | next in 30s
2026-07-30 00:38:26,100 - INFO - [SCREENER] 122 markets in 6.5s | yes:25 no:2 | next in 30s
2026-07-30 00:39:04,259 - INFO - [SCREENER] 118 markets in 6.0s | yes:27 no:4 | next in 30s
2026-07-30 00:39:42,821 - INFO - [SCREENER] 122 markets in 6.4s | yes:28 no:2 | next in 30s
2026-07-30 00:40:21,246 - INFO - [SCREENER] 122 markets in 6.2s | yes:28 no:4 | next in 30s
2026-07-30 00:41:01,945 - INFO - [SCREENER] 122 markets in 6.5s | yes:28 no:4 | next in 30s
2026-07-30 00:41:36,239 - ERROR - [py_clob_client_v2] request error: [SSL: UNEXPECTED_EOF_WHILE_READING] EOF occurred in violation of protocol (_ssl.c:1000)
2026-07-30 00:41:36,742 - ERROR - [HEARTBEAT] 失败 (连续 1 次): 401 Client Error: Unauthorized for url: https://clob.polymarket.com/v1/heartbeats
2026-07-30 00:42:20,378 - ERROR - [py_clob_client_v2] request error: The read operation timed out
2026-07-30 00:42:20,945 - ERROR - [HEARTBEAT] 失败 (连续 1 次): 401 Client Error: Unauthorized for url: https://clob.polymarket.com/v1/heartbeats
2026-07-30 00:42:34,744 - ERROR - [py_clob_client_v2] request error: The read operation timed out
2026-07-30 00:42:35,227 - ERROR - [HEARTBEAT] 失败 (连续 1 次): 401 Client Error: Unauthorized for url: https://clob.polymarket.com/v1/heartbeats
2026-07-30 00:42:36,002 - ERROR - [USER WS ERR] Connection to remote host was lost.
2026-07-30 00:42:36,003 - ERROR - Connection to remote host was lost. - goodbye
2026-07-30 00:42:36,003 - WARNING - [USER WS] close code=None reason=None
2026-07-30 00:42:36,005 - WARNING - [USER WS] 断开，5s 后重连...
2026-07-30 00:42:38,942 - INFO - [SCREENER] 124 markets in 65.0s | yes:23 no:4 | next in 30s
2026-07-30 00:42:49,650 - ERROR - [POLL] 批量查询异常: HTTPSConnectionPool(host='clob.polymarket.com', port=443): Read timed out. (read timeout=10)
2026-07-30 00:45:07,537 - ERROR - [SCREENER] 筛选失败: ('Connection aborted.', RemoteDisconnected('Remote end closed connection without response'))
2026-07-30 00:45:18,026 - ERROR - [POLL] 批量查询异常: HTTPSConnectionPool(host='clob.polymarket.com', port=443): Read timed out. (read timeout=10)
2026-07-30 00:45:18,779 - WARNING - [AUDIT] 3321786090116059 订单丢失纠偏
2026-07-30 00:45:18,779 - WARNING - [AUDIT] 4469030833584170 订单丢失纠偏
2026-07-30 00:45:18,780 - WARNING - [AUDIT] 5552092961648777 订单丢失纠偏
2026-07-30 00:45:18,780 - WARNING - [AUDIT] 3317956206489901 订单丢失纠偏
2026-07-30 00:45:18,781 - WARNING - [AUDIT] 8017685603829740 订单丢失纠偏
2026-07-30 00:45:18,781 - WARNING - [AUDIT] 7763887955587621 订单丢失纠偏
2026-07-30 00:45:18,781 - WARNING - [AUDIT] 1158979346242362 订单丢失纠偏
2026-07-30 00:45:18,782 - WARNING - [AUDIT] 1082561109215351 订单丢失纠偏
2026-07-30 00:45:18,782 - WARNING - [AUDIT] 8807013473938409 订单丢失纠偏
2026-07-30 00:45:18,782 - WARNING - [AUDIT] 1132094708326207 订单丢失纠偏
2026-07-30 00:45:18,782 - WARNING - [AUDIT] 1495307552494407 订单丢失纠偏
2026-07-30 00:45:18,782 - WARNING - [AUDIT] 1154230654638001 订单丢失纠偏
2026-07-30 00:45:18,783 - WARNING - [AUDIT] 5665574963884049 订单丢失纠偏
2026-07-30 00:45:18,783 - WARNING - [AUDIT] 1881611846012403 订单丢失纠偏
2026-07-30 00:45:18,783 - WARNING - [AUDIT] 7878512989408810 订单丢失纠偏
2026-07-30 00:45:18,783 - WARNING - [AUDIT] 7549987038399964 订单丢失纠偏
2026-07-30 00:45:18,783 - WARNING - [AUDIT] 1150178838612323 订单丢失纠偏
2026-07-30 00:45:18,783 - WARNING - [AUDIT] 9658234936421319 订单丢失纠偏
2026-07-30 00:45:18,783 - WARNING - [AUDIT] 5173928304312758 订单丢失纠偏
2026-07-30 00:45:18,783 - WARNING - [AUDIT] 5628291943280744 订单丢失纠偏
2026-07-30 00:45:18,784 - WARNING - [AUDIT] 1050467039669960 订单丢失纠偏
2026-07-30 00:45:18,784 - WARNING - [AUDIT] 9180087189180355 订单丢失纠偏
2026-07-30 00:45:18,784 - WARNING - [AUDIT] 9192018416755414 订单丢失纠偏
2026-07-30 00:45:18,785 - WARNING - [AUDIT] 4577693276594738 订单丢失纠偏
2026-07-30 00:47:31,734 - INFO - [SCREENER] 125 markets in 122.4s | yes:25 no:5 | next in 30s
2026-07-30 00:47:50,422 - INFO - [SCREENER] 124 markets in 6.5s | yes:23 no:4 | next in 30s
2026-07-30 00:48:30,811 - INFO - [SCREENER] 118 markets in 7.0s | yes:21 no:4 | next in 30s
2026-07-30 00:49:09,377 - INFO - [SCREENER] 120 markets in 6.4s | yes:25 no:4 | next in 30s
2026-07-30 00:49:47,860 - INFO - [SCREENER] 122 markets in 6.5s | yes:20 no:3 | next in 30s
2026-07-30 00:50:27,847 - INFO - [SCREENER] 125 markets in 6.1s | yes:19 no:3 | next in 30s
2026-07-30 00:51:06,408 - INFO - [SCREENER] 123 markets in 6.5s | yes:20 no:3 | next in 30s
2026-07-30 00:51:44,980 - INFO - [SCREENER] 120 markets in 6.8s | yes:19 no:3 | next in 30s
2026-07-30 00:52:25,521 - INFO - [SCREENER] 118 markets in 6.7s | yes:19 no:3 | next in 30s
2026-07-30 00:53:05,051 - INFO - [SCREENER] 116 markets in 7.7s | yes:18 no:3 | next in 30s
2026-07-30 00:53:44,200 - INFO - [SCREENER] 120 markets in 6.9s | yes:22 no:3 | next in 30s
2026-07-30 00:54:21,575 - INFO - [SCREENER] 118 markets in 5.6s | yes:22 no:3 | next in 30s
2026-07-30 00:55:01,195 - INFO - [SCREENER] 120 markets in 6.2s | yes:19 no:2 | next in 30s
2026-07-30 00:55:39,856 - INFO - [SCREENER] 120 markets in 6.3s | yes:19 no:1 | next in 30s
2026-07-30 00:56:18,351 - INFO - [SCREENER] 122 markets in 6.3s | yes:21 no:3 | next in 30s
2026-07-30 00:56:58,727 - INFO - [SCREENER] 120 markets in 6.8s | yes:20 no:3 | next in 30s
2026-07-30 00:57:36,123 - INFO - [SCREENER] 119 markets in 5.7s | yes:20 no:3 | next in 30s
2026-07-30 00:58:13,857 - INFO - [SCREENER] 115 markets in 6.0s | yes:18 no:3 | next in 30s
2026-07-30 00:58:54,381 - INFO - [SCREENER] 117 markets in 6.4s | yes:19 no:3 | next in 30s
2026-07-30 00:59:32,182 - INFO - [SCREENER] 110 markets in 6.0s | yes:19 no:1 | next in 30s
2026-07-30 01:00:10,944 - INFO - [SCREENER] 110 markets in 5.7s | yes:19 no:2 | next in 30s
2026-07-30 01:00:49,266 - INFO - [SCREENER] 107 markets in 6.5s | yes:18 no:2 | next in 30s
2026-07-30 01:01:28,266 - INFO - [SCREENER] 108 markets in 5.7s | yes:19 no:2 | next in 30s
2026-07-30 01:02:05,959 - INFO - [SCREENER] 108 markets in 5.9s | yes:20 no:2 | next in 30s
2026-07-30 01:02:44,403 - INFO - [SCREENER] 109 markets in 6.0s | yes:21 no:3 | next in 30s
2026-07-30 01:03:25,185 - INFO - [SCREENER] 111 markets in 7.1s | yes:21 no:3 | next in 30s
2026-07-30 01:04:04,465 - INFO - [SCREENER] 110 markets in 7.3s | yes:20 no:3 | next in 30s
2026-07-30 01:04:42,374 - INFO - [SCREENER] 110 markets in 5.8s | yes:20 no:3 | next in 30s
2026-07-30 01:05:23,003 - INFO - [SCREENER] 105 markets in 6.6s | yes:21 no:3 | next in 30s
2026-07-30 01:06:01,869 - INFO - [SCREENER] 108 markets in 6.9s | yes:21 no:3 | next in 30s
2026-07-30 01:06:44,004 - INFO - [SCREENER] 108 markets in 9.9s | yes:20 no:3 | next in 30s
2026-07-30 01:07:11,834 - INFO - [SCREENER] 108 markets in 6.1s | yes:19 no:3 | next in 30s
2026-07-30 01:07:51,104 - INFO - [SCREENER] 109 markets in 5.8s | yes:21 no:3 | next in 30s
2026-07-30 01:08:28,924 - INFO - [SCREENER] 114 markets in 6.1s | yes:22 no:3 | next in 30s
2026-07-30 01:09:06,853 - INFO - [SCREENER] 114 markets in 5.7s | yes:27 no:3 | next in 30s
2026-07-30 01:09:47,011 - INFO - [SCREENER] 116 markets in 6.3s | yes:28 no:4 | next in 30s
2026-07-30 01:10:24,916 - INFO - [SCREENER] 117 markets in 6.1s | yes:27 no:4 | next in 30s
2026-07-30 01:11:03,092 - INFO - [SCREENER] 116 markets in 6.1s | yes:26 no:4 | next in 30s
2026-07-30 01:11:43,186 - INFO - [SCREENER] 118 markets in 6.6s | yes:27 no:5 | next in 30s
2026-07-30 01:12:21,288 - INFO - [SCREENER] 117 markets in 5.9s | yes:25 no:5 | next in 30s
2026-07-30 01:13:00,821 - INFO - [SCREENER] 120 markets in 7.2s | yes:24 no:5 | next in 30s
2026-07-30 01:13:38,627 - INFO - [SCREENER] 118 markets in 5.9s | yes:22 no:6 | next in 30s
2026-07-30 01:14:18,543 - INFO - [SCREENER] 114 markets in 6.0s | yes:21 no:5 | next in 30s
2026-07-30 01:14:56,472 - INFO - [SCREENER] 118 markets in 5.6s | yes:24 no:6 | next in 30s
2026-07-30 01:15:35,104 - INFO - [SCREENER] 118 markets in 6.5s | yes:23 no:5 | next in 30s
2026-07-30 01:16:14,987 - INFO - [SCREENER] 121 markets in 5.9s | yes:26 no:5 | next in 30s
2026-07-30 01:16:53,164 - INFO - [SCREENER] 119 markets in 6.2s | yes:24 no:5 | next in 30s
2026-07-30 01:17:31,132 - INFO - [SCREENER] 111 markets in 5.8s | yes:22 no:4 | next in 30s
2026-07-30 01:18:11,244 - INFO - [SCREENER] 115 markets in 5.7s | yes:24 no:4 | next in 30s
2026-07-30 01:18:51,416 - INFO - [SCREENER] 114 markets in 7.7s | yes:25 no:5 | next in 30s
2026-07-30 01:19:29,121 - INFO - [SCREENER] 116 markets in 5.8s | yes:27 no:4 | next in 30s
2026-07-30 01:20:07,503 - INFO - [SCREENER] 116 markets in 6.0s | yes:26 no:5 | next in 30s
2026-07-30 01:20:47,486 - INFO - [SCREENER] 116 markets in 6.7s | yes:23 no:6 | next in 30s
2026-07-30 01:21:25,423 - INFO - [SCREENER] 115 markets in 5.9s | yes:22 no:6 | next in 30s
2026-07-30 01:22:03,224 - INFO - [SCREENER] 118 markets in 5.6s | yes:22 no:6 | next in 30s
2026-07-30 01:22:42,783 - INFO - [SCREENER] 115 markets in 6.1s | yes:22 no:4 | next in 30s
2026-07-30 01:23:20,877 - INFO - [SCREENER] 108 markets in 6.1s | yes:21 no:4 | next in 30s
2026-07-30 01:23:58,746 - INFO - [SCREENER] 112 markets in 6.0s | yes:22 no:3 | next in 30s
2026-07-30 01:24:39,620 - INFO - [SCREENER] 110 markets in 7.3s | yes:21 no:3 | next in 30s
2026-07-30 01:25:18,056 - INFO - [SCREENER] 108 markets in 6.4s | yes:20 no:3 | next in 30s
2026-07-30 01:25:56,303 - INFO - [SCREENER] 112 markets in 6.1s | yes:21 no:3 | next in 30s
2026-07-30 01:26:33,958 - INFO - [SCREENER] 113 markets in 5.8s | yes:21 no:3 | next in 30s
2026-07-30 01:27:13,075 - INFO - [SCREENER] 112 markets in 6.1s | yes:22 no:3 | next in 30s
2026-07-30 01:27:51,286 - INFO - [SCREENER] 111 markets in 6.4s | yes:22 no:3 | next in 30s
2026-07-30 01:28:29,193 - INFO - [SCREENER] 113 markets in 6.1s | yes:22 no:3 | next in 30s
2026-07-30 01:29:08,712 - INFO - [SCREENER] 107 markets in 5.9s | yes:22 no:3 | next in 30s
2026-07-30 01:29:48,169 - INFO - [SCREENER] 112 markets in 7.0s | yes:21 no:3 | next in 30s
2026-07-30 01:30:26,488 - INFO - [SCREENER] 108 markets in 6.3s | yes:22 no:3 | next in 30s
2026-07-30 01:31:05,479 - INFO - [SCREENER] 110 markets in 5.8s | yes:22 no:3 | next in 30s
2026-07-30 01:31:43,376 - INFO - [SCREENER] 111 markets in 5.9s | yes:20 no:3 | next in 30s
2026-07-30 01:32:21,476 - INFO - [SCREENER] 123 markets in 5.8s | yes:23 no:3 | next in 30s
2026-07-30 01:32:59,945 - INFO - [SCREENER] 116 markets in 6.4s | yes:20 no:3 | next in 30s
2026-07-30 01:33:39,104 - INFO - [SCREENER] 114 markets in 5.9s | yes:19 no:3 | next in 30s
2026-07-30 01:34:18,275 - INFO - [SCREENER] 114 markets in 7.2s | yes:20 no:3 | next in 30s
2026-07-30 01:34:49,335 - ERROR - [py_clob_client_v2] request error: _ssl.c:983: The handshake operation timed out
2026-07-30 01:34:49,841 - ERROR - [HEARTBEAT] 失败 (连续 1 次): 401 Client Error: Unauthorized for url: https://clob.polymarket.com/v1/heartbeats
2026-07-30 01:35:05,336 - INFO - [SCREENER] 113 markets in 6.1s | yes:20 no:3 | next in 30s
2026-07-30 01:35:06,950 - WARNING - [AUDIT] 3321786090116059 订单丢失纠偏
2026-07-30 01:35:06,951 - WARNING - [AUDIT] 5552092961648777 订单丢失纠偏
2026-07-30 01:35:06,951 - WARNING - [AUDIT] 3317956206489901 订单丢失纠偏
2026-07-30 01:35:06,951 - WARNING - [AUDIT] 8017685603829740 订单丢失纠偏
2026-07-30 01:35:06,951 - WARNING - [AUDIT] 7763887955587621 订单丢失纠偏
2026-07-30 01:35:06,952 - WARNING - [AUDIT] 9180087189180355 订单丢失纠偏
2026-07-30 01:35:06,952 - WARNING - [AUDIT] 1105607718294052 订单丢失纠偏
2026-07-30 01:35:06,953 - WARNING - [AUDIT] 5714644372500509 订单丢失纠偏
2026-07-30 01:35:06,953 - WARNING - [AUDIT] 4469030833584170 订单丢失纠偏
2026-07-30 01:35:06,953 - WARNING - [AUDIT] 1096071201107726 订单丢失纠偏
2026-07-30 01:35:06,953 - WARNING - [AUDIT] 1132094708326207 订单丢失纠偏
2026-07-30 01:35:06,954 - WARNING - [AUDIT] 1881611846012403 订单丢失纠偏
2026-07-30 01:35:06,954 - WARNING - [AUDIT] 4061207631473337 订单丢失纠偏
2026-07-30 01:35:06,954 - WARNING - [AUDIT] 5628291943280744 订单丢失纠偏
2026-07-30 01:35:06,954 - WARNING - [AUDIT] 1082561109215351 订单丢失纠偏
2026-07-30 01:35:06,954 - WARNING - [AUDIT] 3475849100824778 订单丢失纠偏
2026-07-30 01:35:06,954 - WARNING - [AUDIT] 5665574963884049 订单丢失纠偏
2026-07-30 01:35:06,955 - WARNING - [AUDIT] 7549987038399964 订单丢失纠偏
2026-07-30 01:35:06,955 - WARNING - [AUDIT] 3885435572114347 订单丢失纠偏
2026-07-30 01:35:06,955 - WARNING - [AUDIT] 5166195493537182 订单丢失纠偏
2026-07-30 01:35:06,955 - WARNING - [AUDIT] 4455263676921725 订单丢失纠偏
2026-07-30 01:35:06,955 - WARNING - [AUDIT] 8245786010655962 订单丢失纠偏
2026-07-30 01:35:45,431 - INFO - [SCREENER] 112 markets in 6.8s | yes:22 no:3 | next in 30s
2026-07-30 01:36:30,497 - INFO - [SCREENER] 108 markets in 13.0s | yes:22 no:3 | next in 30s
2026-07-30 01:36:57,837 - INFO - [SCREENER] 110 markets in 5.9s | yes:21 no:3 | next in 30s
2026-07-30 01:37:08,115 - ERROR - [py_clob_client_v2] request error: Server disconnected
2026-07-30 01:37:08,115 - ERROR - [py_clob_client_v2] request error: Server disconnected
2026-07-30 01:37:08,115 - ERROR - [py_clob_client_v2] request error: Server disconnected
2026-07-30 01:37:08,115 - ERROR - 获取订单簿失败: 34758491008247789151... | PolyApiException[status_code=None, error_message=Request exception!]
2026-07-30 01:37:08,116 - ERROR - [py_clob_client_v2] request error: Server disconnected
2026-07-30 01:37:08,116 - ERROR - 获取订单簿失败: 56655749638840496172... | PolyApiException[status_code=None, error_message=Request exception!]
2026-07-30 01:37:08,116 - ERROR - [py_clob_client_v2] request error: Server disconnected
2026-07-30 01:37:08,118 - ERROR - 获取订单簿失败: 75499870383999649593... | PolyApiException[status_code=None, error_message=Request exception!]
2026-07-30 01:37:08,117 - ERROR - 获取订单簿失败: 10825611092153514167... | PolyApiException[status_code=None, error_message=Request exception!]
2026-07-30 01:37:08,118 - ERROR - 获取订单簿失败: 38854355721143479015... | PolyApiException[status_code=None, error_message=Request exception!]
2026-07-30 01:37:10,392 - WARNING - [RETRY] 1082561109215351 bids不足2档，10s后重试
2026-07-30 01:37:10,392 - WARNING - [RETRY] 3475849100824778 bids不足2档，10s后重试
2026-07-30 01:37:10,393 - WARNING - [RETRY] 5665574963884049 bids不足2档，10s后重试
2026-07-30 01:37:10,393 - WARNING - [RETRY] 7549987038399964 bids不足2档，10s后重试
2026-07-30 01:37:10,395 - WARNING - [RETRY] 3885435572114347 bids不足2档，10s后重试
2026-07-30 01:37:37,396 - INFO - [SCREENER] 109 markets in 6.3s | yes:21 no:3 | next in 30s
2026-07-30 01:38:15,598 - INFO - [SCREENER] 110 markets in 6.5s | yes:20 no:4 | next in 30s
2026-07-30 01:38:54,032 - INFO - [SCREENER] 116 markets in 6.4s | yes:20 no:4 | next in 30s
2026-07-30 01:39:34,648 - INFO - [SCREENER] 122 markets in 6.5s | yes:21 no:5 | next in 30s
2026-07-30 01:40:12,293 - INFO - [SCREENER] 123 markets in 5.8s | yes:21 no:4 | next in 30s
2026-07-30 01:40:49,852 - INFO - [SCREENER] 123 markets in 5.7s | yes:22 no:4 | next in 30s
2026-07-30 01:41:28,188 - INFO - [SCREENER] 125 markets in 6.3s | yes:21 no:4 | next in 30s
2026-07-30 01:42:07,454 - INFO - [SCREENER] 126 markets in 6.1s | yes:24 no:4 | next in 30s
2026-07-30 01:42:45,286 - INFO - [SCREENER] 122 markets in 5.8s | yes:24 no:3 | next in 30s
2026-07-30 01:43:23,483 - INFO - [SCREENER] 124 markets in 6.3s | yes:22 no:2 | next in 30s
2026-07-30 01:44:03,698 - INFO - [SCREENER] 123 markets in 6.5s | yes:23 no:2 | next in 30s
2026-07-30 01:44:42,318 - INFO - [SCREENER] 125 markets in 6.8s | yes:24 no:2 | next in 30s
2026-07-30 01:45:20,816 - INFO - [SCREENER] 122 markets in 6.5s | yes:23 no:2 | next in 30s
2026-07-30 01:46:00,684 - INFO - [SCREENER] 125 markets in 6.1s | yes:23 no:3 | next in 30s
2026-07-30 01:46:39,522 - INFO - [SCREENER] 125 markets in 6.9s | yes:23 no:3 | next in 30s
2026-07-30 01:47:17,312 - INFO - [SCREENER] 124 markets in 5.9s | yes:21 no:3 | next in 30s
2026-07-30 01:47:55,789 - INFO - [SCREENER] 125 markets in 6.5s | yes:21 no:5 | next in 30s
2026-07-30 01:48:35,667 - INFO - [SCREENER] 123 markets in 6.7s | yes:21 no:4 | next in 30s
2026-07-30 01:49:14,692 - INFO - [SCREENER] 122 markets in 7.1s | yes:21 no:4 | next in 30s
2026-07-30 01:49:53,152 - INFO - [SCREENER] 123 markets in 6.3s | yes:21 no:4 | next in 30s
2026-07-30 01:50:32,616 - INFO - [SCREENER] 121 markets in 6.1s | yes:21 no:4 | next in 30s
2026-07-30 01:51:11,242 - INFO - [SCREENER] 119 markets in 6.4s | yes:22 no:4 | next in 30s
2026-07-30 01:51:50,639 - INFO - [SCREENER] 118 markets in 6.3s | yes:21 no:2 | next in 30s
2026-07-30 01:52:30,241 - INFO - [SCREENER] 118 markets in 6.2s | yes:22 no:4 | next in 30s
2026-07-30 01:53:08,474 - INFO - [SCREENER] 118 markets in 6.0s | yes:23 no:6 | next in 30s
2026-07-30 01:53:48,187 - INFO - [SCREENER] 118 markets in 7.5s | yes:23 no:5 | next in 30s
2026-07-30 01:54:27,062 - INFO - [SCREENER] 118 markets in 5.9s | yes:24 no:5 | next in 30s
2026-07-30 01:55:06,187 - INFO - [SCREENER] 117 markets in 5.8s | yes:22 no:3 | next in 30s
2026-07-30 01:55:44,735 - INFO - [SCREENER] 114 markets in 6.7s | yes:20 no:3 | next in 30s
2026-07-30 01:56:23,042 - INFO - [SCREENER] 117 markets in 6.2s | yes:23 no:5 | next in 30s
2026-07-30 01:57:02,316 - INFO - [SCREENER] 118 markets in 5.9s | yes:23 no:4 | next in 30s
2026-07-30 01:57:40,672 - INFO - [SCREENER] 120 markets in 6.4s | yes:22 no:4 | next in 30s
2026-07-30 01:58:18,899 - INFO - [SCREENER] 112 markets in 6.5s | yes:21 no:3 | next in 30s
2026-07-30 01:58:58,124 - INFO - [SCREENER] 111 markets in 6.0s | yes:23 no:3 | next in 30s
2026-07-30 01:59:36,418 - INFO - [SCREENER] 110 markets in 6.2s | yes:23 no:1 | next in 30s
2026-07-30 02:00:14,853 - INFO - [SCREENER] 103 markets in 6.3s | yes:22 no:1 | next in 30s
2026-07-30 02:00:53,210 - INFO - [SCREENER] 103 markets in 6.2s | yes:20 no:1 | next in 30s
2026-07-30 02:01:32,441 - INFO - [SCREENER] 104 markets in 5.9s | yes:23 no:1 | next in 30s
2026-07-30 02:02:10,813 - INFO - [SCREENER] 96 markets in 6.1s | yes:25 no:1 | next in 30s
2026-07-30 02:02:49,432 - INFO - [SCREENER] 104 markets in 6.6s | yes:26 no:1 | next in 30s
2026-07-30 02:03:28,926 - INFO - [SCREENER] 102 markets in 6.1s | yes:24 no:3 | next in 30s
2026-07-30 02:04:06,648 - INFO - [SCREENER] 104 markets in 5.9s | yes:24 no:4 | next in 30s
2026-07-30 02:04:44,443 - INFO - [SCREENER] 104 markets in 5.9s | yes:24 no:5 | next in 30s
2026-07-30 02:05:24,777 - INFO - [SCREENER] 107 markets in 6.6s | yes:25 no:5 | next in 30s
2026-07-30 02:06:03,174 - INFO - [SCREENER] 107 markets in 6.6s | yes:27 no:4 | next in 30s
2026-07-30 02:06:41,801 - INFO - [SCREENER] 110 markets in 6.6s | yes:27 no:4 | next in 30s
2026-07-30 02:07:20,891 - INFO - [SCREENER] 111 markets in 6.8s | yes:27 no:4 | next in 30s
2026-07-30 02:08:00,870 - INFO - [SCREENER] 112 markets in 6.2s | yes:22 no:4 | next in 30s
2026-07-30 02:08:39,425 - INFO - [SCREENER] 121 markets in 6.7s | yes:22 no:3 | next in 30s
2026-07-30 02:09:17,113 - INFO - [SCREENER] 119 markets in 5.9s | yes:21 no:4 | next in 30s
2026-07-30 02:09:57,053 - INFO - [SCREENER] 118 markets in 6.2s | yes:21 no:3 | next in 30s
2026-07-30 02:10:35,380 - INFO - [SCREENER] 119 markets in 6.2s | yes:23 no:3 | next in 30s
2026-07-30 02:11:13,536 - INFO - [SCREENER] 127 markets in 6.1s | yes:24 no:3 | next in 30s
2026-07-30 02:11:53,143 - INFO - [SCREENER] 121 markets in 6.2s | yes:28 no:9 | next in 30s
2026-07-30 02:12:31,429 - INFO - [SCREENER] 121 markets in 6.0s | yes:29 no:10 | next in 30s
2026-07-30 02:13:10,106 - INFO - [SCREENER] 122 markets in 6.7s | yes:32 no:10 | next in 30s
2026-07-30 02:13:48,085 - INFO - [SCREENER] 122 markets in 6.0s | yes:32 no:12 | next in 30s
2026-07-30 02:14:28,059 - INFO - [SCREENER] 122 markets in 6.5s | yes:32 no:12 | next in 30s
2026-07-30 02:15:06,369 - INFO - [SCREENER] 117 markets in 6.2s | yes:34 no:12 | next in 30s
2026-07-30 02:15:45,322 - INFO - [SCREENER] 120 markets in 6.8s | yes:31 no:11 | next in 30s
2026-07-30 02:16:14,541 - INFO - [SCREENER] 120 markets in 5.9s | yes:30 no:10 | next in 30s
2026-07-30 02:16:52,936 - INFO - [SCREENER] 117 markets in 6.5s | yes:30 no:9 | next in 30s
2026-07-30 02:17:30,785 - INFO - [SCREENER] 119 markets in 6.0s | yes:28 no:8 | next in 30s
2026-07-30 02:18:09,011 - INFO - [SCREENER] 120 markets in 6.2s | yes:30 no:7 | next in 30s
2026-07-30 02:18:49,045 - INFO - [SCREENER] 119 markets in 6.3s | yes:29 no:8 | next in 30s
2026-07-30 02:19:27,234 - INFO - [SCREENER] 121 markets in 6.2s | yes:29 no:6 | next in 30s
2026-07-30 02:20:05,513 - INFO - [SCREENER] 119 markets in 6.2s | yes:29 no:4 | next in 30s
2026-07-30 02:20:45,144 - INFO - [SCREENER] 118 markets in 6.1s | yes:33 no:7 | next in 30s
2026-07-30 02:21:24,788 - INFO - [SCREENER] 120 markets in 7.4s | yes:34 no:9 | next in 30s
2026-07-30 02:22:03,266 - INFO - [SCREENER] 120 markets in 6.2s | yes:25 no:5 | next in 30s
2026-07-30 02:22:43,162 - INFO - [SCREENER] 115 markets in 6.0s | yes:28 no:6 | next in 30s
2026-07-30 02:23:21,654 - INFO - [SCREENER] 115 markets in 5.9s | yes:27 no:6 | next in 30s
2026-07-30 02:23:59,585 - INFO - [SCREENER] 111 markets in 5.7s | yes:26 no:6 | next in 30s
2026-07-30 02:24:37,493 - INFO - [SCREENER] 112 markets in 5.9s | yes:25 no:6 | next in 30s
2026-07-30 02:25:17,501 - INFO - [SCREENER] 104 markets in 6.3s | yes:22 no:4 | next in 30s
2026-07-30 02:25:55,627 - INFO - [SCREENER] 105 markets in 6.0s | yes:18 no:4 | next in 30s
2026-07-30 02:26:34,483 - INFO - [SCREENER] 105 markets in 6.2s | yes:18 no:5 | next in 30s
2026-07-30 02:27:13,953 - INFO - [SCREENER] 109 markets in 5.9s | yes:21 no:11 | next in 30s
2026-07-30 02:27:52,325 - INFO - [SCREENER] 104 markets in 6.2s | yes:21 no:9 | next in 30s
2026-07-30 02:28:31,254 - INFO - [SCREENER] 99 markets in 7.0s | yes:22 no:8 | next in 30s
2026-07-30 02:29:11,641 - INFO - [SCREENER] 96 markets in 6.4s | yes:22 no:7 | next in 30s
2026-07-30 02:29:49,686 - INFO - [SCREENER] 95 markets in 6.0s | yes:21 no:7 | next in 30s
2026-07-30 02:30:27,859 - INFO - [SCREENER] 93 markets in 6.0s | yes:20 no:7 | next in 30s
2026-07-30 02:31:05,768 - INFO - [SCREENER] 93 markets in 5.9s | yes:17 no:5 | next in 30s
2026-07-30 02:31:44,954 - INFO - [SCREENER] 96 markets in 5.9s | yes:20 no:5 | next in 30s
2026-07-30 02:32:23,881 - INFO - [SCREENER] 99 markets in 6.5s | yes:18 no:6 | next in 30s
2026-07-30 02:33:04,307 - INFO - [SCREENER] 94 markets in 8.4s | yes:18 no:6 | next in 30s
2026-07-30 02:33:33,247 - INFO - [SCREENER] 93 markets in 6.1s | yes:19 no:6 | next in 30s
2026-07-30 02:34:11,291 - INFO - [SCREENER] 96 markets in 6.1s | yes:16 no:6 | next in 30s
2026-07-30 02:34:50,111 - INFO - [SCREENER] 98 markets in 6.6s | yes:17 no:7 | next in 30s
2026-07-30 02:35:28,612 - INFO - [SCREENER] 96 markets in 6.4s | yes:19 no:6 | next in 30s
2026-07-30 02:36:15,632 - INFO - [SCREENER] 97 markets in 13.7s | yes:20 no:4 | next in 30s
2026-07-30 02:36:43,039 - INFO - [SCREENER] 97 markets in 5.9s | yes:21 no:4 | next in 30s
2026-07-30 02:37:21,286 - INFO - [SCREENER] 100 markets in 6.1s | yes:22 no:6 | next in 30s
2026-07-30 02:38:00,990 - INFO - [SCREENER] 98 markets in 6.4s | yes:19 no:5 | next in 30s
2026-07-30 02:38:38,923 - INFO - [SCREENER] 103 markets in 6.1s | yes:19 no:6 | next in 30s
2026-07-30 02:39:17,303 - INFO - [SCREENER] 105 markets in 6.5s | yes:19 no:4 | next in 30s
2026-07-30 02:39:56,987 - INFO - [SCREENER] 106 markets in 5.9s | yes:19 no:4 | next in 30s
2026-07-30 02:40:34,961 - INFO - [SCREENER] 106 markets in 6.0s | yes:20 no:5 | next in 30s
2026-07-30 02:41:12,854 - INFO - [SCREENER] 109 markets in 5.9s | yes:19 no:6 | next in 30s
2026-07-30 02:41:50,793 - INFO - [SCREENER] 109 markets in 6.1s | yes:19 no:5 | next in 30s
2026-07-30 02:42:31,220 - INFO - [SCREENER] 113 markets in 7.3s | yes:19 no:10 | next in 30s
2026-07-30 02:43:09,820 - INFO - [SCREENER] 106 markets in 6.4s | yes:18 no:8 | next in 30s
2026-07-30 02:43:47,823 - INFO - [SCREENER] 110 markets in 6.0s | yes:18 no:10 | next in 30s
2026-07-30 02:44:26,950 - INFO - [SCREENER] 111 markets in 5.8s | yes:18 no:8 | next in 30s
2026-07-30 02:45:05,708 - INFO - [SCREENER] 113 markets in 6.6s | yes:19 no:8 | next in 30s
2026-07-30 02:45:44,280 - INFO - [SCREENER] 113 markets in 6.2s | yes:19 no:8 | next in 30s
2026-07-30 02:46:23,819 - INFO - [SCREENER] 112 markets in 6.2s | yes:19 no:8 | next in 30s
2026-07-30 02:47:01,456 - INFO - [SCREENER] 114 markets in 5.9s | yes:19 no:8 | next in 30s
2026-07-30 02:47:40,848 - INFO - [SCREENER] 112 markets in 7.4s | yes:19 no:8 | next in 30s
2026-07-30 02:48:18,915 - INFO - [SCREENER] 111 markets in 5.8s | yes:19 no:8 | next in 30s
2026-07-30 02:48:59,965 - INFO - [SCREENER] 105 markets in 7.4s | yes:18 no:8 | next in 30s
2026-07-30 02:49:37,644 - INFO - [SCREENER] 106 markets in 5.9s | yes:18 no:9 | next in 30s
2026-07-30 02:50:16,170 - INFO - [SCREENER] 106 markets in 6.6s | yes:18 no:7 | next in 30s
2026-07-30 02:50:55,893 - INFO - [SCREENER] 105 markets in 6.0s | yes:13 no:10 | next in 30s
2026-07-30 02:51:34,363 - INFO - [SCREENER] 105 markets in 5.9s | yes:13 no:9 | next in 30s
2026-07-30 02:52:11,886 - INFO - [SCREENER] 107 markets in 5.7s | yes:14 no:8 | next in 30s
2026-07-30 02:52:51,073 - INFO - [SCREENER] 108 markets in 6.1s | yes:17 no:8 | next in 30s
2026-07-30 02:53:29,180 - INFO - [SCREENER] 170 markets in 6.3s | yes:29 no:11 | next in 30s
2026-07-30 02:54:07,504 - INFO - [SCREENER] 108 markets in 6.1s | yes:18 no:7 | next in 30s
2026-07-30 02:54:45,810 - INFO - [SCREENER] 110 markets in 5.8s | yes:19 no:7 | next in 30s
2026-07-30 02:55:25,213 - INFO - [SCREENER] 108 markets in 6.2s | yes:17 no:8 | next in 30s
2026-07-30 02:56:03,514 - INFO - [SCREENER] 110 markets in 6.3s | yes:16 no:9 | next in 30s
2026-07-30 02:56:43,007 - INFO - [SCREENER] 109 markets in 7.6s | yes:17 no:11 | next in 30s
2026-07-30 02:57:12,189 - INFO - [SCREENER] 107 markets in 6.1s | yes:18 no:11 | next in 30s
2026-07-30 02:57:50,246 - INFO - [SCREENER] 110 markets in 5.7s | yes:18 no:11 | next in 30s
2026-07-30 02:58:28,015 - INFO - [SCREENER] 106 markets in 5.8s | yes:18 no:9 | next in 30s
2026-07-30 02:59:06,194 - INFO - [SCREENER] 106 markets in 6.2s | yes:15 no:10 | next in 30s
2026-07-30 02:59:45,339 - INFO - [SCREENER] 102 markets in 5.9s | yes:15 no:8 | next in 30s
2026-07-30 03:00:23,317 - INFO - [SCREENER] 98 markets in 5.8s | yes:15 no:8 | next in 30s
2026-07-30 03:01:07,937 - INFO - [SCREENER] 95 markets in 12.8s | yes:15 no:6 | next in 30s
2026-07-30 03:01:36,665 - INFO - [SCREENER] 97 markets in 6.1s | yes:17 no:6 | next in 30s
2026-07-30 03:02:15,241 - INFO - [SCREENER] 100 markets in 6.6s | yes:19 no:7 | next in 30s
2026-07-30 03:02:53,178 - INFO - [SCREENER] 97 markets in 5.9s | yes:24 no:7 | next in 30s
2026-07-30 03:03:31,977 - INFO - [SCREENER] 99 markets in 6.2s | yes:20 no:8 | next in 30s
2026-07-30 03:03:35,600 - INFO - [LIMIT SELL] Will the highest temperature in Jeddah b | 5.0000 shares @ 0.32
2026-07-30 03:03:35,601 - INFO - [POSITION] 限价卖出 1 个持仓
2026-07-30 03:03:37,011 - INFO - [SELL CONFIRMED] 未知 | Yes | size=5.0000 price=0.34
2026-07-30 03:03:44,904 - INFO - [SELL CONFIRMED] 未知 | Yes | size=0.0000 price=0.32
2026-07-30 03:04:02,657 - INFO - [SCREENER] 97 markets in 6.5s | yes:18 no:10 | next in 30s
2026-07-30 03:04:41,353 - INFO - [SCREENER] 95 markets in 6.9s | yes:20 no:9 | next in 30s
2026-07-30 03:05:19,748 - INFO - [SCREENER] 94 markets in 6.1s | yes:21 no:11 | next in 30s
2026-07-30 03:05:59,483 - INFO - [SCREENER] 93 markets in 5.9s | yes:20 no:11 | next in 30s
2026-07-30 03:06:37,041 - INFO - [SCREENER] 98 markets in 5.6s | yes:18 no:11 | next in 30s
2026-07-30 03:07:15,022 - INFO - [SCREENER] 98 markets in 6.1s | yes:17 no:13 | next in 30s
2026-07-30 03:07:54,959 - INFO - [SCREENER] 98 markets in 6.7s | yes:18 no:12 | next in 30s
2026-07-30 03:08:32,907 - INFO - [SCREENER] 108 markets in 5.7s | yes:19 no:10 | next in 30s
2026-07-30 03:09:11,517 - INFO - [SCREENER] 110 markets in 6.3s | yes:20 no:10 | next in 30s
2026-07-30 03:09:49,830 - INFO - [SCREENER] 110 markets in 6.5s | yes:19 no:10 | next in 30s
2026-07-30 03:10:28,924 - INFO - [SCREENER] 108 markets in 5.7s | yes:20 no:8 | next in 30s
2026-07-30 03:11:07,442 - INFO - [SCREENER] 112 markets in 6.3s | yes:21 no:8 | next in 30s
2026-07-30 03:11:45,894 - INFO - [SCREENER] 108 markets in 6.1s | yes:19 no:10 | next in 30s
2026-07-30 03:12:26,149 - INFO - [SCREENER] 112 markets in 6.6s | yes:21 no:11 | next in 30s
2026-07-30 03:13:04,335 - INFO - [SCREENER] 111 markets in 6.1s | yes:20 no:11 | next in 30s
2026-07-30 03:13:42,000 - INFO - [SCREENER] 113 markets in 5.8s | yes:20 no:9 | next in 30s
2026-07-30 03:14:22,584 - INFO - [SCREENER] 112 markets in 7.2s | yes:18 no:8 | next in 30s
2026-07-30 03:15:01,220 - INFO - [SCREENER] 112 markets in 6.3s | yes:19 no:7 | next in 30s
2026-07-30 03:15:39,106 - INFO - [SCREENER] 111 markets in 5.9s | yes:19 no:9 | next in 30s
2026-07-30 03:16:16,950 - INFO - [SCREENER] 111 markets in 6.1s | yes:20 no:5 | next in 30s
2026-07-30 03:16:56,709 - INFO - [SCREENER] 110 markets in 6.3s | yes:18 no:6 | next in 30s
2026-07-30 03:17:34,760 - INFO - [SCREENER] 108 markets in 6.3s | yes:18 no:8 | next in 30s
2026-07-30 03:18:13,200 - INFO - [SCREENER] 105 markets in 5.9s | yes:19 no:8 | next in 30s
2026-07-30 03:18:53,955 - INFO - [SCREENER] 104 markets in 7.5s | yes:21 no:8 | next in 30s
2026-07-30 03:19:32,863 - INFO - [SCREENER] 103 markets in 6.9s | yes:18 no:7 | next in 30s
2026-07-30 03:20:10,968 - INFO - [SCREENER] 104 markets in 5.8s | yes:18 no:9 | next in 30s
2026-07-30 03:20:50,739 - INFO - [SCREENER] 102 markets in 6.0s | yes:20 no:9 | next in 30s
2026-07-30 03:21:29,044 - INFO - [SCREENER] 101 markets in 6.2s | yes:17 no:10 | next in 30s
2026-07-30 03:22:07,036 - INFO - [SCREENER] 102 markets in 5.9s | yes:19 no:9 | next in 30s
2026-07-30 03:22:45,821 - INFO - [SCREENER] 106 markets in 7.0s | yes:19 no:9 | next in 30s
2026-07-30 03:23:14,774 - INFO - [SCREENER] 105 markets in 5.9s | yes:17 no:9 | next in 30s
2026-07-30 03:23:53,345 - INFO - [SCREENER] 102 markets in 6.2s | yes:18 no:8 | next in 30s
2026-07-30 03:24:31,801 - INFO - [SCREENER] 102 markets in 6.2s | yes:18 no:10 | next in 30s
2026-07-30 03:25:11,418 - INFO - [SCREENER] 101 markets in 6.2s | yes:17 no:8 | next in 30s
2026-07-30 03:25:49,551 - INFO - [SCREENER] 99 markets in 6.0s | yes:10 no:2 | next in 30s
2026-07-30 03:26:27,692 - INFO - [SCREENER] 99 markets in 6.0s | yes:11 no:2 | next in 30s
2026-07-30 03:27:08,231 - INFO - [SCREENER] 102 markets in 6.8s | yes:14 no:2 | next in 30s
2026-07-30 03:27:46,119 - INFO - [SCREENER] 100 markets in 6.2s | yes:14 no:3 | next in 30s
2026-07-30 03:28:25,346 - INFO - [SCREENER] 100 markets in 6.5s | yes:11 no:3 | next in 30s
2026-07-30 03:29:04,313 - INFO - [SCREENER] 104 markets in 6.6s | yes:12 no:3 | next in 30s
2026-07-30 03:29:43,233 - INFO - [SCREENER] 105 markets in 5.9s | yes:12 no:3 | next in 30s
2026-07-30 03:30:21,108 - INFO - [SCREENER] 103 markets in 6.1s | yes:12 no:3 | next in 30s
2026-07-30 03:31:00,305 - INFO - [SCREENER] 101 markets in 5.9s | yes:12 no:3 | next in 30s
2026-07-30 03:31:40,021 - INFO - [SCREENER] 99 markets in 6.6s | yes:9 no:4 | next in 30s
2026-07-30 03:32:18,440 - INFO - [SCREENER] 101 markets in 6.2s | yes:8 no:4 | next in 30s
2026-07-30 03:32:56,626 - INFO - [SCREENER] 101 markets in 6.1s | yes:9 no:3 | next in 30s
2026-07-30 03:33:35,876 - INFO - [SCREENER] 102 markets in 6.1s | yes:8 no:3 | next in 30s
2026-07-30 03:34:14,291 - INFO - [SCREENER] 102 markets in 6.6s | yes:10 no:2 | next in 30s
2026-07-30 03:34:54,256 - INFO - [SCREENER] 101 markets in 8.2s | yes:13 no:3 | next in 30s
2026-07-30 03:35:34,653 - INFO - [SCREENER] 98 markets in 8.3s | yes:13 no:3 | next in 30s
2026-07-30 03:36:03,391 - INFO - [SCREENER] 99 markets in 6.0s | yes:11 no:2 | next in 30s
2026-07-30 03:36:41,143 - INFO - [SCREENER] 99 markets in 6.0s | yes:14 no:3 | next in 30s
2026-07-30 03:37:19,834 - INFO - [SCREENER] 96 markets in 7.0s | yes:17 no:3 | next in 30s
2026-07-30 03:37:59,334 - INFO - [SCREENER] 100 markets in 6.2s | yes:13 no:2 | next in 30s
2026-07-30 03:38:37,630 - INFO - [SCREENER] 101 markets in 6.2s | yes:15 no:2 | next in 30s
2026-07-30 03:39:15,850 - INFO - [SCREENER] 103 markets in 6.5s | yes:16 no:3 | next in 30s
2026-07-30 03:39:55,787 - INFO - [SCREENER] 104 markets in 7.0s | yes:18 no:5 | next in 30s
2026-07-30 03:40:34,358 - INFO - [SCREENER] 105 markets in 6.5s | yes:19 no:5 | next in 30s
2026-07-30 03:41:13,404 - INFO - [SCREENER] 106 markets in 7.0s | yes:16 no:3 | next in 30s
2026-07-30 03:41:52,699 - INFO - [SCREENER] 105 markets in 7.2s | yes:14 no:3 | next in 30s
2026-07-30 03:42:22,719 - INFO - [SCREENER] 105 markets in 6.9s | yes:18 no:3 | next in 30s
2026-07-30 03:43:00,536 - INFO - [SCREENER] 106 markets in 6.1s | yes:17 no:3 | next in 30s
2026-07-30 03:43:38,609 - INFO - [SCREENER] 102 markets in 6.0s | yes:17 no:2 | next in 30s
2026-07-30 03:44:17,944 - INFO - [SCREENER] 101 markets in 6.0s | yes:19 no:2 | next in 30s
2026-07-30 03:44:55,873 - INFO - [SCREENER] 103 markets in 6.1s | yes:19 no:2 | next in 30s
2026-07-30 03:45:33,876 - INFO - [SCREENER] 103 markets in 5.8s | yes:15 no:2 | next in 30s
2026-07-30 03:46:13,299 - INFO - [SCREENER] 115 markets in 6.1s | yes:22 no:6 | next in 30s
2026-07-30 03:46:51,970 - INFO - [SCREENER] 121 markets in 6.3s | yes:24 no:5 | next in 30s
2026-07-30 03:46:58,055 - ERROR - [py_clob_client_v2] request error: Server disconnected
2026-07-30 03:46:58,055 - ERROR - [py_clob_client_v2] request error: Server disconnected
2026-07-30 03:46:58,056 - ERROR - 获取订单簿失败: 10960712011077260049... | PolyApiException[status_code=None, error_message=Request exception!]
2026-07-30 03:46:58,558 - ERROR - [HEARTBEAT] 失败 (连续 1 次): 401 Client Error: Unauthorized for url: https://clob.polymarket.com/v1/heartbeats
2026-07-30 03:46:58,764 - WARNING - [RETRY] 1096071201107726 bids不足2档，10s后重试
2026-07-30 03:46:59,810 - ERROR - [py_clob_client_v2] request error status=400 url=https://clob.polymarket.com/v1/heartbeats body={"heartbeat_id":"15e1411e-3363-436a-915b-549d6003b77d","error_msg":"Invalid Heartbeat ID"}
2026-07-30 03:46:59,811 - INFO - [HEARTBEAT] 从 SDK 错误恢复 heartbeat_id: 15e1411e-3363-43 (旧: b60086ea-a517-42)
2026-07-30 03:47:00,142 - INFO - [HEARTBEAT] OK (recovered) id=990ff814-99ae-4c
2026-07-30 03:47:30,410 - INFO - [SCREENER] 124 markets in 6.6s | yes:27 no:6 | next in 30s
2026-07-30 03:48:08,325 - INFO - [SCREENER] 118 markets in 5.8s | yes:28 no:10 | next in 30s
2026-07-30 03:48:47,931 - INFO - [SCREENER] 120 markets in 6.3s | yes:29 no:9 | next in 30s
2026-07-30 03:49:27,291 - INFO - [SCREENER] 118 markets in 7.1s | yes:29 no:9 | next in 30s
2026-07-30 03:50:05,164 - INFO - [SCREENER] 120 markets in 5.8s | yes:28 no:9 | next in 30s
2026-07-30 03:50:45,546 - INFO - [SCREENER] 119 markets in 7.1s | yes:26 no:10 | next in 30s
2026-07-30 03:51:24,639 - INFO - [SCREENER] 121 markets in 6.8s | yes:26 no:6 | next in 30s
2026-07-30 03:52:03,302 - INFO - [SCREENER] 121 markets in 6.4s | yes:26 no:6 | next in 30s
2026-07-30 03:52:42,807 - INFO - [SCREENER] 121 markets in 6.0s | yes:25 no:7 | next in 30s
2026-07-30 03:53:21,161 - INFO - [SCREENER] 124 markets in 6.2s | yes:25 no:8 | next in 30s
2026-07-30 03:53:59,120 - INFO - [SCREENER] 128 markets in 5.9s | yes:25 no:10 | next in 30s
2026-07-30 03:54:37,164 - INFO - [SCREENER] 126 markets in 5.9s | yes:25 no:8 | next in 30s
2026-07-30 03:55:18,359 - INFO - [SCREENER] 125 markets in 7.2s | yes:25 no:7 | next in 30s
2026-07-30 03:55:57,155 - INFO - [SCREENER] 125 markets in 6.9s | yes:24 no:8 | next in 30s
2026-07-30 03:56:35,215 - INFO - [SCREENER] 125 markets in 6.0s | yes:24 no:12 | next in 30s
2026-07-30 03:57:14,338 - INFO - [SCREENER] 122 markets in 5.4s | yes:26 no:12 | next in 30s
2026-07-30 03:57:51,616 - INFO - [SCREENER] 124 markets in 5.5s | yes:26 no:13 | next in 30s
2026-07-30 03:58:29,712 - INFO - [SCREENER] 122 markets in 5.9s | yes:28 no:18 | next in 30s
2026-07-30 03:58:37,719 - ERROR - [py_clob_client_v2] request error: Server disconnected
2026-07-30 03:58:37,719 - ERROR - [py_clob_client_v2] request error: Server disconnected
2026-07-30 03:58:37,725 - ERROR - 获取订单簿失败: 33179562064899012071... | PolyApiException[status_code=None, error_message=Request exception!]
2026-07-30 03:58:37,725 - ERROR - 获取订单簿失败: 71928439939993723793... | PolyApiException[status_code=None, error_message=Request exception!]
2026-07-30 03:58:38,719 - WARNING - [RETRY] 3317956206489901 bids不足2档，10s后重试
2026-07-30 03:58:38,719 - WARNING - [RETRY] 7192843993999372 bids不足2档，10s后重试
2026-07-30 03:59:08,995 - INFO - [SCREENER] 121 markets in 5.5s | yes:28 no:18 | next in 30s
2026-07-30 03:59:46,890 - INFO - [SCREENER] 113 markets in 5.7s | yes:22 no:16 | next in 30s
2026-07-30 04:00:24,729 - INFO - [SCREENER] 110 markets in 5.6s | yes:23 no:17 | next in 30s
2026-07-30 04:01:03,260 - INFO - [SCREENER] 114 markets in 6.5s | yes:21 no:17 | next in 30s
2026-07-30 04:01:42,703 - INFO - [SCREENER] 109 markets in 5.8s | yes:22 no:13 | next in 30s
2026-07-30 04:02:20,447 - INFO - [SCREENER] 112 markets in 5.7s | yes:23 no:12 | next in 30s
2026-07-30 04:02:42,804 - ERROR - [BATCH CANCEL FAIL] 0x8a08e147c4cf8252aa... | order can't be found - already canceled or matched
2026-07-30 04:02:43,556 - ERROR - [BATCH CANCEL] 9290178213767472 取消失败，清空 active_id 进入冷却兜底
2026-07-30 04:02:45,906 - INFO - [BUY CONFIRMED] 未知 | Yes | size=50.0000 price=0.63
2026-07-30 04:02:58,299 - INFO - [SCREENER] 111 markets in 5.7s | yes:21 no:12 | next in 30s
2026-07-30 04:03:12,148 - INFO - [LIMIT SELL] Will the highest temperature in Madrid b | 50.0022 shares @ 0.35
2026-07-30 04:03:12,148 - INFO - [POSITION] 限价卖出 1 个持仓
2026-07-30 04:03:22,298 - INFO - [SELL CONFIRMED] 未知 | No | size=0.0000 price=0.35
2026-07-30 04:03:39,560 - INFO - [SCREENER] 113 markets in 6.9s | yes:24 no:12 | next in 30s
2026-07-30 04:04:18,469 - INFO - [SCREENER] 115 markets in 7.0s | yes:23 no:11 | next in 30s
2026-07-30 04:04:56,470 - INFO - [SCREENER] 117 markets in 5.8s | yes:23 no:11 | next in 30s
2026-07-30 04:05:36,509 - INFO - [SCREENER] 117 markets in 5.9s | yes:30 no:14 | next in 30s
2026-07-30 04:06:16,203 - INFO - [SCREENER] 116 markets in 7.7s | yes:27 no:15 | next in 30s
2026-07-30 04:06:53,883 - INFO - [SCREENER] 121 markets in 5.4s | yes:26 no:16 | next in 30s
2026-07-30 04:07:31,154 - INFO - [SCREENER] 119 markets in 5.2s | yes:26 no:16 | next in 30s
2026-07-30 04:08:09,853 - INFO - [SCREENER] 122 markets in 5.3s | yes:27 no:17 | next in 30s
2026-07-30 04:08:47,134 - INFO - [SCREENER] 127 markets in 5.5s | yes:30 no:18 | next in 30s
2026-07-30 04:09:31,600 - INFO - [SCREENER] 127 markets in 12.7s | yes:35 no:18 | next in 30s
2026-07-30 04:09:59,876 - INFO - [SCREENER] 124 markets in 5.3s | yes:33 no:17 | next in 30s
2026-07-30 04:10:37,404 - INFO - [SCREENER] 123 markets in 5.3s | yes:32 no:18 | next in 30s
2026-07-30 04:11:14,793 - INFO - [SCREENER] 126 markets in 5.6s | yes:30 no:17 | next in 30s
2026-07-30 04:11:53,446 - INFO - [SCREENER] 125 markets in 6.8s | yes:32 no:20 | next in 30s
2026-07-30 04:12:32,227 - INFO - [SCREENER] 125 markets in 5.3s | yes:31 no:19 | next in 30s
2026-07-30 04:13:09,967 - INFO - [SCREENER] 125 markets in 5.4s | yes:30 no:18 | next in 30s
2026-07-30 04:13:48,879 - INFO - [SCREENER] 128 markets in 6.9s | yes:31 no:17 | next in 30s
2026-07-30 04:14:01,124 - WARNING - [AUDIT] 1881611846012403 订单丢失纠偏
2026-07-30 04:14:01,124 - WARNING - [AUDIT] 9783424376022189 订单丢失纠偏
2026-07-30 04:14:27,481 - INFO - [SCREENER] 128 markets in 5.3s | yes:31 no:21 | next in 30s
2026-07-30 04:15:05,076 - INFO - [SCREENER] 129 markets in 5.8s | yes:31 no:19 | next in 30s
2026-07-30 04:15:43,143 - INFO - [SCREENER] 130 markets in 6.1s | yes:29 no:17 | next in 30s
2026-07-30 04:16:23,082 - INFO - [SCREENER] 126 markets in 6.4s | yes:30 no:18 | next in 30s
2026-07-30 04:17:00,595 - INFO - [SCREENER] 128 markets in 5.7s | yes:28 no:18 | next in 30s
2026-07-30 04:17:38,482 - INFO - [SCREENER] 128 markets in 5.4s | yes:27 no:15 | next in 30s
2026-07-30 04:18:15,733 - INFO - [SCREENER] 127 markets in 5.5s | yes:27 no:14 | next in 30s
2026-07-30 04:18:55,792 - INFO - [SCREENER] 129 markets in 6.5s | yes:28 no:16 | next in 30s
2026-07-30 04:19:33,711 - INFO - [SCREENER] 129 markets in 5.7s | yes:29 no:17 | next in 30s
2026-07-30 04:20:10,892 - INFO - [SCREENER] 129 markets in 5.3s | yes:28 no:16 | next in 30s
2026-07-30 04:20:50,367 - INFO - [SCREENER] 130 markets in 6.1s | yes:28 no:15 | next in 30s
2026-07-30 04:21:33,159 - INFO - [SCREENER] 125 markets in 10.7s | yes:30 no:14 | next in 30s
2026-07-30 04:22:02,154 - INFO - [SCREENER] 124 markets in 7.6s | yes:29 no:15 | next in 30s
2026-07-30 04:22:41,279 - INFO - [SCREENER] 126 markets in 5.7s | yes:27 no:15 | next in 30s
2026-07-30 04:23:19,133 - INFO - [SCREENER] 127 markets in 5.9s | yes:27 no:15 | next in 30s
2026-07-30 04:23:56,925 - INFO - [SCREENER] 127 markets in 5.9s | yes:29 no:15 | next in 30s
2026-07-30 04:24:35,007 - INFO - [SCREENER] 124 markets in 5.7s | yes:29 no:13 | next in 30s
2026-07-30 04:25:14,637 - INFO - [SCREENER] 122 markets in 5.9s | yes:30 no:13 | next in 30s
2026-07-30 04:25:52,396 - INFO - [SCREENER] 122 markets in 6.0s | yes:30 no:15 | next in 30s
2026-07-30 04:26:30,227 - INFO - [SCREENER] 122 markets in 5.7s | yes:33 no:18 | next in 30s
2026-07-30 04:27:09,161 - INFO - [SCREENER] 125 markets in 5.8s | yes:34 no:19 | next in 30s
2026-07-30 04:27:47,363 - INFO - [SCREENER] 127 markets in 5.8s | yes:32 no:16 | next in 30s
2026-07-30 04:28:25,078 - INFO - [SCREENER] 123 markets in 5.6s | yes:33 no:19 | next in 30s
2026-07-30 04:29:04,547 - INFO - [SCREENER] 125 markets in 6.1s | yes:33 no:17 | next in 30s
2026-07-30 04:29:42,842 - INFO - [SCREENER] 124 markets in 6.2s | yes:34 no:21 | next in 30s
2026-07-30 04:30:20,285 - INFO - [SCREENER] 121 markets in 5.5s | yes:31 no:19 | next in 30s
2026-07-30 04:30:58,179 - INFO - [SCREENER] 119 markets in 5.8s | yes:33 no:19 | next in 30s
2026-07-30 04:31:37,560 - INFO - [SCREENER] 119 markets in 6.2s | yes:33 no:19 | next in 30s
2026-07-30 04:32:15,456 - INFO - [SCREENER] 121 markets in 5.9s | yes:31 no:15 | next in 30s
2026-07-30 04:32:53,382 - INFO - [SCREENER] 120 markets in 6.1s | yes:30 no:18 | next in 30s
2026-07-30 04:33:32,678 - INFO - [SCREENER] 124 markets in 5.8s | yes:32 no:18 | next in 30s
2026-07-30 04:34:11,259 - INFO - [SCREENER] 126 markets in 6.6s | yes:34 no:19 | next in 30s
2026-07-30 04:34:49,142 - INFO - [SCREENER] 126 markets in 6.0s | yes:33 no:20 | next in 30s
2026-07-30 04:35:28,046 - INFO - [SCREENER] 123 markets in 5.9s | yes:33 no:21 | next in 30s
2026-07-30 04:35:33,303 - ERROR - [POLL] 批量查询异常: HTTPSConnectionPool(host='clob.polymarket.com', port=443): Max retries exceeded with url: /books (Caused by SSLError(SSLEOFError(8, '[SSL: UNEXPECTED_EOF_WHILE_READING] EOF occurred in violation of protocol (_ssl.c:1000)')))
2026-07-30 04:36:01,341 - INFO - [SCREENER] 121 markets in 7.3s | yes:29 no:21 | next in 30s
2026-07-30 04:36:38,993 - INFO - [SCREENER] 122 markets in 5.6s | yes:31 no:20 | next in 30s
2026-07-30 04:37:16,984 - INFO - [SCREENER] 122 markets in 6.2s | yes:30 no:18 | next in 30s
2026-07-30 04:37:56,261 - INFO - [SCREENER] 121 markets in 6.0s | yes:32 no:19 | next in 30s
2026-07-30 04:38:34,111 - INFO - [SCREENER] 124 markets in 5.8s | yes:31 no:17 | next in 30s
2026-07-30 04:39:12,850 - INFO - [SCREENER] 124 markets in 6.3s | yes:33 no:19 | next in 30s
2026-07-30 04:39:52,252 - INFO - [SCREENER] 127 markets in 5.8s | yes:36 no:20 | next in 30s
2026-07-30 04:40:30,308 - INFO - [SCREENER] 129 markets in 6.0s | yes:34 no:21 | next in 30s
2026-07-30 04:41:08,325 - INFO - [SCREENER] 129 markets in 6.0s | yes:35 no:20 | next in 30s
2026-07-30 04:41:48,426 - INFO - [SCREENER] 131 markets in 6.1s | yes:34 no:20 | next in 30s
2026-07-30 04:42:26,397 - INFO - [SCREENER] 126 markets in 6.0s | yes:36 no:21 | next in 30s
2026-07-30 04:43:04,454 - INFO - [SCREENER] 125 markets in 6.1s | yes:34 no:23 | next in 30s
2026-07-30 04:43:42,377 - INFO - [SCREENER] 127 markets in 5.6s | yes:34 no:22 | next in 30s
2026-07-30 04:44:21,969 - INFO - [SCREENER] 127 markets in 6.3s | yes:35 no:19 | next in 30s
2026-07-30 04:44:59,850 - INFO - [SCREENER] 131 markets in 5.4s | yes:33 no:19 | next in 30s
2026-07-30 04:45:37,585 - INFO - [SCREENER] 131 markets in 5.8s | yes:30 no:20 | next in 30s
2026-07-30 04:46:17,351 - INFO - [SCREENER] 131 markets in 6.3s | yes:32 no:20 | next in 30s
2026-07-30 04:46:55,668 - INFO - [SCREENER] 134 markets in 6.1s | yes:33 no:22 | next in 30s
2026-07-30 04:47:33,371 - INFO - [SCREENER] 132 markets in 5.6s | yes:31 no:21 | next in 30s
2026-07-30 04:48:12,450 - INFO - [SCREENER] 131 markets in 5.4s | yes:31 no:20 | next in 30s
2026-07-30 04:48:50,222 - INFO - [SCREENER] 132 markets in 5.8s | yes:31 no:19 | next in 30s
2026-07-30 04:49:28,120 - INFO - [SCREENER] 133 markets in 5.7s | yes:31 no:17 | next in 30s
2026-07-30 04:50:05,929 - INFO - [SCREENER] 132 markets in 5.7s | yes:31 no:18 | next in 30s
2026-07-30 04:50:45,321 - INFO - [SCREENER] 131 markets in 5.7s | yes:31 no:17 | next in 30s
2026-07-30 04:51:23,971 - INFO - [SCREENER] 129 markets in 6.5s | yes:30 no:11 | next in 30s
2026-07-30 04:52:02,351 - INFO - [SCREENER] 127 markets in 6.4s | yes:31 no:12 | next in 30s
2026-07-30 04:52:41,707 - INFO - [SCREENER] 126 markets in 5.7s | yes:27 no:16 | next in 30s
2026-07-30 04:53:19,513 - INFO - [SCREENER] 125 markets in 5.8s | yes:27 no:17 | next in 30s
2026-07-30 04:53:57,767 - INFO - [SCREENER] 129 markets in 6.2s | yes:28 no:18 | next in 30s
2026-07-30 04:54:36,587 - INFO - [SCREENER] 125 markets in 5.5s | yes:27 no:20 | next in 30s
2026-07-30 04:55:14,046 - INFO - [SCREENER] 125 markets in 5.7s | yes:27 no:17 | next in 30s
2026-07-30 04:55:52,410 - INFO - [SCREENER] 123 markets in 6.3s | yes:26 no:15 | next in 30s
2026-07-30 04:56:31,309 - INFO - [SCREENER] 120 markets in 6.6s | yes:27 no:19 | next in 30s
2026-07-30 04:57:10,007 - INFO - [SCREENER] 123 markets in 5.5s | yes:27 no:20 | next in 30s
2026-07-30 04:57:47,964 - INFO - [SCREENER] 126 markets in 6.0s | yes:27 no:18 | next in 30s
2026-07-30 04:58:25,985 - INFO - [SCREENER] 120 markets in 6.0s | yes:25 no:16 | next in 30s
2026-07-30 04:59:06,971 - INFO - [SCREENER] 121 markets in 7.3s | yes:26 no:16 | next in 30s
2026-07-30 04:59:45,072 - INFO - [SCREENER] 113 markets in 6.2s | yes:24 no:10 | next in 30s
2026-07-30 05:00:22,827 - INFO - [SCREENER] 110 markets in 6.0s | yes:19 no:9 | next in 30s
2026-07-30 05:01:01,974 - INFO - [SCREENER] 113 markets in 5.7s | yes:17 no:8 | next in 30s
2026-07-30 05:01:39,639 - INFO - [SCREENER] 111 markets in 5.9s | yes:17 no:8 | next in 30s
2026-07-30 05:02:17,521 - INFO - [SCREENER] 106 markets in 6.1s | yes:18 no:9 | next in 30s
2026-07-30 05:02:55,316 - INFO - [SCREENER] 103 markets in 5.8s | yes:21 no:12 | next in 30s
2026-07-30 05:03:33,978 - INFO - [SCREENER] 104 markets in 5.4s | yes:22 no:12 | next in 30s
2026-07-30 05:04:11,553 - INFO - [SCREENER] 108 markets in 5.6s | yes:21 no:13 | next in 30s
2026-07-30 05:04:49,335 - INFO - [SCREENER] 115 markets in 5.8s | yes:22 no:12 | next in 30s
2026-07-30 05:05:29,287 - INFO - [SCREENER] 114 markets in 6.2s | yes:22 no:9 | next in 30s
2026-07-30 05:06:07,571 - INFO - [SCREENER] 117 markets in 6.1s | yes:23 no:8 | next in 30s
2026-07-30 05:06:45,418 - INFO - [SCREENER] 119 markets in 5.9s | yes:22 no:9 | next in 30s
2026-07-30 05:07:26,317 - INFO - [SCREENER] 117 markets in 7.4s | yes:23 no:9 | next in 30s
2026-07-30 05:08:03,968 - INFO - [SCREENER] 119 markets in 5.8s | yes:24 no:10 | next in 30s
2026-07-30 05:08:42,873 - INFO - [SCREENER] 118 markets in 6.8s | yes:24 no:10 | next in 30s
2026-07-30 05:09:20,477 - INFO - [SCREENER] 118 markets in 5.8s | yes:25 no:10 | next in 30s
2026-07-30 05:10:00,271 - INFO - [SCREENER] 117 markets in 6.3s | yes:30 no:11 | next in 30s
2026-07-30 05:10:38,644 - INFO - [SCREENER] 115 markets in 5.6s | yes:29 no:11 | next in 30s
2026-07-30 05:11:16,782 - INFO - [SCREENER] 115 markets in 6.2s | yes:29 no:11 | next in 30s
2026-07-30 05:11:56,111 - INFO - [SCREENER] 116 markets in 5.6s | yes:32 no:10 | next in 30s
2026-07-30 05:12:34,004 - INFO - [SCREENER] 116 markets in 5.8s | yes:32 no:11 | next in 30s
2026-07-30 05:13:11,788 - INFO - [SCREENER] 114 markets in 5.8s | yes:32 no:12 | next in 30s
2026-07-30 05:13:51,683 - INFO - [SCREENER] 119 markets in 6.3s | yes:33 no:13 | next in 30s
2026-07-30 05:14:29,528 - INFO - [SCREENER] 119 markets in 6.1s | yes:35 no:10 | next in 30s
2026-07-30 05:15:06,978 - INFO - [SCREENER] 121 markets in 5.6s | yes:36 no:10 | next in 30s
2026-07-30 05:15:45,540 - INFO - [SCREENER] 118 markets in 6.5s | yes:37 no:12 | next in 30s
2026-07-30 05:16:24,923 - INFO - [SCREENER] 119 markets in 6.0s | yes:38 no:13 | next in 30s
2026-07-30 05:17:02,528 - INFO - [SCREENER] 120 markets in 5.8s | yes:34 no:12 | next in 30s
2026-07-30 05:17:40,807 - INFO - [SCREENER] 119 markets in 6.0s | yes:38 no:16 | next in 30s
2026-07-30 05:18:19,965 - INFO - [SCREENER] 120 markets in 5.8s | yes:34 no:14 | next in 30s
2026-07-30 05:18:57,539 - INFO - [SCREENER] 121 markets in 5.6s | yes:34 no:16 | next in 30s
2026-07-30 05:19:35,130 - INFO - [SCREENER] 120 markets in 5.6s | yes:32 no:14 | next in 30s
2026-07-30 05:20:14,289 - INFO - [SCREENER] 122 markets in 5.8s | yes:33 no:16 | next in 30s
2026-07-30 05:20:52,697 - INFO - [SCREENER] 119 markets in 6.6s | yes:33 no:14 | next in 30s
2026-07-30 05:21:30,587 - INFO - [SCREENER] 119 markets in 5.8s | yes:33 no:15 | next in 30s
2026-07-30 05:22:09,141 - INFO - [SCREENER] 119 markets in 6.5s | yes:34 no:15 | next in 30s
2026-07-30 05:22:48,427 - INFO - [SCREENER] 118 markets in 6.0s | yes:35 no:15 | next in 30s
2026-07-30 05:23:27,160 - INFO - [SCREENER] 119 markets in 6.5s | yes:32 no:15 | next in 30s
2026-07-30 05:24:05,072 - INFO - [SCREENER] 120 markets in 5.9s | yes:32 no:16 | next in 30s
2026-07-30 05:24:44,264 - INFO - [SCREENER] 119 markets in 5.5s | yes:33 no:17 | next in 30s
2026-07-30 05:25:22,340 - INFO - [SCREENER] 120 markets in 6.3s | yes:30 no:14 | next in 30s
2026-07-30 05:25:59,842 - INFO - [SCREENER] 120 markets in 5.3s | yes:30 no:14 | next in 30s
2026-07-30 05:26:38,953 - INFO - [SCREENER] 121 markets in 5.8s | yes:29 no:13 | next in 30s
2026-07-30 05:27:16,983 - INFO - [SCREENER] 121 markets in 5.9s | yes:30 no:14 | next in 30s
2026-07-30 05:27:56,326 - INFO - [SCREENER] 118 markets in 7.1s | yes:31 no:15 | next in 30s
2026-07-30 05:28:34,525 - INFO - [SCREENER] 116 markets in 6.2s | yes:32 no:15 | next in 30s
2026-07-30 05:29:13,931 - INFO - [SCREENER] 114 markets in 5.8s | yes:33 no:13 | next in 30s
2026-07-30 05:29:51,801 - INFO - [SCREENER] 117 markets in 6.1s | yes:33 no:13 | next in 30s
2026-07-30 05:30:30,365 - INFO - [SCREENER] 117 markets in 6.9s | yes:36 no:12 | next in 30s
2026-07-30 05:31:09,387 - INFO - [SCREENER] 115 markets in 5.6s | yes:34 no:11 | next in 30s
2026-07-30 05:31:47,486 - INFO - [SCREENER] 116 markets in 5.9s | yes:34 no:12 | next in 30s
2026-07-30 05:32:24,847 - INFO - [SCREENER] 117 markets in 5.6s | yes:35 no:13 | next in 30s
2026-07-30 05:33:04,074 - INFO - [SCREENER] 116 markets in 6.0s | yes:35 no:13 | next in 30s
2026-07-30 05:33:42,420 - INFO - [SCREENER] 117 markets in 5.9s | yes:33 no:10 | next in 30s
2026-07-30 05:34:20,519 - INFO - [SCREENER] 114 markets in 5.8s | yes:32 no:12 | next in 30s
2026-07-30 05:34:58,161 - INFO - [SCREENER] 113 markets in 5.9s | yes:31 no:11 | next in 30s
2026-07-30 05:35:38,882 - INFO - [SCREENER] 112 markets in 7.4s | yes:34 no:11 | next in 30s
2026-07-30 05:36:17,230 - INFO - [SCREENER] 115 markets in 6.4s | yes:35 no:11 | next in 30s
2026-07-30 05:36:54,970 - INFO - [SCREENER] 114 markets in 5.9s | yes:37 no:13 | next in 30s
2026-07-30 05:37:34,530 - INFO - [SCREENER] 117 markets in 6.2s | yes:36 no:15 | next in 30s
2026-07-30 05:38:12,111 - INFO - [SCREENER] 119 markets in 5.8s | yes:33 no:16 | next in 30s
2026-07-30 05:38:50,689 - INFO - [SCREENER] 118 markets in 6.5s | yes:33 no:17 | next in 30s
2026-07-30 05:39:30,065 - INFO - [SCREENER] 119 markets in 6.0s | yes:35 no:17 | next in 30s
2026-07-30 05:40:08,079 - INFO - [SCREENER] 117 markets in 5.5s | yes:32 no:16 | next in 30s
2026-07-30 05:40:45,853 - INFO - [SCREENER] 119 markets in 5.9s | yes:31 no:16 | next in 30s
2026-07-30 05:41:24,091 - INFO - [SCREENER] 117 markets in 6.1s | yes:32 no:14 | next in 30s
2026-07-30 05:42:03,549 - INFO - [SCREENER] 117 markets in 6.2s | yes:34 no:17 | next in 30s
2026-07-30 05:42:40,902 - INFO - [SCREENER] 117 markets in 5.5s | yes:35 no:17 | next in 30s
2026-07-30 05:43:19,577 - INFO - [SCREENER] 117 markets in 6.4s | yes:34 no:17 | next in 30s
2026-07-30 05:43:59,243 - INFO - [SCREENER] 117 markets in 6.5s | yes:35 no:15 | next in 30s
2026-07-30 05:44:37,628 - INFO - [SCREENER] 118 markets in 6.4s | yes:33 no:14 | next in 30s
2026-07-30 05:45:15,701 - INFO - [SCREENER] 118 markets in 6.0s | yes:30 no:14 | next in 30s
2026-07-30 05:45:55,044 - INFO - [SCREENER] 119 markets in 5.7s | yes:29 no:16 | next in 30s
2026-07-30 05:46:32,504 - INFO - [SCREENER] 118 markets in 5.6s | yes:32 no:14 | next in 30s
2026-07-30 05:47:10,629 - INFO - [SCREENER] 120 markets in 5.9s | yes:34 no:13 | next in 30s
2026-07-30 05:47:48,048 - INFO - [SCREENER] 120 markets in 5.7s | yes:35 no:15 | next in 30s
2026-07-30 05:48:27,213 - INFO - [SCREENER] 119 markets in 5.9s | yes:35 no:13 | next in 30s
2026-07-30 05:49:05,395 - INFO - [SCREENER] 115 markets in 6.2s | yes:36 no:13 | next in 30s
2026-07-30 05:49:43,005 - INFO - [SCREENER] 116 markets in 5.8s | yes:34 no:12 | next in 30s
2026-07-30 05:50:25,251 - INFO - [SCREENER] 114 markets in 7.5s | yes:32 no:15 | next in 30s
2026-07-30 05:51:04,171 - INFO - [SCREENER] 113 markets in 5.7s | yes:29 no:15 | next in 30s
2026-07-30 05:51:41,689 - INFO - [SCREENER] 115 markets in 5.8s | yes:27 no:15 | next in 30s
2026-07-30 05:52:22,018 - INFO - [SCREENER] 112 markets in 7.3s | yes:28 no:14 | next in 30s
2026-07-30 05:53:00,380 - INFO - [SCREENER] 115 markets in 6.0s | yes:29 no:14 | next in 30s
2026-07-30 05:53:38,094 - INFO - [SCREENER] 119 markets in 5.9s | yes:30 no:17 | next in 30s
2026-07-30 05:54:15,866 - INFO - [SCREENER] 114 markets in 5.8s | yes:30 no:17 | next in 30s
2026-07-30 05:54:54,332 - INFO - [SCREENER] 113 markets in 5.4s | yes:30 no:17 | next in 30s
2026-07-30 05:55:31,557 - INFO - [SCREENER] 114 markets in 5.3s | yes:30 no:11 | next in 30s
2026-07-30 05:56:08,964 - INFO - [SCREENER] 117 markets in 5.5s | yes:32 no:16 | next in 30s
2026-07-30 05:56:47,912 - INFO - [SCREENER] 113 markets in 5.6s | yes:31 no:14 | next in 30s
2026-07-30 05:57:26,136 - INFO - [SCREENER] 112 markets in 6.1s | yes:31 no:17 | next in 30s
2026-07-30 05:58:04,793 - INFO - [SCREENER] 108 markets in 6.6s | yes:27 no:16 | next in 30s
2026-07-30 05:58:43,522 - INFO - [SCREENER] 107 markets in 5.5s | yes:27 no:17 | next in 30s
2026-07-30 05:59:21,989 - INFO - [SCREENER] 107 markets in 6.3s | yes:26 no:17 | next in 30s
2026-07-30 06:00:00,314 - INFO - [SCREENER] 108 markets in 6.2s | yes:24 no:16 | next in 30s
2026-07-30 06:00:38,182 - INFO - [SCREENER] 99 markets in 5.7s | yes:26 no:14 | next in 30s
2026-07-30 06:01:17,329 - INFO - [SCREENER] 101 markets in 5.8s | yes:27 no:10 | next in 30s
2026-07-30 06:01:55,514 - INFO - [SCREENER] 96 markets in 6.0s | yes:22 no:11 | next in 30s
2026-07-30 06:02:35,654 - INFO - [SCREENER] 100 markets in 7.9s | yes:23 no:14 | next in 30s
2026-07-30 06:03:04,584 - INFO - [SCREENER] 99 markets in 6.0s | yes:23 no:14 | next in 30s
2026-07-30 06:03:42,449 - INFO - [SCREENER] 101 markets in 5.9s | yes:22 no:12 | next in 30s
2026-07-30 06:04:20,643 - INFO - [SCREENER] 101 markets in 6.0s | yes:24 no:12 | next in 30s
2026-07-30 06:04:58,127 - INFO - [SCREENER] 101 markets in 5.7s | yes:20 no:10 | next in 30s
2026-07-30 06:05:37,406 - INFO - [SCREENER] 103 markets in 6.1s | yes:24 no:14 | next in 30s
2026-07-30 06:06:15,224 - INFO - [SCREENER] 106 markets in 5.8s | yes:23 no:15 | next in 30s
2026-07-30 06:06:53,212 - INFO - [SCREENER] 107 markets in 5.6s | yes:23 no:15 | next in 30s
2026-07-30 06:07:32,032 - INFO - [SCREENER] 107 markets in 5.5s | yes:23 no:14 | next in 30s
2026-07-30 06:08:09,589 - INFO - [SCREENER] 107 markets in 5.6s | yes:21 no:14 | next in 30s
2026-07-30 06:08:47,835 - INFO - [SCREENER] 101 markets in 5.9s | yes:22 no:15 | next in 30s
2026-07-30 06:09:27,009 - INFO - [SCREENER] 102 markets in 5.9s | yes:23 no:14 | next in 30s
2026-07-30 06:10:04,860 - INFO - [SCREENER] 104 markets in 5.5s | yes:23 no:13 | next in 30s
2026-07-30 06:10:43,993 - INFO - [SCREENER] 105 markets in 7.0s | yes:23 no:12 | next in 30s
2026-07-30 06:11:21,804 - INFO - [SCREENER] 112 markets in 6.0s | yes:25 no:12 | next in 30s
2026-07-30 06:12:00,991 - INFO - [SCREENER] 103 markets in 6.0s | yes:23 no:13 | next in 30s
2026-07-30 06:12:38,644 - INFO - [SCREENER] 104 markets in 5.6s | yes:23 no:14 | next in 30s
2026-07-30 06:13:17,080 - INFO - [SCREENER] 105 markets in 6.3s | yes:24 no:14 | next in 30s
2026-07-30 06:13:56,276 - INFO - [SCREENER] 106 markets in 5.8s | yes:24 no:14 | next in 30s
2026-07-30 06:14:34,675 - INFO - [SCREENER] 104 markets in 6.7s | yes:24 no:14 | next in 30s
2026-07-30 06:15:13,517 - INFO - [SCREENER] 104 markets in 7.1s | yes:26 no:17 | next in 30s
2026-07-30 06:15:16,710 - ERROR - [py_clob_client_v2] request error: Server disconnected
2026-07-30 06:15:16,711 - ERROR - [py_clob_client_v2] request error: Server disconnected
2026-07-30 06:15:16,712 - ERROR - 获取订单簿失败: 55771678697141160434... | PolyApiException[status_code=None, error_message=Request exception!]
2026-07-30 06:15:16,712 - ERROR - 获取订单簿失败: 85624481318875482458... | PolyApiException[status_code=None, error_message=Request exception!]
2026-07-30 06:15:17,707 - WARNING - [RETRY] 5577167869714116 bids不足2档，10s后重试
2026-07-30 06:15:17,709 - WARNING - [RETRY] 8562448131887548 bids不足2档，10s后重试
2026-07-30 06:15:52,849 - INFO - [SCREENER] 103 markets in 5.6s | yes:26 no:15 | next in 30s
2026-07-30 06:16:31,520 - INFO - [SCREENER] 100 markets in 6.6s | yes:29 no:14 | next in 30s
2026-07-30 06:17:08,494 - INFO - [SCREENER] 103 markets in 5.3s | yes:28 no:14 | next in 30s
2026-07-30 06:17:46,685 - INFO - [SCREENER] 107 markets in 6.3s | yes:26 no:12 | next in 30s
2026-07-30 06:18:25,994 - INFO - [SCREENER] 105 markets in 5.9s | yes:27 no:12 | next in 30s
2026-07-30 06:19:04,668 - INFO - [SCREENER] 105 markets in 6.3s | yes:29 no:13 | next in 30s
2026-07-30 06:19:41,906 - INFO - [SCREENER] 106 markets in 5.3s | yes:30 no:12 | next in 30s
2026-07-30 06:20:21,717 - INFO - [SCREENER] 107 markets in 6.4s | yes:30 no:14 | next in 30s
2026-07-30 06:20:59,648 - INFO - [SCREENER] 107 markets in 5.9s | yes:29 no:15 | next in 30s
2026-07-30 06:21:38,228 - INFO - [SCREENER] 107 markets in 6.3s | yes:31 no:14 | next in 30s
2026-07-30 06:22:17,705 - INFO - [SCREENER] 107 markets in 6.1s | yes:31 no:16 | next in 30s
2026-07-30 06:22:56,368 - INFO - [SCREENER] 106 markets in 7.0s | yes:30 no:15 | next in 30s
2026-07-30 06:23:34,621 - INFO - [SCREENER] 105 markets in 6.0s | yes:31 no:17 | next in 30s
2026-07-30 06:24:13,326 - INFO - [SCREENER] 107 markets in 6.3s | yes:30 no:16 | next in 30s
2026-07-30 06:24:53,534 - INFO - [SCREENER] 109 markets in 6.7s | yes:30 no:15 | next in 30s
2026-07-30 06:25:31,629 - INFO - [SCREENER] 107 markets in 6.2s | yes:30 no:14 | next in 30s
2026-07-30 06:26:09,173 - INFO - [SCREENER] 105 markets in 5.5s | yes:29 no:18 | next in 30s
2026-07-30 06:26:48,302 - INFO - [SCREENER] 108 markets in 5.3s | yes:32 no:18 | next in 30s
2026-07-30 06:27:26,848 - INFO - [SCREENER] 107 markets in 6.6s | yes:32 no:18 | next in 30s
2026-07-30 06:28:04,676 - INFO - [SCREENER] 105 markets in 5.9s | yes:34 no:19 | next in 30s
2026-07-30 06:28:44,456 - INFO - [SCREENER] 102 markets in 6.5s | yes:32 no:22 | next in 30s
2026-07-30 06:29:22,387 - INFO - [SCREENER] 105 markets in 5.9s | yes:34 no:21 | next in 30s
2026-07-30 06:29:59,784 - INFO - [SCREENER] 106 markets in 5.6s | yes:33 no:20 | next in 30s
2026-07-30 06:30:37,960 - INFO - [SCREENER] 105 markets in 5.9s | yes:30 no:17 | next in 30s
2026-07-30 06:31:17,230 - INFO - [SCREENER] 106 markets in 5.9s | yes:28 no:16 | next in 30s
2026-07-30 06:31:54,983 - INFO - [SCREENER] 106 markets in 6.0s | yes:29 no:17 | next in 30s
2026-07-30 06:32:33,958 - INFO - [SCREENER] 108 markets in 6.9s | yes:31 no:19 | next in 30s
2026-07-30 06:33:12,618 - INFO - [SCREENER] 105 markets in 5.5s | yes:31 no:18 | next in 30s
2026-07-30 06:33:50,463 - INFO - [SCREENER] 104 markets in 6.1s | yes:29 no:18 | next in 30s
2026-07-30 06:34:28,587 - INFO - [SCREENER] 104 markets in 6.0s | yes:30 no:15 | next in 30s
2026-07-30 06:35:07,622 - INFO - [SCREENER] 106 markets in 5.9s | yes:31 no:17 | next in 30s
2026-07-30 06:35:45,355 - INFO - [SCREENER] 105 markets in 5.7s | yes:31 no:18 | next in 30s
2026-07-30 06:36:24,018 - INFO - [SCREENER] 106 markets in 6.4s | yes:28 no:19 | next in 30s
2026-07-30 06:36:38,580 - ERROR - [py_clob_client_v2] request error: Server disconnected
2026-07-30 06:36:38,581 - ERROR - [py_clob_client_v2] request error: Server disconnected
2026-07-30 06:36:38,581 - ERROR - 获取订单簿失败: 35526995414117795759... | PolyApiException[status_code=None, error_message=Request exception!]
2026-07-30 06:36:38,581 - ERROR - 获取订单簿失败: 66955803638864157946... | PolyApiException[status_code=None, error_message=Request exception!]
2026-07-30 06:36:39,578 - WARNING - [RETRY] 3552699541411779 bids不足2档，10s后重试
2026-07-30 06:36:39,579 - WARNING - [RETRY] 6695580363886415 bids不足2档，10s后重试
2026-07-30 06:37:02,283 - INFO - [SCREENER] 107 markets in 6.1s | yes:26 no:17 | next in 30s
2026-07-30 06:37:41,816 - INFO - [SCREENER] 108 markets in 6.1s | yes:25 no:18 | next in 30s
2026-07-30 06:38:20,427 - INFO - [SCREENER] 109 markets in 6.4s | yes:24 no:16 | next in 30s
2026-07-30 06:38:58,157 - INFO - [SCREENER] 110 markets in 5.6s | yes:24 no:15 | next in 30s
2026-07-30 06:39:01,648 - INFO - [BUY CONFIRMED] 未知 | Yes | size=2.6316 price=0.38
2026-07-30 06:39:02,941 - INFO - [BUY CONFIRMED] 未知 | Yes | size=47.0000 price=0.38
2026-07-30 06:39:11,682 - INFO - [LIMIT SELL] Will the highest temperature in Lucknow  | 49.6316 shares @ 0.6
2026-07-30 06:39:11,682 - INFO - [POSITION] 限价卖出 1 个持仓
2026-07-30 06:39:21,899 - INFO - [SELL CONFIRMED] 未知 | No | size=0.0000 price=0.6
2026-07-30 06:39:38,372 - INFO - [SCREENER] 107 markets in 6.1s | yes:26 no:15 | next in 30s
2026-07-30 06:40:16,144 - INFO - [SCREENER] 108 markets in 5.8s | yes:27 no:15 | next in 30s
2026-07-30 06:40:53,994 - INFO - [SCREENER] 107 markets in 5.8s | yes:28 no:17 | next in 30s
2026-07-30 06:41:17,151 - WARNING - [AUDIT] 8562448131887548 订单丢失纠偏
2026-07-30 06:41:18,416 - WARNING - [POSITION] 3915907097934192 best_bid=0.58 < 成本0.6200-0.02=0.6000，取消卖单等待
2026-07-30 06:41:33,763 - INFO - [SCREENER] 107 markets in 5.3s | yes:25 no:17 | next in 30s
2026-07-30 06:42:11,510 - INFO - [SCREENER] 107 markets in 5.7s | yes:26 no:18 | next in 30s
2026-07-30 06:42:48,966 - INFO - [SCREENER] 109 markets in 5.5s | yes:29 no:19 | next in 30s
2026-07-30 06:43:26,954 - INFO - [SCREENER] 111 markets in 6.1s | yes:28 no:17 | next in 30s
2026-07-30 06:44:06,728 - INFO - [SCREENER] 110 markets in 5.5s | yes:27 no:15 | next in 30s
2026-07-30 06:44:46,172 - INFO - [SCREENER] 110 markets in 7.0s | yes:28 no:16 | next in 30s
2026-07-30 06:45:23,535 - INFO - [SCREENER] 110 markets in 5.5s | yes:26 no:14 | next in 30s
2026-07-30 06:46:03,996 - INFO - [SCREENER] 112 markets in 6.1s | yes:24 no:15 | next in 30s
2026-07-30 06:46:41,891 - INFO - [SCREENER] 111 markets in 5.8s | yes:24 no:15 | next in 30s
2026-07-30 06:47:19,680 - INFO - [SCREENER] 110 markets in 5.8s | yes:27 no:16 | next in 30s
2026-07-30 06:47:59,708 - INFO - [SCREENER] 108 markets in 5.8s | yes:26 no:16 | next in 30s
2026-07-30 06:48:38,708 - INFO - [SCREENER] 108 markets in 6.6s | yes:27 no:16 | next in 30s
2026-07-30 06:49:17,633 - INFO - [SCREENER] 108 markets in 6.6s | yes:27 no:18 | next in 30s
2026-07-30 06:49:55,614 - INFO - [SCREENER] 109 markets in 6.2s | yes:26 no:17 | next in 30s
2026-07-30 06:50:36,463 - INFO - [SCREENER] 110 markets in 6.2s | yes:30 no:16 | next in 30s
2026-07-30 06:51:14,578 - INFO - [SCREENER] 107 markets in 6.1s | yes:27 no:15 | next in 30s
2026-07-30 06:51:52,493 - INFO - [SCREENER] 107 markets in 5.8s | yes:28 no:15 | next in 30s
2026-07-30 06:52:33,038 - INFO - [SCREENER] 108 markets in 6.7s | yes:28 no:15 | next in 30s
2026-07-30 06:53:11,313 - INFO - [SCREENER] 108 markets in 6.5s | yes:27 no:13 | next in 30s
2026-07-30 06:53:49,491 - INFO - [SCREENER] 107 markets in 5.8s | yes:30 no:12 | next in 30s
2026-07-30 06:54:29,841 - INFO - [SCREENER] 108 markets in 6.0s | yes:32 no:14 | next in 30s
2026-07-30 06:55:07,918 - INFO - [SCREENER] 108 markets in 6.2s | yes:27 no:14 | next in 30s
2026-07-30 06:55:45,818 - INFO - [SCREENER] 108 markets in 5.7s | yes:28 no:13 | next in 30s
2026-07-30 06:56:24,145 - INFO - [SCREENER] 112 markets in 5.9s | yes:27 no:12 | next in 30s
2026-07-30 06:57:03,984 - INFO - [SCREENER] 111 markets in 5.5s | yes:29 no:13 | next in 30s
2026-07-30 06:57:41,853 - INFO - [SCREENER] 111 markets in 5.9s | yes:29 no:14 | next in 30s
2026-07-30 06:58:19,463 - INFO - [SCREENER] 108 markets in 5.5s | yes:28 no:15 | next in 30s
2026-07-30 06:58:59,708 - INFO - [SCREENER] 107 markets in 5.9s | yes:28 no:16 | next in 30s
2026-07-30 06:59:37,626 - INFO - [SCREENER] 108 markets in 5.7s | yes:23 no:14 | next in 30s
2026-07-30 07:00:15,493 - INFO - [SCREENER] 102 markets in 6.0s | yes:25 no:14 | next in 30s
2026-07-30 07:00:55,958 - INFO - [SCREENER] 100 markets in 6.4s | yes:24 no:14 | next in 30s
2026-07-30 07:01:33,870 - INFO - [SCREENER] 99 markets in 6.2s | yes:23 no:15 | next in 30s
2026-07-30 07:02:11,180 - INFO - [SCREENER] 101 markets in 5.4s | yes:23 no:16 | next in 30s
2026-07-30 07:02:49,026 - INFO - [SCREENER] 99 markets in 5.9s | yes:22 no:13 | next in 30s
2026-07-30 07:03:30,685 - INFO - [SCREENER] 100 markets in 6.3s | yes:22 no:11 | next in 30s
2026-07-30 07:04:08,193 - INFO - [SCREENER] 103 markets in 5.6s | yes:22 no:11 | next in 30s
2026-07-30 07:04:46,620 - INFO - [SCREENER] 102 markets in 6.4s | yes:22 no:11 | next in 30s
2026-07-30 07:05:16,013 - INFO - [SCREENER] 104 markets in 5.7s | yes:30 no:14 | next in 30s
2026-07-30 07:05:54,520 - INFO - [SCREENER] 105 markets in 6.6s | yes:28 no:15 | next in 30s
2026-07-30 07:06:32,546 - INFO - [SCREENER] 107 markets in 6.2s | yes:28 no:16 | next in 30s
2026-07-30 07:07:10,429 - INFO - [SCREENER] 106 markets in 5.8s | yes:29 no:19 | next in 30s
2026-07-30 07:07:50,216 - INFO - [SCREENER] 106 markets in 5.5s | yes:29 no:20 | next in 30s
2026-07-30 07:08:27,997 - INFO - [SCREENER] 107 markets in 5.8s | yes:31 no:20 | next in 30s
2026-07-30 07:09:06,000 - INFO - [SCREENER] 109 markets in 6.0s | yes:31 no:24 | next in 30s
2026-07-30 07:09:45,934 - INFO - [SCREENER] 108 markets in 5.6s | yes:27 no:19 | next in 30s
2026-07-30 07:10:24,080 - INFO - [SCREENER] 107 markets in 6.2s | yes:27 no:19 | next in 30s
2026-07-30 07:11:01,902 - INFO - [SCREENER] 107 markets in 6.0s | yes:30 no:19 | next in 30s
2026-07-30 07:11:41,838 - INFO - [SCREENER] 109 markets in 5.8s | yes:29 no:20 | next in 30s
2026-07-30 07:12:19,417 - INFO - [SCREENER] 110 markets in 5.8s | yes:30 no:18 | next in 30s
2026-07-30 07:12:57,841 - INFO - [SCREENER] 110 markets in 6.3s | yes:30 no:19 | next in 30s
2026-07-30 07:13:36,476 - INFO - [SCREENER] 110 markets in 6.3s | yes:29 no:23 | next in 30s
2026-07-30 07:14:06,228 - INFO - [SCREENER] 109 markets in 5.3s | yes:29 no:23 | next in 30s
2026-07-30 07:14:44,832 - INFO - [SCREENER] 107 markets in 6.1s | yes:28 no:22 | next in 30s
2026-07-30 07:15:22,970 - INFO - [SCREENER] 109 markets in 5.8s | yes:28 no:20 | next in 30s
2026-07-30 07:16:02,959 - INFO - [SCREENER] 108 markets in 5.6s | yes:28 no:18 | next in 30s
2026-07-30 07:16:41,218 - INFO - [SCREENER] 109 markets in 6.0s | yes:28 no:17 | next in 30s
2026-07-30 07:17:19,808 - INFO - [SCREENER] 111 markets in 6.6s | yes:28 no:16 | next in 30s
2026-07-30 07:17:59,957 - INFO - [SCREENER] 110 markets in 5.8s | yes:28 no:16 | next in 30s
2026-07-30 07:18:38,833 - INFO - [SCREENER] 110 markets in 6.7s | yes:27 no:17 | next in 30s
2026-07-30 07:19:16,492 - INFO - [SCREENER] 110 markets in 5.8s | yes:27 no:18 | next in 30s
2026-07-30 07:19:54,158 - INFO - [SCREENER] 108 markets in 5.8s | yes:28 no:20 | next in 30s
2026-07-30 07:20:02,218 - ERROR - [py_clob_client_v2] request error: Server disconnected
2026-07-30 07:20:02,218 - ERROR - [py_clob_client_v2] request error: Server disconnected
2026-07-30 07:20:02,218 - ERROR - 获取订单簿失败: 95304612786336841590... | PolyApiException[status_code=None, error_message=Request exception!]
2026-07-30 07:20:02,219 - ERROR - 获取订单簿失败: 47888153845925513169... | PolyApiException[status_code=None, error_message=Request exception!]
2026-07-30 07:20:03,216 - WARNING - [RETRY] 9530461278633684 bids不足2档，10s后重试
2026-07-30 07:20:03,217 - WARNING - [RETRY] 4788815384592551 bids不足2档，10s后重试
2026-07-30 07:20:34,860 - INFO - [SCREENER] 107 markets in 6.6s | yes:31 no:21 | next in 30s
2026-07-30 07:21:13,009 - INFO - [SCREENER] 108 markets in 6.0s | yes:31 no:21 | next in 30s
2026-07-30 07:21:50,863 - INFO - [SCREENER] 108 markets in 5.7s | yes:30 no:21 | next in 30s
2026-07-30 07:22:30,655 - INFO - [SCREENER] 106 markets in 5.5s | yes:30 no:17 | next in 30s
2026-07-30 07:23:08,124 - INFO - [SCREENER] 106 markets in 5.7s | yes:31 no:17 | next in 30s
2026-07-30 07:23:46,239 - INFO - [SCREENER] 108 markets in 5.8s | yes:31 no:16 | next in 30s
2026-07-30 07:24:26,927 - INFO - [SCREENER] 108 markets in 5.4s | yes:31 no:15 | next in 30s
2026-07-30 07:25:05,444 - INFO - [SCREENER] 106 markets in 6.3s | yes:30 no:16 | next in 30s
2026-07-30 07:25:43,571 - INFO - [SCREENER] 107 markets in 6.2s | yes:30 no:16 | next in 30s
2026-07-30 07:26:21,828 - INFO - [SCREENER] 106 markets in 6.2s | yes:31 no:17 | next in 30s
2026-07-30 07:27:01,837 - INFO - [SCREENER] 109 markets in 6.1s | yes:32 no:20 | next in 30s
2026-07-30 07:27:41,297 - INFO - [SCREENER] 108 markets in 6.8s | yes:33 no:22 | next in 30s
2026-07-30 07:28:20,039 - INFO - [SCREENER] 107 markets in 6.4s | yes:30 no:20 | next in 30s
2026-07-30 07:28:50,029 - INFO - [SCREENER] 107 markets in 6.1s | yes:32 no:19 | next in 30s
2026-07-30 07:29:27,693 - INFO - [SCREENER] 108 markets in 5.8s | yes:30 no:17 | next in 30s
2026-07-30 07:30:05,269 - INFO - [SCREENER] 109 markets in 5.7s | yes:33 no:17 | next in 30s
2026-07-30 07:30:42,993 - INFO - [SCREENER] 109 markets in 5.5s | yes:39 no:20 | next in 30s
2026-07-30 07:31:23,580 - INFO - [SCREENER] 112 markets in 6.3s | yes:42 no:20 | next in 30s
2026-07-30 07:32:01,523 - INFO - [SCREENER] 110 markets in 5.8s | yes:39 no:20 | next in 30s
2026-07-30 07:32:39,544 - INFO - [SCREENER] 113 markets in 6.0s | yes:39 no:18 | next in 30s
2026-07-30 07:33:09,468 - INFO - [SCREENER] 109 markets in 5.9s | yes:42 no:20 | next in 30s
2026-07-30 07:33:48,089 - INFO - [SCREENER] 109 markets in 6.0s | yes:41 no:23 | next in 30s
2026-07-30 07:34:26,678 - INFO - [SCREENER] 112 markets in 6.6s | yes:43 no:24 | next in 30s
2026-07-30 07:35:04,622 - INFO - [SCREENER] 113 markets in 6.2s | yes:44 no:26 | next in 30s
2026-07-30 07:35:45,564 - INFO - [SCREENER] 111 markets in 6.3s | yes:38 no:23 | next in 30s
2026-07-30 07:36:23,563 - INFO - [SCREENER] 109 markets in 6.1s | yes:37 no:24 | next in 30s
2026-07-30 07:37:01,208 - INFO - [SCREENER] 110 markets in 5.7s | yes:39 no:23 | next in 30s
2026-07-30 07:37:41,786 - INFO - [SCREENER] 111 markets in 6.5s | yes:39 no:23 | next in 30s
2026-07-30 07:38:19,166 - INFO - [SCREENER] 111 markets in 5.5s | yes:42 no:24 | next in 30s
2026-07-30 07:38:57,524 - INFO - [SCREENER] 109 markets in 6.6s | yes:42 no:24 | next in 30s
2026-07-30 07:39:37,133 - INFO - [SCREENER] 110 markets in 5.3s | yes:44 no:26 | next in 30s
2026-07-30 07:40:15,119 - INFO - [SCREENER] 109 markets in 5.9s | yes:48 no:27 | next in 30s
2026-07-30 07:40:54,034 - INFO - [SCREENER] 108 markets in 6.3s | yes:49 no:25 | next in 30s
2026-07-30 07:41:32,079 - INFO - [SCREENER] 106 markets in 6.1s | yes:51 no:26 | next in 30s
2026-07-30 07:42:12,075 - INFO - [SCREENER] 106 markets in 5.9s | yes:49 no:25 | next in 30s
2026-07-30 07:42:50,390 - INFO - [SCREENER] 108 markets in 5.8s | yes:47 no:25 | next in 30s
2026-07-30 07:43:28,184 - INFO - [SCREENER] 108 markets in 6.0s | yes:47 no:23 | next in 30s
2026-07-30 07:44:08,158 - INFO - [SCREENER] 110 markets in 5.6s | yes:49 no:23 | next in 30s
2026-07-30 07:44:45,968 - INFO - [SCREENER] 110 markets in 5.7s | yes:49 no:22 | next in 30s
2026-07-30 07:45:24,083 - INFO - [SCREENER] 109 markets in 5.9s | yes:47 no:25 | next in 30s
2026-07-30 07:46:04,223 - INFO - [SCREENER] 111 markets in 6.0s | yes:47 no:27 | next in 30s
2026-07-30 07:46:44,923 - INFO - [SCREENER] 110 markets in 7.9s | yes:51 no:26 | next in 30s
2026-07-30 07:47:23,349 - INFO - [SCREENER] 111 markets in 6.3s | yes:53 no:28 | next in 30s
2026-07-30 07:48:01,688 - INFO - [SCREENER] 105 markets in 6.3s | yes:51 no:28 | next in 30s
2026-07-30 07:48:30,566 - INFO - [SELL CONFIRMED] 未知 | Yes | size=50.0000 price=0.34
2026-07-30 07:48:33,438 - INFO - [SCREENER] 104 markets in 7.8s | yes:45 no:27 | next in 30s
2026-07-30 07:49:11,440 - INFO - [SCREENER] 103 markets in 5.6s | yes:43 no:22 | next in 30s
2026-07-30 07:49:49,453 - INFO - [SCREENER] 105 markets in 5.7s | yes:45 no:23 | next in 30s
2026-07-30 07:50:29,425 - INFO - [SCREENER] 104 markets in 5.9s | yes:45 no:24 | next in 30s
2026-07-30 07:51:07,056 - INFO - [SCREENER] 104 markets in 5.8s | yes:46 no:23 | next in 30s
2026-07-30 07:51:44,972 - INFO - [SCREENER] 106 markets in 5.9s | yes:43 no:22 | next in 30s
2026-07-30 07:52:26,996 - INFO - [SCREENER] 108 markets in 6.7s | yes:42 no:20 | next in 30s
2026-07-30 07:53:05,528 - INFO - [SCREENER] 105 markets in 6.0s | yes:42 no:21 | next in 30s
2026-07-30 07:53:43,904 - INFO - [SCREENER] 105 markets in 5.9s | yes:40 no:21 | next in 30s
2026-07-30 07:54:22,875 - INFO - [SCREENER] 105 markets in 6.7s | yes:42 no:21 | next in 30s
2026-07-30 07:54:52,519 - INFO - [SCREENER] 107 markets in 5.9s | yes:44 no:21 | next in 30s
2026-07-30 07:55:31,218 - INFO - [SCREENER] 105 markets in 6.5s | yes:38 no:12 | next in 30s
2026-07-30 07:56:08,800 - INFO - [SCREENER] 105 markets in 5.5s | yes:36 no:14 | next in 30s
2026-07-30 07:56:48,584 - INFO - [SCREENER] 102 markets in 6.0s | yes:35 no:16 | next in 30s
2026-07-30 07:57:27,117 - INFO - [SCREENER] 99 markets in 6.7s | yes:35 no:17 | next in 30s
2026-07-30 07:58:05,081 - INFO - [SCREENER] 99 markets in 6.2s | yes:33 no:14 | next in 30s
2026-07-30 07:58:35,354 - INFO - [SELL CONFIRMED] 未知 | Yes | size=18.7300 price=0.35
2026-07-30 07:58:44,653 - INFO - [SCREENER] 98 markets in 5.8s | yes:32 no:14 | next in 30s
2026-07-30 07:59:22,868 - INFO - [SCREENER] 101 markets in 6.2s | yes:32 no:16 | next in 30s
2026-07-30 08:00:01,645 - INFO - [SCREENER] 73 markets in 6.6s | yes:23 no:9 | next in 30s
2026-07-30 08:00:39,916 - INFO - [SCREENER] 74 markets in 6.2s | yes:24 no:9 | next in 30s
2026-07-30 08:00:43,170 - INFO - [LIMIT SELL] Will the highest temperature in Manila b | 18.7300 shares @ 0.33
2026-07-30 08:00:43,171 - INFO - [POSITION] 限价卖出 1 个持仓
2026-07-30 08:00:53,620 - INFO - [SELL CONFIRMED] 未知 | Yes | size=0.0000 price=0.33
2026-07-30 08:01:11,760 - INFO - [SCREENER] 73 markets in 5.7s | yes:21 no:11 | next in 30s
2026-07-30 08:01:50,896 - INFO - [SCREENER] 72 markets in 7.1s | yes:19 no:9 | next in 30s
2026-07-30 08:02:29,493 - INFO - [SCREENER] 72 markets in 6.5s | yes:20 no:10 | next in 30s
2026-07-30 08:02:59,483 - INFO - [SCREENER] 71 markets in 6.5s | yes:21 no:10 | next in 30s
2026-07-30 08:03:37,475 - INFO - [SCREENER] 74 markets in 5.8s | yes:22 no:10 | next in 30s
2026-07-30 08:04:15,563 - INFO - [SCREENER] 71 markets in 6.1s | yes:21 no:10 | next in 30s
2026-07-30 08:04:53,606 - INFO - [SCREENER] 71 markets in 6.1s | yes:19 no:10 | next in 30s
2026-07-30 08:05:33,684 - INFO - [SCREENER] 73 markets in 6.0s | yes:18 no:10 | next in 30s
2026-07-30 08:06:12,899 - INFO - [SCREENER] 75 markets in 7.0s | yes:20 no:10 | next in 30s
2026-07-30 08:06:41,852 - INFO - [SCREENER] 73 markets in 5.5s | yes:20 no:10 | next in 30s
2026-07-30 08:07:22,792 - INFO - [SCREENER] 76 markets in 6.5s | yes:19 no:12 | next in 30s
2026-07-30 08:08:01,188 - INFO - [SCREENER] 75 markets in 6.4s | yes:19 no:12 | next in 30s
2026-07-30 08:08:39,459 - INFO - [SCREENER] 78 markets in 6.4s | yes:23 no:8 | next in 30s
2026-07-30 08:09:19,621 - INFO - [SCREENER] 78 markets in 6.1s | yes:22 no:8 | next in 30s
2026-07-30 08:09:57,905 - INFO - [SCREENER] 79 markets in 6.3s | yes:25 no:8 | next in 30s
2026-07-30 08:10:35,896 - INFO - [SCREENER] 80 markets in 6.2s | yes:27 no:8 | next in 30s
2026-07-30 08:11:13,859 - INFO - [SCREENER] 78 markets in 6.0s | yes:29 no:10 | next in 30s
2026-07-30 08:11:53,805 - INFO - [SCREENER] 82 markets in 5.7s | yes:29 no:11 | next in 30s
2026-07-30 08:12:31,701 - INFO - [SCREENER] 81 markets in 5.7s | yes:28 no:11 | next in 30s
2026-07-30 08:13:10,201 - INFO - [SCREENER] 81 markets in 6.6s | yes:28 no:11 | next in 30s
2026-07-30 08:13:40,859 - INFO - [SCREENER] 81 markets in 6.9s | yes:27 no:10 | next in 30s
2026-07-30 08:14:18,965 - INFO - [SCREENER] 78 markets in 5.8s | yes:27 no:13 | next in 30s
2026-07-30 08:14:57,030 - INFO - [SCREENER] 82 markets in 6.1s | yes:28 no:13 | next in 30s
2026-07-30 08:15:35,747 - INFO - [SCREENER] 82 markets in 6.4s | yes:27 no:12 | next in 30s
2026-07-30 08:16:05,365 - INFO - [SCREENER] 82 markets in 6.0s | yes:25 no:12 | next in 30s
2026-07-30 08:16:44,460 - INFO - [SCREENER] 81 markets in 6.9s | yes:26 no:13 | next in 30s
2026-07-30 08:17:22,983 - INFO - [SCREENER] 84 markets in 6.2s | yes:29 no:15 | next in 30s
2026-07-30 08:18:02,937 - INFO - [SCREENER] 80 markets in 5.9s | yes:29 no:15 | next in 30s
2026-07-30 08:18:41,160 - INFO - [SCREENER] 81 markets in 6.3s | yes:27 no:14 | next in 30s
2026-07-30 08:19:19,202 - INFO - [SCREENER] 81 markets in 5.7s | yes:26 no:12 | next in 30s
2026-07-30 08:19:59,174 - INFO - [SCREENER] 80 markets in 5.8s | yes:28 no:11 | next in 30s
2026-07-30 08:20:38,427 - INFO - [SCREENER] 81 markets in 6.9s | yes:27 no:11 | next in 30s
2026-07-30 08:21:16,978 - INFO - [SCREENER] 81 markets in 6.7s | yes:27 no:12 | next in 30s
2026-07-30 08:21:55,043 - INFO - [SCREENER] 82 markets in 6.1s | yes:27 no:13 | next in 30s
2026-07-30 08:22:35,535 - INFO - [SCREENER] 81 markets in 6.3s | yes:28 no:12 | next in 30s
2026-07-30 08:23:13,755 - INFO - [SCREENER] 78 markets in 6.2s | yes:26 no:13 | next in 30s
2026-07-30 08:23:52,184 - INFO - [SCREENER] 81 markets in 6.2s | yes:28 no:12 | next in 30s
2026-07-30 08:24:32,563 - INFO - [SCREENER] 82 markets in 6.1s | yes:26 no:14 | next in 30s
2026-07-30 08:25:11,598 - INFO - [SCREENER] 81 markets in 6.5s | yes:26 no:14 | next in 30s
2026-07-30 08:25:50,310 - INFO - [SCREENER] 82 markets in 6.7s | yes:30 no:15 | next in 30s
2026-07-30 08:26:30,159 - INFO - [SCREENER] 82 markets in 5.8s | yes:31 no:14 | next in 30s
2026-07-30 08:27:08,385 - INFO - [SCREENER] 82 markets in 6.3s | yes:32 no:14 | next in 30s
2026-07-30 08:27:46,793 - INFO - [SCREENER] 82 markets in 6.1s | yes:31 no:15 | next in 30s
2026-07-30 08:28:24,934 - INFO - [SCREENER] 83 markets in 6.0s | yes:27 no:15 | next in 30s
2026-07-30 08:29:04,980 - INFO - [SCREENER] 84 markets in 5.9s | yes:26 no:15 | next in 30s
2026-07-30 08:29:43,515 - INFO - [SCREENER] 84 markets in 6.4s | yes:26 no:15 | next in 30s
2026-07-30 08:30:21,288 - INFO - [SCREENER] 84 markets in 5.8s | yes:27 no:15 | next in 30s
2026-07-30 08:30:51,850 - INFO - [SCREENER] 84 markets in 5.6s | yes:24 no:14 | next in 30s
2026-07-30 08:31:29,450 - INFO - [SCREENER] 83 markets in 5.7s | yes:26 no:14 | next in 30s
2026-07-30 08:32:06,985 - INFO - [SCREENER] 83 markets in 5.5s | yes:25 no:12 | next in 30s
2026-07-30 08:32:45,890 - INFO - [SCREENER] 84 markets in 5.8s | yes:26 no:13 | next in 30s
2026-07-30 08:33:26,351 - INFO - [SCREENER] 84 markets in 5.8s | yes:29 no:13 | next in 30s
2026-07-30 08:34:04,053 - INFO - [SCREENER] 84 markets in 5.7s | yes:30 no:13 | next in 30s
2026-07-30 08:34:41,493 - INFO - [SCREENER] 82 markets in 5.5s | yes:30 no:13 | next in 30s
2026-07-30 08:35:22,267 - INFO - [SCREENER] 80 markets in 6.7s | yes:30 no:12 | next in 30s
2026-07-30 08:36:00,000 - INFO - [SCREENER] 82 markets in 5.8s | yes:29 no:15 | next in 30s
2026-07-30 08:36:37,960 - INFO - [SCREENER] 81 markets in 5.8s | yes:27 no:14 | next in 30s
2026-07-30 08:37:18,981 - INFO - [SCREENER] 82 markets in 6.2s | yes:27 no:15 | next in 30s
2026-07-30 08:37:57,270 - INFO - [SCREENER] 83 markets in 6.4s | yes:28 no:14 | next in 30s
2026-07-30 08:38:34,385 - INFO - [SCREENER] 81 markets in 5.2s | yes:31 no:14 | next in 30s
2026-07-30 08:39:12,685 - INFO - [SCREENER] 84 markets in 6.4s | yes:31 no:14 | next in 30s
2026-07-30 08:39:42,271 - INFO - [SCREENER] 83 markets in 5.8s | yes:30 no:15 | next in 30s
2026-07-30 08:40:19,999 - INFO - [SCREENER] 85 markets in 5.6s | yes:33 no:17 | next in 30s
2026-07-30 08:40:57,762 - INFO - [SCREENER] 85 markets in 5.6s | yes:35 no:20 | next in 30s
2026-07-30 08:41:38,483 - INFO - [SCREENER] 85 markets in 5.9s | yes:38 no:22 | next in 30s
2026-07-30 08:42:16,487 - INFO - [SCREENER] 85 markets in 5.8s | yes:35 no:26 | next in 30s
2026-07-30 08:42:55,903 - INFO - [SCREENER] 85 markets in 6.9s | yes:35 no:28 | next in 30s
2026-07-30 08:43:38,047 - INFO - [SCREENER] 85 markets in 8.1s | yes:35 no:27 | next in 30s
2026-07-30 08:44:16,351 - INFO - [SCREENER] 83 markets in 6.5s | yes:37 no:28 | next in 30s
2026-07-30 08:44:54,078 - INFO - [SCREENER] 85 markets in 5.9s | yes:36 no:26 | next in 30s
2026-07-30 08:45:31,914 - INFO - [SCREENER] 84 markets in 5.6s | yes:36 no:24 | next in 30s
2026-07-30 08:46:11,448 - INFO - [SCREENER] 83 markets in 5.7s | yes:38 no:28 | next in 30s
2026-07-30 08:46:49,127 - INFO - [SCREENER] 83 markets in 5.5s | yes:37 no:23 | next in 30s
2026-07-30 08:47:28,697 - INFO - [SCREENER] 83 markets in 6.9s | yes:37 no:25 | next in 30s
2026-07-30 08:47:58,413 - INFO - [SCREENER] 82 markets in 6.3s | yes:38 no:24 | next in 30s
2026-07-30 08:48:36,192 - INFO - [SCREENER] 81 markets in 5.9s | yes:36 no:24 | next in 30s
2026-07-30 08:49:21,478 - INFO - [SCREENER] 81 markets in 13.2s | yes:35 no:22 | next in 30s
2026-07-30 08:49:48,734 - INFO - [SCREENER] 79 markets in 5.8s | yes:34 no:21 | next in 30s
2026-07-30 08:50:28,846 - INFO - [SCREENER] 79 markets in 5.9s | yes:32 no:18 | next in 30s
2026-07-30 08:51:06,962 - INFO - [SCREENER] 79 markets in 6.1s | yes:31 no:16 | next in 30s
2026-07-30 08:51:44,990 - INFO - [SCREENER] 80 markets in 5.8s | yes:31 no:14 | next in 30s
2026-07-30 08:52:25,298 - INFO - [SCREENER] 81 markets in 5.7s | yes:28 no:13 | next in 30s
2026-07-30 08:53:03,510 - INFO - [SCREENER] 82 markets in 6.2s | yes:31 no:12 | next in 30s
2026-07-30 08:53:41,092 - INFO - [SCREENER] 84 markets in 5.6s | yes:31 no:12 | next in 30s
2026-07-30 08:54:21,506 - INFO - [SCREENER] 84 markets in 6.4s | yes:32 no:16 | next in 30s
2026-07-30 08:55:00,829 - INFO - [SCREENER] 85 markets in 7.3s | yes:31 no:15 | next in 30s
2026-07-30 08:55:38,815 - INFO - [SCREENER] 85 markets in 6.1s | yes:30 no:15 | next in 30s
2026-07-30 08:56:17,476 - INFO - [SCREENER] 87 markets in 6.6s | yes:28 no:15 | next in 30s
2026-07-30 08:56:47,684 - INFO - [SCREENER] 85 markets in 6.3s | yes:29 no:14 | next in 30s
2026-07-30 08:57:25,464 - INFO - [SCREENER] 84 markets in 5.7s | yes:27 no:14 | next in 30s
2026-07-30 08:58:03,453 - INFO - [SCREENER] 84 markets in 5.9s | yes:26 no:14 | next in 30s
2026-07-30 08:58:33,984 - INFO - [SCREENER] 84 markets in 5.9s | yes:27 no:15 | next in 30s
2026-07-30 08:59:13,197 - INFO - [SCREENER] 81 markets in 7.4s | yes:30 no:16 | next in 30s
2026-07-30 08:59:51,885 - INFO - [SCREENER] 81 markets in 6.3s | yes:31 no:15 | next in 30s
2026-07-30 09:00:30,072 - INFO - [SCREENER] 81 markets in 6.0s | yes:29 no:11 | next in 30s
2026-07-30 09:01:10,569 - INFO - [SCREENER] 78 markets in 5.9s | yes:29 no:12 | next in 30s
2026-07-30 09:01:49,356 - INFO - [SCREENER] 80 markets in 6.3s | yes:28 no:13 | next in 30s
2026-07-30 09:02:26,997 - INFO - [SCREENER] 66 markets in 5.6s | yes:26 no:8 | next in 30s
2026-07-30 09:03:07,328 - INFO - [SCREENER] 78 markets in 5.9s | yes:30 no:14 | next in 30s
2026-07-30 09:03:45,756 - INFO - [SCREENER] 77 markets in 6.6s | yes:29 no:13 | next in 30s
2026-07-30 09:04:23,888 - INFO - [SCREENER] 78 markets in 6.1s | yes:27 no:13 | next in 30s
2026-07-30 09:05:04,133 - INFO - [SCREENER] 79 markets in 5.6s | yes:29 no:9 | next in 30s
2026-07-30 09:05:42,437 - INFO - [SCREENER] 80 markets in 5.8s | yes:29 no:8 | next in 30s
2026-07-30 09:06:20,981 - INFO - [SCREENER] 81 markets in 6.4s | yes:29 no:7 | next in 30s
2026-07-30 09:06:59,235 - INFO - [SCREENER] 81 markets in 5.9s | yes:29 no:7 | next in 30s
2026-07-30 09:07:39,661 - INFO - [SCREENER] 81 markets in 6.1s | yes:28 no:7 | next in 30s
2026-07-30 09:08:17,596 - INFO - [SCREENER] 80 markets in 5.9s | yes:24 no:7 | next in 30s
2026-07-30 09:08:55,467 - INFO - [SCREENER] 83 markets in 5.9s | yes:25 no:9 | next in 30s
2026-07-30 09:09:36,786 - INFO - [SCREENER] 83 markets in 7.3s | yes:28 no:11 | next in 30s
2026-07-30 09:10:14,650 - INFO - [SCREENER] 83 markets in 5.8s | yes:26 no:12 | next in 30s
2026-07-30 09:10:53,071 - INFO - [SCREENER] 83 markets in 6.3s | yes:29 no:12 | next in 30s
2026-07-30 09:11:34,794 - INFO - [SCREENER] 83 markets in 7.3s | yes:32 no:15 | next in 30s
2026-07-30 09:12:12,985 - INFO - [SCREENER] 81 markets in 5.9s | yes:33 no:14 | next in 30s
2026-07-30 09:12:51,474 - INFO - [SCREENER] 81 markets in 6.3s | yes:32 no:14 | next in 30s
2026-07-30 09:13:31,973 - INFO - [SCREENER] 82 markets in 8.0s | yes:33 no:14 | next in 30s
2026-07-30 09:14:02,484 - INFO - [SCREENER] 82 markets in 7.1s | yes:30 no:14 | next in 30s
2026-07-30 09:14:40,824 - INFO - [SCREENER] 83 markets in 6.4s | yes:29 no:17 | next in 30s
2026-07-30 09:15:19,330 - INFO - [SCREENER] 84 markets in 6.1s | yes:29 no:18 | next in 30s
2026-07-30 09:15:49,454 - INFO - [SCREENER] 84 markets in 6.1s | yes:29 no:18 | next in 30s
2026-07-30 09:16:28,921 - INFO - [SCREENER] 84 markets in 6.3s | yes:31 no:18 | next in 30s
2026-07-30 09:17:07,533 - INFO - [SCREENER] 85 markets in 6.6s | yes:31 no:19 | next in 30s
2026-07-30 09:17:45,661 - INFO - [SCREENER] 86 markets in 6.0s | yes:30 no:21 | next in 30s
2026-07-30 09:18:25,439 - INFO - [SCREENER] 85 markets in 5.8s | yes:29 no:20 | next in 30s
2026-07-30 09:19:05,207 - INFO - [SCREENER] 85 markets in 7.4s | yes:29 no:18 | next in 30s
2026-07-30 09:19:43,584 - INFO - [SCREENER] 86 markets in 6.1s | yes:30 no:18 | next in 30s
2026-07-30 09:20:24,006 - INFO - [SCREENER] 85 markets in 6.5s | yes:31 no:16 | next in 30s
2026-07-30 09:21:02,752 - INFO - [SCREENER] 84 markets in 6.5s | yes:29 no:17 | next in 30s
2026-07-30 09:21:41,049 - INFO - [SCREENER] 82 markets in 6.0s | yes:27 no:19 | next in 30s
2026-07-30 09:22:21,562 - INFO - [SCREENER] 81 markets in 6.2s | yes:23 no:14 | next in 30s
2026-07-30 09:23:00,006 - INFO - [SCREENER] 81 markets in 6.0s | yes:22 no:11 | next in 30s
2026-07-30 09:23:40,113 - INFO - [SCREENER] 81 markets in 8.0s | yes:25 no:11 | next in 30s
2026-07-30 09:24:18,456 - INFO - [SCREENER] 80 markets in 6.1s | yes:24 no:11 | next in 30s
2026-07-30 09:24:58,704 - INFO - [SCREENER] 79 markets in 6.0s | yes:25 no:11 | next in 30s
2026-07-30 09:25:10,226 - ERROR - [py_clob_client_v2] request error: Server disconnected
2026-07-30 09:25:10,226 - ERROR - [py_clob_client_v2] request error: Server disconnected
2026-07-30 09:25:10,226 - ERROR - [BATCH CANCEL ERR] 1 条 | PolyApiException[status_code=None, error_message=Request exception!]
2026-07-30 09:25:10,227 - ERROR - 获取订单簿失败: 11542306546380013193... | PolyApiException[status_code=None, error_message=Request exception!]
2026-07-30 09:25:11,226 - ERROR - [BATCH CANCEL] 2155340172237723 取消失败，清空 active_id 进入冷却兜底
2026-07-30 09:25:11,227 - WARNING - [RETRY] 1154230654638001 bids不足2档，10s后重试
2026-07-30 09:25:37,290 - INFO - [SCREENER] 78 markets in 6.3s | yes:24 no:11 | next in 30s
2026-07-30 09:26:16,305 - INFO - [SCREENER] 80 markets in 7.0s | yes:24 no:12 | next in 30s
2026-07-30 09:26:46,622 - INFO - [SCREENER] 81 markets in 6.1s | yes:24 no:11 | next in 30s
2026-07-30 09:27:25,457 - INFO - [SCREENER] 81 markets in 6.5s | yes:24 no:12 | next in 30s
2026-07-30 09:28:03,620 - INFO - [SCREENER] 78 markets in 6.0s | yes:25 no:12 | next in 30s
2026-07-30 09:28:43,145 - INFO - [SCREENER] 79 markets in 7.2s | yes:24 no:15 | next in 30s
2026-07-30 09:29:14,044 - INFO - [SCREENER] 79 markets in 7.3s | yes:25 no:16 | next in 30s
2026-07-30 09:29:52,635 - INFO - [SCREENER] 78 markets in 6.5s | yes:28 no:15 | next in 30s
2026-07-30 09:30:31,311 - INFO - [SCREENER] 77 markets in 6.2s | yes:28 no:13 | next in 30s
2026-07-30 09:31:12,492 - INFO - [SCREENER] 78 markets in 6.9s | yes:27 no:14 | next in 30s
2026-07-30 09:31:50,622 - INFO - [SCREENER] 78 markets in 6.3s | yes:27 no:12 | next in 30s
2026-07-30 09:32:29,261 - INFO - [SCREENER] 77 markets in 6.4s | yes:27 no:12 | next in 30s
2026-07-30 09:33:17,769 - INFO - [SCREENER] 79 markets in 13.8s | yes:27 no:13 | next in 30s
2026-07-30 09:33:45,809 - INFO - [SCREENER] 79 markets in 6.6s | yes:26 no:14 | next in 30s
2026-07-30 09:34:24,789 - INFO - [SCREENER] 77 markets in 7.0s | yes:25 no:15 | next in 30s
2026-07-30 09:35:03,745 - INFO - [SCREENER] 77 markets in 6.9s | yes:23 no:15 | next in 30s
2026-07-30 09:35:34,143 - INFO - [SCREENER] 78 markets in 6.4s | yes:22 no:15 | next in 30s
2026-07-30 09:36:13,337 - INFO - [SCREENER] 78 markets in 6.7s | yes:23 no:16 | next in 30s
2026-07-30 09:36:51,728 - INFO - [SCREENER] 78 markets in 6.3s | yes:25 no:16 | next in 30s
2026-07-30 09:37:22,700 - INFO - [SCREENER] 78 markets in 7.2s | yes:25 no:17 | next in 30s
2026-07-30 09:38:00,854 - INFO - [SCREENER] 77 markets in 6.1s | yes:25 no:15 | next in 30s
2026-07-30 09:38:39,256 - INFO - [SCREENER] 81 markets in 6.2s | yes:26 no:14 | next in 30s
2026-07-30 09:39:17,720 - INFO - [SCREENER] 82 markets in 6.1s | yes:26 no:14 | next in 30s
2026-07-30 09:39:48,323 - INFO - [SCREENER] 82 markets in 6.5s | yes:26 no:13 | next in 30s
2026-07-30 09:40:28,048 - INFO - [SCREENER] 83 markets in 7.6s | yes:25 no:15 | next in 30s
2026-07-30 09:41:06,306 - INFO - [SCREENER] 81 markets in 6.1s | yes:25 no:16 | next in 30s
2026-07-30 09:41:47,128 - INFO - [SCREENER] 81 markets in 6.1s | yes:23 no:15 | next in 30s
2026-07-30 09:42:26,858 - INFO - [SCREENER] 82 markets in 7.4s | yes:25 no:13 | next in 30s
2026-07-30 09:43:06,116 - INFO - [SCREENER] 81 markets in 6.8s | yes:25 no:13 | next in 30s
2026-07-30 09:43:47,173 - INFO - [SCREENER] 82 markets in 6.1s | yes:25 no:13 | next in 30s
2026-07-30 09:44:25,602 - INFO - [SCREENER] 83 markets in 6.3s | yes:24 no:14 | next in 30s
2026-07-30 09:45:04,194 - INFO - [SCREENER] 82 markets in 6.1s | yes:25 no:12 | next in 30s
2026-07-30 09:45:42,398 - INFO - [SCREENER] 83 markets in 6.3s | yes:24 no:12 | next in 30s
2026-07-30 09:46:12,149 - INFO - [SCREENER] 83 markets in 6.0s | yes:26 no:12 | next in 30s
2026-07-30 09:46:50,600 - INFO - [SCREENER] 83 markets in 6.4s | yes:26 no:11 | next in 30s
2026-07-30 09:47:29,471 - INFO - [SCREENER] 85 markets in 6.4s | yes:24 no:12 | next in 30s
2026-07-30 09:48:09,601 - INFO - [SCREENER] 84 markets in 6.0s | yes:25 no:12 | next in 30s
2026-07-30 09:48:47,954 - INFO - [SCREENER] 83 markets in 6.5s | yes:26 no:12 | next in 30s
2026-07-30 09:49:26,346 - INFO - [SCREENER] 84 markets in 6.5s | yes:25 no:12 | next in 30s
2026-07-30 09:50:07,338 - INFO - [SCREENER] 83 markets in 6.1s | yes:28 no:12 | next in 30s
2026-07-30 09:50:46,078 - INFO - [SCREENER] 83 markets in 6.3s | yes:28 no:13 | next in 30s
2026-07-30 09:51:24,671 - INFO - [SCREENER] 83 markets in 6.0s | yes:28 no:13 | next in 30s
2026-07-30 09:52:03,342 - INFO - [SCREENER] 84 markets in 6.8s | yes:27 no:12 | next in 30s
2026-07-30 09:52:34,029 - INFO - [SCREENER] 84 markets in 6.9s | yes:24 no:12 | next in 30s
2026-07-30 09:53:12,907 - INFO - [SCREENER] 85 markets in 6.4s | yes:24 no:14 | next in 30s
2026-07-30 09:53:51,364 - INFO - [SCREENER] 84 markets in 6.3s | yes:26 no:13 | next in 30s
2026-07-30 09:54:31,696 - INFO - [SCREENER] 85 markets in 6.2s | yes:28 no:14 | next in 30s
2026-07-30 09:55:10,263 - INFO - [SCREENER] 85 markets in 6.4s | yes:28 no:14 | next in 30s
2026-07-30 09:55:49,056 - INFO - [SCREENER] 85 markets in 6.1s | yes:27 no:16 | next in 30s
2026-07-30 09:56:29,316 - INFO - [SCREENER] 84 markets in 6.1s | yes:26 no:17 | next in 30s
2026-07-30 09:57:07,564 - INFO - [SCREENER] 85 markets in 6.3s | yes:26 no:17 | next in 30s
2026-07-30 09:57:46,514 - INFO - [SCREENER] 85 markets in 6.8s | yes:25 no:16 | next in 30s
2026-07-30 09:57:46,824 - ERROR - [py_clob_client_v2] request error: Server disconnected
2026-07-30 09:57:46,825 - ERROR - [py_clob_client_v2] request error: Server disconnected
2026-07-30 09:57:46,825 - ERROR - [CANCEL FAIL] 0x2111c8473876bd3b1b... | PolyApiException[status_code=None, error_message=Request exception!]
2026-07-30 09:57:46,825 - ERROR - 查询订单失败: PolyApiException[status_code=None, error_message=Request exception!]
2026-07-30 09:57:46,826 - ERROR - [DISCOVER] 订单查询失败，跳过本周期
2026-07-30 09:57:46,826 - ERROR - [py_clob_client_v2] request error: Server disconnected
2026-07-30 09:57:46,826 - ERROR - [py_clob_client_v2] request error: Server disconnected
2026-07-30 09:57:46,827 - ERROR - [CANCEL FAIL] 0xb3d56bf7d864ca5be8... | PolyApiException[status_code=None, error_message=Request exception!]
2026-07-30 09:57:47,334 - ERROR - [HEARTBEAT] 失败 (连续 1 次): 401 Client Error: Unauthorized for url: https://clob.polymarket.com/v1/heartbeats
2026-07-30 09:57:47,388 - ERROR - [CANCEL FAIL] 0x2111c8473876bd3b1b 订单仍存活在交易所！保持 RESTING
2026-07-30 09:57:47,388 - ERROR - [CANCEL FAIL] 0xb3d56bf7d864ca5be8 订单仍存活在交易所！保持 RESTING
2026-07-30 09:57:48,794 - ERROR - [py_clob_client_v2] request error status=400 url=https://clob.polymarket.com/v1/heartbeats body={"heartbeat_id":"bfec3c18-cb01-45dc-bdb2-cb84f6585563","error_msg":"Invalid Heartbeat ID"}
2026-07-30 09:57:48,794 - INFO - [HEARTBEAT] 从 SDK 错误恢复 heartbeat_id: bfec3c18-cb01-45 (旧: da084ae3-a9db-47)
2026-07-30 09:57:49,033 - INFO - [HEARTBEAT] OK (recovered) id=e24839e1-68a1-44
2026-07-30 09:58:25,174 - INFO - [SCREENER] 83 markets in 6.7s | yes:24 no:14 | next in 30s
2026-07-30 09:58:27,057 - WARNING - [AUDIT] 5552092961648777 订单丢失纠偏
2026-07-30 09:58:27,058 - WARNING - [AUDIT] 7431350404868660 订单丢失纠偏
2026-07-30 09:58:55,166 - INFO - [SCREENER] 82 markets in 6.2s | yes:27 no:14 | next in 30s
2026-07-30 09:59:34,069 - INFO - [SCREENER] 83 markets in 6.7s | yes:24 no:13 | next in 30s
2026-07-30 10:00:12,466 - INFO - [SCREENER] 81 markets in 6.3s | yes:28 no:13 | next in 30s
2026-07-30 10:00:42,674 - INFO - [SCREENER] 81 markets in 6.4s | yes:27 no:12 | next in 30s
2026-07-30 10:01:04,838 - ERROR - [py_clob_client_v2] request error: Server disconnected
2026-07-30 10:01:04,838 - ERROR - [py_clob_client_v2] request error: Server disconnected
2026-07-30 10:01:04,838 - ERROR - 获取订单簿失败: 21077568748997210591... | PolyApiException[status_code=None, error_message=Request exception!]
2026-07-30 10:01:04,838 - ERROR - 获取订单簿失败: 10265450935227704579... | PolyApiException[status_code=None, error_message=Request exception!]
2026-07-30 10:01:05,836 - WARNING - [RETRY] 2107756874899721 bids不足2档，10s后重试
2026-07-30 10:01:05,836 - WARNING - [RETRY] 1026545093522770 bids不足2档，10s后重试
2026-07-30 10:01:22,877 - INFO - [SCREENER] 82 markets in 8.0s | yes:27 no:13 | next in 30s
2026-07-30 10:02:01,789 - INFO - [SCREENER] 77 markets in 6.5s | yes:29 no:13 | next in 30s
2026-07-30 10:02:40,678 - INFO - [SCREENER] 76 markets in 6.9s | yes:25 no:13 | next in 30s
2026-07-30 10:03:10,691 - INFO - [SCREENER] 77 markets in 6.3s | yes:25 no:14 | next in 30s
2026-07-30 10:03:49,727 - INFO - [SCREENER] 76 markets in 6.8s | yes:26 no:12 | next in 30s
2026-07-30 10:04:28,300 - INFO - [SCREENER] 76 markets in 6.4s | yes:25 no:11 | next in 30s
2026-07-30 10:04:58,424 - INFO - [SCREENER] 76 markets in 6.2s | yes:25 no:11 | next in 30s
2026-07-30 10:05:37,721 - INFO - [SCREENER] 80 markets in 6.9s | yes:29 no:10 | next in 30s
2026-07-30 10:06:16,034 - INFO - [SCREENER] 81 markets in 6.4s | yes:29 no:11 | next in 30s
2026-07-30 10:06:54,655 - INFO - [SCREENER] 82 markets in 6.5s | yes:28 no:10 | next in 30s
2026-07-30 10:07:25,348 - INFO - [SCREENER] 82 markets in 7.1s | yes:28 no:10 | next in 30s
2026-07-30 10:08:03,893 - INFO - [SCREENER] 82 markets in 6.3s | yes:28 no:11 | next in 30s
2026-07-30 10:08:42,256 - INFO - [SCREENER] 83 markets in 6.5s | yes:28 no:15 | next in 30s
2026-07-30 10:09:12,581 - INFO - [SCREENER] 83 markets in 6.3s | yes:25 no:12 | next in 30s
2026-07-30 10:09:51,026 - INFO - [SCREENER] 84 markets in 6.4s | yes:26 no:13 | next in 30s
2026-07-30 10:10:29,335 - INFO - [SCREENER] 84 markets in 6.3s | yes:26 no:12 | next in 30s
2026-07-30 10:11:08,341 - INFO - [SCREENER] 83 markets in 6.4s | yes:30 no:12 | next in 30s
2026-07-30 10:11:38,569 - INFO - [SCREENER] 82 markets in 6.4s | yes:30 no:12 | next in 30s
2026-07-30 10:12:16,719 - INFO - [SCREENER] 82 markets in 6.1s | yes:32 no:13 | next in 30s
2026-07-30 10:12:55,280 - INFO - [SCREENER] 83 markets in 6.6s | yes:31 no:15 | next in 30s
2026-07-30 10:13:25,482 - INFO - [SCREENER] 83 markets in 6.5s | yes:30 no:16 | next in 30s
2026-07-30 10:14:03,868 - INFO - [SCREENER] 84 markets in 6.2s | yes:29 no:15 | next in 30s
2026-07-30 10:14:42,296 - INFO - [SCREENER] 85 markets in 6.1s | yes:29 no:15 | next in 30s
2026-07-30 10:15:21,113 - INFO - [SCREENER] 85 markets in 6.6s | yes:30 no:16 | next in 30s
2026-07-30 10:15:52,257 - INFO - [SCREENER] 85 markets in 7.1s | yes:29 no:14 | next in 30s
2026-07-30 10:16:31,920 - INFO - [SCREENER] 85 markets in 7.5s | yes:29 no:15 | next in 30s
2026-07-30 10:17:09,929 - INFO - [SCREENER] 85 markets in 6.1s | yes:30 no:15 | next in 30s
2026-07-30 10:17:51,435 - INFO - [SCREENER] 82 markets in 7.0s | yes:33 no:14 | next in 30s
2026-07-30 10:18:29,938 - INFO - [SCREENER] 83 markets in 6.1s | yes:31 no:15 | next in 30s
2026-07-30 10:19:08,743 - INFO - [SCREENER] 83 markets in 6.7s | yes:30 no:15 | next in 30s
2026-07-30 10:19:50,101 - INFO - [SCREENER] 84 markets in 6.3s | yes:31 no:15 | next in 30s
2026-07-30 10:20:28,421 - INFO - [SCREENER] 84 markets in 6.2s | yes:29 no:16 | next in 30s
2026-07-30 10:21:06,957 - INFO - [SCREENER] 84 markets in 6.6s | yes:30 no:15 | next in 30s
2026-07-30 10:21:45,400 - INFO - [SCREENER] 85 markets in 6.1s | yes:31 no:15 | next in 30s
2026-07-30 10:22:25,931 - INFO - [SCREENER] 85 markets in 6.2s | yes:31 no:17 | next in 30s
2026-07-30 10:23:04,488 - INFO - [SCREENER] 85 markets in 6.6s | yes:31 no:18 | next in 30s
2026-07-30 10:23:43,635 - INFO - [SCREENER] 85 markets in 6.9s | yes:35 no:19 | next in 30s
2026-07-30 10:24:13,229 - INFO - [SCREENER] 85 markets in 6.0s | yes:37 no:18 | next in 30s
2026-07-30 10:24:51,930 - INFO - [SCREENER] 85 markets in 6.4s | yes:36 no:19 | next in 30s
2026-07-30 10:25:30,191 - INFO - [SCREENER] 84 markets in 6.3s | yes:34 no:18 | next in 30s
2026-07-30 10:26:08,808 - INFO - [SCREENER] 84 markets in 6.4s | yes:34 no:19 | next in 30s
2026-07-30 10:26:39,885 - INFO - [SCREENER] 82 markets in 7.0s | yes:34 no:16 | next in 30s
2026-07-30 10:27:18,457 - INFO - [SCREENER] 82 markets in 6.2s | yes:34 no:14 | next in 30s
2026-07-30 10:27:56,857 - INFO - [SCREENER] 82 markets in 6.4s | yes:36 no:14 | next in 30s
2026-07-30 10:28:27,199 - INFO - [SCREENER] 80 markets in 6.4s | yes:35 no:14 | next in 30s
2026-07-30 10:29:06,219 - INFO - [SCREENER] 79 markets in 6.8s | yes:34 no:15 | next in 30s
2026-07-30 10:29:45,569 - INFO - [SCREENER] 80 markets in 7.1s | yes:36 no:15 | next in 30s
2026-07-30 10:30:23,909 - INFO - [SCREENER] 79 markets in 6.2s | yes:35 no:15 | next in 30s
2026-07-30 10:31:04,412 - INFO - [SCREENER] 80 markets in 6.2s | yes:35 no:14 | next in 30s
2026-07-30 10:31:43,335 - INFO - [SCREENER] 81 markets in 6.9s | yes:32 no:15 | next in 30s
2026-07-30 10:32:22,573 - INFO - [SCREENER] 81 markets in 6.9s | yes:33 no:19 | next in 30s
2026-07-30 10:32:52,327 - INFO - [SCREENER] 80 markets in 6.3s | yes:31 no:17 | next in 30s
2026-07-30 10:33:31,319 - INFO - [SCREENER] 79 markets in 7.0s | yes:34 no:18 | next in 30s
2026-07-30 10:34:09,823 - INFO - [SCREENER] 79 markets in 6.5s | yes:33 no:20 | next in 30s
2026-07-30 10:34:49,716 - INFO - [SCREENER] 79 markets in 7.7s | yes:32 no:18 | next in 30s
2026-07-30 10:35:19,788 - INFO - [SCREENER] 77 markets in 6.3s | yes:32 no:18 | next in 30s
2026-07-30 10:35:58,095 - INFO - [SCREENER] 78 markets in 6.1s | yes:30 no:19 | next in 30s
2026-07-30 10:36:36,548 - INFO - [SCREENER] 78 markets in 6.2s | yes:29 no:19 | next in 30s
2026-07-30 10:37:07,307 - INFO - [SCREENER] 80 markets in 6.8s | yes:34 no:20 | next in 30s
2026-07-30 10:37:45,864 - INFO - [SCREENER] 81 markets in 6.3s | yes:33 no:18 | next in 30s
2026-07-30 10:38:26,738 - INFO - [SCREENER] 82 markets in 7.3s | yes:32 no:18 | next in 30s
2026-07-30 10:39:07,493 - INFO - [SCREENER] 82 markets in 6.2s | yes:34 no:17 | next in 30s
2026-07-30 10:39:46,443 - INFO - [SCREENER] 81 markets in 6.8s | yes:34 no:19 | next in 30s
2026-07-30 10:40:25,012 - INFO - [SCREENER] 81 markets in 6.4s | yes:34 no:18 | next in 30s
2026-07-30 10:41:03,752 - INFO - [SCREENER] 82 markets in 6.7s | yes:36 no:19 | next in 30s
2026-07-30 10:41:34,108 - INFO - [SCREENER] 82 markets in 6.3s | yes:36 no:18 | next in 30s
2026-07-30 10:42:12,521 - INFO - [SCREENER] 81 markets in 6.2s | yes:36 no:18 | next in 30s
2026-07-30 10:42:50,843 - INFO - [SCREENER] 81 markets in 6.4s | yes:36 no:18 | next in 30s
2026-07-30 10:43:21,588 - INFO - [SCREENER] 79 markets in 6.9s | yes:37 no:20 | next in 30s
2026-07-30 10:44:00,212 - INFO - [SCREENER] 80 markets in 6.6s | yes:37 no:19 | next in 30s
2026-07-30 10:44:38,539 - INFO - [SCREENER] 82 markets in 6.2s | yes:38 no:17 | next in 30s
2026-07-30 10:45:17,060 - INFO - [SCREENER] 81 markets in 6.3s | yes:36 no:19 | next in 30s
2026-07-30 10:45:48,111 - INFO - [SCREENER] 81 markets in 6.6s | yes:35 no:17 | next in 30s
2026-07-30 10:46:26,196 - INFO - [SCREENER] 84 markets in 6.1s | yes:33 no:16 | next in 30s
2026-07-30 10:47:04,491 - INFO - [SCREENER] 81 markets in 6.3s | yes:36 no:18 | next in 30s
2026-07-30 10:47:34,491 - INFO - [SCREENER] 81 markets in 6.1s | yes:34 no:19 | next in 30s
2026-07-30 10:48:12,630 - INFO - [SCREENER] 80 markets in 5.9s | yes:34 no:18 | next in 30s
2026-07-30 10:48:51,402 - INFO - [SCREENER] 80 markets in 6.4s | yes:35 no:17 | next in 30s
2026-07-30 10:49:30,319 - INFO - [SCREENER] 82 markets in 6.7s | yes:33 no:18 | next in 30s
2026-07-30 10:50:01,101 - INFO - [SCREENER] 82 markets in 6.7s | yes:35 no:16 | next in 30s
2026-07-30 10:50:39,946 - INFO - [SCREENER] 81 markets in 6.6s | yes:31 no:14 | next in 30s
2026-07-30 10:51:18,092 - INFO - [SCREENER] 83 markets in 6.1s | yes:32 no:13 | next in 30s
2026-07-30 10:51:59,322 - INFO - [SCREENER] 83 markets in 6.9s | yes:33 no:14 | next in 30s
2026-07-30 10:52:37,928 - INFO - [SCREENER] 84 markets in 6.5s | yes:31 no:12 | next in 30s
2026-07-30 10:53:16,176 - INFO - [SCREENER] 84 markets in 6.0s | yes:31 no:13 | next in 30s
2026-07-30 10:53:57,329 - INFO - [SCREENER] 82 markets in 6.4s | yes:28 no:12 | next in 30s
2026-07-30 10:54:35,345 - INFO - [SCREENER] 82 markets in 6.1s | yes:29 no:12 | next in 30s
2026-07-30 10:55:14,356 - INFO - [SCREENER] 83 markets in 6.8s | yes:30 no:12 | next in 30s
2026-07-30 10:55:52,654 - INFO - [SCREENER] 83 markets in 6.4s | yes:31 no:12 | next in 30s
2026-07-30 10:56:33,344 - INFO - [SCREENER] 82 markets in 6.6s | yes:30 no:11 | next in 30s
2026-07-30 10:57:11,942 - INFO - [SCREENER] 81 markets in 6.7s | yes:31 no:11 | next in 30s
2026-07-30 10:57:50,197 - INFO - [SCREENER] 82 markets in 6.3s | yes:30 no:12 | next in 30s
2026-07-30 10:58:20,894 - INFO - [SCREENER] 81 markets in 6.7s | yes:30 no:9 | next in 30s
2026-07-30 10:59:00,172 - INFO - [SCREENER] 81 markets in 6.8s | yes:28 no:10 | next in 30s
2026-07-30 10:59:39,554 - INFO - [SCREENER] 83 markets in 6.8s | yes:25 no:6 | next in 30s
2026-07-30 11:00:18,050 - INFO - [SCREENER] 84 markets in 6.5s | yes:24 no:8 | next in 30s
2026-07-30 11:00:48,302 - INFO - [SCREENER] 81 markets in 6.5s | yes:23 no:7 | next in 30s
2026-07-30 11:01:26,636 - INFO - [SCREENER] 79 markets in 6.0s | yes:24 no:8 | next in 30s
2026-07-30 11:02:05,605 - INFO - [SCREENER] 81 markets in 6.7s | yes:23 no:9 | next in 30s
2026-07-30 11:02:35,749 - INFO - [SCREENER] 79 markets in 6.2s | yes:23 no:9 | next in 30s
2026-07-30 11:02:36,073 - ERROR - [py_clob_client_v2] request error: Server disconnected
2026-07-30 11:02:36,073 - ERROR - [py_clob_client_v2] request error: Server disconnected
2026-07-30 11:02:36,073 - ERROR - [py_clob_client_v2] request error: Server disconnected
2026-07-30 11:02:36,074 - ERROR - [CANCEL FAIL] 0x405350b1e5a1c24fdd... | PolyApiException[status_code=None, error_message=Request exception!]
2026-07-30 11:02:36,074 - ERROR - 查询订单失败: PolyApiException[status_code=None, error_message=Request exception!]
2026-07-30 11:02:36,074 - ERROR - [CANCEL FAIL] 0xe5340f5e0be7608b1b... | PolyApiException[status_code=None, error_message=Request exception!]
2026-07-30 11:02:36,074 - ERROR - [DISCOVER] 订单查询失败，跳过本周期
2026-07-30 11:02:36,606 - ERROR - [CANCEL FAIL] 0x405350b1e5a1c24fdd 订单仍存活在交易所！保持 RESTING
2026-07-30 11:02:36,607 - ERROR - [CANCEL FAIL] 0xe5340f5e0be7608b1b 订单仍存活在交易所！保持 RESTING
2026-07-30 11:03:14,593 - INFO - [SCREENER] 79 markets in 6.6s | yes:23 no:9 | next in 30s
2026-07-30 11:03:54,571 - INFO - [SCREENER] 78 markets in 7.9s | yes:24 no:9 | next in 30s
2026-07-30 11:04:23,551 - INFO - [SCREENER] 79 markets in 6.6s | yes:25 no:10 | next in 30s
2026-07-30 11:04:25,507 - WARNING - [AUDIT] 2155340172237723 订单丢失纠偏
2026-07-30 11:04:25,508 - WARNING - [AUDIT] 1071492514790304 订单丢失纠偏
2026-07-30 11:04:54,409 - INFO - [SCREENER] 79 markets in 6.6s | yes:24 no:9 | next in 30s
2026-07-30 11:05:33,363 - INFO - [SCREENER] 78 markets in 6.7s | yes:26 no:10 | next in 30s
2026-07-30 11:06:12,020 - INFO - [SCREENER] 82 markets in 6.7s | yes:27 no:12 | next in 30s
2026-07-30 11:06:42,195 - INFO - [SCREENER] 80 markets in 6.6s | yes:29 no:12 | next in 30s
2026-07-30 11:07:20,759 - INFO - [SCREENER] 81 markets in 6.7s | yes:28 no:13 | next in 30s
2026-07-30 11:07:58,876 - INFO - [SCREENER] 80 markets in 6.2s | yes:28 no:15 | next in 30s
2026-07-30 11:08:37,709 - INFO - [SCREENER] 82 markets in 6.7s | yes:30 no:18 | next in 30s
2026-07-30 11:09:08,031 - INFO - [SCREENER] 81 markets in 6.0s | yes:30 no:18 | next in 30s
2026-07-30 11:09:46,936 - INFO - [SCREENER] 82 markets in 6.6s | yes:31 no:16 | next in 30s
2026-07-30 11:10:26,287 - INFO - [SCREENER] 84 markets in 6.8s | yes:31 no:14 | next in 30s
2026-07-30 11:10:56,986 - INFO - [SCREENER] 82 markets in 7.3s | yes:32 no:13 | next in 30s
2026-07-30 11:11:35,468 - INFO - [SCREENER] 84 markets in 6.4s | yes:31 no:15 | next in 30s
2026-07-30 11:12:14,517 - INFO - [SCREENER] 84 markets in 6.7s | yes:32 no:16 | next in 30s
2026-07-30 11:12:52,833 - INFO - [SCREENER] 85 markets in 6.3s | yes:33 no:15 | next in 30s
2026-07-30 11:13:11,320 - ERROR - [POLL] 批量查询异常: HTTPSConnectionPool(host='clob.polymarket.com', port=443): Max retries exceeded with url: /books (Caused by SSLError(SSLEOFError(8, '[SSL: UNEXPECTED_EOF_WHILE_READING] EOF occurred in violation of protocol (_ssl.c:1000)')))
2026-07-30 11:13:27,504 - INFO - [SCREENER] 87 markets in 6.2s | yes:32 no:16 | next in 30s
2026-07-30 11:14:06,166 - INFO - [SCREENER] 88 markets in 6.4s | yes:32 no:16 | next in 30s
2026-07-30 11:14:44,922 - INFO - [SCREENER] 86 markets in 6.6s | yes:31 no:17 | next in 30s
2026-07-30 11:15:14,911 - INFO - [SCREENER] 87 markets in 6.4s | yes:30 no:18 | next in 30s
2026-07-30 11:15:53,601 - INFO - [SCREENER] 84 markets in 6.6s | yes:30 no:16 | next in 30s
2026-07-30 11:16:31,698 - INFO - [SCREENER] 84 markets in 6.2s | yes:30 no:16 | next in 30s
2026-07-30 11:17:09,979 - INFO - [SCREENER] 87 markets in 6.0s | yes:30 no:16 | next in 30s
2026-07-30 11:17:51,329 - INFO - [SCREENER] 86 markets in 7.0s | yes:28 no:15 | next in 30s
2026-07-30 11:18:31,508 - INFO - [SCREENER] 87 markets in 7.9s | yes:31 no:15 | next in 30s
2026-07-30 11:19:10,466 - INFO - [SCREENER] 88 markets in 6.5s | yes:31 no:15 | next in 30s
2026-07-30 11:19:22,572 - WARNING - [AUDIT] 1105607718294052 订单丢失纠偏
2026-07-30 11:19:22,572 - WARNING - [AUDIT] 6209309049370806 订单丢失纠偏
2026-07-30 11:19:40,807 - INFO - [SCREENER] 88 markets in 6.5s | yes:30 no:13 | next in 30s
2026-07-30 11:20:18,679 - INFO - [SCREENER] 87 markets in 5.8s | yes:31 no:14 | next in 30s
2026-07-30 11:20:57,097 - INFO - [SCREENER] 89 markets in 6.1s | yes:33 no:13 | next in 30s
2026-07-30 11:21:35,633 - INFO - [SCREENER] 87 markets in 6.3s | yes:32 no:16 | next in 30s
2026-07-30 11:22:06,650 - INFO - [SCREENER] 87 markets in 7.0s | yes:34 no:14 | next in 30s
2026-07-30 11:22:45,707 - INFO - [SCREENER] 88 markets in 6.8s | yes:31 no:14 | next in 30s
2026-07-30 11:23:25,039 - INFO - [SCREENER] 89 markets in 7.0s | yes:32 no:15 | next in 30s
2026-07-30 11:23:55,654 - INFO - [SCREENER] 89 markets in 6.9s | yes:32 no:14 | next in 30s
2026-07-30 11:24:34,433 - INFO - [SCREENER] 89 markets in 6.3s | yes:32 no:14 | next in 30s
2026-07-30 11:25:13,229 - INFO - [SCREENER] 89 markets in 6.6s | yes:31 no:15 | next in 30s
2026-07-30 11:25:51,444 - INFO - [SCREENER] 89 markets in 6.1s | yes:32 no:15 | next in 30s
2026-07-30 11:26:32,329 - INFO - [SCREENER] 91 markets in 6.5s | yes:33 no:13 | next in 30s
2026-07-30 11:27:10,846 - INFO - [SCREENER] 91 markets in 6.3s | yes:33 no:14 | next in 30s
2026-07-30 11:27:49,522 - INFO - [SCREENER] 91 markets in 6.7s | yes:33 no:13 | next in 30s
2026-07-30 11:28:19,534 - INFO - [SCREENER] 91 markets in 6.2s | yes:30 no:16 | next in 30s
2026-07-30 11:28:58,151 - INFO - [SCREENER] 91 markets in 6.6s | yes:29 no:14 | next in 30s
2026-07-30 11:29:36,852 - INFO - [SCREENER] 91 markets in 6.6s | yes:28 no:16 | next in 30s
2026-07-30 11:30:15,469 - INFO - [SCREENER] 90 markets in 6.7s | yes:29 no:17 | next in 30s
2026-07-30 11:30:46,937 - INFO - [SCREENER] 89 markets in 7.2s | yes:29 no:15 | next in 30s
2026-07-30 11:31:25,280 - INFO - [SCREENER] 91 markets in 6.2s | yes:32 no:14 | next in 30s
2026-07-30 11:32:03,916 - INFO - [SCREENER] 91 markets in 6.5s | yes:32 no:13 | next in 30s
2026-07-30 11:32:34,325 - INFO - [SCREENER] 90 markets in 6.6s | yes:32 no:14 | next in 30s
2026-07-30 11:33:12,836 - INFO - [SCREENER] 89 markets in 6.1s | yes:33 no:15 | next in 30s
2026-07-30 11:33:51,659 - INFO - [SCREENER] 90 markets in 6.7s | yes:33 no:14 | next in 30s
2026-07-30 11:34:30,070 - INFO - [SCREENER] 91 markets in 6.4s | yes:33 no:15 | next in 30s
2026-07-30 11:35:00,230 - INFO - [SCREENER] 91 markets in 6.3s | yes:32 no:14 | next in 30s
2026-07-30 11:35:38,913 - INFO - [SCREENER] 89 markets in 6.6s | yes:31 no:15 | next in 30s
2026-07-30 11:36:17,666 - INFO - [SCREENER] 91 markets in 6.5s | yes:32 no:16 | next in 30s
2026-07-30 11:36:48,117 - INFO - [SCREENER] 91 markets in 6.4s | yes:30 no:11 | next in 30s
2026-07-30 11:37:27,134 - INFO - [SCREENER] 91 markets in 6.8s | yes:31 no:12 | next in 30s
2026-07-30 11:38:06,005 - INFO - [SCREENER] 91 markets in 6.3s | yes:32 no:13 | next in 30s
2026-07-30 11:38:44,135 - INFO - [SCREENER] 90 markets in 6.2s | yes:30 no:12 | next in 30s
2026-07-30 11:39:25,484 - INFO - [SCREENER] 90 markets in 6.9s | yes:29 no:11 | next in 30s
2026-07-30 11:40:03,628 - INFO - [SCREENER] 89 markets in 6.0s | yes:29 no:11 | next in 30s
2026-07-30 11:40:42,053 - INFO - [SCREENER] 92 markets in 6.5s | yes:31 no:10 | next in 30s
2026-07-30 11:41:12,333 - INFO - [SCREENER] 89 markets in 6.5s | yes:30 no:10 | next in 30s
2026-07-30 11:41:50,568 - INFO - [SCREENER] 90 markets in 5.9s | yes:30 no:11 | next in 30s
2026-07-30 11:42:29,443 - INFO - [SCREENER] 90 markets in 6.5s | yes:29 no:12 | next in 30s
2026-07-30 11:43:07,887 - INFO - [SCREENER] 90 markets in 6.6s | yes:30 no:13 | next in 30s
2026-07-30 11:43:38,201 - INFO - [SCREENER] 90 markets in 6.6s | yes:30 no:9 | next in 30s
2026-07-30 11:44:16,939 - INFO - [SCREENER] 91 markets in 6.3s | yes:30 no:11 | next in 30s
2026-07-30 11:44:56,378 - INFO - [SCREENER] 91 markets in 7.0s | yes:30 no:10 | next in 30s
2026-07-30 11:45:27,032 - INFO - [SCREENER] 90 markets in 6.3s | yes:30 no:11 | next in 30s
2026-07-30 11:46:05,833 - INFO - [SCREENER] 92 markets in 6.8s | yes:31 no:11 | next in 30s
2026-07-30 11:46:45,137 - INFO - [SCREENER] 93 markets in 7.0s | yes:27 no:10 | next in 30s
2026-07-30 11:47:23,558 - INFO - [SCREENER] 92 markets in 6.1s | yes:29 no:12 | next in 30s
2026-07-30 11:48:04,818 - INFO - [SCREENER] 91 markets in 7.1s | yes:26 no:12 | next in 30s
2026-07-30 11:48:42,765 - INFO - [SCREENER] 91 markets in 5.9s | yes:24 no:10 | next in 30s
2026-07-30 11:49:21,330 - INFO - [SCREENER] 91 markets in 6.3s | yes:27 no:12 | next in 30s
2026-07-30 11:49:51,948 - INFO - [SCREENER] 91 markets in 6.6s | yes:25 no:10 | next in 30s
2026-07-30 11:50:30,163 - INFO - [SCREENER] 91 markets in 6.1s | yes:25 no:11 | next in 30s
2026-07-30 11:51:09,020 - INFO - [SCREENER] 90 markets in 6.8s | yes:24 no:9 | next in 30s
2026-07-30 11:51:47,290 - INFO - [SCREENER] 90 markets in 6.3s | yes:24 no:11 | next in 30s
2026-07-30 11:52:17,849 - INFO - [SCREENER] 91 markets in 6.6s | yes:26 no:11 | next in 30s
2026-07-30 11:52:57,096 - INFO - [SCREENER] 89 markets in 7.1s | yes:27 no:11 | next in 30s
2026-07-30 11:53:36,844 - INFO - [SCREENER] 87 markets in 7.7s | yes:27 no:11 | next in 30s
2026-07-30 11:54:07,518 - INFO - [SCREENER] 88 markets in 6.7s | yes:30 no:11 | next in 30s
2026-07-30 11:54:45,575 - INFO - [SCREENER] 87 markets in 6.2s | yes:31 no:10 | next in 30s
2026-07-30 11:55:24,840 - INFO - [SCREENER] 88 markets in 6.9s | yes:31 no:12 | next in 30s
2026-07-30 11:56:03,518 - INFO - [SCREENER] 90 markets in 6.5s | yes:28 no:10 | next in 30s
2026-07-30 11:56:33,283 - INFO - [SCREENER] 88 markets in 6.0s | yes:28 no:10 | next in 30s
2026-07-30 11:56:37,813 - INFO - [SELL CONFIRMED] 未知 | No | size=16.0000 price=0.41
2026-07-30 11:56:39,999 - INFO - [SELL CONFIRMED] 未知 | No | size=0.9300 price=0.41
2026-07-30 11:57:12,933 - INFO - [SCREENER] 87 markets in 7.8s | yes:29 no:10 | next in 30s
2026-07-30 11:57:51,128 - INFO - [SCREENER] 87 markets in 6.2s | yes:29 no:11 | next in 30s
2026-07-30 11:58:21,042 - INFO - [SCREENER] 85 markets in 6.0s | yes:28 no:12 | next in 30s
2026-07-30 11:58:59,402 - INFO - [SCREENER] 83 markets in 6.1s | yes:23 no:10 | next in 30s
2026-07-30 11:59:38,411 - INFO - [SCREENER] 80 markets in 6.5s | yes:25 no:7 | next in 30s
2026-07-30 12:00:17,056 - INFO - [SCREENER] 82 markets in 6.7s | yes:24 no:8 | next in 30s
2026-07-30 12:00:48,850 - INFO - [SCREENER] 80 markets in 6.8s | yes:22 no:7 | next in 30s
2026-07-30 12:01:27,698 - INFO - [SCREENER] 78 markets in 6.4s | yes:22 no:8 | next in 30s
2026-07-30 12:02:07,281 - INFO - [SCREENER] 82 markets in 7.1s | yes:24 no:7 | next in 30s
2026-07-30 12:02:37,993 - INFO - [SCREENER] 84 markets in 6.8s | yes:21 no:8 | next in 30s
2026-07-30 12:03:16,541 - INFO - [SCREENER] 84 markets in 6.2s | yes:21 no:7 | next in 30s
2026-07-30 12:03:55,045 - INFO - [SCREENER] 83 markets in 6.4s | yes:20 no:7 | next in 30s
2026-07-30 12:04:33,809 - INFO - [SCREENER] 81 markets in 6.2s | yes:21 no:9 | next in 30s
2026-07-30 12:05:04,051 - INFO - [SCREENER] 81 markets in 6.2s | yes:20 no:8 | next in 30s
2026-07-30 12:05:42,522 - INFO - [SCREENER] 83 markets in 6.6s | yes:22 no:10 | next in 30s
2026-07-30 12:06:21,351 - INFO - [SCREENER] 88 markets in 6.7s | yes:19 no:10 | next in 30s
2026-07-30 12:06:51,159 - INFO - [SCREENER] 87 markets in 6.3s | yes:18 no:9 | next in 30s
2026-07-30 12:07:29,489 - INFO - [SCREENER] 84 markets in 6.0s | yes:20 no:9 | next in 30s
2026-07-30 12:08:08,005 - INFO - [SCREENER] 87 markets in 6.3s | yes:21 no:9 | next in 30s
2026-07-30 12:08:46,642 - INFO - [SCREENER] 94 markets in 6.7s | yes:21 no:9 | next in 30s
2026-07-30 12:09:17,319 - INFO - [SCREENER] 93 markets in 6.9s | yes:23 no:11 | next in 30s
2026-07-30 12:09:55,370 - INFO - [SCREENER] 93 markets in 6.0s | yes:22 no:10 | next in 30s
2026-07-30 12:10:33,584 - INFO - [SCREENER] 94 markets in 6.1s | yes:24 no:11 | next in 30s
2026-07-30 12:10:46,481 - WARNING - [AUDIT] 7878512989408810 订单丢失纠偏
2026-07-30 12:11:04,841 - INFO - [SCREENER] 96 markets in 7.0s | yes:24 no:11 | next in 30s
2026-07-30 12:11:43,820 - INFO - [SCREENER] 99 markets in 6.6s | yes:23 no:11 | next in 30s
2026-07-30 12:12:23,597 - INFO - [SCREENER] 98 markets in 7.7s | yes:26 no:14 | next in 30s
2026-07-30 12:13:05,036 - INFO - [SCREENER] 97 markets in 6.6s | yes:27 no:13 | next in 30s
2026-07-30 12:13:43,280 - INFO - [SCREENER] 96 markets in 6.3s | yes:28 no:13 | next in 30s
2026-07-30 12:14:21,680 - INFO - [SCREENER] 96 markets in 6.5s | yes:30 no:14 | next in 30s
2026-07-30 12:15:01,565 - INFO - [SCREENER] 95 markets in 6.6s | yes:31 no:14 | next in 30s
2026-07-30 12:15:31,613 - INFO - [SCREENER] 93 markets in 6.4s | yes:26 no:15 | next in 30s
2026-07-30 12:16:09,852 - INFO - [SCREENER] 94 markets in 6.2s | yes:26 no:15 | next in 30s
2026-07-30 12:16:47,845 - INFO - [SCREENER] 95 markets in 6.0s | yes:28 no:13 | next in 30s
2026-07-30 12:17:28,085 - INFO - [SCREENER] 96 markets in 5.8s | yes:29 no:14 | next in 30s
2026-07-30 12:18:06,851 - INFO - [SCREENER] 95 markets in 6.4s | yes:29 no:14 | next in 30s
2026-07-30 12:18:45,708 - INFO - [SCREENER] 97 markets in 6.7s | yes:28 no:13 | next in 30s
2026-07-30 12:19:25,915 - INFO - [SCREENER] 96 markets in 6.2s | yes:27 no:12 | next in 30s
2026-07-30 12:20:04,685 - INFO - [SCREENER] 96 markets in 6.5s | yes:33 no:14 | next in 30s
2026-07-30 12:20:44,046 - INFO - [SCREENER] 96 markets in 7.2s | yes:32 no:15 | next in 30s
2026-07-30 12:21:22,985 - INFO - [SCREENER] 94 markets in 6.9s | yes:33 no:13 | next in 30s
2026-07-30 12:21:53,336 - INFO - [SCREENER] 95 markets in 6.5s | yes:29 no:12 | next in 30s
2026-07-30 12:22:31,813 - INFO - [SCREENER] 93 markets in 6.0s | yes:28 no:14 | next in 30s
2026-07-30 12:23:09,489 - INFO - [SCREENER] 94 markets in 5.8s | yes:29 no:15 | next in 30s
2026-07-30 12:23:49,826 - INFO - [SCREENER] 94 markets in 6.2s | yes:29 no:15 | next in 30s
2026-07-30 12:24:28,006 - INFO - [SCREENER] 97 markets in 6.1s | yes:28 no:15 | next in 30s
2026-07-30 12:25:07,856 - INFO - [SCREENER] 95 markets in 7.5s | yes:27 no:14 | next in 30s
2026-07-30 12:25:49,744 - INFO - [SCREENER] 94 markets in 7.7s | yes:29 no:14 | next in 30s
2026-07-30 12:26:28,089 - INFO - [SCREENER] 95 markets in 6.3s | yes:30 no:13 | next in 30s
2026-07-30 12:27:06,320 - INFO - [SCREENER] 95 markets in 6.1s | yes:32 no:13 | next in 30s
2026-07-30 12:27:44,646 - INFO - [SCREENER] 99 markets in 6.2s | yes:31 no:13 | next in 30s
2026-07-30 12:28:14,556 - INFO - [SCREENER] 95 markets in 6.1s | yes:31 no:11 | next in 30s
2026-07-30 12:28:53,065 - INFO - [SCREENER] 99 markets in 6.4s | yes:31 no:12 | next in 30s
2026-07-30 12:29:32,556 - INFO - [SCREENER] 100 markets in 7.2s | yes:32 no:14 | next in 30s
2026-07-30 12:30:03,767 - INFO - [SCREENER] 102 markets in 7.1s | yes:32 no:15 | next in 30s
2026-07-30 12:30:41,938 - INFO - [SCREENER] 100 markets in 6.3s | yes:33 no:15 | next in 30s
2026-07-30 12:31:20,332 - INFO - [SCREENER] 100 markets in 6.3s | yes:33 no:15 | next in 30s
2026-07-30 12:31:58,591 - INFO - [SCREENER] 102 markets in 6.3s | yes:33 no:15 | next in 30s
2026-07-30 12:32:38,893 - INFO - [SCREENER] 98 markets in 6.2s | yes:36 no:15 | next in 30s
2026-07-30 12:33:17,930 - INFO - [SCREENER] 98 markets in 6.6s | yes:33 no:14 | next in 30s
2026-07-30 12:33:57,459 - INFO - [SCREENER] 98 markets in 7.4s | yes:35 no:14 | next in 30s
2026-07-30 12:34:28,465 - INFO - [SCREENER] 95 markets in 7.2s | yes:36 no:13 | next in 30s
2026-07-30 12:35:07,394 - INFO - [SCREENER] 96 markets in 6.7s | yes:34 no:13 | next in 30s
2026-07-30 12:35:45,908 - INFO - [SCREENER] 94 markets in 6.3s | yes:33 no:13 | next in 30s
2026-07-30 12:36:24,464 - INFO - [SCREENER] 96 markets in 6.1s | yes:34 no:13 | next in 30s
2026-07-30 12:37:05,415 - INFO - [SCREENER] 96 markets in 6.7s | yes:35 no:12 | next in 30s
2026-07-30 12:37:44,386 - INFO - [SCREENER] 97 markets in 6.5s | yes:35 no:13 | next in 30s
2026-07-30 12:38:23,625 - INFO - [SCREENER] 96 markets in 7.1s | yes:35 no:13 | next in 30s
2026-07-30 12:38:53,831 - INFO - [SCREENER] 96 markets in 6.1s | yes:37 no:13 | next in 30s
2026-07-30 12:39:32,228 - INFO - [SCREENER] 97 markets in 6.5s | yes:37 no:13 | next in 30s
2026-07-30 12:40:10,515 - INFO - [SCREENER] 97 markets in 6.1s | yes:37 no:15 | next in 30s
2026-07-30 12:40:49,294 - INFO - [SCREENER] 97 markets in 6.5s | yes:36 no:16 | next in 30s
2026-07-30 12:41:19,936 - INFO - [SCREENER] 97 markets in 7.0s | yes:35 no:12 | next in 30s
2026-07-30 12:41:58,371 - INFO - [SCREENER] 97 markets in 6.2s | yes:33 no:15 | next in 30s
2026-07-30 12:42:37,278 - INFO - [SCREENER] 96 markets in 6.6s | yes:35 no:15 | next in 30s
2026-07-30 12:43:07,256 - INFO - [SCREENER] 98 markets in 6.1s | yes:35 no:16 | next in 30s
2026-07-30 12:43:46,751 - INFO - [SCREENER] 97 markets in 6.8s | yes:33 no:15 | next in 30s
2026-07-30 12:43:58,568 - ERROR - [BATCH CANCEL FAIL] 0x902d5e9df27dc6a951... | order can't be found - already canceled or matched
2026-07-30 12:43:59,302 - ERROR - [BATCH CANCEL] 2107756874899721 取消失败，清空 active_id 进入冷却兜底
2026-07-30 12:44:01,314 - INFO - [SELL CONFIRMED] 未知 | Yes | size=4.7300 price=0.29
2026-07-30 12:44:04,689 - INFO - [SELL CONFIRMED] 未知 | Yes | size=45.2700 price=0.29
2026-07-30 12:44:25,434 - INFO - [SCREENER] 99 markets in 6.6s | yes:32 no:15 | next in 30s
2026-07-30 12:45:03,653 - INFO - [SCREENER] 98 markets in 6.0s | yes:35 no:14 | next in 30s
2026-07-30 12:45:07,078 - INFO - [LIMIT SELL] Will the highest temperature in Helsinki | 50.0000 shares @ 0.28
2026-07-30 12:45:07,079 - INFO - [POSITION] 限价卖出 1 个持仓
2026-07-30 12:45:16,182 - INFO - [SELL CONFIRMED] 未知 | Yes | size=0.0000 price=0.28
2026-07-30 12:45:34,535 - INFO - [SCREENER] 99 markets in 6.8s | yes:36 no:15 | next in 30s
2026-07-30 12:45:50,075 - INFO - [BUY CONFIRMED] 未知 | Yes | size=5.0000 price=0.28
2026-07-30 12:46:12,584 - INFO - [SCREENER] 98 markets in 6.1s | yes:34 no:15 | next in 30s
2026-07-30 12:46:52,030 - INFO - [SCREENER] 100 markets in 7.0s | yes:35 no:14 | next in 30s
2026-07-30 12:46:52,184 - INFO - [SELL CONFIRMED] 未知 | No | size=1.2600 price=0.72
2026-07-30 12:47:06,149 - WARNING - [POSITION] 2107756874899721 best_bid=0.26 < 成本0.2900-0.02=0.2700，取消卖单等待
2026-07-30 12:47:23,176 - INFO - [SCREENER] 102 markets in 7.0s | yes:37 no:14 | next in 30s
2026-07-30 12:48:01,805 - INFO - [SCREENER] 107 markets in 6.4s | yes:34 no:15 | next in 30s
2026-07-30 12:48:40,793 - INFO - [SCREENER] 102 markets in 7.0s | yes:33 no:13 | next in 30s
2026-07-30 12:49:19,740 - INFO - [SCREENER] 103 markets in 6.5s | yes:32 no:13 | next in 30s
2026-07-30 12:49:23,108 - INFO - [LIMIT SELL] Will the highest temperature in Helsinki | 38.7400 shares @ 0.28
2026-07-30 12:49:23,108 - INFO - [POSITION] 限价卖出 1 个持仓
2026-07-30 12:49:33,273 - INFO - [SELL CONFIRMED] 未知 | Yes | size=0.0000 price=0.28
2026-07-30 12:49:50,320 - INFO - [SCREENER] 101 markets in 6.6s | yes:32 no:12 | next in 30s
2026-07-30 12:50:28,884 - INFO - [SCREENER] 103 markets in 6.4s | yes:33 no:13 | next in 30s
2026-07-30 12:51:07,176 - INFO - [SCREENER] 101 markets in 6.1s | yes:30 no:14 | next in 30s
2026-07-30 12:51:21,954 - INFO - [LIMIT SELL] 2107756874899721 更新卖价 0.28 → 0.27
2026-07-30 12:51:21,955 - INFO - [LIMIT SELL] Will the highest temperature in Helsinki | 10.7400 shares @ 0.27
2026-07-30 12:51:21,957 - INFO - [POSITION] 限价卖出 1 个持仓
2026-07-30 12:51:31,203 - INFO - [SELL CONFIRMED] 未知 | Yes | size=0.0000 price=0.27
2026-07-30 12:51:38,593 - INFO - [SCREENER] 102 markets in 6.6s | yes:31 no:12 | next in 30s
2026-07-30 12:51:50,426 - INFO - [SELL CONFIRMED] 未知 | No | size=1.2600 price=0.73
2026-07-30 12:52:17,978 - INFO - [SCREENER] 100 markets in 7.1s | yes:31 no:12 | next in 30s
2026-07-30 12:52:57,014 - INFO - [SCREENER] 100 markets in 6.9s | yes:31 no:11 | next in 30s
2026-07-30 12:53:36,003 - INFO - [SCREENER] 104 markets in 6.8s | yes:31 no:14 | next in 30s
2026-07-30 12:53:39,578 - WARNING - [POSITION] 2107756874899721 best_bid=0.26 < 成本0.2900-0.02=0.2700，取消卖单等待
2026-07-30 12:54:06,858 - INFO - [SCREENER] 104 markets in 6.6s | yes:30 no:15 | next in 30s
2026-07-30 12:54:46,126 - INFO - [SCREENER] 104 markets in 6.8s | yes:29 no:13 | next in 30s
2026-07-30 12:55:25,195 - INFO - [SCREENER] 107 markets in 6.7s | yes:27 no:15 | next in 30s
2026-07-30 12:55:56,561 - INFO - [SCREENER] 108 markets in 7.0s | yes:28 no:12 | next in 30s
2026-07-30 12:56:35,342 - INFO - [SCREENER] 109 markets in 6.5s | yes:28 no:17 | next in 30s
2026-07-30 12:57:13,809 - INFO - [SCREENER] 108 markets in 6.0s | yes:28 no:17 | next in 30s
2026-07-30 12:57:52,620 - INFO - [SCREENER] 109 markets in 6.7s | yes:28 no:17 | next in 30s
2026-07-30 12:58:23,147 - INFO - [SCREENER] 105 markets in 6.4s | yes:27 no:18 | next in 30s
2026-07-30 12:59:02,166 - INFO - [SCREENER] 100 markets in 6.9s | yes:29 no:12 | next in 30s
2026-07-30 12:59:41,625 - INFO - [SCREENER] 103 markets in 7.2s | yes:27 no:13 | next in 30s
2026-07-30 13:00:12,016 - INFO - [SCREENER] 101 markets in 6.5s | yes:25 no:13 | next in 30s
2026-07-30 13:00:50,991 - INFO - [SCREENER] 101 markets in 7.0s | yes:25 no:13 | next in 30s
2026-07-30 13:01:29,460 - INFO - [SCREENER] 100 markets in 6.5s | yes:26 no:12 | next in 30s
2026-07-30 13:02:07,622 - INFO - [SCREENER] 103 markets in 6.2s | yes:23 no:10 | next in 30s
2026-07-30 13:02:38,065 - INFO - [SCREENER] 99 markets in 6.4s | yes:23 no:8 | next in 30s
2026-07-30 13:03:16,775 - INFO - [SCREENER] 98 markets in 6.7s | yes:23 no:8 | next in 30s
2026-07-30 13:03:55,641 - INFO - [SCREENER] 101 markets in 6.6s | yes:23 no:6 | next in 30s
2026-07-30 13:04:27,004 - INFO - [SCREENER] 99 markets in 6.8s | yes:23 no:8 | next in 30s
2026-07-30 13:05:06,428 - INFO - [SCREENER] 100 markets in 7.4s | yes:23 no:9 | next in 30s
2026-07-30 13:05:44,834 - INFO - [SCREENER] 98 markets in 6.4s | yes:25 no:8 | next in 30s
2026-07-30 13:06:23,243 - INFO - [SCREENER] 100 markets in 6.4s | yes:28 no:10 | next in 30s
2026-07-30 13:06:53,735 - INFO - [SCREENER] 103 markets in 6.4s | yes:28 no:10 | next in 30s
2026-07-30 13:07:32,767 - INFO - [SCREENER] 104 markets in 6.6s | yes:31 no:10 | next in 30s
2026-07-30 13:08:11,658 - INFO - [SCREENER] 103 markets in 6.9s | yes:31 no:10 | next in 30s
2026-07-30 13:08:42,242 - INFO - [SCREENER] 110 markets in 6.8s | yes:29 no:13 | next in 30s
2026-07-30 13:09:13,274 - INFO - [SCREENER] 110 markets in 6.9s | yes:27 no:12 | next in 30s
2026-07-30 13:09:59,526 - INFO - [SCREENER] 113 markets in 13.8s | yes:27 no:14 | next in 30s
2026-07-30 13:10:27,509 - INFO - [SCREENER] 113 markets in 6.2s | yes:28 no:14 | next in 30s
2026-07-30 13:11:09,056 - INFO - [SCREENER] 113 markets in 7.3s | yes:26 no:12 | next in 30s
2026-07-30 13:11:49,334 - INFO - [SCREENER] 114 markets in 6.0s | yes:28 no:7 | next in 30s
2026-07-30 13:12:28,708 - INFO - [SCREENER] 116 markets in 6.8s | yes:30 no:9 | next in 30s
2026-07-30 13:12:59,200 - INFO - [SCREENER] 115 markets in 6.8s | yes:29 no:8 | next in 30s
2026-07-30 13:13:37,755 - INFO - [SCREENER] 117 markets in 6.2s | yes:28 no:8 | next in 30s
2026-07-30 13:14:16,620 - INFO - [SCREENER] 119 markets in 6.4s | yes:29 no:9 | next in 30s
2026-07-30 13:14:54,917 - INFO - [SCREENER] 118 markets in 6.4s | yes:29 no:9 | next in 30s
2026-07-30 13:15:24,839 - INFO - [SCREENER] 117 markets in 6.2s | yes:27 no:7 | next in 30s
2026-07-30 13:16:03,877 - INFO - [SCREENER] 118 markets in 6.7s | yes:26 no:8 | next in 30s
2026-07-30 13:16:42,712 - INFO - [SCREENER] 116 markets in 6.6s | yes:27 no:7 | next in 30s
2026-07-30 13:17:13,525 - INFO - [SCREENER] 119 markets in 7.0s | yes:26 no:9 | next in 30s
2026-07-30 13:17:52,654 - INFO - [SCREENER] 122 markets in 6.5s | yes:28 no:7 | next in 30s
2026-07-30 13:18:32,134 - INFO - [SCREENER] 117 markets in 7.1s | yes:30 no:7 | next in 30s
2026-07-30 13:19:14,533 - INFO - [SCREENER] 117 markets in 7.5s | yes:32 no:7 | next in 30s
2026-07-30 13:19:53,505 - INFO - [SCREENER] 122 markets in 6.8s | yes:31 no:5 | next in 30s
2026-07-30 13:20:32,608 - INFO - [SCREENER] 122 markets in 6.7s | yes:37 no:6 | next in 30s
2026-07-30 13:21:14,777 - INFO - [SCREENER] 119 markets in 6.7s | yes:36 no:6 | next in 30s
2026-07-30 13:21:53,445 - INFO - [SCREENER] 120 markets in 6.1s | yes:34 no:6 | next in 30s
2026-07-30 13:22:24,178 - INFO - [BUY CONFIRMED] 未知 | Yes | size=7.7547 price=0.53
2026-07-30 13:22:31,838 - INFO - [SCREENER] 119 markets in 6.2s | yes:34 no:5 | next in 30s
2026-07-30 13:23:10,545 - INFO - [SCREENER] 119 markets in 6.5s | yes:27 no:5 | next in 30s
2026-07-30 13:23:13,880 - INFO - [LIMIT SELL] Will the highest temperature in Paris be | 7.7547 shares @ 0.47
2026-07-30 13:23:13,881 - INFO - [POSITION] 限价卖出 1 个持仓
2026-07-30 13:23:23,729 - INFO - [SELL CONFIRMED] 未知 | No | size=0.0000 price=0.47
2026-07-30 13:23:40,817 - INFO - [SCREENER] 117 markets in 6.3s | yes:28 no:5 | next in 30s
2026-07-30 13:24:20,383 - INFO - [SCREENER] 114 markets in 7.4s | yes:28 no:7 | next in 30s
2026-07-30 13:24:59,660 - INFO - [SCREENER] 113 markets in 6.3s | yes:27 no:6 | next in 30s
2026-07-30 13:25:30,116 - INFO - [SCREENER] 114 markets in 6.7s | yes:27 no:6 | next in 30s
2026-07-30 13:26:08,670 - INFO - [SCREENER] 117 markets in 6.4s | yes:26 no:7 | next in 30s
2026-07-30 13:26:47,273 - INFO - [SCREENER] 115 markets in 6.5s | yes:27 no:5 | next in 30s
2026-07-30 13:27:26,268 - INFO - [SCREENER] 110 markets in 6.8s | yes:24 no:6 | next in 30s
2026-07-30 13:27:56,830 - INFO - [SCREENER] 113 markets in 6.6s | yes:26 no:5 | next in 30s
2026-07-30 13:28:36,372 - INFO - [SCREENER] 103 markets in 7.2s | yes:26 no:7 | next in 30s
2026-07-30 13:29:14,679 - INFO - [SCREENER] 104 markets in 6.4s | yes:26 no:7 | next in 30s
2026-07-30 13:29:44,868 - INFO - [SCREENER] 104 markets in 6.2s | yes:25 no:6 | next in 30s
2026-07-30 13:30:23,920 - INFO - [SCREENER] 107 markets in 6.8s | yes:26 no:7 | next in 30s
2026-07-30 13:31:02,656 - INFO - [SCREENER] 109 markets in 6.5s | yes:26 no:6 | next in 30s
2026-07-30 13:31:40,911 - INFO - [SCREENER] 108 markets in 6.1s | yes:24 no:4 | next in 30s
2026-07-30 13:32:21,529 - INFO - [SCREENER] 107 markets in 6.4s | yes:31 no:5 | next in 30s
2026-07-30 13:33:00,154 - INFO - [SCREENER] 107 markets in 6.5s | yes:33 no:5 | next in 30s
2026-07-30 13:33:38,962 - INFO - [SCREENER] 106 markets in 6.5s | yes:31 no:5 | next in 30s
2026-07-30 13:34:09,835 - INFO - [SCREENER] 106 markets in 6.7s | yes:29 no:6 | next in 30s
2026-07-30 13:34:49,456 - INFO - [SCREENER] 107 markets in 7.6s | yes:29 no:4 | next in 30s
2026-07-30 13:35:36,243 - INFO - [SCREENER] 108 markets in 14.8s | yes:30 no:5 | next in 30s
2026-07-30 13:36:04,631 - INFO - [SCREENER] 110 markets in 6.8s | yes:28 no:6 | next in 30s
2026-07-30 13:36:35,860 - INFO - [SCREENER] 113 markets in 7.1s | yes:27 no:5 | next in 30s
2026-07-30 13:37:15,678 - INFO - [SCREENER] 114 markets in 7.2s | yes:26 no:6 | next in 30s
2026-07-30 13:37:53,946 - INFO - [SCREENER] 113 markets in 6.4s | yes:26 no:5 | next in 30s
2026-07-30 13:38:23,996 - INFO - [SCREENER] 116 markets in 6.2s | yes:29 no:8 | next in 30s
2026-07-30 13:39:02,683 - INFO - [SCREENER] 119 markets in 6.6s | yes:31 no:6 | next in 30s
2026-07-30 13:39:41,570 - INFO - [SCREENER] 120 markets in 6.5s | yes:33 no:7 | next in 30s
2026-07-30 13:40:20,758 - INFO - [SCREENER] 119 markets in 7.0s | yes:33 no:8 | next in 30s
2026-07-30 13:40:50,868 - INFO - [SCREENER] 119 markets in 6.3s | yes:31 no:7 | next in 30s
2026-07-30 13:41:29,814 - INFO - [SCREENER] 119 markets in 6.9s | yes:30 no:8 | next in 30s
2026-07-30 13:42:08,510 - INFO - [SCREENER] 119 markets in 6.8s | yes:29 no:6 | next in 30s
2026-07-30 13:42:41,013 - INFO - [SCREENER] 119 markets in 7.9s | yes:31 no:7 | next in 30s
2026-07-30 13:43:21,981 - INFO - [SCREENER] 118 markets in 8.7s | yes:30 no:7 | next in 30s
2026-07-30 13:43:53,060 - INFO - [SCREENER] 117 markets in 9.0s | yes:32 no:6 | next in 30s
2026-07-30 13:44:24,008 - INFO - [SCREENER] 117 markets in 9.0s | yes:31 no:6 | next in 30s
2026-07-30 13:44:59,289 - INFO - [SCREENER] 117 markets in 6.3s | yes:32 no:7 | next in 30s
2026-07-30 13:45:39,550 - INFO - [SCREENER] 117 markets in 8.0s | yes:32 no:6 | next in 30s
2026-07-30 13:46:17,723 - INFO - [SCREENER] 119 markets in 6.2s | yes:31 no:7 | next in 30s
2026-07-30 13:46:56,582 - INFO - [SCREENER] 121 markets in 6.8s | yes:31 no:5 | next in 30s
2026-07-30 13:47:27,238 - INFO - [SCREENER] 122 markets in 6.7s | yes:23 no:6 | next in 30s
2026-07-30 13:48:05,436 - INFO - [SCREENER] 122 markets in 6.3s | yes:22 no:7 | next in 30s
2026-07-30 13:48:44,156 - INFO - [SCREENER] 122 markets in 6.4s | yes:20 no:5 | next in 30s
2026-07-30 13:49:14,696 - INFO - [SCREENER] 128 markets in 6.4s | yes:20 no:5 | next in 30s
2026-07-30 13:49:52,783 - INFO - [SCREENER] 125 markets in 5.9s | yes:19 no:4 | next in 30s
2026-07-30 13:50:30,727 - INFO - [SCREENER] 122 markets in 5.8s | yes:18 no:7 | next in 30s
2026-07-30 13:51:09,286 - INFO - [SCREENER] 119 markets in 6.6s | yes:19 no:5 | next in 30s
2026-07-30 13:51:39,900 - INFO - [SCREENER] 117 markets in 6.9s | yes:16 no:4 | next in 30s
2026-07-30 13:52:18,718 - INFO - [SCREENER] 119 markets in 6.8s | yes:14 no:3 | next in 30s
2026-07-30 13:52:57,499 - INFO - [SCREENER] 120 markets in 6.5s | yes:15 no:3 | next in 30s
2026-07-30 13:53:27,334 - INFO - [SCREENER] 116 markets in 6.2s | yes:15 no:3 | next in 30s
2026-07-30 13:54:05,878 - INFO - [SCREENER] 115 markets in 6.7s | yes:13 no:3 | next in 30s
2026-07-30 13:54:43,773 - INFO - [SCREENER] 117 markets in 6.1s | yes:14 no:3 | next in 30s
2026-07-30 13:55:22,495 - INFO - [SCREENER] 111 markets in 6.9s | yes:16 no:4 | next in 30s
2026-07-30 13:55:53,378 - INFO - [SCREENER] 112 markets in 7.3s | yes:14 no:3 | next in 30s
2026-07-30 13:56:31,947 - INFO - [SCREENER] 109 markets in 6.5s | yes:15 no:2 | next in 30s
2026-07-30 13:57:10,589 - INFO - [SCREENER] 110 markets in 6.4s | yes:15 no:5 | next in 30s
2026-07-30 13:57:41,104 - INFO - [SCREENER] 109 markets in 6.8s | yes:16 no:2 | next in 30s
2026-07-30 13:58:20,111 - INFO - [SCREENER] 100 markets in 7.1s | yes:17 no:2 | next in 30s
2026-07-30 13:58:58,455 - INFO - [SCREENER] 101 markets in 6.3s | yes:20 no:2 | next in 30s
2026-07-30 13:59:37,176 - INFO - [SCREENER] 96 markets in 6.9s | yes:21 no:2 | next in 30s
2026-07-30 14:00:07,729 - INFO - [SCREENER] 96 markets in 6.5s | yes:18 no:2 | next in 30s
2026-07-30 14:00:46,358 - INFO - [SCREENER] 97 markets in 6.7s | yes:19 no:2 | next in 30s
2026-07-30 14:01:25,195 - INFO - [SCREENER] 99 markets in 6.8s | yes:19 no:2 | next in 30s
2026-07-30 14:01:55,749 - INFO - [SCREENER] 100 markets in 7.2s | yes:19 no:2 | next in 30s
2026-07-30 14:02:33,947 - INFO - [SCREENER] 98 markets in 6.3s | yes:20 no:2 | next in 30s
2026-07-30 14:03:12,945 - INFO - [SCREENER] 97 markets in 7.2s | yes:21 no:2 | next in 30s
2026-07-30 14:03:51,377 - INFO - [SCREENER] 94 markets in 6.4s | yes:21 no:1 | next in 30s
2026-07-30 14:04:21,350 - INFO - [SCREENER] 91 markets in 6.1s | yes:23 no:3 | next in 30s
2026-07-30 14:05:00,164 - INFO - [SCREENER] 95 markets in 6.5s | yes:22 no:3 | next in 30s
2026-07-30 14:05:38,487 - INFO - [SCREENER] 96 markets in 6.3s | yes:20 no:2 | next in 30s
2026-07-30 14:06:08,378 - INFO - [SCREENER] 99 markets in 6.0s | yes:20 no:1 | next in 30s
2026-07-30 14:06:47,190 - INFO - [SCREENER] 104 markets in 7.0s | yes:21 no:0 | next in 30s
2026-07-30 14:07:25,341 - INFO - [SCREENER] 106 markets in 6.3s | yes:18 no:0 | next in 30s
2026-07-30 14:08:03,973 - INFO - [SCREENER] 110 markets in 6.3s | yes:18 no:2 | next in 30s
2026-07-30 14:08:45,477 - INFO - [SCREENER] 115 markets in 7.2s | yes:21 no:3 | next in 30s
2026-07-30 14:09:24,631 - INFO - [SCREENER] 119 markets in 7.2s | yes:20 no:3 | next in 30s
2026-07-30 14:10:03,571 - INFO - [SCREENER] 120 markets in 6.9s | yes:20 no:2 | next in 30s
2026-07-30 14:10:33,450 - INFO - [SCREENER] 119 markets in 6.4s | yes:20 no:3 | next in 30s
2026-07-30 14:11:11,288 - INFO - [SCREENER] 119 markets in 6.1s | yes:22 no:3 | next in 30s
2026-07-30 14:11:49,272 - INFO - [SCREENER] 115 markets in 6.0s | yes:23 no:2 | next in 30s
2026-07-30 14:12:28,109 - INFO - [SCREENER] 117 markets in 7.0s | yes:24 no:2 | next in 30s
2026-07-30 14:12:57,983 - INFO - [SCREENER] 120 markets in 6.2s | yes:20 no:2 | next in 30s
2026-07-30 14:13:38,320 - INFO - [SCREENER] 119 markets in 8.1s | yes:21 no:1 | next in 30s
2026-07-30 14:14:17,329 - INFO - [SCREENER] 117 markets in 7.2s | yes:21 no:2 | next in 30s
2026-07-30 14:14:47,178 - INFO - [SCREENER] 118 markets in 6.3s | yes:23 no:3 | next in 30s
2026-07-30 14:15:25,459 - INFO - [SCREENER] 117 markets in 6.6s | yes:24 no:4 | next in 30s
2026-07-30 14:16:04,596 - INFO - [SCREENER] 120 markets in 6.7s | yes:23 no:4 | next in 30s
2026-07-30 14:16:42,920 - INFO - [SCREENER] 121 markets in 6.4s | yes:27 no:3 | next in 30s
2026-07-30 14:17:13,002 - INFO - [SCREENER] 124 markets in 6.3s | yes:29 no:3 | next in 30s
2026-07-30 14:17:51,472 - INFO - [SCREENER] 128 markets in 6.4s | yes:25 no:3 | next in 30s
2026-07-30 14:18:29,833 - INFO - [SCREENER] 123 markets in 6.2s | yes:25 no:3 | next in 30s
2026-07-30 14:19:10,733 - INFO - [SCREENER] 125 markets in 6.7s | yes:26 no:2 | next in 30s
2026-07-30 14:19:49,545 - INFO - [SCREENER] 126 markets in 6.4s | yes:26 no:2 | next in 30s
2026-07-30 14:20:28,202 - INFO - [SCREENER] 131 markets in 6.7s | yes:27 no:2 | next in 30s
2026-07-30 14:21:10,555 - INFO - [SCREENER] 124 markets in 7.1s | yes:27 no:2 | next in 30s
2026-07-30 14:21:49,204 - INFO - [SCREENER] 127 markets in 6.4s | yes:25 no:2 | next in 30s
2026-07-30 14:22:27,807 - INFO - [SCREENER] 127 markets in 6.3s | yes:24 no:2 | next in 30s
2026-07-30 14:23:05,603 - INFO - [SCREENER] 127 markets in 5.9s | yes:22 no:2 | next in 30s
2026-07-30 14:23:45,752 - INFO - [SCREENER] 129 markets in 6.2s | yes:22 no:1 | next in 30s
2026-07-30 14:24:23,844 - INFO - [SCREENER] 130 markets in 6.0s | yes:22 no:1 | next in 30s
2026-07-30 14:25:01,730 - INFO - [SCREENER] 128 markets in 6.0s | yes:22 no:1 | next in 30s
2026-07-30 14:25:42,608 - INFO - [SCREENER] 129 markets in 6.5s | yes:24 no:0 | next in 30s
2026-07-30 14:26:20,944 - INFO - [SCREENER] 126 markets in 6.3s | yes:26 no:1 | next in 30s
2026-07-30 14:26:59,413 - INFO - [SCREENER] 120 markets in 6.6s | yes:26 no:1 | next in 30s
2026-07-30 14:27:39,921 - INFO - [SCREENER] 119 markets in 6.3s | yes:26 no:2 | next in 30s
2026-07-30 14:28:18,295 - INFO - [SCREENER] 121 markets in 6.1s | yes:24 no:1 | next in 30s
2026-07-30 14:28:56,432 - INFO - [SCREENER] 122 markets in 6.2s | yes:23 no:2 | next in 30s
2026-07-30 14:29:35,162 - INFO - [SCREENER] 124 markets in 6.9s | yes:22 no:1 | next in 30s
2026-07-30 14:30:05,372 - INFO - [SCREENER] 123 markets in 6.3s | yes:21 no:1 | next in 30s
2026-07-30 14:30:44,295 - INFO - [SCREENER] 122 markets in 6.6s | yes:22 no:1 | next in 30s
2026-07-30 14:31:23,048 - INFO - [SCREENER] 127 markets in 6.7s | yes:22 no:1 | next in 30s
2026-07-30 14:31:53,077 - INFO - [SCREENER] 125 markets in 6.6s | yes:23 no:0 | next in 30s
2026-07-30 14:32:31,397 - INFO - [SCREENER] 127 markets in 6.4s | yes:25 no:1 | next in 30s
2026-07-30 14:33:10,579 - INFO - [SCREENER] 126 markets in 7.0s | yes:27 no:1 | next in 30s
2026-07-30 14:33:49,091 - INFO - [SCREENER] 127 markets in 6.2s | yes:28 no:2 | next in 30s
2026-07-30 14:34:19,247 - INFO - [SCREENER] 128 markets in 6.3s | yes:30 no:3 | next in 30s
2026-07-30 14:34:57,889 - INFO - [SCREENER] 125 markets in 6.4s | yes:31 no:2 | next in 30s
2026-07-30 14:35:36,571 - INFO - [SCREENER] 126 markets in 6.6s | yes:29 no:5 | next in 30s
2026-07-30 14:36:17,314 - INFO - [SCREENER] 128 markets in 6.6s | yes:28 no:5 | next in 30s
2026-07-30 14:36:55,923 - INFO - [SCREENER] 130 markets in 6.2s | yes:31 no:5 | next in 30s
2026-07-30 14:37:35,015 - INFO - [SCREENER] 130 markets in 7.2s | yes:29 no:6 | next in 30s
2026-07-30 14:38:15,939 - INFO - [SCREENER] 134 markets in 6.2s | yes:32 no:6 | next in 30s
2026-07-30 14:38:54,987 - INFO - [SCREENER] 135 markets in 6.7s | yes:31 no:5 | next in 30s
2026-07-30 14:39:33,686 - INFO - [SCREENER] 135 markets in 6.5s | yes:32 no:6 | next in 30s
2026-07-30 14:40:11,595 - INFO - [SCREENER] 135 markets in 6.0s | yes:31 no:6 | next in 30s
2026-07-30 14:40:52,621 - INFO - [SCREENER] 134 markets in 6.5s | yes:31 no:5 | next in 30s
2026-07-30 14:41:31,360 - INFO - [SCREENER] 134 markets in 6.6s | yes:32 no:6 | next in 30s
2026-07-30 14:42:10,402 - INFO - [SCREENER] 137 markets in 6.1s | yes:33 no:4 | next in 30s
2026-07-30 14:42:50,456 - INFO - [SCREENER] 142 markets in 6.0s | yes:32 no:6 | next in 30s
2026-07-30 14:43:28,526 - INFO - [SCREENER] 139 markets in 5.8s | yes:29 no:8 | next in 30s
2026-07-30 14:44:07,122 - INFO - [SCREENER] 138 markets in 6.7s | yes:31 no:8 | next in 30s
2026-07-30 14:44:48,683 - INFO - [SCREENER] 138 markets in 7.0s | yes:32 no:10 | next in 30s
2026-07-30 14:45:27,374 - INFO - [SCREENER] 141 markets in 6.3s | yes:34 no:12 | next in 30s
2026-07-30 14:46:05,464 - INFO - [SCREENER] 143 markets in 6.2s | yes:35 no:11 | next in 30s
2026-07-30 14:46:44,623 - INFO - [SCREENER] 140 markets in 6.9s | yes:38 no:10 | next in 30s
2026-07-30 14:47:14,981 - INFO - [SCREENER] 141 markets in 6.6s | yes:40 no:11 | next in 30s
2026-07-30 14:47:54,568 - INFO - [SCREENER] 145 markets in 7.4s | yes:38 no:7 | next in 30s
2026-07-30 14:48:35,181 - INFO - [SCREENER] 145 markets in 8.3s | yes:33 no:8 | next in 30s
2026-07-30 14:49:06,244 - INFO - [SCREENER] 145 markets in 6.7s | yes:28 no:9 | next in 30s
2026-07-30 14:49:44,491 - INFO - [SCREENER] 149 markets in 5.9s | yes:27 no:8 | next in 30s
2026-07-30 14:50:22,570 - INFO - [SCREENER] 147 markets in 6.0s | yes:29 no:8 | next in 30s
2026-07-30 14:51:02,440 - INFO - [SCREENER] 146 markets in 7.8s | yes:30 no:8 | next in 30s
2026-07-30 14:51:32,883 - INFO - [SCREENER] 146 markets in 6.9s | yes:30 no:9 | next in 30s
2026-07-30 14:52:11,663 - INFO - [SCREENER] 148 markets in 6.5s | yes:33 no:9 | next in 30s
2026-07-30 14:52:50,192 - INFO - [SCREENER] 146 markets in 6.6s | yes:32 no:10 | next in 30s
2026-07-30 14:53:21,010 - INFO - [SCREENER] 146 markets in 6.8s | yes:34 no:8 | next in 30s
2026-07-30 14:54:01,605 - INFO - [SCREENER] 148 markets in 8.5s | yes:35 no:8 | next in 30s
2026-07-30 14:54:29,780 - INFO - [SCREENER] 147 markets in 6.3s | yes:33 no:9 | next in 30s
2026-07-30 14:55:09,292 - INFO - [SCREENER] 147 markets in 7.1s | yes:32 no:9 | next in 30s
2026-07-30 14:55:39,365 - INFO - [SCREENER] 146 markets in 6.0s | yes:32 no:9 | next in 30s
2026-07-30 14:56:17,483 - INFO - [SCREENER] 148 markets in 6.1s | yes:32 no:10 | next in 30s
2026-07-30 14:56:56,167 - INFO - [SCREENER] 148 markets in 6.6s | yes:31 no:8 | next in 30s
2026-07-30 14:57:27,115 - INFO - [SCREENER] 148 markets in 7.2s | yes:31 no:10 | next in 30s
2026-07-30 14:58:05,903 - INFO - [SCREENER] 144 markets in 6.6s | yes:31 no:6 | next in 30s
2026-07-30 14:58:43,835 - INFO - [SCREENER] 144 markets in 6.1s | yes:28 no:5 | next in 30s
2026-07-30 14:59:23,289 - INFO - [SCREENER] 141 markets in 7.3s | yes:28 no:4 | next in 30s
2026-07-30 14:59:53,187 - INFO - [SCREENER] 134 markets in 6.1s | yes:26 no:3 | next in 30s
2026-07-30 15:00:31,752 - INFO - [SCREENER] 137 markets in 6.4s | yes:26 no:4 | next in 30s
2026-07-30 15:01:10,336 - INFO - [SCREENER] 138 markets in 6.7s | yes:26 no:4 | next in 30s
2026-07-30 15:01:41,732 - INFO - [SCREENER] 134 markets in 7.7s | yes:26 no:4 | next in 30s
2026-07-30 15:02:20,105 - INFO - [SCREENER] 132 markets in 6.3s | yes:27 no:4 | next in 30s
2026-07-30 15:02:58,228 - INFO - [SCREENER] 133 markets in 6.2s | yes:25 no:4 | next in 30s
2026-07-30 15:03:36,038 - INFO - [SCREENER] 126 markets in 5.9s | yes:26 no:4 | next in 30s
2026-07-30 15:04:16,207 - INFO - [SCREENER] 128 markets in 6.0s | yes:24 no:4 | next in 30s
2026-07-30 15:04:55,064 - INFO - [SCREENER] 127 markets in 6.2s | yes:24 no:4 | next in 30s
2026-07-30 15:05:33,141 - INFO - [SCREENER] 125 markets in 6.1s | yes:25 no:5 | next in 30s
2026-07-30 15:06:13,582 - INFO - [SCREENER] 122 markets in 6.2s | yes:25 no:6 | next in 30s
2026-07-30 15:06:51,610 - INFO - [SCREENER] 128 markets in 6.2s | yes:26 no:6 | next in 30s
2026-07-30 15:07:30,671 - INFO - [SCREENER] 132 markets in 6.9s | yes:26 no:6 | next in 30s
2026-07-30 15:08:10,751 - INFO - [SCREENER] 132 markets in 5.8s | yes:28 no:7 | next in 30s
2026-07-30 15:08:49,749 - INFO - [SCREENER] 141 markets in 6.9s | yes:27 no:8 | next in 30s
2026-07-30 15:09:28,243 - INFO - [SCREENER] 143 markets in 6.3s | yes:30 no:7 | next in 30s
2026-07-30 15:10:06,560 - INFO - [SCREENER] 144 markets in 6.4s | yes:29 no:6 | next in 30s
2026-07-30 15:10:36,656 - INFO - [SCREENER] 146 markets in 6.3s | yes:30 no:8 | next in 30s
2026-07-30 15:11:15,100 - INFO - [SCREENER] 150 markets in 6.4s | yes:32 no:8 | next in 30s
2026-07-30 15:11:53,790 - INFO - [SCREENER] 155 markets in 6.5s | yes:32 no:10 | next in 30s
2026-07-30 15:12:24,003 - INFO - [SCREENER] 155 markets in 6.2s | yes:37 no:7 | next in 30s
2026-07-30 15:13:04,337 - INFO - [SCREENER] 153 markets in 7.0s | yes:39 no:7 | next in 30s
2026-07-30 15:13:42,704 - INFO - [SCREENER] 152 markets in 6.3s | yes:39 no:7 | next in 30s
2026-07-30 15:14:21,763 - INFO - [SCREENER] 153 markets in 6.9s | yes:45 no:8 | next in 30s
2026-07-30 15:14:52,372 - INFO - [SCREENER] 153 markets in 6.7s | yes:41 no:8 | next in 30s
2026-07-30 15:15:31,182 - INFO - [SCREENER] 150 markets in 6.6s | yes:50 no:7 | next in 30s
2026-07-30 15:16:10,915 - INFO - [SCREENER] 152 markets in 7.4s | yes:49 no:6 | next in 30s
2026-07-30 15:16:41,462 - INFO - [SCREENER] 153 markets in 6.5s | yes:50 no:5 | next in 30s
2026-07-30 15:17:20,331 - INFO - [SCREENER] 151 markets in 6.7s | yes:43 no:5 | next in 30s
2026-07-30 15:17:59,073 - INFO - [SCREENER] 153 markets in 6.3s | yes:41 no:4 | next in 30s
2026-07-30 15:18:38,161 - INFO - [SCREENER] 153 markets in 6.6s | yes:41 no:4 | next in 30s
2026-07-30 15:19:15,309 - INFO - [SCREENER] 153 markets in 13.4s | yes:40 no:5 | next in 30s
2026-07-30 15:19:43,306 - INFO - [SCREENER] 154 markets in 6.3s | yes:39 no:4 | next in 30s
2026-07-30 15:20:21,316 - INFO - [SCREENER] 153 markets in 6.0s | yes:39 no:5 | next in 30s
2026-07-30 15:20:52,315 - INFO - [SCREENER] 154 markets in 6.7s | yes:43 no:6 | next in 30s
2026-07-30 15:21:31,437 - INFO - [SCREENER] 151 markets in 7.1s | yes:46 no:6 | next in 30s
2026-07-30 15:22:10,356 - INFO - [SCREENER] 153 markets in 6.5s | yes:48 no:6 | next in 30s
2026-07-30 15:22:48,657 - INFO - [SCREENER] 154 markets in 6.2s | yes:48 no:6 | next in 30s
2026-07-30 15:23:29,341 - INFO - [SCREENER] 154 markets in 6.6s | yes:47 no:5 | next in 30s
2026-07-30 15:24:08,703 - INFO - [SCREENER] 154 markets in 7.1s | yes:44 no:6 | next in 30s
2026-07-30 15:24:47,379 - INFO - [SCREENER] 153 markets in 6.5s | yes:39 no:6 | next in 30s
2026-07-30 15:25:17,192 - INFO - [SCREENER] 155 markets in 6.0s | yes:41 no:6 | next in 30s
2026-07-30 15:25:55,658 - INFO - [SCREENER] 152 markets in 6.4s | yes:43 no:5 | next in 30s
2026-07-30 15:26:34,702 - INFO - [SCREENER] 155 markets in 6.8s | yes:41 no:6 | next in 30s
2026-07-30 15:27:15,264 - INFO - [SCREENER] 153 markets in 8.1s | yes:42 no:7 | next in 30s
2026-07-30 15:27:18,787 - INFO - [LIMIT SELL] Will the highest temperature in Helsinki | 4.4800 shares @ 0.27
2026-07-30 15:27:18,788 - INFO - [POSITION] 限价卖出 1 个持仓
2026-07-30 15:27:27,263 - INFO - [SELL CONFIRMED] 未知 | Yes | size=0.0000 price=0.27
2026-07-30 15:27:45,347 - INFO - [SCREENER] 152 markets in 5.8s | yes:43 no:7 | next in 30s
2026-07-30 15:28:22,318 - INFO - 收到停止信号，优雅退出...
2026-07-30 15:28:23,445 - INFO - [SCREENER] 152 markets in 6.2s | yes:45 no:7 | next in 30s
2026-07-30 15:28:24,210 - INFO - 开始优雅关闭...
2026-07-30 15:28:24,460 - INFO - [CANCEL ALL] 46 已取消 | 系统关闭
2026-07-30 15:28:24,471 - WARNING - [USER WS] close code=None reason=None
2026-07-30 15:28:26,977 - INFO - [HEARTBEAT] 已停止
2026-07-30 15:28:26,977 - INFO - ============================================================
系统已停止
============================================================
2026-07-30 15:28:47,109 - INFO - ============================================================
2026-07-30 15:28:47,109 - INFO - Maker-only Guardian V7.0 启动
2026-07-30 15:28:47,109 - INFO - 地址: 0x304bf40e9e50c265f6dd86417707d5b41d8ea619 | 档: 2 | 量: 50 | 冷却: 120s | 心跳: 7.0s
2026-07-30 15:28:47,109 - INFO - 筛选器: keyword=temp top1=50 top2=1000 top3=2000 existing=3000 rewards>=20
2026-07-30 15:28:47,109 - INFO - 实例: bot1 | midpoint=[0.15, 0.85]
2026-07-30 15:28:47,109 - INFO - ============================================================
2026-07-30 15:28:47,110 - INFO - [HEARTBEAT] 已启动 interval=7.0s
2026-07-30 15:29:23,963 - INFO - [SCREENER] 157 markets in 6.3s | yes:48 no:5 | next in 30s
2026-07-30 15:29:32,609 - INFO - 收到停止信号，优雅退出...
2026-07-30 15:29:33,011 - INFO - 开始优雅关闭...
2026-07-30 15:29:33,340 - INFO - [CANCEL ALL] 11 已取消 | 系统关闭
2026-07-30 15:29:33,589 - WARNING - [USER WS] close code=None reason=None
2026-07-30 15:29:38,592 - INFO - [HEARTBEAT] 已停止
2026-07-30 15:29:38,592 - INFO - ============================================================
系统已停止
============================================================
2026-07-30 15:30:05,106 - INFO - ============================================================
2026-07-30 15:30:05,106 - INFO - Maker-only Guardian V7.0 启动
2026-07-30 15:30:05,106 - INFO - 地址: 0x304bf40e9e50c265f6dd86417707d5b41d8ea619 | 档: 2 | 量: 50 | 冷却: 120s | 心跳: 7.0s
2026-07-30 15:30:05,106 - INFO - 筛选器: keyword=temp top1=50 top2=1000 top3=2000 existing=3000 rewards>=10
2026-07-30 15:30:05,106 - INFO - 实例: bot1 | midpoint=[0.15, 0.85]
2026-07-30 15:30:05,106 - INFO - ============================================================
2026-07-30 15:30:05,107 - INFO - [HEARTBEAT] 已启动 interval=7.0s
2026-07-30 15:30:42,602 - INFO - [SCREENER] 179 markets in 6.9s | yes:46 no:5 | next in 30s
2026-07-30 15:30:47,127 - ERROR - [py_clob_client_v2] request error: Server disconnected
2026-07-30 15:30:47,127 - ERROR - [py_clob_client_v2] request error: Server disconnected
2026-07-30 15:30:47,128 - ERROR - [PLACE FAIL] 1051426544222744... price=0.34 attempt=1/2 | PolyApiException[status_code=None, error_message=Request exception!]
2026-07-30 15:30:47,128 - ERROR - [PLACE FAIL] 4602856307906079... price=0.62 attempt=1/2 | PolyApiException[status_code=None, error_message=Request exception!]
2026-07-30 15:30:59,198 - ERROR - [py_clob_client_v2] request error: Server disconnected
2026-07-30 15:30:59,198 - ERROR - [py_clob_client_v2] request error: Server disconnected
2026-07-30 15:30:59,198 - ERROR - 获取订单簿失败: 84552968680743469789... | PolyApiException[status_code=None, error_message=Request exception!]
2026-07-30 15:30:59,198 - ERROR - [PLACE FAIL] 3309980056988334... price=0.44 attempt=1/2 | PolyApiException[status_code=None, error_message=Request exception!]
2026-07-30 15:31:00,196 - WARNING - [RETRY] 8455296868074346 bids不足2档，10s后重试
2026-07-30 15:31:21,473 - INFO - [SCREENER] 178 markets in 6.7s | yes:45 no:7 | next in 30s
2026-07-30 15:32:00,007 - INFO - [SCREENER] 182 markets in 6.5s | yes:42 no:6 | next in 30s
2026-07-30 15:32:31,774 - INFO - [SCREENER] 184 markets in 7.5s | yes:44 no:8 | next in 30s
2026-07-30 15:33:10,714 - INFO - [SCREENER] 184 markets in 6.6s | yes:43 no:6 | next in 30s
2026-07-30 15:33:49,366 - INFO - [SCREENER] 182 markets in 6.5s | yes:43 no:7 | next in 30s
2026-07-30 15:34:27,690 - INFO - [SCREENER] 186 markets in 6.4s | yes:46 no:6 | next in 30s
2026-07-30 15:34:58,783 - INFO - [SCREENER] 187 markets in 7.2s | yes:44 no:6 | next in 30s
2026-07-30 15:35:38,087 - INFO - [SCREENER] 180 markets in 6.8s | yes:43 no:3 | next in 30s
2026-07-30 15:36:16,465 - INFO - [SCREENER] 182 markets in 6.2s | yes:45 no:3 | next in 30s
2026-07-30 15:36:47,234 - INFO - [SCREENER] 181 markets in 6.6s | yes:45 no:3 | next in 30s
2026-07-30 15:37:26,656 - INFO - [SCREENER] 180 markets in 7.2s | yes:44 no:2 | next in 30s
2026-07-30 15:38:06,845 - INFO - [SCREENER] 179 markets in 6.6s | yes:43 no:0 | next in 30s
2026-07-30 15:38:48,194 - INFO - [SCREENER] 190 markets in 6.9s | yes:48 no:2 | next in 30s
2026-07-30 15:39:26,526 - INFO - [SCREENER] 193 markets in 6.4s | yes:49 no:3 | next in 30s
2026-07-30 15:40:05,095 - INFO - [SCREENER] 188 markets in 6.4s | yes:48 no:3 | next in 30s
2026-07-30 15:40:43,226 - INFO - [SCREENER] 188 markets in 6.1s | yes:48 no:4 | next in 30s
2026-07-30 15:41:14,801 - INFO - [SCREENER] 186 markets in 7.6s | yes:49 no:3 | next in 30s
2026-07-30 15:41:53,598 - INFO - [SCREENER] 187 markets in 6.6s | yes:49 no:4 | next in 30s
2026-07-30 15:42:32,961 - INFO - [SCREENER] 185 markets in 7.3s | yes:50 no:3 | next in 30s
2026-07-30 15:43:03,051 - INFO - [SCREENER] 186 markets in 6.4s | yes:48 no:3 | next in 30s
2026-07-30 15:43:41,911 - INFO - [SCREENER] 185 markets in 6.9s | yes:50 no:4 | next in 30s
2026-07-30 15:44:21,684 - INFO - [SCREENER] 187 markets in 7.3s | yes:51 no:5 | next in 30s
2026-07-30 15:45:00,553 - INFO - [SCREENER] 191 markets in 6.9s | yes:48 no:4 | next in 30s
2026-07-30 15:45:30,718 - INFO - [SCREENER] 191 markets in 6.1s | yes:50 no:4 | next in 30s
2026-07-30 15:46:09,022 - INFO - [SCREENER] 187 markets in 6.4s | yes:46 no:3 | next in 30s
2026-07-30 15:46:47,285 - INFO - [SCREENER] 185 markets in 6.4s | yes:48 no:4 | next in 30s
2026-07-30 15:47:17,610 - INFO - [SCREENER] 186 markets in 6.2s | yes:47 no:4 | next in 30s
2026-07-30 15:47:56,908 - INFO - [SCREENER] 180 markets in 7.0s | yes:45 no:4 | next in 30s
2026-07-30 15:48:35,105 - INFO - [SCREENER] 178 markets in 6.1s | yes:43 no:4 | next in 30s
2026-07-30 15:49:14,261 - INFO - [SCREENER] 176 markets in 7.0s | yes:50 no:3 | next in 30s
2026-07-30 15:49:44,256 - INFO - [SCREENER] 175 markets in 6.4s | yes:49 no:1 | next in 30s
2026-07-30 15:50:22,441 - INFO - [SCREENER] 179 markets in 6.2s | yes:50 no:1 | next in 30s
2026-07-30 15:51:01,114 - INFO - [SCREENER] 178 markets in 6.3s | yes:50 no:1 | next in 30s
2026-07-30 15:51:31,904 - INFO - [SCREENER] 177 markets in 6.8s | yes:53 no:2 | next in 30s
2026-07-30 15:52:10,253 - INFO - [SCREENER] 175 markets in 6.5s | yes:50 no:2 | next in 30s
2026-07-30 15:52:48,089 - INFO - [SCREENER] 175 markets in 5.9s | yes:51 no:3 | next in 30s
2026-07-30 15:53:26,380 - INFO - [SCREENER] 178 markets in 6.2s | yes:48 no:4 | next in 30s
2026-07-30 15:54:07,225 - INFO - [SCREENER] 179 markets in 6.6s | yes:48 no:7 | next in 30s
2026-07-30 15:54:45,476 - INFO - [SCREENER] 179 markets in 6.3s | yes:50 no:5 | next in 30s
2026-07-30 15:54:57,424 - ERROR - [py_clob_client_v2] request error: Server disconnected
2026-07-30 15:54:57,424 - ERROR - [py_clob_client_v2] request error: Server disconnected
2026-07-30 15:54:57,424 - ERROR - 获取订单簿失败: 42730092985283501465... | PolyApiException[status_code=None, error_message=Request exception!]
2026-07-30 15:54:57,912 - ERROR - [HEARTBEAT] 失败 (连续 1 次): 401 Client Error: Unauthorized for url: https://clob.polymarket.com/v1/heartbeats
2026-07-30 15:54:58,133 - WARNING - [RETRY] 4273009298528350 bids不足2档，10s后重试
2026-07-30 15:54:59,405 - ERROR - [py_clob_client_v2] request error status=400 url=https://clob.polymarket.com/v1/heartbeats body={"heartbeat_id":"1221f83b-cdef-4a96-8335-d462ce540b52","error_msg":"Invalid Heartbeat ID"}
2026-07-30 15:54:59,405 - INFO - [HEARTBEAT] 从 SDK 错误恢复 heartbeat_id: 1221f83b-cdef-4a (旧: 4aee3aaf-1d75-43)
2026-07-30 15:54:59,647 - INFO - [HEARTBEAT] OK (recovered) id=ed340432-1af3-4f
2026-07-30 15:55:23,826 - INFO - [SCREENER] 183 markets in 6.1s | yes:50 no:6 | next in 30s
2026-07-30 15:55:55,948 - INFO - [SCREENER] 181 markets in 7.6s | yes:53 no:5 | next in 30s
2026-07-30 15:56:34,670 - INFO - [SCREENER] 184 markets in 6.5s | yes:55 no:4 | next in 30s
2026-07-30 15:57:14,160 - INFO - [SCREENER] 178 markets in 6.9s | yes:55 no:7 | next in 30s
2026-07-30 15:57:54,818 - INFO - [SCREENER] 183 markets in 6.5s | yes:57 no:5 | next in 30s
2026-07-30 15:58:33,397 - INFO - [SCREENER] 173 markets in 6.3s | yes:53 no:3 | next in 30s
2026-07-30 15:59:11,954 - INFO - [SCREENER] 172 markets in 6.7s | yes:48 no:3 | next in 30s
2026-07-30 15:59:50,524 - INFO - [SCREENER] 172 markets in 6.5s | yes:46 no:3 | next in 30s
2026-07-30 16:00:20,743 - INFO - [SCREENER] 169 markets in 6.7s | yes:43 no:4 | next in 30s
2026-07-30 16:00:59,831 - INFO - [SCREENER] 170 markets in 6.8s | yes:43 no:3 | next in 30s
2026-07-30 16:01:11,782 - ERROR - [BATCH CANCEL FAIL] 0x4e63b4d3fe39a8d750... | order can't be found - already canceled or matched
2026-07-30 16:01:12,538 - ERROR - [BATCH CANCEL] 7878512989408810 取消失败，清空 active_id 进入冷却兜底
2026-07-30 16:01:13,859 - INFO - [BUY CONFIRMED] 未知 | No | size=50.0000 price=0.57
2026-07-30 16:01:39,038 - INFO - [SCREENER] 168 markets in 6.9s | yes:34 no:3 | next in 30s
2026-07-30 16:02:10,313 - INFO - [SCREENER] 168 markets in 7.2s | yes:30 no:4 | next in 30s
2026-07-30 16:02:35,858 - ERROR - [py_clob_client_v2] request error: Server disconnected
2026-07-30 16:02:35,858 - ERROR - [py_clob_client_v2] request error: Server disconnected
2026-07-30 16:02:35,858 - ERROR - [PLACE FAIL] 2990866159189239... price=0.61 attempt=1/2 | PolyApiException[status_code=None, error_message=Request exception!]
2026-07-30 16:02:35,858 - ERROR - [PLACE FAIL] 1983324805467596... price=0.42 attempt=1/2 | PolyApiException[status_code=None, error_message=Request exception!]
2026-07-30 16:02:48,716 - INFO - [SCREENER] 170 markets in 6.1s | yes:31 no:3 | next in 30s
2026-07-30 16:03:27,271 - INFO - [SCREENER] 167 markets in 6.5s | yes:34 no:4 | next in 30s
2026-07-30 16:04:05,827 - INFO - [SCREENER] 168 markets in 6.1s | yes:35 no:3 | next in 30s
2026-07-30 16:04:27,443 - ERROR - [py_clob_client_v2] request error: Server disconnected
2026-07-30 16:04:27,443 - ERROR - [py_clob_client_v2] request error: Server disconnected
2026-07-30 16:04:27,445 - ERROR - 获取订单簿失败: 91665501233640091246... | PolyApiException[status_code=None, error_message=Request exception!]
2026-07-30 16:04:27,964 - ERROR - [HEARTBEAT] 失败 (连续 1 次): 401 Client Error: Unauthorized for url: https://clob.polymarket.com/v1/heartbeats
2026-07-30 16:04:28,367 - WARNING - [RETRY] 9166550123364009 bids不足2档，10s后重试
2026-07-30 16:04:29,205 - ERROR - [py_clob_client_v2] request error status=400 url=https://clob.polymarket.com/v1/heartbeats body={"heartbeat_id":"1ac83be1-b433-4132-aa7d-c04c2e1adaf1","error_msg":"Invalid Heartbeat ID"}
2026-07-30 16:04:29,205 - INFO - [HEARTBEAT] 从 SDK 错误恢复 heartbeat_id: 1ac83be1-b433-41 (旧: a741124b-e3b4-4a)
2026-07-30 16:04:29,444 - INFO - [HEARTBEAT] OK (recovered) id=5365a434-09ed-4f
2026-07-30 16:04:45,955 - INFO - [SCREENER] 172 markets in 6.0s | yes:36 no:3 | next in 30s
2026-07-30 16:05:24,243 - INFO - [SCREENER] 176 markets in 6.0s | yes:42 no:5 | next in 30s
2026-07-30 16:06:03,141 - INFO - [SCREENER] 177 markets in 6.6s | yes:41 no:5 | next in 30s
2026-07-30 16:06:33,946 - INFO - [SCREENER] 174 markets in 6.9s | yes:41 no:4 | next in 30s
2026-07-30 16:07:13,495 - INFO - [SCREENER] 180 markets in 7.3s | yes:40 no:4 | next in 30s
2026-07-30 16:07:52,056 - INFO - [SCREENER] 179 markets in 6.3s | yes:41 no:4 | next in 30s
2026-07-30 16:08:30,495 - INFO - [SCREENER] 185 markets in 6.2s | yes:38 no:4 | next in 30s
2026-07-30 16:09:11,196 - INFO - [SCREENER] 188 markets in 6.3s | yes:35 no:3 | next in 30s
2026-07-30 16:09:49,761 - INFO - [SCREENER] 190 markets in 6.4s | yes:32 no:4 | next in 30s
2026-07-30 16:10:28,668 - INFO - [SCREENER] 190 markets in 6.7s | yes:38 no:3 | next in 30s
2026-07-30 16:10:58,886 - INFO - [SCREENER] 190 markets in 6.6s | yes:48 no:3 | next in 30s
2026-07-30 16:11:37,580 - INFO - [SCREENER] 191 markets in 6.6s | yes:46 no:3 | next in 30s
2026-07-30 16:12:16,127 - INFO - [SCREENER] 193 markets in 6.5s | yes:44 no:4 | next in 30s
2026-07-30 16:12:54,707 - INFO - [SCREENER] 193 markets in 6.5s | yes:44 no:3 | next in 30s
2026-07-30 16:13:34,976 - INFO - [SCREENER] 195 markets in 6.1s | yes:40 no:3 | next in 30s
2026-07-30 16:14:14,251 - INFO - [SCREENER] 195 markets in 6.7s | yes:35 no:2 | next in 30s
2026-07-30 16:14:52,899 - INFO - [SCREENER] 196 markets in 6.5s | yes:36 no:3 | next in 30s
2026-07-30 16:15:22,698 - INFO - [SCREENER] 196 markets in 6.3s | yes:38 no:4 | next in 30s
2026-07-30 16:16:00,796 - INFO - [SCREENER] 197 markets in 6.0s | yes:38 no:4 | next in 30s
2026-07-30 16:16:39,704 - INFO - [SCREENER] 197 markets in 6.9s | yes:38 no:3 | next in 30s
2026-07-30 16:17:18,414 - INFO - [SCREENER] 189 markets in 6.5s | yes:41 no:3 | next in 30s
2026-07-30 16:17:59,046 - INFO - [SCREENER] 187 markets in 6.6s | yes:46 no:2 | next in 30s
2026-07-30 16:18:37,394 - INFO - [SCREENER] 187 markets in 6.4s | yes:48 no:2 | next in 30s
2026-07-30 16:19:16,741 - INFO - [SCREENER] 188 markets in 7.1s | yes:45 no:2 | next in 30s
2026-07-30 16:19:46,786 - INFO - [SCREENER] 187 markets in 6.3s | yes:45 no:2 | next in 30s
2026-07-30 16:20:24,915 - INFO - [SCREENER] 187 markets in 6.3s | yes:43 no:3 | next in 30s
2026-07-30 16:21:03,358 - INFO - [SCREENER] 188 markets in 6.3s | yes:41 no:3 | next in 30s
2026-07-30 16:21:41,579 - INFO - [SCREENER] 185 markets in 6.4s | yes:40 no:2 | next in 30s
2026-07-30 16:22:11,481 - INFO - [SCREENER] 185 markets in 6.1s | yes:40 no:3 | next in 30s
2026-07-30 16:22:49,569 - INFO - [SCREENER] 183 markets in 6.2s | yes:38 no:5 | next in 30s
2026-07-30 16:23:29,391 - INFO - [SCREENER] 181 markets in 7.3s | yes:37 no:4 | next in 30s
2026-07-30 16:24:00,090 - INFO - [SCREENER] 186 markets in 6.7s | yes:36 no:1 | next in 30s
2026-07-30 16:24:38,654 - INFO - [SCREENER] 181 markets in 6.5s | yes:39 no:1 | next in 30s
2026-07-30 16:25:17,112 - INFO - [SCREENER] 186 markets in 6.6s | yes:38 no:2 | next in 30s
2026-07-30 16:25:56,730 - INFO - [SCREENER] 187 markets in 7.1s | yes:37 no:1 | next in 30s
2026-07-30 16:26:27,263 - INFO - [SCREENER] 189 markets in 6.8s | yes:40 no:1 | next in 30s
2026-07-30 16:27:05,193 - INFO - [SCREENER] 190 markets in 6.0s | yes:49 no:3 | next in 30s
2026-07-30 16:27:44,534 - INFO - [SCREENER] 186 markets in 7.1s | yes:46 no:3 | next in 30s
2026-07-30 16:28:14,520 - INFO - [SCREENER] 182 markets in 6.0s | yes:45 no:2 | next in 30s
2026-07-30 16:28:52,868 - INFO - [SCREENER] 181 markets in 6.3s | yes:46 no:3 | next in 30s
2026-07-30 16:29:31,322 - INFO - [SCREENER] 177 markets in 6.5s | yes:44 no:3 | next in 30s
2026-07-30 16:30:09,550 - INFO - [SCREENER] 181 markets in 6.2s | yes:42 no:3 | next in 30s
2026-07-30 16:30:33,055 - ERROR - [py_clob_client_v2] request error: The read operation timed out
2026-07-30 16:30:33,572 - ERROR - [HEARTBEAT] 失败 (连续 1 次): 401 Client Error: Unauthorized for url: https://clob.polymarket.com/v1/heartbeats
2026-07-30 16:30:34,819 - ERROR - [py_clob_client_v2] request error status=400 url=https://clob.polymarket.com/v1/heartbeats body={"heartbeat_id":"9836ed47-87fb-47c8-9c1d-a5c20083b4ab","error_msg":"Invalid Heartbeat ID"}
2026-07-30 16:30:34,819 - INFO - [HEARTBEAT] 从 SDK 错误恢复 heartbeat_id: 9836ed47-87fb-47 (旧: 4a52bfae-74fd-45)
2026-07-30 16:30:39,835 - ERROR - [py_clob_client_v2] request error: The read operation timed out
2026-07-30 16:30:41,354 - ERROR - [HEARTBEAT] 失败 (连续 2 次): 401 Client Error: Unauthorized for url: https://clob.polymarket.com/v1/heartbeats
2026-07-30 16:30:42,828 - ERROR - [py_clob_client_v2] request error status=400 url=https://clob.polymarket.com/v1/heartbeats body={"heartbeat_id":"fe6e4eaa-b7b0-4289-970a-9dd9e7c09616","error_msg":"Invalid Heartbeat ID"}
2026-07-30 16:30:42,828 - INFO - [HEARTBEAT] 从 SDK 错误恢复 heartbeat_id: fe6e4eaa-b7b0-42 (旧: 9836ed47-87fb-47)
2026-07-30 16:30:43,251 - INFO - [HEARTBEAT] OK (recovered) id=ae74eef3-c699-4f
2026-07-30 16:30:50,288 - INFO - [SCREENER] 182 markets in 6.5s | yes:39 no:4 | next in 30s
2026-07-30 16:31:29,458 - INFO - [SCREENER] 181 markets in 6.8s | yes:40 no:2 | next in 30s
2026-07-30 16:32:08,239 - INFO - [SCREENER] 179 markets in 6.3s | yes:42 no:2 | next in 30s
2026-07-30 16:32:48,503 - INFO - [SCREENER] 176 markets in 6.1s | yes:43 no:2 | next in 30s
2026-07-30 16:33:26,932 - INFO - [SCREENER] 178 markets in 5.9s | yes:45 no:2 | next in 30s
2026-07-30 16:34:06,606 - INFO - [SCREENER] 180 markets in 7.5s | yes:41 no:3 | next in 30s
2026-07-30 16:34:47,838 - INFO - [SCREENER] 174 markets in 6.6s | yes:41 no:1 | next in 30s
2026-07-30 16:35:26,698 - INFO - [SCREENER] 176 markets in 6.6s | yes:41 no:2 | next in 30s
2026-07-30 16:36:05,515 - INFO - [SCREENER] 180 markets in 6.6s | yes:42 no:2 | next in 30s
2026-07-30 16:36:44,709 - INFO - [SCREENER] 183 markets in 7.2s | yes:41 no:3 | next in 30s
2026-07-30 16:37:14,973 - INFO - [SCREENER] 185 markets in 6.1s | yes:43 no:3 | next in 30s
2026-07-30 16:37:53,500 - INFO - [SCREENER] 186 markets in 6.3s | yes:45 no:3 | next in 30s
2026-07-30 16:38:33,872 - INFO - [SCREENER] 191 markets in 8.4s | yes:47 no:3 | next in 30s
2026-07-30 16:39:04,880 - INFO - [SCREENER] 187 markets in 6.7s | yes:52 no:2 | next in 30s
2026-07-30 16:39:44,307 - INFO - [SCREENER] 188 markets in 6.7s | yes:52 no:2 | next in 30s
2026-07-30 16:40:22,637 - INFO - [SCREENER] 193 markets in 6.4s | yes:54 no:2 | next in 30s
2026-07-30 16:41:01,703 - INFO - [SCREENER] 197 markets in 6.8s | yes:54 no:2 | next in 30s
2026-07-30 16:41:33,076 - INFO - [SCREENER] 193 markets in 7.6s | yes:51 no:1 | next in 30s
2026-07-30 16:42:12,184 - INFO - [SCREENER] 193 markets in 6.7s | yes:53 no:1 | next in 30s
2026-07-30 16:42:50,344 - INFO - [SCREENER] 194 markets in 6.1s | yes:54 no:2 | next in 30s
2026-07-30 16:43:20,966 - INFO - [SCREENER] 195 markets in 6.7s | yes:54 no:3 | next in 30s
2026-07-30 16:43:59,816 - INFO - [SCREENER] 195 markets in 6.7s | yes:54 no:3 | next in 30s
2026-07-30 16:44:40,019 - INFO - [SCREENER] 198 markets in 7.6s | yes:50 no:3 | next in 30s
2026-07-30 16:45:22,421 - INFO - [SCREENER] 195 markets in 7.7s | yes:52 no:3 | next in 30s
2026-07-30 16:46:01,673 - INFO - [SCREENER] 196 markets in 6.6s | yes:52 no:2 | next in 30s
2026-07-30 16:46:40,153 - INFO - [SCREENER] 196 markets in 6.2s | yes:50 no:4 | next in 30s
2026-07-30 16:47:21,718 - INFO - [SCREENER] 194 markets in 6.9s | yes:49 no:2 | next in 30s
2026-07-30 16:48:01,862 - INFO - [SCREENER] 192 markets in 7.4s | yes:49 no:3 | next in 30s
2026-07-30 16:48:40,802 - INFO - [SCREENER] 194 markets in 6.5s | yes:47 no:5 | next in 30s
2026-07-30 16:49:23,805 - INFO - [SCREENER] 192 markets in 8.2s | yes:43 no:4 | next in 30s
2026-07-30 16:49:53,638 - INFO - [SCREENER] 193 markets in 6.4s | yes:43 no:4 | next in 30s
2026-07-30 16:50:32,710 - INFO - [SCREENER] 193 markets in 6.7s | yes:42 no:4 | next in 30s
2026-07-30 16:51:12,088 - INFO - [SCREENER] 190 markets in 6.6s | yes:39 no:4 | next in 30s
2026-07-30 16:51:19,940 - INFO - [BUY CONFIRMED] 未知 | No | size=20.0000 price=0.71
2026-07-30 16:51:42,452 - INFO - [SCREENER] 192 markets in 6.6s | yes:39 no:6 | next in 30s
2026-07-30 16:52:21,015 - INFO - [SCREENER] 195 markets in 6.6s | yes:39 no:6 | next in 30s
2026-07-30 16:53:00,567 - INFO - [SCREENER] 192 markets in 7.0s | yes:41 no:5 | next in 30s
2026-07-30 16:53:31,619 - INFO - [SCREENER] 193 markets in 6.9s | yes:44 no:2 | next in 30s
2026-07-30 16:53:52,033 - INFO - 收到停止信号，优雅退出...
2026-07-30 16:53:52,379 - INFO - 开始优雅关闭...
2026-07-30 16:53:52,918 - INFO - [CANCEL ALL] 44 已取消 | 系统关闭
2026-07-30 16:53:53,080 - WARNING - [USER WS] close code=None reason=None
2026-07-30 16:53:58,280 - INFO - [HEARTBEAT] 已停止
2026-07-30 16:53:58,280 - INFO - ============================================================
系统已停止
============================================================
