2026-07-25 16:54:47,842 - INFO - ============================================================
2026-07-25 16:54:47,842 - INFO - Maker-only Guardian V7.0 启动
2026-07-25 16:54:47,842 - INFO - 地址: 0x304bf40e9e50c265f6dd86417707d5b41d8ea619 | 档: 2 | 量: 20 | 冷却: 120s | 心跳: 7.0s
2026-07-25 16:54:47,842 - INFO - ============================================================
2026-07-25 16:54:47,842 - INFO - [HEARTBEAT] 已启动 interval=7.0s
2026-07-25 16:55:02,399 - ERROR - [py_clob_client_v2] request error: Server disconnected
2026-07-25 16:55:02,399 - ERROR - [py_clob_client_v2] request error: Server disconnected
2026-07-25 16:55:02,399 - ERROR - [py_clob_client_v2] request error: Server disconnected
2026-07-25 16:55:02,399 - ERROR - [PLACE FAIL] 6470697278022110... price=0.62 attempt=1/2 | PolyApiException[status_code=None, error_message=Request exception!]
2026-07-25 16:55:02,399 - ERROR - [py_clob_client_v2] request error: Server disconnected
2026-07-25 16:55:02,399 - ERROR - [PLACE FAIL] 9720191017932273... price=0.55 attempt=1/2 | PolyApiException[status_code=None, error_message=Request exception!]
2026-07-25 16:55:02,404 - ERROR - 获取订单簿失败: 24393280784990728169... | PolyApiException[status_code=None, error_message=Request exception!]
2026-07-25 16:55:02,407 - ERROR - [PLACE FAIL] 8954797488318761... price=0.25 attempt=1/2 | PolyApiException[status_code=None, error_message=Request exception!]
2026-07-25 16:55:02,695 - WARNING - [RETRY] 2439328078499072 bids不足2档，10s后重试
2026-07-25 16:55:06,875 - ERROR - [py_clob_client_v2] request error: Server disconnected
2026-07-25 16:55:06,875 - ERROR - [py_clob_client_v2] request error: Server disconnected
2026-07-25 16:55:06,875 - ERROR - [py_clob_client_v2] request error: Server disconnected
2026-07-25 16:55:06,876 - ERROR - [py_clob_client_v2] request error: Server disconnected
2026-07-25 16:55:06,876 - ERROR - [PLACE FAIL] 7005874744115631... price=0.26 attempt=1/2 | PolyApiException[status_code=None, error_message=Request exception!]
2026-07-25 16:55:06,876 - ERROR - 获取订单簿失败: 78597690223476430848... | PolyApiException[status_code=None, error_message=Request exception!]
2026-07-25 16:55:06,876 - ERROR - [py_clob_client_v2] request error: Server disconnected
2026-07-25 16:55:06,877 - ERROR - 获取订单簿失败: 10246823079420984201... | PolyApiException[status_code=None, error_message=Request exception!]
2026-07-25 16:55:06,878 - ERROR - [PLACE FAIL] 4077520573859932... price=0.71 attempt=1/2 | PolyApiException[status_code=None, error_message=Request exception!]
2026-07-25 16:55:06,882 - ERROR - [PLACE FAIL] 5785921790795222... price=0.40 attempt=1/2 | PolyApiException[status_code=None, error_message=Request exception!]
2026-07-25 16:55:07,700 - WARNING - [RETRY] 1024682307942098 bids不足2档，10s后重试
2026-07-25 16:55:07,700 - WARNING - [RETRY] 7859769022347643 bids不足2档，10s后重试
2026-07-25 16:55:13,709 - ERROR - [py_clob_client_v2] request error: Server disconnected
2026-07-25 16:55:13,709 - ERROR - [py_clob_client_v2] request error: Server disconnected
2026-07-25 16:55:13,710 - ERROR - [py_clob_client_v2] request error: Server disconnected
2026-07-25 16:55:13,710 - ERROR - [PLACE FAIL] 8863667208686160... price=0.64 attempt=1/2 | PolyApiException[status_code=None, error_message=Request exception!]
2026-07-25 16:55:13,710 - ERROR - [py_clob_client_v2] request error: Server disconnected
2026-07-25 16:55:13,710 - ERROR - 获取订单簿失败: 34898241954463150596... | PolyApiException[status_code=None, error_message=Request exception!]
2026-07-25 16:55:13,710 - ERROR - [py_clob_client_v2] request error: Server disconnected
2026-07-25 16:55:13,710 - ERROR - [py_clob_client_v2] request error: Server disconnected
2026-07-25 16:55:13,710 - ERROR - 获取订单簿失败: 57586399158501642324... | PolyApiException[status_code=None, error_message=Request exception!]
2026-07-25 16:55:13,710 - ERROR - [py_clob_client_v2] request error: Server disconnected
2026-07-25 16:55:13,711 - ERROR - 获取订单簿失败: 12781613787054033214... | PolyApiException[status_code=None, error_message=Request exception!]
2026-07-25 16:55:13,711 - ERROR - [PLACE FAIL] 1004745150683798... price=0.70 attempt=1/2 | PolyApiException[status_code=None, error_message=Request exception!]
2026-07-25 16:55:13,711 - ERROR - [PLACE FAIL] 5830923912642057... price=0.61 attempt=1/2 | PolyApiException[status_code=None, error_message=Request exception!]
2026-07-25 16:55:13,711 - ERROR - [PLACE FAIL] 5834733260052522... price=0.72 attempt=1/2 | PolyApiException[status_code=None, error_message=Request exception!]
2026-07-25 16:55:14,290 - WARNING - [RETRY] 3489824195446315 bids不足2档，10s后重试
2026-07-25 16:55:14,291 - WARNING - [RETRY] 5758639915850164 bids不足2档，10s后重试
2026-07-25 16:55:14,291 - WARNING - [RETRY] 1278161378705403 bids不足2档，10s后重试
2026-07-25 16:55:16,267 - ERROR - [py_clob_client_v2] request error: Server disconnected
2026-07-25 16:55:16,268 - ERROR - [py_clob_client_v2] request error: Server disconnected
2026-07-25 16:55:16,268 - ERROR - [PLACE FAIL] 9519379843891666... price=0.72 attempt=1/2 | PolyApiException[status_code=None, error_message=Request exception!]
2026-07-25 16:55:16,268 - ERROR - 获取订单簿失败: 48757986289528624270... | PolyApiException[status_code=None, error_message=Request exception!]
2026-07-25 16:55:16,268 - ERROR - [py_clob_client_v2] request error: Server disconnected
2026-07-25 16:55:16,268 - ERROR - [py_clob_client_v2] request error: Server disconnected
2026-07-25 16:55:16,270 - ERROR - 获取订单簿失败: 70345894064951658317... | PolyApiException[status_code=None, error_message=Request exception!]
2026-07-25 16:55:16,270 - ERROR - [PLACE FAIL] 7349080087738917... price=0.34 attempt=1/2 | PolyApiException[status_code=None, error_message=Request exception!]
2026-07-25 16:55:16,293 - WARNING - [RETRY] 7034589406495165 bids不足2档，10s后重试
2026-07-25 16:55:16,294 - WARNING - [RETRY] 4875798628952862 bids不足2档，10s后重试
2026-07-25 16:55:25,153 - ERROR - [py_clob_client_v2] request error: Server disconnected
2026-07-25 16:55:25,153 - ERROR - [py_clob_client_v2] request error: Server disconnected
2026-07-25 16:55:25,153 - ERROR - [PLACE FAIL] 6857490566110892... price=0.70 attempt=1/2 | PolyApiException[status_code=None, error_message=Request exception!]
2026-07-25 16:55:25,155 - ERROR - [PLACE FAIL] 8693431785219453... price=0.28 attempt=1/2 | PolyApiException[status_code=None, error_message=Request exception!]
2026-07-25 16:55:25,155 - ERROR - [py_clob_client_v2] request error: Server disconnected
2026-07-25 16:55:25,155 - ERROR - [py_clob_client_v2] request error: Server disconnected
2026-07-25 16:55:25,158 - ERROR - [PLACE FAIL] 9759153015208529... price=0.60 attempt=1/2 | PolyApiException[status_code=None, error_message=Request exception!]
2026-07-25 16:55:25,158 - ERROR - [PLACE FAIL] 1115156244865748... price=0.71 attempt=1/2 | PolyApiException[status_code=None, error_message=Request exception!]
2026-07-25 16:55:29,696 - ERROR - [py_clob_client_v2] request error: Server disconnected
2026-07-25 16:55:29,696 - ERROR - [py_clob_client_v2] request error: Server disconnected
2026-07-25 16:55:29,696 - ERROR - [py_clob_client_v2] request error: Server disconnected
2026-07-25 16:55:29,696 - ERROR - 获取订单簿失败: 76368540491774278295... | PolyApiException[status_code=None, error_message=Request exception!]
2026-07-25 16:55:29,698 - ERROR - [py_clob_client_v2] request error: Server disconnected
2026-07-25 16:55:29,698 - ERROR - [py_clob_client_v2] request error: Server disconnected
2026-07-25 16:55:29,698 - ERROR - [PLACE FAIL] 9578021709881541... price=0.28 attempt=1/2 | PolyApiException[status_code=None, error_message=Request exception!]
2026-07-25 16:55:29,698 - ERROR - [py_clob_client_v2] request error: Server disconnected
2026-07-25 16:55:29,698 - ERROR - [PLACE FAIL] 5256162767719256... price=0.69 attempt=1/2 | PolyApiException[status_code=None, error_message=Request exception!]
2026-07-25 16:55:29,699 - ERROR - [PLACE FAIL] 1131407700034862... price=0.66 attempt=1/2 | PolyApiException[status_code=None, error_message=Request exception!]
2026-07-25 16:55:29,699 - ERROR - 获取订单簿失败: 40369567514740977397... | PolyApiException[status_code=None, error_message=Request exception!]
2026-07-25 16:55:29,699 - ERROR - 获取订单簿失败: 63705643375156670950... | PolyApiException[status_code=None, error_message=Request exception!]
2026-07-25 16:55:31,122 - WARNING - [RETRY] 4036956751474097 bids不足2档，10s后重试
2026-07-25 16:55:31,123 - WARNING - [RETRY] 7636854049177427 bids不足2档，10s后重试
2026-07-25 16:55:31,123 - WARNING - [RETRY] 6370564337515667 bids不足2档，10s后重试
2026-07-25 16:55:50,446 - ERROR - [py_clob_client_v2] request error: Server disconnected
2026-07-25 16:55:50,446 - ERROR - [py_clob_client_v2] request error: Server disconnected
2026-07-25 16:55:50,446 - ERROR - [py_clob_client_v2] request error: Server disconnected
2026-07-25 16:55:50,446 - ERROR - [PLACE FAIL] 4875798628952862... price=0.29 attempt=1/2 | PolyApiException[status_code=None, error_message=Request exception!]
2026-07-25 16:55:50,446 - ERROR - [PLACE FAIL] 1278161378705403... price=0.47 attempt=1/2 | PolyApiException[status_code=None, error_message=Request exception!]
2026-07-25 16:55:50,446 - ERROR - [py_clob_client_v2] request error: Server disconnected
2026-07-25 16:55:50,446 - ERROR - [BATCH CANCEL ERR] 3 条 | PolyApiException[status_code=None, error_message=Request exception!]
2026-07-25 16:55:50,447 - ERROR - [PLACE FAIL] 7034589406495165... price=0.64 attempt=1/2 | PolyApiException[status_code=None, error_message=Request exception!]
2026-07-25 16:55:50,594 - ERROR - [BATCH CANCEL] 5345599300581705 取消失败，清空 active_id 进入冷却兜底
2026-07-25 16:55:50,594 - ERROR - [BATCH CANCEL] 1044742684502499 取消失败，清空 active_id 进入冷却兜底
2026-07-25 16:55:50,595 - ERROR - [BATCH CANCEL] 6874550136356778 取消失败，清空 active_id 进入冷却兜底
2026-07-25 16:56:19,915 - ERROR - [py_clob_client_v2] request error: Server disconnected
2026-07-25 16:56:19,915 - ERROR - [py_clob_client_v2] request error: Server disconnected
2026-07-25 16:56:19,915 - ERROR - [PLACE FAIL] 8619052752728162... price=0.37 attempt=1/2 | PolyApiException[status_code=None, error_message=Request exception!]
2026-07-25 16:56:19,915 - ERROR - [PLACE FAIL] 7046179595145675... price=0.78 attempt=1/2 | PolyApiException[status_code=None, error_message=Request exception!]
2026-07-25 17:00:22,742 - ERROR - [py_clob_client_v2] request error: Server disconnected
2026-07-25 17:00:22,742 - ERROR - [py_clob_client_v2] request error: Server disconnected
2026-07-25 17:00:22,742 - ERROR - 获取订单簿失败: 49324481616759910116... | PolyApiException[status_code=None, error_message=Request exception!]
2026-07-25 17:00:22,742 - ERROR - [PLACE FAIL] 3253632378125878... price=0.68 attempt=1/2 | PolyApiException[status_code=None, error_message=Request exception!]
2026-07-25 17:00:24,342 - WARNING - [RETRY] 4932448161675991 bids不足2档，10s后重试
2026-07-25 17:03:41,549 - ERROR - [py_clob_client_v2] request error: Server disconnected
2026-07-25 17:03:41,549 - ERROR - [py_clob_client_v2] request error: Server disconnected
2026-07-25 17:03:41,549 - ERROR - 获取订单簿失败: 63022939833654570612... | PolyApiException[status_code=None, error_message=Request exception!]
2026-07-25 17:03:41,549 - ERROR - 获取订单簿失败: 98813124258007134778... | PolyApiException[status_code=None, error_message=Request exception!]
2026-07-25 17:03:43,179 - WARNING - [RETRY] 6302293983365457 bids不足2档，10s后重试
2026-07-25 17:03:43,180 - WARNING - [RETRY] 9881312425800713 bids不足2档，10s后重试
2026-07-25 17:04:11,431 - INFO - [BUY CONFIRMED] 未知 | No | size=5.6500 price=0.73
2026-07-25 17:05:11,790 - INFO - [MARKET SELL] Will the highest temperature in Istanbul | 5.6500 shares @ market
2026-07-25 17:05:13,000 - INFO - [MARKET SELL FILLED] 32737852828459750484 id=0x521bdded9cf8dc0a14
2026-07-25 17:05:13,301 - INFO - [POSITION] 市价卖出 1 个持仓
2026-07-25 17:05:21,319 - INFO - [SELL CONFIRMED] 未知 | Yes | size=0.0000 price=0.21
2026-07-25 17:06:00,583 - ERROR - [py_clob_client_v2] request error: Server disconnected
2026-07-25 17:06:00,584 - ERROR - [py_clob_client_v2] request error: Server disconnected
2026-07-25 17:06:00,584 - ERROR - 获取订单簿失败: 24667897258668672272... | PolyApiException[status_code=None, error_message=Request exception!]
2026-07-25 17:06:00,584 - ERROR - 获取订单簿失败: 92706453448465743686... | PolyApiException[status_code=None, error_message=Request exception!]
2026-07-25 17:06:01,582 - WARNING - [RETRY] 2466789725866867 bids不足2档，10s后重试
2026-07-25 17:06:01,583 - WARNING - [RETRY] 9270645344846574 bids不足2档，10s后重试
2026-07-25 17:07:14,827 - ERROR - [py_clob_client_v2] request error: Server disconnected
2026-07-25 17:07:14,827 - ERROR - [py_clob_client_v2] request error: Server disconnected
2026-07-25 17:07:14,827 - ERROR - [py_clob_client_v2] request error: Server disconnected
2026-07-25 17:07:14,827 - ERROR - [py_clob_client_v2] request error: Server disconnected
2026-07-25 17:07:14,827 - ERROR - 获取订单簿失败: 77166609356911210083... | PolyApiException[status_code=None, error_message=Request exception!]
2026-07-25 17:07:14,827 - ERROR - [py_clob_client_v2] request error: Server disconnected
2026-07-25 17:07:14,827 - ERROR - [py_clob_client_v2] request error: Server disconnected
2026-07-25 17:07:14,827 - ERROR - 获取订单簿失败: 33593498476782936800... | PolyApiException[status_code=None, error_message=Request exception!]
2026-07-25 17:07:14,827 - ERROR - 获取订单簿失败: 57330678642032927101... | PolyApiException[status_code=None, error_message=Request exception!]
2026-07-25 17:07:14,828 - ERROR - 获取订单簿失败: 32897199088222733854... | PolyApiException[status_code=None, error_message=Request exception!]
2026-07-25 17:07:14,828 - ERROR - 获取订单簿失败: 10349202501431096027... | PolyApiException[status_code=None, error_message=Request exception!]
2026-07-25 17:07:14,828 - ERROR - [PLACE FAIL] 3629966886959701... price=0.63 attempt=1/2 | PolyApiException[status_code=None, error_message=Request exception!]
2026-07-25 17:07:15,825 - WARNING - [RETRY] 7716660935691121 bids不足2档，10s后重试
2026-07-25 17:07:15,825 - WARNING - [RETRY] 3359349847678293 bids不足2档，10s后重试
2026-07-25 17:07:15,825 - WARNING - [RETRY] 5733067864203292 bids不足2档，10s后重试
2026-07-25 17:07:15,825 - WARNING - [RETRY] 3289719908822273 bids不足2档，10s后重试
2026-07-25 17:07:15,825 - WARNING - [RETRY] 1034920250143109 bids不足2档，10s后重试
2026-07-25 17:09:49,164 - ERROR - [py_clob_client_v2] request error: Server disconnected
2026-07-25 17:09:49,164 - ERROR - [py_clob_client_v2] request error: Server disconnected
2026-07-25 17:09:49,164 - ERROR - [PLACE FAIL] 9270645344846574... price=0.67 attempt=1/2 | PolyApiException[status_code=None, error_message=Request exception!]
2026-07-25 17:09:49,164 - ERROR - [PLACE FAIL] 5334420285762421... price=0.74 attempt=1/2 | PolyApiException[status_code=None, error_message=Request exception!]
2026-07-25 17:12:56,074 - ERROR - [BATCH CANCEL FAIL] 0x6d62d302085e5f1d2e... | order can't be found - already canceled or matched
2026-07-25 17:12:56,391 - ERROR - [BATCH CANCEL] 6308828062665821 取消失败，清空 active_id 进入冷却兜底
2026-07-25 17:12:58,461 - INFO - [SELL CONFIRMED] 未知 | Yes | size=20.0000 price=0.31
2026-07-25 17:13:01,403 - ERROR - [py_clob_client_v2] request error: Server disconnected
2026-07-25 17:13:01,403 - ERROR - [py_clob_client_v2] request error: Server disconnected
2026-07-25 17:13:01,403 - ERROR - [py_clob_client_v2] request error: Server disconnected
2026-07-25 17:13:01,403 - ERROR - 获取订单簿失败: 91268052217303867801... | PolyApiException[status_code=None, error_message=Request exception!]
2026-07-25 17:13:01,405 - ERROR - [PLACE FAIL] 1214185190704317... price=0.19 attempt=1/2 | PolyApiException[status_code=None, error_message=Request exception!]
2026-07-25 17:13:01,704 - ERROR - [HEARTBEAT] 失败 (连续 1 次): 401 Client Error: Unauthorized for url: https://clob.polymarket.com/v1/heartbeats
2026-07-25 17:13:01,947 - INFO - [BUY CONFIRMED] 未知 | Yes | size=20.0000 price=0.34
2026-07-25 17:13:02,395 - WARNING - [RETRY] 9126805221730386 bids不足2档，10s后重试
2026-07-25 17:13:02,958 - ERROR - [py_clob_client_v2] request error status=400 url=https://clob.polymarket.com/v1/heartbeats body={"heartbeat_id":"37934bbe-54d6-4d07-9380-fce946f4616f","error_msg":"Invalid Heartbeat ID"}
2026-07-25 17:13:02,958 - INFO - [HEARTBEAT] 从 SDK 错误恢复 heartbeat_id: 37934bbe-54d6-4d (旧: d8451418-31ff-40)
2026-07-25 17:13:03,217 - INFO - [HEARTBEAT] OK (recovered) id=5d71fb24-fee9-4b
2026-07-25 17:13:19,067 - INFO - [MARKET SELL] Will the highest temperature in Munich b | 20.0000 shares @ market
2026-07-25 17:13:20,272 - INFO - [MARKET SELL FILLED] 11314077000348620777 id=0x0225d9aeb45ed06c50
2026-07-25 17:13:20,842 - INFO - [MARKET SELL] Will the highest temperature in Warsaw b | 20.0000 shares @ market
2026-07-25 17:13:22,014 - INFO - [MARKET SELL FILLED] 63088280626658214683 id=0x89b41c64c0b585fd37
2026-07-25 17:13:22,315 - INFO - [POSITION] 市价卖出 2 个持仓
2026-07-25 17:13:29,366 - INFO - [SELL CONFIRMED] 未知 | No | size=0.0000 price=0.66
2026-07-25 17:13:30,332 - INFO - [SELL CONFIRMED] 未知 | Yes | size=0.0000 price=0.23
2026-07-25 17:18:49,395 - ERROR - [py_clob_client_v2] request error: Server disconnected
2026-07-25 17:18:49,396 - ERROR - [py_clob_client_v2] request error: Server disconnected
2026-07-25 17:18:49,396 - ERROR - 获取订单簿失败: 99215240979957199297... | PolyApiException[status_code=None, error_message=Request exception!]
2026-07-25 17:18:49,397 - ERROR - [PLACE FAIL] 7778409792511399... price=0.28 attempt=1/2 | PolyApiException[status_code=None, error_message=Request exception!]
2026-07-25 17:18:50,392 - WARNING - [RETRY] 9921524097995719 bids不足2档，10s后重试
2026-07-25 17:19:40,743 - ERROR - [py_clob_client_v2] request error: Server disconnected
2026-07-25 17:19:40,743 - ERROR - [py_clob_client_v2] request error: Server disconnected
2026-07-25 17:19:40,744 - ERROR - 获取订单簿失败: 38133531816802901845... | PolyApiException[status_code=None, error_message=Request exception!]
2026-07-25 17:19:40,744 - ERROR - 获取订单簿失败: 48954711012259739352... | PolyApiException[status_code=None, error_message=Request exception!]
2026-07-25 17:19:41,743 - WARNING - [RETRY] 3813353181680290 bids不足2档，10s后重试
2026-07-25 17:19:41,743 - WARNING - [RETRY] 4895471101225973 bids不足2档，10s后重试
2026-07-25 17:20:34,387 - ERROR - [py_clob_client_v2] request error: Server disconnected
2026-07-25 17:20:34,387 - ERROR - [py_clob_client_v2] request error: Server disconnected
2026-07-25 17:20:34,387 - ERROR - [py_clob_client_v2] request error: Server disconnected
2026-07-25 17:20:34,387 - ERROR - 获取订单簿失败: 73490800877389176347... | PolyApiException[status_code=None, error_message=Request exception!]
2026-07-25 17:20:34,388 - ERROR - 获取订单簿失败: 63975129991901669833... | PolyApiException[status_code=None, error_message=Request exception!]
2026-07-25 17:20:34,388 - ERROR - 获取订单簿失败: 11229337625904642033... | PolyApiException[status_code=None, error_message=Request exception!]
2026-07-25 17:20:35,247 - WARNING - [RETRY] 7349080087738917 bids不足2档，10s后重试
2026-07-25 17:20:35,247 - WARNING - [RETRY] 6397512999190166 bids不足2档，10s后重试
2026-07-25 17:20:35,247 - WARNING - [RETRY] 1122933762590464 bids不足2档，10s后重试
2026-07-25 17:20:52,611 - INFO - [BUY CONFIRMED] 未知 | No | size=1.7353 price=0.68
2026-07-25 17:21:30,316 - INFO - [MARKET SELL] Will the highest temperature in Seoul be | 1.7353 shares @ market
2026-07-25 17:21:31,465 - INFO - [MARKET SELL FILLED] 27316338578004059082 id=0x484bc9c1481da3426c
2026-07-25 17:21:31,769 - INFO - [POSITION] 市价卖出 1 个持仓
2026-07-25 17:21:39,087 - INFO - [SELL CONFIRMED] 未知 | Yes | size=0.0000 price=0.32
2026-07-25 17:22:22,096 - ERROR - [py_clob_client_v2] request error: Server disconnected
2026-07-25 17:22:22,096 - ERROR - [py_clob_client_v2] request error: Server disconnected
2026-07-25 17:22:22,097 - ERROR - 获取订单簿失败: 79918977544376060146... | PolyApiException[status_code=None, error_message=Request exception!]
2026-07-25 17:22:22,097 - ERROR - 获取订单簿失败: 91268052217303867801... | PolyApiException[status_code=None, error_message=Request exception!]
2026-07-25 17:22:23,093 - WARNING - [RETRY] 7991897754437606 bids不足2档，10s后重试
2026-07-25 17:22:23,094 - WARNING - [RETRY] 9126805221730386 bids不足2档，10s后重试
2026-07-25 17:28:26,157 - ERROR - [py_clob_client_v2] request error: Server disconnected
2026-07-25 17:28:26,157 - ERROR - [py_clob_client_v2] request error: Server disconnected
2026-07-25 17:28:26,157 - ERROR - 获取订单簿失败: 65574984000993488454... | PolyApiException[status_code=None, error_message=Request exception!]
2026-07-25 17:28:26,158 - ERROR - [py_clob_client_v2] request error: Server disconnected
2026-07-25 17:28:26,159 - ERROR - 获取订单簿失败: 34312194983939581349... | PolyApiException[status_code=None, error_message=Request exception!]
2026-07-25 17:28:26,159 - ERROR - [PLACE FAIL] 9420797109952116... price=0.78 attempt=1/2 | PolyApiException[status_code=None, error_message=Request exception!]
2026-07-25 17:28:27,151 - WARNING - [RETRY] 6557498400099348 bids不足2档，10s后重试
2026-07-25 17:28:27,152 - WARNING - [RETRY] 3431219498393958 bids不足2档，10s后重试
2026-07-25 17:33:58,132 - ERROR - [BATCH CANCEL FAIL] 0xb8229c663b2d786fd3... | order can't be found - already canceled or matched
2026-07-25 17:33:58,654 - INFO - [BUY CONFIRMED] 未知 | Yes | size=20.0000 price=0.33
2026-07-25 17:33:58,883 - ERROR - [BATCH CANCEL] 8619831558910695 取消失败，清空 active_id 进入冷却兜底
2026-07-25 17:34:41,512 - ERROR - [BATCH CANCEL FAIL] 0x797118dc8a4c1038af... | order can't be found - already canceled or matched
2026-07-25 17:34:42,211 - ERROR - [BATCH CANCEL] 1561064967525995 取消失败，清空 active_id 进入冷却兜底
2026-07-25 17:34:42,333 - INFO - [BUY CONFIRMED] 未知 | No | size=9.1000 price=0.81
2026-07-25 17:34:42,698 - INFO - [SELL CONFIRMED] 未知 | Yes | size=10.9000 price=0.19
2026-07-25 17:35:38,721 - INFO - [MARKET SELL] Will the highest temperature in Wellingt | 20.0000 shares @ market
2026-07-25 17:35:39,831 - INFO - [MARKET SELL FILLED] 15610649675259956987 id=0x1e774b352fcc36c8bb
2026-07-25 17:35:40,403 - INFO - [MARKET SELL] Will the highest temperature in Istanbul | 20.0000 shares @ market
2026-07-25 17:35:41,652 - INFO - [MARKET SELL FILLED] 86198315589106954341 id=0x15a3e5cf02c1c0be9b
2026-07-25 17:35:41,953 - INFO - [POSITION] 市价卖出 2 个持仓
2026-07-25 17:35:48,725 - INFO - [SELL CONFIRMED] 未知 | Yes | size=0.0000 price=0.19
2026-07-25 17:35:50,269 - INFO - [SELL CONFIRMED] 未知 | No | size=0.0000 price=0.6
2026-07-25 17:50:20,378 - ERROR - [py_clob_client_v2] request error: Server disconnected
2026-07-25 17:50:20,378 - ERROR - [py_clob_client_v2] request error: Server disconnected
2026-07-25 17:50:20,379 - ERROR - 获取订单簿失败: 14054783344598358914... | PolyApiException[status_code=None, error_message=Request exception!]
2026-07-25 17:50:20,380 - ERROR - 获取订单簿失败: 92355091515408385289... | PolyApiException[status_code=None, error_message=Request exception!]
2026-07-25 17:50:21,375 - WARNING - [RETRY] 1405478334459835 bids不足2档，10s后重试
2026-07-25 17:50:21,375 - WARNING - [RETRY] 9235509151540838 bids不足2档，10s后重试
2026-07-25 17:58:53,512 - ERROR - [py_clob_client_v2] request error: Server disconnected
2026-07-25 17:58:53,512 - ERROR - [py_clob_client_v2] request error: Server disconnected
2026-07-25 17:58:53,513 - ERROR - 获取订单簿失败: 44976530378517765462... | PolyApiException[status_code=None, error_message=Request exception!]
2026-07-25 17:58:53,513 - ERROR - 获取订单簿失败: 10856118494180052007... | PolyApiException[status_code=None, error_message=Request exception!]
2026-07-25 17:58:53,513 - ERROR - [py_clob_client_v2] request error: Server disconnected
2026-07-25 17:58:53,513 - ERROR - [py_clob_client_v2] request error: Server disconnected
2026-07-25 17:58:53,514 - ERROR - [py_clob_client_v2] request error: Server disconnected
2026-07-25 17:58:53,514 - ERROR - [py_clob_client_v2] request error: Server disconnected
2026-07-25 17:58:53,514 - ERROR - 获取订单簿失败: 63975129991901669833... | PolyApiException[status_code=None, error_message=Request exception!]
2026-07-25 17:58:53,514 - ERROR - 获取订单簿失败: 34622164514140131450... | PolyApiException[status_code=None, error_message=Request exception!]
2026-07-25 17:58:53,515 - ERROR - 获取订单簿失败: 63022939833654570612... | PolyApiException[status_code=None, error_message=Request exception!]
2026-07-25 17:58:53,515 - ERROR - 获取订单簿失败: 10795257846498329789... | PolyApiException[status_code=None, error_message=Request exception!]
2026-07-25 17:58:54,510 - WARNING - [RETRY] 4497653037851776 bids不足2档，10s后重试
2026-07-25 17:58:54,510 - WARNING - [RETRY] 1085611849418005 bids不足2档，10s后重试
2026-07-25 17:58:54,510 - WARNING - [RETRY] 6397512999190166 bids不足2档，10s后重试
2026-07-25 17:58:54,511 - WARNING - [RETRY] 3462216451414013 bids不足2档，10s后重试
2026-07-25 17:58:54,511 - WARNING - [RETRY] 6302293983365457 bids不足2档，10s后重试
2026-07-25 17:58:54,511 - WARNING - [RETRY] 1079525784649832 bids不足2档，10s后重试
2026-07-25 17:59:58,289 - ERROR - [py_clob_client_v2] request error: Server disconnected
2026-07-25 17:59:58,290 - ERROR - [py_clob_client_v2] request error: Server disconnected
2026-07-25 17:59:58,290 - ERROR - 获取订单簿失败: 67576346248113263114... | PolyApiException[status_code=None, error_message=Request exception!]
2026-07-25 17:59:58,291 - ERROR - 获取订单簿失败: 79918977544376060146... | PolyApiException[status_code=None, error_message=Request exception!]
2026-07-25 17:59:59,287 - WARNING - [RETRY] 6757634624811326 bids不足2档，10s后重试
2026-07-25 17:59:59,288 - WARNING - [RETRY] 7991897754437606 bids不足2档，10s后重试
2026-07-25 18:00:25,486 - INFO - [BUY CONFIRMED] 未知 | Yes | size=16.1352 price=0.46
2026-07-25 18:00:32,305 - INFO - [MARKET SELL] Will the highest temperature in Warsaw b | 16.1352 shares @ market
2026-07-25 18:00:33,460 - INFO - [MARKET SELL FILLED] 37897807889294959005 id=0x17a42063b8baf3ac29
2026-07-25 18:00:33,761 - INFO - [POSITION] 市价卖出 1 个持仓
2026-07-25 18:00:41,394 - INFO - [SELL CONFIRMED] 未知 | No | size=0.0000 price=0.54
2026-07-25 18:02:51,024 - INFO - [SELL CONFIRMED] 未知 | Yes | size=12.5000 price=0.37
2026-07-25 18:04:36,032 - INFO - [MARKET SELL] Will the highest temperature in Milan be | 12.5000 shares @ market
2026-07-25 18:04:37,268 - INFO - [MARKET SELL FILLED] 38676040120905456751 id=0xc505384efb396df949
2026-07-25 18:04:37,573 - INFO - [POSITION] 市价卖出 1 个持仓
2026-07-25 18:04:44,659 - INFO - [SELL CONFIRMED] 未知 | Yes | size=0.0000 price=0.38
2026-07-25 18:04:49,067 - ERROR - [BATCH CANCEL FAIL] 0x9f377b5d46339c8ade... | order can't be found - already canceled or matched
2026-07-25 18:04:49,800 - ERROR - [BATCH CANCEL] 3867604012090545 取消失败，清空 active_id 进入冷却兜底
2026-07-25 18:04:56,489 - INFO - [BUY CONFIRMED] 未知 | No | size=7.5000 price=0.63
2026-07-25 18:05:40,324 - INFO - [SELL CONFIRMED] 未知 | Yes | size=10.9800 price=0.39
2026-07-25 18:06:39,387 - INFO - [MARKET SELL] Will the highest temperature in London b | 10.9800 shares @ market
2026-07-25 18:06:40,579 - INFO - [MARKET SELL FILLED] 11229337625904642033 id=0x7f19605d51186b6858
2026-07-25 18:06:41,129 - INFO - [MARKET SELL] Will the highest temperature in Milan be | 7.5000 shares @ market
2026-07-25 18:06:41,734 - INFO - [MARKET SELL FILLED] 38676040120905456751 id=0x9e4cd603f662a28c53
2026-07-25 18:06:42,036 - INFO - [POSITION] 市价卖出 2 个持仓
2026-07-25 18:06:48,291 - INFO - [SELL CONFIRMED] 未知 | Yes | size=0.0000 price=0.38
2026-07-25 18:06:50,137 - INFO - [SELL CONFIRMED] 未知 | Yes | size=0.0000 price=0.36
2026-07-25 18:12:59,415 - ERROR - [py_clob_client_v2] request error: Server disconnected
2026-07-25 18:12:59,415 - ERROR - [py_clob_client_v2] request error: Server disconnected
2026-07-25 18:12:59,416 - ERROR - [py_clob_client_v2] request error: Server disconnected
2026-07-25 18:12:59,416 - ERROR - [py_clob_client_v2] request error: Server disconnected
2026-07-25 18:12:59,416 - ERROR - [py_clob_client_v2] request error: Server disconnected
2026-07-25 18:12:59,416 - ERROR - 获取订单簿失败: 24306805187790414764... | PolyApiException[status_code=None, error_message=Request exception!]
2026-07-25 18:12:59,416 - ERROR - [BATCH CANCEL ERR] 2 条 | PolyApiException[status_code=None, error_message=Request exception!]
2026-07-25 18:12:59,416 - ERROR - 获取订单簿失败: 78255715486447628313... | PolyApiException[status_code=None, error_message=Request exception!]
2026-07-25 18:12:59,416 - ERROR - 获取订单簿失败: 76953662985647082007... | PolyApiException[status_code=None, error_message=Request exception!]
2026-07-25 18:12:59,416 - ERROR - 获取订单簿失败: 91800783607697721845... | PolyApiException[status_code=None, error_message=Request exception!]
2026-07-25 18:13:00,414 - ERROR - [BATCH CANCEL] 3431219498393958 取消失败，清空 active_id 进入冷却兜底
2026-07-25 18:13:00,415 - ERROR - [BATCH CANCEL] 3462216451414013 取消失败，清空 active_id 进入冷却兜底
2026-07-25 18:13:00,415 - WARNING - [RETRY] 2430680518779041 bids不足2档，10s后重试
2026-07-25 18:13:00,415 - WARNING - [RETRY] 9180078360769772 bids不足2档，10s后重试
2026-07-25 18:13:00,415 - WARNING - [RETRY] 7825571548644762 bids不足2档，10s后重试
2026-07-25 18:13:00,415 - WARNING - [RETRY] 7695366298564708 bids不足2档，10s后重试
2026-07-25 18:14:05,590 - ERROR - [py_clob_client_v2] request error: Server disconnected
2026-07-25 18:14:05,591 - ERROR - [py_clob_client_v2] request error: Server disconnected
2026-07-25 18:14:05,591 - ERROR - 获取订单簿失败: 10447426845024993146... | PolyApiException[status_code=None, error_message=Request exception!]
2026-07-25 18:14:05,592 - ERROR - 获取订单簿失败: 31189714745873609345... | PolyApiException[status_code=None, error_message=Request exception!]
2026-07-25 18:14:06,585 - WARNING - [RETRY] 1044742684502499 bids不足2档，10s后重试
2026-07-25 18:14:06,586 - WARNING - [RETRY] 3118971474587360 bids不足2档，10s后重试
2026-07-25 18:31:08,263 - ERROR - [py_clob_client_v2] request error: Server disconnected
2026-07-25 18:31:08,264 - ERROR - [py_clob_client_v2] request error: Server disconnected
2026-07-25 18:31:08,265 - ERROR - [py_clob_client_v2] request error: Server disconnected
2026-07-25 18:31:08,265 - ERROR - [py_clob_client_v2] request error: Server disconnected
2026-07-25 18:31:08,265 - ERROR - 获取订单簿失败: 65735862177986594107... | PolyApiException[status_code=None, error_message=Request exception!]
2026-07-25 18:31:08,265 - ERROR - 获取订单簿失败: 11191540991422413698... | PolyApiException[status_code=None, error_message=Request exception!]
2026-07-25 18:31:08,266 - ERROR - 获取订单簿失败: 48757986289528624270... | PolyApiException[status_code=None, error_message=Request exception!]
2026-07-25 18:31:08,266 - ERROR - 获取订单簿失败: 55264607116615018828... | PolyApiException[status_code=None, error_message=Request exception!]
2026-07-25 18:31:09,257 - WARNING - [RETRY] 6573586217798659 bids不足2档，10s后重试
2026-07-25 18:31:09,257 - WARNING - [RETRY] 1119154099142241 bids不足2档，10s后重试
2026-07-25 18:31:09,258 - WARNING - [RETRY] 4875798628952862 bids不足2档，10s后重试
2026-07-25 18:31:09,259 - WARNING - [RETRY] 5526460711661501 bids不足2档，10s后重试
2026-07-25 18:34:24,147 - ERROR - [py_clob_client_v2] request error: Server disconnected
2026-07-25 18:34:24,148 - ERROR - [py_clob_client_v2] request error: Server disconnected
2026-07-25 18:34:24,152 - ERROR - 获取订单簿失败: 43597558778041427842... | PolyApiException[status_code=None, error_message=Request exception!]
2026-07-25 18:34:24,155 - ERROR - 获取订单簿失败: 34622164514140131450... | PolyApiException[status_code=None, error_message=Request exception!]
2026-07-25 18:34:25,143 - WARNING - [RETRY] 4359755877804142 bids不足2档，10s后重试
2026-07-25 18:34:25,143 - WARNING - [RETRY] 3462216451414013 bids不足2档，10s后重试
2026-07-25 18:40:54,286 - ERROR - [py_clob_client_v2] request error: Server disconnected
2026-07-25 18:40:54,286 - ERROR - [py_clob_client_v2] request error: Server disconnected
2026-07-25 18:40:54,287 - ERROR - [PLACE FAIL] 4996389132820629... price=0.77 attempt=1/2 | PolyApiException[status_code=None, error_message=Request exception!]
2026-07-25 18:40:54,636 - ERROR - [HEARTBEAT] 失败 (连续 1 次): 401 Client Error: Unauthorized for url: https://clob.polymarket.com/v1/heartbeats
2026-07-25 18:40:56,103 - ERROR - [py_clob_client_v2] request error status=400 url=https://clob.polymarket.com/v1/heartbeats body={"heartbeat_id":"ff359e8a-b14a-40b9-ac4d-bfd0d59a294f","error_msg":"Invalid Heartbeat ID"}
2026-07-25 18:40:56,103 - INFO - [HEARTBEAT] 从 SDK 错误恢复 heartbeat_id: ff359e8a-b14a-40 (旧: 9fce38cd-bcdd-46)
2026-07-25 18:40:56,348 - INFO - [HEARTBEAT] OK (recovered) id=60a170e2-c583-41
2026-07-25 18:45:26,881 - ERROR - [py_clob_client_v2] request error: Server disconnected
2026-07-25 18:45:26,881 - ERROR - [py_clob_client_v2] request error: Server disconnected
2026-07-25 18:45:26,881 - ERROR - 获取订单簿失败: 32897199088222733854... | PolyApiException[status_code=None, error_message=Request exception!]
2026-07-25 18:45:26,886 - ERROR - 获取订单簿失败: 57557225764572935433... | PolyApiException[status_code=None, error_message=Request exception!]
2026-07-25 18:45:27,875 - WARNING - [RETRY] 3289719908822273 bids不足2档，10s后重试
2026-07-25 18:45:27,877 - WARNING - [RETRY] 5755722576457293 bids不足2档，10s后重试
2026-07-25 18:52:09,082 - ERROR - [py_clob_client_v2] request error: Server disconnected
2026-07-25 18:52:09,083 - ERROR - [py_clob_client_v2] request error: Server disconnected
2026-07-25 18:52:09,083 - ERROR - [py_clob_client_v2] request error: Server disconnected
2026-07-25 18:52:09,083 - ERROR - [py_clob_client_v2] request error: Server disconnected
2026-07-25 18:52:09,084 - ERROR - 获取订单簿失败: 69492911337109615557... | PolyApiException[status_code=None, error_message=Request exception!]
2026-07-25 18:52:09,084 - ERROR - [py_clob_client_v2] request error: Server disconnected
2026-07-25 18:52:09,084 - ERROR - 获取订单簿失败: 48757986289528624270... | PolyApiException[status_code=None, error_message=Request exception!]
2026-07-25 18:52:09,085 - ERROR - 获取订单簿失败: 11314077000348620777... | PolyApiException[status_code=None, error_message=Request exception!]
2026-07-25 18:52:09,085 - ERROR - 获取订单簿失败: 14054783344598358914... | PolyApiException[status_code=None, error_message=Request exception!]
2026-07-25 18:52:09,085 - ERROR - 获取订单簿失败: 86198315589106954341... | PolyApiException[status_code=None, error_message=Request exception!]
2026-07-25 18:52:10,075 - WARNING - [RETRY] 6949291133710961 bids不足2档，10s后重试
2026-07-25 18:52:10,075 - WARNING - [RETRY] 4875798628952862 bids不足2档，10s后重试
2026-07-25 18:52:10,076 - WARNING - [RETRY] 1131407700034862 bids不足2档，10s后重试
2026-07-25 18:52:10,076 - WARNING - [RETRY] 1405478334459835 bids不足2档，10s后重试
2026-07-25 18:52:10,076 - WARNING - [RETRY] 8619831558910695 bids不足2档，10s后重试
2026-07-25 18:55:36,896 - ERROR - [py_clob_client_v2] request error: Server disconnected
2026-07-25 18:55:36,897 - ERROR - [py_clob_client_v2] request error: Server disconnected
2026-07-25 18:55:36,897 - ERROR - [py_clob_client_v2] request error: Server disconnected
2026-07-25 18:55:36,897 - ERROR - 获取订单簿失败: 64399262958483971463... | PolyApiException[status_code=None, error_message=Request exception!]
2026-07-25 18:55:36,897 - ERROR - [py_clob_client_v2] request error: Server disconnected
2026-07-25 18:55:36,897 - ERROR - [BATCH CANCEL ERR] 2 条 | PolyApiException[status_code=None, error_message=Request exception!]
2026-07-25 18:55:36,897 - ERROR - [py_clob_client_v2] request error: Server disconnected
2026-07-25 18:55:36,897 - ERROR - [py_clob_client_v2] request error: Server disconnected
2026-07-25 18:55:36,897 - ERROR - 获取订单簿失败: 90110274210440385465... | PolyApiException[status_code=None, error_message=Request exception!]
2026-07-25 18:55:36,897 - ERROR - 获取订单簿失败: 43772151919616992471... | PolyApiException[status_code=None, error_message=Request exception!]
2026-07-25 18:55:36,898 - ERROR - 获取订单簿失败: 20293805643664850955... | PolyApiException[status_code=None, error_message=Request exception!]
2026-07-25 18:55:36,898 - ERROR - 获取订单簿失败: 10494569070030466906... | PolyApiException[status_code=None, error_message=Request exception!]
2026-07-25 18:55:37,894 - ERROR - [BATCH CANCEL] 1039213162332695 取消失败，清空 active_id 进入冷却兜底
2026-07-25 18:55:37,896 - ERROR - [BATCH CANCEL] 6897984076805261 取消失败，清空 active_id 进入冷却兜底
2026-07-25 18:55:37,897 - WARNING - [RETRY] 6439926295848397 bids不足2档，10s后重试
2026-07-25 18:55:37,897 - WARNING - [RETRY] 1049456907003046 bids不足2档，10s后重试
2026-07-25 18:55:37,897 - WARNING - [RETRY] 9011027421044038 bids不足2档，10s后重试
2026-07-25 18:55:37,897 - WARNING - [RETRY] 4377215191961699 bids不足2档，10s后重试
2026-07-25 18:55:37,898 - WARNING - [RETRY] 2029380564366485 bids不足2档，10s后重试
2026-07-25 18:55:46,912 - ERROR - [py_clob_client_v2] request error: The read operation timed out
2026-07-25 18:55:46,912 - ERROR - [py_clob_client_v2] request error: The read operation timed out
2026-07-25 18:55:46,912 - ERROR - [py_clob_client_v2] request error: The read operation timed out
2026-07-25 18:55:46,913 - ERROR - 获取订单簿失败: 10945235393684799112... | PolyApiException[status_code=None, error_message=Request exception!]
2026-07-25 18:55:46,913 - ERROR - [py_clob_client_v2] request error: The read operation timed out
2026-07-25 18:55:46,914 - ERROR - 获取订单簿失败: 69974363414358936178... | PolyApiException[status_code=None, error_message=Request exception!]
2026-07-25 18:55:46,913 - ERROR - [py_clob_client_v2] request error: The read operation timed out
2026-07-25 18:55:46,915 - ERROR - 获取订单簿失败: 10978553921368218542... | PolyApiException[status_code=None, error_message=Request exception!]
2026-07-25 18:55:46,915 - ERROR - 获取订单簿失败: 10283359088126608231... | PolyApiException[status_code=None, error_message=Request exception!]
2026-07-25 18:55:51,919 - ERROR - [HEARTBEAT] 失败 (连续 1 次): HTTPSConnectionPool(host='clob.polymarket.com', port=443): Max retries exceeded with url: /v1/heartbeats (Caused by SSLError(SSLEOFError(8, '[SSL: UNEXPECTED_EOF_WHILE_READING] EOF occurred in violation of protocol (_ssl.c:1000)')))
2026-07-25 18:55:51,919 - ERROR - [POLL] 批量查询异常: HTTPSConnectionPool(host='clob.polymarket.com', port=443): Max retries exceeded with url: /books (Caused by SSLError(SSLEOFError(8, '[SSL: UNEXPECTED_EOF_WHILE_READING] EOF occurred in violation of protocol (_ssl.c:1000)')))
2026-07-25 18:55:56,925 - ERROR - [py_clob_client_v2] request error: [SSL: UNEXPECTED_EOF_WHILE_READING] EOF occurred in violation of protocol (_ssl.c:1000)
2026-07-25 18:55:56,926 - ERROR - 查询订单失败: PolyApiException[status_code=None, error_message=Request exception!]
2026-07-25 18:55:56,927 - WARNING - [AUDIT] 9411931090416541 订单丢失纠偏
2026-07-25 18:55:56,928 - WARNING - [AUDIT] 5278947639370006 订单丢失纠偏
2026-07-25 18:55:56,929 - WARNING - [AUDIT] 5830923912642057 订单丢失纠偏
2026-07-25 18:55:56,929 - WARNING - [AUDIT] 5866450385307346 订单丢失纠偏
2026-07-25 18:55:56,929 - WARNING - [AUDIT] 8877060676116056 订单丢失纠偏
2026-07-25 18:55:56,930 - WARNING - [AUDIT] 1821468958374676 订单丢失纠偏
2026-07-25 18:55:56,930 - WARNING - [AUDIT] 1140116103922284 订单丢失纠偏
2026-07-25 18:55:56,931 - WARNING - [AUDIT] 9432527639737248 订单丢失纠偏
2026-07-25 18:55:56,931 - WARNING - [AUDIT] 6779698626799914 订单丢失纠偏
2026-07-25 18:55:56,931 - WARNING - [AUDIT] 6370564337515667 订单丢失纠偏
2026-07-25 18:55:56,931 - WARNING - [AUDIT] 5908527933595275 订单丢失纠偏
2026-07-25 18:55:56,931 - WARNING - [AUDIT] 4121860606184344 订单丢失纠偏
2026-07-25 18:55:56,932 - WARNING - [AUDIT] 7005874744115631 订单丢失纠偏
2026-07-25 18:55:56,932 - WARNING - [AUDIT] 8010127249492345 订单丢失纠偏
2026-07-25 18:55:56,932 - WARNING - [AUDIT] 5957917823482246 订单丢失纠偏
2026-07-25 18:55:56,932 - WARNING - [AUDIT] 4395000465523214 订单丢失纠偏
2026-07-25 18:55:56,933 - WARNING - [AUDIT] 4938785652399717 订单丢失纠偏
2026-07-25 18:55:56,933 - WARNING - [AUDIT] 1044742684502499 订单丢失纠偏
2026-07-25 18:55:56,933 - WARNING - [AUDIT] 6428215687061350 订单丢失纠偏
2026-07-25 18:55:56,933 - WARNING - [AUDIT] 9968799681150047 订单丢失纠偏
2026-07-25 18:55:56,933 - WARNING - [AUDIT] 3928109796710302 订单丢失纠偏
2026-07-25 18:55:56,934 - WARNING - [AUDIT] 9837755118557191 订单丢失纠偏
2026-07-25 18:55:56,934 - WARNING - [AUDIT] 3494423647510251 订单丢失纠偏
2026-07-25 18:55:56,934 - WARNING - [AUDIT] 9098249032441021 订单丢失纠偏
2026-07-25 18:55:56,934 - WARNING - [AUDIT] 7144629818739335 订单丢失纠偏
2026-07-25 18:55:56,934 - WARNING - [AUDIT] 3316022003172428 订单丢失纠偏
2026-07-25 18:55:56,934 - WARNING - [AUDIT] 1128610682086962 订单丢失纠偏
2026-07-25 18:55:56,934 - WARNING - [AUDIT] 3489824195446315 订单丢失纠偏
2026-07-25 18:55:56,934 - WARNING - [AUDIT] 1019456511631288 订单丢失纠偏
2026-07-25 18:55:56,934 - WARNING - [AUDIT] 1115156244865748 订单丢失纠偏
2026-07-25 18:55:56,934 - WARNING - [AUDIT] 6397512999190166 订单丢失纠偏
2026-07-25 18:55:56,934 - WARNING - [AUDIT] 6077252654654845 订单丢失纠偏
2026-07-25 18:55:56,935 - WARNING - [AUDIT] 8693431785219453 订单丢失纠偏
2026-07-25 18:55:56,935 - WARNING - [AUDIT] 2430680518779041 订单丢失纠偏
2026-07-25 18:55:56,935 - WARNING - [AUDIT] 9770328264870137 订单丢失纠偏
2026-07-25 18:55:56,935 - WARNING - [AUDIT] 1188248644480192 订单丢失纠偏
2026-07-25 18:55:56,935 - WARNING - [AUDIT] 9578021709881541 订单丢失纠偏
2026-07-25 18:55:56,935 - WARNING - [AUDIT] 1030433503393094 订单丢失纠偏
2026-07-25 18:55:56,935 - WARNING - [AUDIT] 2695273901029107 订单丢失纠偏
2026-07-25 18:55:56,935 - WARNING - [AUDIT] 6605524220988181 订单丢失纠偏
2026-07-25 18:55:56,935 - WARNING - [AUDIT] 1443910807302832 订单丢失纠偏
2026-07-25 18:55:56,935 - WARNING - [AUDIT] 5345599300581705 订单丢失纠偏
2026-07-25 18:55:56,935 - WARNING - [AUDIT] 8820197432818969 订单丢失纠偏
2026-07-25 18:55:56,936 - WARNING - [AUDIT] 8530664565482826 订单丢失纠偏
2026-07-25 18:55:56,936 - WARNING - [AUDIT] 8492696844341031 订单丢失纠偏
2026-07-25 18:55:56,936 - WARNING - [AUDIT] 1902866552965814 订单丢失纠偏
2026-07-25 18:55:56,936 - WARNING - [AUDIT] 9142474180320462 订单丢失纠偏
2026-07-25 18:55:56,937 - WARNING - [AUDIT] 1278161378705403 订单丢失纠偏
2026-07-25 18:55:56,937 - WARNING - [AUDIT] 8638665715244095 订单丢失纠偏
2026-07-25 18:55:56,937 - WARNING - [AUDIT] 9066513400705791 订单丢失纠偏
2026-07-25 18:55:56,937 - WARNING - [AUDIT] 2995812971963878 订单丢失纠偏
2026-07-25 18:55:56,937 - WARNING - [AUDIT] 8564051131019144 订单丢失纠偏
2026-07-25 18:55:56,937 - WARNING - [AUDIT] 1097810232883151 订单丢失纠偏
2026-07-25 18:55:56,937 - WARNING - [AUDIT] 8524084866436584 订单丢失纠偏
2026-07-25 18:55:56,937 - WARNING - [AUDIT] 6297068221810872 订单丢失纠偏
2026-07-25 18:55:56,937 - WARNING - [AUDIT] 4178888341684015 订单丢失纠偏
2026-07-25 18:55:56,937 - WARNING - [AUDIT] 6569048117759605 订单丢失纠偏
2026-07-25 18:55:56,937 - WARNING - [AUDIT] 9239435292221461 订单丢失纠偏
2026-07-25 18:55:56,937 - WARNING - [AUDIT] 2967938633076166 订单丢失纠偏
2026-07-25 18:55:56,938 - WARNING - [AUDIT] 4417838101000094 订单丢失纠偏
2026-07-25 18:55:56,938 - WARNING - [AUDIT] 1105374499294776 订单丢失纠偏
2026-07-25 18:55:56,938 - WARNING - [AUDIT] 9501070122933866 订单丢失纠偏
2026-07-25 18:55:56,938 - WARNING - [AUDIT] 1321771576257595 订单丢失纠偏
2026-07-25 18:55:56,938 - WARNING - [AUDIT] 6573586217798659 订单丢失纠偏
2026-07-25 18:55:56,938 - WARNING - [AUDIT] 2376781814308162 订单丢失纠偏
2026-07-25 18:55:56,938 - WARNING - [AUDIT] 4129408680521332 订单丢失纠偏
2026-07-25 18:55:56,938 - WARNING - [AUDIT] 2655615363650516 订单丢失纠偏
2026-07-25 18:55:56,938 - WARNING - [AUDIT] 4249356416804093 订单丢失纠偏
2026-07-25 18:55:56,938 - WARNING - [AUDIT] 7307652131039737 订单丢失纠偏
2026-07-25 18:55:56,939 - WARNING - [AUDIT] 9235509151540838 订单丢失纠偏
2026-07-25 18:55:56,939 - WARNING - [AUDIT] 1086139484509472 订单丢失纠偏
2026-07-25 18:55:56,939 - WARNING - [AUDIT] 1098731795347363 订单丢失纠偏
2026-07-25 18:55:56,939 - WARNING - [AUDIT] 6537618029656924 订单丢失纠偏
2026-07-25 18:55:56,939 - WARNING - [AUDIT] 6308828062665821 订单丢失纠偏
2026-07-25 18:55:56,939 - WARNING - [AUDIT] 5672525364659942 订单丢失纠偏
2026-07-25 18:55:56,939 - WARNING - [AUDIT] 3880214381478715 订单丢失纠偏
2026-07-25 18:55:56,939 - WARNING - [AUDIT] 1004770125024061 订单丢失纠偏
2026-07-25 18:55:56,940 - WARNING - [AUDIT] 6874550136356778 订单丢失纠偏
2026-07-25 18:55:56,940 - WARNING - [AUDIT] 1119837095753961 订单丢失纠偏
2026-07-25 18:55:56,940 - WARNING - [AUDIT] 7064999730356872 订单丢失纠偏
2026-07-25 18:55:56,940 - WARNING - [AUDIT] 4077520573859932 订单丢失纠偏
2026-07-25 18:55:56,940 - WARNING - [AUDIT] 6498331982019577 订单丢失纠偏
2026-07-25 18:55:56,940 - WARNING - [AUDIT] 2390687987214933 订单丢失纠偏
2026-07-25 18:55:56,940 - WARNING - [AUDIT] 8966153070370760 订单丢失纠偏
2026-07-25 18:55:56,940 - WARNING - [AUDIT] 1917581357223089 订单丢失纠偏
2026-07-25 18:55:56,940 - WARNING - [AUDIT] 1907002193927246 订单丢失纠偏
2026-07-25 18:55:56,940 - WARNING - [AUDIT] 1099864509530169 订单丢失纠偏
2026-07-25 18:55:56,940 - WARNING - [AUDIT] 2384535189870790 订单丢失纠偏
2026-07-25 18:55:56,940 - WARNING - [AUDIT] 5733281042428566 订单丢失纠偏
2026-07-25 18:55:56,940 - WARNING - [AUDIT] 5758639915850164 订单丢失纠偏
2026-07-25 18:55:56,940 - WARNING - [AUDIT] 2924253112241084 订单丢失纠偏
2026-07-25 18:55:56,940 - WARNING - [AUDIT] 6442945039247464 订单丢失纠偏
2026-07-25 18:55:56,940 - WARNING - [AUDIT] 1016267218870771 订单丢失纠偏
2026-07-25 18:55:56,940 - WARNING - [AUDIT] 1559454102025990 订单丢失纠偏
2026-07-25 18:55:56,940 - WARNING - [AUDIT] 2439328078499072 订单丢失纠偏
2026-07-25 18:55:56,940 - WARNING - [AUDIT] 1138605881558351 订单丢失纠偏
2026-07-25 18:55:56,940 - WARNING - [AUDIT] 8961271340370380 订单丢失纠偏
2026-07-25 18:55:56,940 - WARNING - [AUDIT] 2254605645195450 订单丢失纠偏
2026-07-25 18:55:56,940 - WARNING - [AUDIT] 4194748595247210 订单丢失纠偏
2026-07-25 18:55:56,940 - WARNING - [AUDIT] 7441735254790693 订单丢失纠偏
2026-07-25 18:55:56,941 - WARNING - [AUDIT] 1066316183990326 订单丢失纠偏
2026-07-25 18:55:56,941 - WARNING - [AUDIT] 4971687397188110 订单丢失纠偏
2026-07-25 18:55:56,941 - WARNING - [AUDIT] 1142362348205364 订单丢失纠偏
2026-07-25 18:55:56,941 - WARNING - [AUDIT] 7470709482938827 订单丢失纠偏
2026-07-25 18:55:56,942 - WARNING - [AUDIT] 7825571548644762 订单丢失纠偏
2026-07-25 18:55:56,942 - WARNING - [AUDIT] 8499865568073522 订单丢失纠偏
2026-07-25 18:55:56,942 - WARNING - [AUDIT] 4695919801342087 订单丢失纠偏
2026-07-25 18:55:56,942 - WARNING - [AUDIT] 8968565788502316 订单丢失纠偏
2026-07-25 18:55:56,942 - WARNING - [AUDIT] 6483454204626439 订单丢失纠偏
2026-07-25 18:55:56,942 - WARNING - [AUDIT] 9180078360769772 订单丢失纠偏
2026-07-25 18:55:56,942 - WARNING - [AUDIT] 7695366298564708 订单丢失纠偏
2026-07-25 18:55:56,942 - WARNING - [AUDIT] 5717826880009008 订单丢失纠偏
2026-07-25 18:55:56,942 - WARNING - [AUDIT] 5107027911457890 订单丢失纠偏
2026-07-25 18:55:56,943 - WARNING - [AUDIT] 1034920250143109 订单丢失纠偏
2026-07-25 18:55:56,943 - WARNING - [AUDIT] 7904779464725106 订单丢失纠偏
2026-07-25 18:55:56,943 - WARNING - [AUDIT] 7771765134351852 订单丢失纠偏
2026-07-25 18:55:56,943 - WARNING - [AUDIT] 7165755216496403 订单丢失纠偏
2026-07-25 18:55:56,943 - WARNING - [AUDIT] 5400023606927064 订单丢失纠偏
2026-07-25 18:55:56,943 - WARNING - [AUDIT] 4152795695875633 订单丢失纠偏
2026-07-25 18:55:56,943 - WARNING - [AUDIT] 5313701344031252 订单丢失纠偏
2026-07-25 18:55:56,943 - WARNING - [AUDIT] 1449142211072608 订单丢失纠偏
2026-07-25 18:55:56,943 - WARNING - [AUDIT] 2884598020972178 订单丢失纠偏
2026-07-25 18:55:56,943 - WARNING - [AUDIT] 9058249713531669 订单丢失纠偏
2026-07-25 18:55:56,943 - WARNING - [AUDIT] 3287212552956663 订单丢失纠偏
2026-07-25 18:55:56,943 - WARNING - [AUDIT] 5244862430008117 订单丢失纠偏
2026-07-25 18:55:56,944 - WARNING - [AUDIT] 2731633857800405 订单丢失纠偏
2026-07-25 18:55:56,944 - WARNING - [AUDIT] 5628511346857065 订单丢失纠偏
2026-07-25 18:55:56,944 - WARNING - [AUDIT] 8418389654420406 订单丢失纠偏
2026-07-25 18:55:56,944 - WARNING - [AUDIT] 7132655406429082 订单丢失纠偏
2026-07-25 18:55:56,944 - WARNING - [AUDIT] 7397296944522975 订单丢失纠偏
2026-07-25 18:55:56,944 - WARNING - [AUDIT] 1205253927376409 订单丢失纠偏
2026-07-25 18:55:56,944 - WARNING - [AUDIT] 8610860968568011 订单丢失纠偏
2026-07-25 18:55:56,945 - WARNING - [AUDIT] 6757634624811326 订单丢失纠偏
2026-07-25 18:55:56,945 - WARNING - [AUDIT] 3819567267277004 订单丢失纠偏
2026-07-25 18:55:56,945 - WARNING - [AUDIT] 5526460711661501 订单丢失纠偏
2026-07-25 18:55:56,945 - WARNING - [AUDIT] 1083400045190283 订单丢失纠偏
2026-07-25 18:55:56,945 - WARNING - [AUDIT] 4999475927157657 订单丢失纠偏
2026-07-25 18:55:56,945 - WARNING - [AUDIT] 4353653349487942 订单丢失纠偏
2026-07-25 18:55:56,945 - WARNING - [AUDIT] 1134057312853136 订单丢失纠偏
2026-07-25 18:55:56,945 - WARNING - [AUDIT] 1541728443010015 订单丢失纠偏
2026-07-25 18:55:56,945 - WARNING - [AUDIT] 4359755877804142 订单丢失纠偏
2026-07-25 18:55:56,945 - WARNING - [AUDIT] 3724553052717205 订单丢失纠偏
2026-07-25 18:55:56,945 - WARNING - [AUDIT] 1007426797875212 订单丢失纠偏
2026-07-25 18:55:56,945 - WARNING - [AUDIT] 1052170469864914 订单丢失纠偏
2026-07-25 18:55:56,946 - WARNING - [AUDIT] 6457841727280752 订单丢失纠偏
2026-07-25 18:55:56,946 - WARNING - [AUDIT] 4040836118824918 订单丢失纠偏
2026-07-25 18:55:56,946 - WARNING - [AUDIT] 3663864191824875 订单丢失纠偏
2026-07-25 18:55:56,946 - WARNING - [AUDIT] 8619052752728162 订单丢失纠偏
2026-07-25 18:55:56,946 - WARNING - [AUDIT] 8433949543616107 订单丢失纠偏
2026-07-25 18:55:56,946 - WARNING - [AUDIT] 9720191017932273 订单丢失纠偏
2026-07-25 18:55:56,946 - WARNING - [AUDIT] 1721634031738384 订单丢失纠偏
2026-07-25 18:55:56,946 - WARNING - [AUDIT] 8888561682635285 订单丢失纠偏
2026-07-25 18:55:56,946 - WARNING - [AUDIT] 2127432728972959 订单丢失纠偏
2026-07-25 18:55:56,947 - WARNING - [AUDIT] 4425682531915888 订单丢失纠偏
2026-07-25 18:55:56,947 - WARNING - [AUDIT] 5474328512051291 订单丢失纠偏
2026-07-25 18:55:56,947 - WARNING - [AUDIT] 5785921790795222 订单丢失纠偏
2026-07-25 18:55:56,947 - WARNING - [AUDIT] 9482311821669811 订单丢失纠偏
2026-07-25 18:55:56,947 - WARNING - [AUDIT] 1056932128893739 订单丢失纠偏
2026-07-25 18:55:56,947 - WARNING - [AUDIT] 1483748930642911 订单丢失纠偏
2026-07-25 18:55:56,947 - WARNING - [AUDIT] 4848192208519159 订单丢失纠偏
2026-07-25 18:55:56,947 - WARNING - [AUDIT] 9331974597249395 订单丢失纠偏
2026-07-25 18:55:56,947 - WARNING - [AUDIT] 2062547209558914 订单丢失纠偏
2026-07-25 18:55:56,948 - WARNING - [AUDIT] 1042874532865923 订单丢失纠偏
2026-07-25 18:55:56,948 - WARNING - [AUDIT] 3789780788929495 订单丢失纠偏
2026-07-25 18:55:56,948 - WARNING - [AUDIT] 1024682307942098 订单丢失纠偏
2026-07-25 18:55:56,948 - WARNING - [AUDIT] 4838734030349730 订单丢失纠偏
2026-07-25 18:55:56,948 - WARNING - [AUDIT] 6041708460280095 订单丢失纠偏
2026-07-25 18:55:56,948 - WARNING - [AUDIT] 1014849120907911 订单丢失纠偏
2026-07-25 18:55:56,948 - WARNING - [AUDIT] 9905893644908516 订单丢失纠偏
2026-07-25 18:55:56,949 - WARNING - [AUDIT] 6418440471939388 订单丢失纠偏
2026-07-25 18:55:56,949 - WARNING - [AUDIT] 3995684955888039 订单丢失纠偏
2026-07-25 18:55:56,949 - WARNING - [AUDIT] 1038688357813816 订单丢失纠偏
2026-07-25 18:55:56,949 - WARNING - [AUDIT] 1840215267171060 订单丢失纠偏
2026-07-25 18:55:56,949 - WARNING - [AUDIT] 4384303999886560 订单丢失纠偏
2026-07-25 18:55:56,949 - WARNING - [AUDIT] 9759153015208529 订单丢失纠偏
2026-07-25 18:55:56,949 - WARNING - [AUDIT] 6891302762936227 订单丢失纠偏
2026-07-25 18:55:56,950 - WARNING - [AUDIT] 1058272885184291 订单丢失纠偏
2026-07-25 18:55:56,950 - WARNING - [AUDIT] 7562176890939311 订单丢失纠偏
2026-07-25 18:55:56,950 - WARNING - [AUDIT] 1155653862197823 订单丢失纠偏
2026-07-25 18:55:56,950 - WARNING - [AUDIT] 1037410930957769 订单丢失纠偏
2026-07-25 18:55:56,950 - WARNING - [AUDIT] 5087450641573283 订单丢失纠偏
2026-07-25 18:55:56,950 - WARNING - [AUDIT] 7071508948208866 订单丢失纠偏
2026-07-25 18:55:56,951 - WARNING - [AUDIT] 7716660935691121 订单丢失纠偏
2026-07-25 18:55:56,951 - WARNING - [AUDIT] 3058486331188800 订单丢失纠偏
2026-07-25 18:55:56,951 - WARNING - [AUDIT] 1122290238846423 订单丢失纠偏
2026-07-25 18:55:56,951 - WARNING - [AUDIT] 1687031545243546 订单丢失纠偏
2026-07-25 18:55:56,951 - WARNING - [AUDIT] 3289719908822273 订单丢失纠偏
2026-07-25 18:55:56,951 - WARNING - [AUDIT] 6932363798518602 订单丢失纠偏
2026-07-25 18:55:56,951 - WARNING - [AUDIT] 8719020715616755 订单丢失纠偏
2026-07-25 18:55:56,951 - WARNING - [AUDIT] 9827594619043403 订单丢失纠偏
2026-07-25 18:55:56,951 - WARNING - [AUDIT] 8505070480005357 订单丢失纠偏
2026-07-25 18:55:56,951 - WARNING - [AUDIT] 6272518235291799 订单丢失纠偏
2026-07-25 18:55:56,951 - WARNING - [AUDIT] 5785027895614409 订单丢失纠偏
2026-07-25 18:55:56,951 - WARNING - [AUDIT] 4570853089162823 订单丢失纠偏
2026-07-25 18:55:56,951 - WARNING - [AUDIT] 7082214828124471 订单丢失纠偏
2026-07-25 18:55:56,951 - WARNING - [AUDIT] 1122933762590464 订单丢失纠偏
2026-07-25 18:55:56,951 - WARNING - [AUDIT] 3116151731689187 订单丢失纠偏
2026-07-25 18:55:56,951 - WARNING - [AUDIT] 4895471101225973 订单丢失纠偏
2026-07-25 18:55:56,951 - WARNING - [AUDIT] 2208155127732861 订单丢失纠偏
2026-07-25 18:55:56,951 - WARNING - [AUDIT] 8715548327246153 订单丢失纠偏
2026-07-25 18:55:56,952 - WARNING - [AUDIT] 7135453303331364 订单丢失纠偏
2026-07-25 18:55:56,952 - WARNING - [AUDIT] 9270645344846574 订单丢失纠偏
2026-07-25 18:55:56,952 - WARNING - [AUDIT] 7678984103932412 订单丢失纠偏
2026-07-25 18:55:56,952 - WARNING - [AUDIT] 6932197239269969 订单丢失纠偏
2026-07-25 18:55:56,952 - WARNING - [AUDIT] 3629966886959701 订单丢失纠偏
2026-07-25 18:55:56,952 - WARNING - [AUDIT] 6267254677759651 订单丢失纠偏
2026-07-25 18:55:56,952 - WARNING - [AUDIT] 2025168460687585 订单丢失纠偏
2026-07-25 18:55:56,952 - WARNING - [AUDIT] 4182512170609485 订单丢失纠偏
2026-07-25 18:55:56,952 - WARNING - [AUDIT] 6176356165751296 订单丢失纠偏
2026-07-25 18:55:56,952 - WARNING - [AUDIT] 1155613935322376 订单丢失纠偏
2026-07-25 18:55:56,953 - WARNING - [AUDIT] 9437822760523581 订单丢失纠偏
2026-07-25 18:55:56,953 - WARNING - [AUDIT] 1656137732921489 订单丢失纠偏
2026-07-25 18:55:56,953 - WARNING - [AUDIT] 5445318307581489 订单丢失纠偏
2026-07-25 18:55:56,953 - WARNING - [AUDIT] 9068810544620070 订单丢失纠偏
2026-07-25 18:55:56,953 - WARNING - [AUDIT] 9921524097995719 订单丢失纠偏
2026-07-25 18:55:56,953 - WARNING - [AUDIT] 3468012421214440 订单丢失纠偏
2026-07-25 18:55:56,953 - WARNING - [AUDIT] 2918070997205045 订单丢失纠偏
2026-07-25 18:55:56,953 - WARNING - [AUDIT] 5511144736800157 订单丢失纠偏
2026-07-25 18:55:56,953 - WARNING - [AUDIT] 8586181509366869 订单丢失纠偏
2026-07-25 18:55:56,953 - WARNING - [AUDIT] 7365154812882806 订单丢失纠偏
2026-07-25 18:55:56,954 - WARNING - [AUDIT] 8342733004919931 订单丢失纠偏
2026-07-25 18:55:56,954 - WARNING - [AUDIT] 6247229995395543 订单丢失纠偏
2026-07-25 18:55:56,954 - WARNING - [AUDIT] 2079356340111763 订单丢失纠偏
2026-07-25 18:55:56,954 - WARNING - [AUDIT] 9881312425800713 订单丢失纠偏
2026-07-25 18:55:56,954 - WARNING - [AUDIT] 1432871245127252 订单丢失纠偏
2026-07-25 18:55:56,954 - WARNING - [AUDIT] 7588242779517130 订单丢失纠偏
2026-07-25 18:55:56,954 - WARNING - [AUDIT] 4173801144164046 订单丢失纠偏
2026-07-25 18:55:56,954 - WARNING - [AUDIT] 5232055306777190 订单丢失纠偏
2026-07-25 18:55:56,954 - WARNING - [AUDIT] 4415169284214064 订单丢失纠偏
2026-07-25 18:55:56,954 - WARNING - [AUDIT] 7352956550489752 订单丢失纠偏
2026-07-25 18:55:56,954 - WARNING - [AUDIT] 2949610620480626 订单丢失纠偏
2026-07-25 18:55:56,954 - WARNING - [AUDIT] 1011913172285382 订单丢失纠偏
2026-07-25 18:55:56,954 - WARNING - [AUDIT] 9469923537802331 订单丢失纠偏
2026-07-25 18:55:56,954 - WARNING - [AUDIT] 5709548470503200 订单丢失纠偏
2026-07-25 18:55:56,955 - WARNING - [AUDIT] 2598495301689239 订单丢失纠偏
2026-07-25 18:55:56,955 - WARNING - [AUDIT] 4545411805501352 订单丢失纠偏
2026-07-25 18:55:56,955 - WARNING - [AUDIT] 3575514000129505 订单丢失纠偏
2026-07-25 18:55:56,955 - WARNING - [AUDIT] 5924299156960732 订单丢失纠偏
2026-07-25 18:55:56,955 - WARNING - [AUDIT] 8173045341591020 订单丢失纠偏
2026-07-25 18:55:56,955 - WARNING - [AUDIT] 7859769022347643 订单丢失纠偏
2026-07-25 18:55:56,955 - WARNING - [AUDIT] 1119154099142241 订单丢失纠偏
2026-07-25 18:55:56,955 - WARNING - [AUDIT] 1065754919126268 订单丢失纠偏
2026-07-25 18:55:56,956 - WARNING - [AUDIT] 9356245449424102 订单丢失纠偏
2026-07-25 18:55:56,956 - WARNING - [AUDIT] 4032269341072449 订单丢失纠偏
2026-07-25 18:55:56,956 - WARNING - [AUDIT] 1084979190350709 订单丢失纠偏
2026-07-25 18:56:01,140 - ERROR - [USER WS ERR] Connection to remote host was lost.
2026-07-25 18:56:01,141 - ERROR - Connection to remote host was lost. - goodbye
2026-07-25 18:56:01,141 - WARNING - [USER WS] close code=None reason=None
2026-07-25 18:56:01,143 - WARNING - [USER WS] 断开，5s 后重连...
2026-07-25 18:56:01,932 - ERROR - [py_clob_client_v2] request error: [SSL: UNEXPECTED_EOF_WHILE_READING] EOF occurred in violation of protocol (_ssl.c:1000)
2026-07-25 18:56:01,961 - ERROR - 查询持仓失败: HTTPSConnectionPool(host='data-api.polymarket.com', port=443): Max retries exceeded with url: /positions?user=0x304bf40e9e50c265f6dd86417707d5b41d8ea619&sizeThreshold=1.0 (Caused by SSLError(SSLEOFError(8, '[SSL: UNEXPECTED_EOF_WHILE_READING] EOF occurred in violation of protocol (_ssl.c:1000)')))
2026-07-25 18:56:01,962 - WARNING - [RETRY] 1094523539368479 bids不足2档，10s后重试
2026-07-25 18:56:01,964 - WARNING - [RETRY] 6997436341435893 bids不足2档，10s后重试
2026-07-25 18:56:01,965 - WARNING - [RETRY] 1097855392136821 bids不足2档，10s后重试
2026-07-25 18:56:01,966 - WARNING - [RETRY] 1028335908812660 bids不足2档，10s后重试
2026-07-25 18:56:03,923 - ERROR - [py_clob_client_v2] request error: [SSL: UNEXPECTED_EOF_WHILE_READING] EOF occurred in violation of protocol (_ssl.c:1000)
2026-07-25 18:56:03,924 - ERROR - 获取订单簿失败: 10856118494180052007... | PolyApiException[status_code=None, error_message=Request exception!]
2026-07-25 18:56:03,968 - WARNING - [RETRY] 1085611849418005 bids不足2档，10s后重试
2026-07-25 18:56:05,821 - ERROR - [HEARTBEAT] 失败 (连续 2 次): HTTPSConnectionPool(host='clob.polymarket.com', port=443): Max retries exceeded with url: /v1/heartbeats (Caused by SSLError(SSLEOFError(8, '[SSL: UNEXPECTED_EOF_WHILE_READING] EOF occurred in violation of protocol (_ssl.c:1000)')))
2026-07-25 18:56:05,822 - ERROR - [py_clob_client_v2] request error: [SSL: UNEXPECTED_EOF_WHILE_READING] EOF occurred in violation of protocol (_ssl.c:1000)
2026-07-25 18:56:05,822 - ERROR - [py_clob_client_v2] request error: [SSL: UNEXPECTED_EOF_WHILE_READING] EOF occurred in violation of protocol (_ssl.c:1000)
2026-07-25 18:56:05,822 - ERROR - 获取订单簿失败: 14054783344598358914... | PolyApiException[status_code=None, error_message=Request exception!]
2026-07-25 18:56:05,823 - ERROR - 获取订单簿失败: 91425336624733805471... | PolyApiException[status_code=None, error_message=Request exception!]
2026-07-25 18:56:05,970 - WARNING - [RETRY] 1405478334459835 bids不足2档，10s后重试
2026-07-25 18:56:05,970 - WARNING - [RETRY] 9142533662473380 bids不足2档，10s后重试
2026-07-25 18:56:10,831 - ERROR - [py_clob_client_v2] request error: [SSL: UNEXPECTED_EOF_WHILE_READING] EOF occurred in violation of protocol (_ssl.c:1000)
2026-07-25 18:56:10,831 - ERROR - 获取订单簿失败: 84820952325379847402... | PolyApiException[status_code=None, error_message=Request exception!]
2026-07-25 18:56:10,833 - ERROR - [py_clob_client_v2] request error: _ssl.c:983: The handshake operation timed out
2026-07-25 18:56:10,833 - ERROR - 获取订单簿失败: 24667897258668672272... | PolyApiException[status_code=None, error_message=Request exception!]
2026-07-25 18:56:10,974 - WARNING - [RETRY] 8482095232537984 bids不足2档，10s后重试
2026-07-25 18:56:10,974 - WARNING - [RETRY] 2466789725866867 bids不足2档，10s后重试
2026-07-25 18:56:15,840 - ERROR - [USER WS ERR] [SSL: UNEXPECTED_EOF_WHILE_READING] EOF occurred in violation of protocol (_ssl.c:1000)
2026-07-25 18:56:15,841 - ERROR - [SSL: UNEXPECTED_EOF_WHILE_READING] EOF occurred in violation of protocol (_ssl.c:1000) - goodbye
2026-07-25 18:56:15,841 - WARNING - [USER WS] close code=None reason=None
2026-07-25 18:56:15,843 - WARNING - [USER WS] 断开，5s 后重连...
2026-07-25 18:56:15,871 - ERROR - [py_clob_client_v2] request error: _ssl.c:983: The handshake operation timed out
2026-07-25 18:56:15,871 - ERROR - [py_clob_client_v2] request error: _ssl.c:983: The handshake operation timed out
2026-07-25 18:56:15,872 - ERROR - 获取订单簿失败: 17620977598177071042... | PolyApiException[status_code=None, error_message=Request exception!]
2026-07-25 18:56:15,872 - ERROR - [py_clob_client_v2] request error: _ssl.c:983: The handshake operation timed out
2026-07-25 18:56:15,872 - ERROR - 获取订单簿失败: 57330678642032927101... | PolyApiException[status_code=None, error_message=Request exception!]
2026-07-25 18:56:15,873 - ERROR - 获取订单簿失败: 86198315589106954341... | PolyApiException[status_code=None, error_message=Request exception!]
2026-07-25 18:56:20,889 - ERROR - [py_clob_client_v2] request error: _ssl.c:983: The handshake operation timed out
2026-07-25 18:56:20,889 - ERROR - [py_clob_client_v2] request error: _ssl.c:983: The handshake operation timed out
2026-07-25 18:56:20,889 - ERROR - [py_clob_client_v2] request error: _ssl.c:983: The handshake operation timed out
2026-07-25 18:56:20,890 - ERROR - [py_clob_client_v2] request error: _ssl.c:983: The handshake operation timed out
2026-07-25 18:56:20,891 - ERROR - 查询订单失败: PolyApiException[status_code=None, error_message=Request exception!]
2026-07-25 18:56:20,891 - ERROR - 获取订单簿失败: 70345894064951658317... | PolyApiException[status_code=None, error_message=Request exception!]
2026-07-25 18:56:20,892 - ERROR - 获取订单簿失败: 43993425640874523479... | PolyApiException[status_code=None, error_message=Request exception!]
2026-07-25 18:56:25,907 - ERROR - [py_clob_client_v2] request error: _ssl.c:983: The handshake operation timed out
2026-07-25 18:56:25,907 - ERROR - [py_clob_client_v2] request error: _ssl.c:983: The handshake operation timed out
2026-07-25 18:56:25,907 - ERROR - [py_clob_client_v2] request error: _ssl.c:983: The handshake operation timed out
2026-07-25 18:56:25,908 - ERROR - [py_clob_client_v2] request error: _ssl.c:983: The handshake operation timed out
2026-07-25 18:56:25,908 - ERROR - 获取订单簿失败: 58759965288667484194... | PolyApiException[status_code=None, error_message=Request exception!]
2026-07-25 18:56:25,908 - ERROR - 获取订单簿失败: 87463191901011759979... | PolyApiException[status_code=None, error_message=Request exception!]
2026-07-25 18:56:25,908 - ERROR - 获取订单簿失败: 64399262958483971463... | PolyApiException[status_code=None, error_message=Request exception!]
2026-07-25 18:56:25,908 - ERROR - 获取订单簿失败: 10047451506837986268... | PolyApiException[status_code=None, error_message=Request exception!]
2026-07-25 18:56:30,837 - ERROR - [USER WS ERR] [SSL: UNEXPECTED_EOF_WHILE_READING] EOF occurred in violation of protocol (_ssl.c:1000)
2026-07-25 18:56:30,837 - ERROR - [POLL] 批量查询异常: HTTPSConnectionPool(host='clob.polymarket.com', port=443): Max retries exceeded with url: /books (Caused by SSLError(SSLEOFError(8, '[SSL: UNEXPECTED_EOF_WHILE_READING] EOF occurred in violation of protocol (_ssl.c:1000)')))
2026-07-25 18:56:30,837 - ERROR - [HEARTBEAT] 失败 (连续 3 次): HTTPSConnectionPool(host='clob.polymarket.com', port=443): Max retries exceeded with url: /v1/heartbeats (Caused by SSLError(SSLEOFError(8, '[SSL: UNEXPECTED_EOF_WHILE_READING] EOF occurred in violation of protocol (_ssl.c:1000)')))
2026-07-25 18:56:30,838 - ERROR - [SSL: UNEXPECTED_EOF_WHILE_READING] EOF occurred in violation of protocol (_ssl.c:1000) - goodbye
2026-07-25 18:56:30,838 - WARNING - [RETRY] 8619831558910695 bids不足2档，10s后重试
2026-07-25 18:56:30,838 - CRITICAL - [HEARTBEAT] 连续失败 3 次！订单将在 ~7 秒后被交易所自动取消！
2026-07-25 18:56:30,838 - WARNING - [USER WS] close code=None reason=None
2026-07-25 18:56:30,839 - WARNING - [RETRY] 7034589406495165 bids不足2档，10s后重试
2026-07-25 18:56:30,840 - WARNING - [USER WS] 断开，5s 后重连...
2026-07-25 18:56:30,840 - WARNING - [RETRY] 6439926295848397 bids不足2档，10s后重试
2026-07-25 18:56:30,840 - WARNING - [RETRY] 5733067864203292 bids不足2档，10s后重试
2026-07-25 18:56:30,840 - WARNING - [RETRY] 1004745150683798 bids不足2档，10s后重试
2026-07-25 18:56:30,840 - WARNING - [RETRY] 1762097759817707 bids不足2档，10s后重试
2026-07-25 18:56:30,840 - WARNING - [RETRY] 4399342564087452 bids不足2档，10s后重试
2026-07-25 18:56:30,840 - WARNING - [RETRY] 5875996528866748 bids不足2档，10s后重试
2026-07-25 18:56:30,841 - WARNING - [RETRY] 8746319190101175 bids不足2档，10s后重试
2026-07-25 18:56:30,922 - ERROR - [py_clob_client_v2] request error: _ssl.c:983: The handshake operation timed out
2026-07-25 18:56:30,922 - ERROR - [py_clob_client_v2] request error: _ssl.c:983: The handshake operation timed out
2026-07-25 18:56:30,922 - ERROR - [py_clob_client_v2] request error: _ssl.c:983: The handshake operation timed out
2026-07-25 18:56:30,922 - ERROR - [py_clob_client_v2] request error: _ssl.c:983: The handshake operation timed out
2026-07-25 18:56:30,922 - ERROR - 获取订单簿失败: 90110274210440385465... | PolyApiException[status_code=None, error_message=Request exception!]
2026-07-25 18:56:30,923 - ERROR - 获取订单簿失败: 31189714745873609345... | PolyApiException[status_code=None, error_message=Request exception!]
2026-07-25 18:56:30,923 - ERROR - 获取订单簿失败: 18319389528141659826... | PolyApiException[status_code=None, error_message=Request exception!]
2026-07-25 18:56:30,923 - ERROR - 获取订单簿失败: 43772151919616992471... | PolyApiException[status_code=None, error_message=Request exception!]
2026-07-25 18:56:31,842 - WARNING - [RETRY] 3118971474587360 bids不足2档，10s后重试
2026-07-25 18:56:31,842 - WARNING - [RETRY] 9011027421044038 bids不足2档，10s后重试
2026-07-25 18:56:31,842 - WARNING - [RETRY] 1831938952814165 bids不足2档，10s后重试
2026-07-25 18:56:31,842 - WARNING - [RETRY] 4377215191961699 bids不足2档，10s后重试
2026-07-25 18:56:35,933 - ERROR - [py_clob_client_v2] request error: _ssl.c:983: The handshake operation timed out
2026-07-25 18:56:35,934 - ERROR - [py_clob_client_v2] request error: _ssl.c:983: The handshake operation timed out
2026-07-25 18:56:35,934 - ERROR - 获取订单簿失败: 48606102783812348479... | PolyApiException[status_code=None, error_message=Request exception!]
2026-07-25 18:56:35,934 - ERROR - 获取订单簿失败: 38676040120905456751... | PolyApiException[status_code=None, error_message=Request exception!]
2026-07-25 18:56:35,948 - ERROR - [py_clob_client_v2] request error: _ssl.c:983: The handshake operation timed out
2026-07-25 18:56:35,948 - ERROR - 获取订单簿失败: 44072775630247769724... | PolyApiException[status_code=None, error_message=Request exception!]
2026-07-25 18:56:36,855 - WARNING - [RETRY] 4860610278381234 bids不足2档，10s后重试
2026-07-25 18:56:36,855 - WARNING - [RETRY] 3867604012090545 bids不足2档，10s后重试
2026-07-25 18:56:36,855 - WARNING - [RETRY] 4407277563024776 bids不足2档，10s后重试
2026-07-25 18:56:52,296 - INFO - 收到停止信号，优雅退出...
2026-07-25 18:56:52,437 - INFO - 开始优雅关闭...
2026-07-25 18:56:53,018 - INFO - [CANCEL ALL] 40 已取消 | 系统关闭
2026-07-25 18:56:53,042 - WARNING - [USER WS] close code=None reason=None
2026-07-25 18:56:54,424 - INFO - [HEARTBEAT] 已停止
2026-07-25 18:56:54,424 - INFO - ============================================================
系统已停止
============================================================
2026-07-25 18:58:11,616 - INFO - ============================================================
2026-07-25 18:58:11,616 - INFO - Maker-only Guardian V7.0 启动
2026-07-25 18:58:11,616 - INFO - 地址: 0x304bf40e9e50c265f6dd86417707d5b41d8ea619 | 档: 2 | 量: 20 | 冷却: 120s | 心跳: 7.0s
2026-07-25 18:58:11,616 - INFO - ============================================================
2026-07-25 18:58:11,616 - INFO - [HEARTBEAT] 已启动 interval=7.0s
2026-07-25 18:58:27,356 - ERROR - [py_clob_client_v2] request error: The read operation timed out
2026-07-25 18:58:27,356 - ERROR - [py_clob_client_v2] request error: The read operation timed out
2026-07-25 18:58:27,358 - ERROR - [py_clob_client_v2] request error: The read operation timed out
2026-07-25 18:58:27,358 - ERROR - [py_clob_client_v2] request error: The read operation timed out
2026-07-25 18:58:27,358 - ERROR - [py_clob_client_v2] request error: The read operation timed out
2026-07-25 18:58:27,359 - ERROR - [PLACE FAIL] 4417838101000094... price=0.67 attempt=1/2 | PolyApiException[status_code=None, error_message=Request exception!]
2026-07-25 18:58:27,359 - ERROR - [py_clob_client_v2] request error: The read operation timed out
2026-07-25 18:58:27,359 - ERROR - [py_clob_client_v2] request error: The read operation timed out
2026-07-25 18:58:27,359 - ERROR - [PLACE FAIL] 3819567267277004... price=0.28 attempt=1/2 | PolyApiException[status_code=None, error_message=Request exception!]
2026-07-25 18:58:27,359 - ERROR - [py_clob_client_v2] request error: The read operation timed out
2026-07-25 18:58:27,361 - ERROR - [py_clob_client_v2] request error: The read operation timed out
2026-07-25 18:58:27,361 - ERROR - [py_clob_client_v2] request error: The read operation timed out
2026-07-25 18:58:27,361 - ERROR - [PLACE FAIL] 7904779464725106... price=0.31 attempt=1/2 | PolyApiException[status_code=None, error_message=Request exception!]
2026-07-25 18:58:27,361 - ERROR - [py_clob_client_v2] request error: The read operation timed out
2026-07-25 18:58:27,361 - ERROR - [PLACE FAIL] 9239435292221461... price=0.50 attempt=1/2 | PolyApiException[status_code=None, error_message=Request exception!]
2026-07-25 18:58:27,361 - ERROR - [PLACE FAIL] 1030433503393094... price=0.44 attempt=1/2 | PolyApiException[status_code=None, error_message=Request exception!]
2026-07-25 18:58:27,363 - ERROR - [PLACE FAIL] 9759153015208529... price=0.60 attempt=1/2 | PolyApiException[status_code=None, error_message=Request exception!]
2026-07-25 18:58:27,363 - ERROR - [PLACE FAIL] 6891302762936227... price=0.72 attempt=1/2 | PolyApiException[status_code=None, error_message=Request exception!]
2026-07-25 18:58:27,364 - ERROR - [PLACE FAIL] 2127432728972959... price=0.71 attempt=1/2 | PolyApiException[status_code=None, error_message=Request exception!]
2026-07-25 18:58:27,364 - ERROR - [PLACE FAIL] 1056932128893739... price=0.32 attempt=1/2 | PolyApiException[status_code=None, error_message=Request exception!]
2026-07-25 18:58:27,364 - ERROR - [PLACE FAIL] 9519379843891666... price=0.72 attempt=1/2 | PolyApiException[status_code=None, error_message=Request exception!]
2026-07-25 18:58:32,392 - ERROR - [HEARTBEAT] 失败 (连续 1 次): HTTPSConnectionPool(host='clob.polymarket.com', port=443): Max retries exceeded with url: /v1/heartbeats (Caused by SSLError(SSLEOFError(8, '[SSL: UNEXPECTED_EOF_WHILE_READING] EOF occurred in violation of protocol (_ssl.c:1000)')))
2026-07-25 18:58:32,672 - ERROR - [USER WS ERR] [WinError 10060] 由于连接方在一段时间后没有正确答复或连接的主机没有反应，连接尝试失败。
2026-07-25 18:58:32,672 - ERROR - [WinError 10060] 由于连接方在一段时间后没有正确答复或连接的主机没有反应，连接尝试失败。 - goodbye
2026-07-25 18:58:32,673 - WARNING - [USER WS] close code=None reason=None
2026-07-25 18:58:32,673 - WARNING - [USER WS] 断开，5s 后重连...
2026-07-25 18:58:33,092 - ERROR - [POLL] 批量查询异常: HTTPSConnectionPool(host='clob.polymarket.com', port=443): Read timed out.
2026-07-25 18:58:33,391 - ERROR - [py_clob_client_v2] request error: _ssl.c:983: The handshake operation timed out
2026-07-25 18:58:33,392 - ERROR - [PLACE FAIL] 4417838101000094... price=0.67 attempt=2/2 | PolyApiException[status_code=None, error_message=Request exception!]
2026-07-25 18:58:33,585 - ERROR - [py_clob_client_v2] request error: [SSL: UNEXPECTED_EOF_WHILE_READING] EOF occurred in violation of protocol (_ssl.c:1000)
2026-07-25 18:58:33,585 - ERROR - [PLACE FAIL] 3819567267277004... price=0.28 attempt=2/2 | PolyApiException[status_code=None, error_message=Request exception!]
2026-07-25 18:58:33,772 - ERROR - [py_clob_client_v2] request error: [SSL: UNEXPECTED_EOF_WHILE_READING] EOF occurred in violation of protocol (_ssl.c:1000)
2026-07-25 18:58:33,772 - ERROR - [PLACE FAIL] 7904779464725106... price=0.31 attempt=2/2 | PolyApiException[status_code=None, error_message=Request exception!]
2026-07-25 18:58:33,984 - ERROR - [py_clob_client_v2] request error: _ssl.c:983: The handshake operation timed out
2026-07-25 18:58:33,985 - ERROR - [PLACE FAIL] 1030433503393094... price=0.44 attempt=2/2 | PolyApiException[status_code=None, error_message=Request exception!]
2026-07-25 18:58:34,184 - ERROR - [py_clob_client_v2] request error: [SSL: UNEXPECTED_EOF_WHILE_READING] EOF occurred in violation of protocol (_ssl.c:1000)
2026-07-25 18:58:34,185 - ERROR - [PLACE FAIL] 9239435292221461... price=0.50 attempt=2/2 | PolyApiException[status_code=None, error_message=Request exception!]
2026-07-25 18:58:34,388 - ERROR - [py_clob_client_v2] request error: [SSL: UNEXPECTED_EOF_WHILE_READING] EOF occurred in violation of protocol (_ssl.c:1000)
2026-07-25 18:58:34,388 - ERROR - [PLACE FAIL] 6891302762936227... price=0.72 attempt=2/2 | PolyApiException[status_code=None, error_message=Request exception!]
2026-07-25 18:58:34,587 - ERROR - [py_clob_client_v2] request error: [SSL: UNEXPECTED_EOF_WHILE_READING] EOF occurred in violation of protocol (_ssl.c:1000)
2026-07-25 18:58:34,587 - ERROR - [PLACE FAIL] 9759153015208529... price=0.60 attempt=2/2 | PolyApiException[status_code=None, error_message=Request exception!]
2026-07-25 18:58:34,805 - ERROR - [py_clob_client_v2] request error: [SSL: UNEXPECTED_EOF_WHILE_READING] EOF occurred in violation of protocol (_ssl.c:1000)
2026-07-25 18:58:34,805 - ERROR - [PLACE FAIL] 2127432728972959... price=0.71 attempt=2/2 | PolyApiException[status_code=None, error_message=Request exception!]
2026-07-25 18:58:34,992 - ERROR - [py_clob_client_v2] request error: [SSL: UNEXPECTED_EOF_WHILE_READING] EOF occurred in violation of protocol (_ssl.c:1000)
2026-07-25 18:58:34,992 - ERROR - [PLACE FAIL] 9519379843891666... price=0.72 attempt=2/2 | PolyApiException[status_code=None, error_message=Request exception!]
2026-07-25 18:58:35,201 - ERROR - [py_clob_client_v2] request error: [SSL: UNEXPECTED_EOF_WHILE_READING] EOF occurred in violation of protocol (_ssl.c:1000)
2026-07-25 18:58:35,201 - ERROR - [PLACE FAIL] 1056932128893739... price=0.32 attempt=2/2 | PolyApiException[status_code=None, error_message=Request exception!]
2026-07-25 18:58:38,396 - ERROR - [py_clob_client_v2] request error: _ssl.c:983: The handshake operation timed out
2026-07-25 18:58:38,396 - ERROR - [PLACE RECOVERY] 4417838101000094... 查询 open_orders 失败: PolyApiException[status_code=None, error_message=Request exception!]
2026-07-25 18:58:38,410 - ERROR - [py_clob_client_v2] request error: [SSL: UNEXPECTED_EOF_WHILE_READING] EOF occurred in violation of protocol (_ssl.c:1000)
2026-07-25 18:58:38,608 - ERROR - [py_clob_client_v2] request error: [SSL: UNEXPECTED_EOF_WHILE_READING] EOF occurred in violation of protocol (_ssl.c:1000)
2026-07-25 18:58:38,608 - ERROR - [PLACE RECOVERY] 3819567267277004... 查询 open_orders 失败: PolyApiException[status_code=None, error_message=Request exception!]
2026-07-25 18:58:38,798 - ERROR - [py_clob_client_v2] request error: [SSL: UNEXPECTED_EOF_WHILE_READING] EOF occurred in violation of protocol (_ssl.c:1000)
2026-07-25 18:58:38,799 - ERROR - [PLACE RECOVERY] 7904779464725106... 查询 open_orders 失败: PolyApiException[status_code=None, error_message=Request exception!]
2026-07-25 18:58:39,004 - ERROR - [py_clob_client_v2] request error: _ssl.c:983: The handshake operation timed out
2026-07-25 18:58:39,004 - ERROR - [PLACE RECOVERY] 1030433503393094... 查询 open_orders 失败: PolyApiException[status_code=None, error_message=Request exception!]
2026-07-25 18:58:39,100 - ERROR - [PLACE FAIL] 3819567267277004 price=0.28
2026-07-25 18:58:39,100 - ERROR - [PLACE FAIL] 4417838101000094 price=0.67
2026-07-25 18:58:39,100 - ERROR - [PLACE FAIL] 7904779464725106 price=0.31
2026-07-25 18:58:39,100 - ERROR - [PLACE FAIL] 1030433503393094 price=0.44
2026-07-25 18:58:39,222 - ERROR - [py_clob_client_v2] request error: _ssl.c:983: The handshake operation timed out
2026-07-25 18:58:39,223 - ERROR - [PLACE RECOVERY] 9239435292221461... 查询 open_orders 失败: PolyApiException[status_code=None, error_message=Request exception!]
2026-07-25 18:58:39,419 - ERROR - [py_clob_client_v2] request error: _ssl.c:983: The handshake operation timed out
2026-07-25 18:58:39,420 - ERROR - [PLACE RECOVERY] 6891302762936227... 查询 open_orders 失败: PolyApiException[status_code=None, error_message=Request exception!]
2026-07-25 18:58:39,596 - ERROR - [py_clob_client_v2] request error: _ssl.c:983: The handshake operation timed out
2026-07-25 18:58:39,596 - ERROR - [PLACE RECOVERY] 9759153015208529... 查询 open_orders 失败: PolyApiException[status_code=None, error_message=Request exception!]
2026-07-25 18:58:39,838 - ERROR - [py_clob_client_v2] request error: _ssl.c:983: The handshake operation timed out
2026-07-25 18:58:39,838 - ERROR - [PLACE RECOVERY] 2127432728972959... 查询 open_orders 失败: PolyApiException[status_code=None, error_message=Request exception!]
2026-07-25 18:58:40,016 - ERROR - [py_clob_client_v2] request error: _ssl.c:983: The handshake operation timed out
2026-07-25 18:58:40,016 - ERROR - [PLACE RECOVERY] 9519379843891666... 查询 open_orders 失败: PolyApiException[status_code=None, error_message=Request exception!]
2026-07-25 18:58:40,102 - ERROR - [PLACE FAIL] 9239435292221461 price=0.50
2026-07-25 18:58:40,102 - ERROR - [PLACE FAIL] 9759153015208529 price=0.60
2026-07-25 18:58:40,102 - ERROR - [PLACE FAIL] 6891302762936227 price=0.72
2026-07-25 18:58:40,102 - ERROR - [PLACE FAIL] 2127432728972959 price=0.71
2026-07-25 18:58:40,102 - ERROR - [PLACE FAIL] 9519379843891666 price=0.72
2026-07-25 18:58:40,218 - ERROR - [py_clob_client_v2] request error: _ssl.c:983: The handshake operation timed out
2026-07-25 18:58:40,218 - ERROR - [PLACE RECOVERY] 1056932128893739... 查询 open_orders 失败: PolyApiException[status_code=None, error_message=Request exception!]
2026-07-25 18:58:41,104 - ERROR - [PLACE FAIL] 1056932128893739 price=0.32
2026-07-25 18:58:43,402 - ERROR - [py_clob_client_v2] request error: _ssl.c:983: The handshake operation timed out
2026-07-25 18:58:43,403 - ERROR - [PLACE FAIL] 3710895557359617... price=0.38 attempt=1/2 | PolyApiException[status_code=None, error_message=Request exception!]
2026-07-25 18:58:43,614 - ERROR - [py_clob_client_v2] request error: _ssl.c:983: The handshake operation timed out
2026-07-25 18:58:43,615 - ERROR - [PLACE FAIL] 1044742684502499... price=0.30 attempt=1/2 | PolyApiException[status_code=None, error_message=Request exception!]
2026-07-25 18:58:43,824 - ERROR - [py_clob_client_v2] request error: _ssl.c:983: The handshake operation timed out
2026-07-25 18:58:43,824 - ERROR - [PLACE FAIL] 2430680518779041... price=0.34 attempt=1/2 | PolyApiException[status_code=None, error_message=Request exception!]
2026-07-25 18:58:44,034 - ERROR - [py_clob_client_v2] request error: _ssl.c:983: The handshake operation timed out
2026-07-25 18:58:44,034 - ERROR - [PLACE FAIL] 1052170469864914... price=0.31 attempt=1/2 | PolyApiException[status_code=None, error_message=Request exception!]
2026-07-25 18:58:44,251 - ERROR - [py_clob_client_v2] request error: _ssl.c:983: The handshake operation timed out
2026-07-25 18:58:44,251 - ERROR - [PLACE FAIL] 1014849120907911... price=0.24 attempt=1/2 | PolyApiException[status_code=None, error_message=Request exception!]
2026-07-25 18:58:44,460 - ERROR - [py_clob_client_v2] request error: _ssl.c:983: The handshake operation timed out
2026-07-25 18:58:44,460 - ERROR - [PLACE FAIL] 2466789725866867... price=0.53 attempt=1/2 | PolyApiException[status_code=None, error_message=Request exception!]
2026-07-25 18:58:44,644 - ERROR - [py_clob_client_v2] request error: _ssl.c:983: The handshake operation timed out
2026-07-25 18:58:44,645 - ERROR - [PLACE FAIL] 9068810544620070... price=0.19 attempt=1/2 | PolyApiException[status_code=None, error_message=Request exception!]
2026-07-25 18:58:44,842 - ERROR - [py_clob_client_v2] request error: _ssl.c:983: The handshake operation timed out
2026-07-25 18:58:44,844 - ERROR - 获取订单簿失败: 57594767522555915113... | PolyApiException[status_code=None, error_message=Request exception!]
2026-07-25 18:58:45,038 - ERROR - [py_clob_client_v2] request error: _ssl.c:983: The handshake operation timed out
2026-07-25 18:58:45,039 - ERROR - 获取订单簿失败: 87190207156167552642... | PolyApiException[status_code=None, error_message=Request exception!]
2026-07-25 18:58:45,234 - ERROR - [py_clob_client_v2] request error: _ssl.c:983: The handshake operation timed out
2026-07-25 18:58:45,235 - ERROR - 获取订单簿失败: 75021176122994459346... | PolyApiException[status_code=None, error_message=Request exception!]
2026-07-25 18:58:48,128 - ERROR - [py_clob_client_v2] request error: _ssl.c:983: The handshake operation timed out
2026-07-25 18:58:48,128 - ERROR - 查询订单失败: PolyApiException[status_code=None, error_message=Request exception!]
2026-07-25 18:58:48,130 - ERROR - [HEARTBEAT] 失败 (连续 2 次): HTTPSConnectionPool(host='clob.polymarket.com', port=443): Max retries exceeded with url: /v1/heartbeats (Caused by SSLError(SSLEOFError(8, '[SSL: UNEXPECTED_EOF_WHILE_READING] EOF occurred in violation of protocol (_ssl.c:1000)')))
2026-07-25 18:58:49,409 - ERROR - [py_clob_client_v2] request error: [SSL: UNEXPECTED_EOF_WHILE_READING] EOF occurred in violation of protocol (_ssl.c:1000)
2026-07-25 18:58:49,410 - ERROR - [PLACE FAIL] 3710895557359617... price=0.38 attempt=2/2 | PolyApiException[status_code=None, error_message=Request exception!]
2026-07-25 18:58:49,641 - ERROR - [py_clob_client_v2] request error: _ssl.c:983: The handshake operation timed out
2026-07-25 18:58:49,642 - ERROR - [PLACE FAIL] 1044742684502499... price=0.30 attempt=2/2 | PolyApiException[status_code=None, error_message=Request exception!]
2026-07-25 18:58:49,846 - ERROR - [py_clob_client_v2] request error: _ssl.c:983: The handshake operation timed out
2026-07-25 18:58:49,848 - ERROR - [PLACE FAIL] 2430680518779041... price=0.34 attempt=2/2 | PolyApiException[status_code=None, error_message=Request exception!]
2026-07-25 18:58:49,858 - ERROR - [py_clob_client_v2] request error: _ssl.c:983: The handshake operation timed out
2026-07-25 18:58:49,858 - ERROR - 获取订单簿失败: 43597558778041427842... | PolyApiException[status_code=None, error_message=Request exception!]
2026-07-25 18:58:50,046 - ERROR - [py_clob_client_v2] request error: _ssl.c:983: The handshake operation timed out
2026-07-25 18:58:50,047 - ERROR - [PLACE FAIL] 1052170469864914... price=0.31 attempt=2/2 | PolyApiException[status_code=None, error_message=Request exception!]
2026-07-25 18:58:50,058 - ERROR - [py_clob_client_v2] request error: _ssl.c:983: The handshake operation timed out
2026-07-25 18:58:50,058 - ERROR - 获取订单簿失败: 38014143547498417541... | PolyApiException[status_code=None, error_message=Request exception!]
2026-07-25 18:58:50,255 - ERROR - [py_clob_client_v2] request error: _ssl.c:983: The handshake operation timed out
2026-07-25 18:58:50,255 - ERROR - 获取订单簿失败: 78255715486447628313... | PolyApiException[status_code=None, error_message=Request exception!]
2026-07-25 18:58:50,270 - ERROR - [py_clob_client_v2] request error: _ssl.c:983: The handshake operation timed out
2026-07-25 18:58:50,270 - ERROR - [PLACE FAIL] 1014849120907911... price=0.24 attempt=2/2 | PolyApiException[status_code=None, error_message=Request exception!]
2026-07-25 18:58:50,476 - ERROR - [py_clob_client_v2] request error: _ssl.c:983: The handshake operation timed out
2026-07-25 18:58:50,476 - ERROR - [PLACE FAIL] 2466789725866867... price=0.53 attempt=2/2 | PolyApiException[status_code=None, error_message=Request exception!]
2026-07-25 18:58:50,674 - ERROR - [py_clob_client_v2] request error: _ssl.c:983: The handshake operation timed out
2026-07-25 18:58:50,675 - ERROR - [PLACE FAIL] 9068810544620070... price=0.19 attempt=2/2 | PolyApiException[status_code=None, error_message=Request exception!]
2026-07-25 18:58:54,152 - ERROR - [py_clob_client_v2] request error: _ssl.c:983: The handshake operation timed out
2026-07-25 18:58:54,423 - ERROR - [py_clob_client_v2] request error: _ssl.c:983: The handshake operation timed out
2026-07-25 18:58:54,424 - ERROR - [PLACE RECOVERY] 3710895557359617... 查询 open_orders 失败: PolyApiException[status_code=None, error_message=Request exception!]
2026-07-25 18:58:54,660 - ERROR - [py_clob_client_v2] request error: _ssl.c:983: The handshake operation timed out
2026-07-25 18:58:54,660 - ERROR - [PLACE RECOVERY] 1044742684502499... 查询 open_orders 失败: PolyApiException[status_code=None, error_message=Request exception!]
2026-07-25 18:58:54,869 - ERROR - [py_clob_client_v2] request error: _ssl.c:983: The handshake operation timed out
2026-07-25 18:58:54,869 - ERROR - 获取订单簿失败: 17216340317383842654... | PolyApiException[status_code=None, error_message=Request exception!]
2026-07-25 18:58:54,882 - ERROR - [py_clob_client_v2] request error: _ssl.c:983: The handshake operation timed out
2026-07-25 18:58:54,882 - ERROR - [PLACE RECOVERY] 2430680518779041... 查询 open_orders 失败: PolyApiException[status_code=None, error_message=Request exception!]
2026-07-25 18:58:55,073 - ERROR - [py_clob_client_v2] request error: _ssl.c:983: The handshake operation timed out
2026-07-25 18:58:55,074 - ERROR - 获取订单簿失败: 10428745328659237652... | PolyApiException[status_code=None, error_message=Request exception!]
2026-07-25 18:58:55,090 - ERROR - [py_clob_client_v2] request error: _ssl.c:983: The handshake operation timed out
2026-07-25 18:58:55,090 - ERROR - [PLACE RECOVERY] 1052170469864914... 查询 open_orders 失败: PolyApiException[status_code=None, error_message=Request exception!]
2026-07-25 18:58:55,260 - ERROR - [py_clob_client_v2] request error: _ssl.c:983: The handshake operation timed out
2026-07-25 18:58:55,260 - ERROR - 获取订单簿失败: 83427330049199310547... | PolyApiException[status_code=None, error_message=Request exception!]
2026-07-25 18:58:55,306 - ERROR - [py_clob_client_v2] request error: _ssl.c:983: The handshake operation timed out
2026-07-25 18:58:55,306 - ERROR - [PLACE RECOVERY] 1014849120907911... 查询 open_orders 失败: PolyApiException[status_code=None, error_message=Request exception!]
2026-07-25 18:58:55,494 - ERROR - [py_clob_client_v2] request error: _ssl.c:983: The handshake operation timed out
2026-07-25 18:58:55,494 - ERROR - [PLACE RECOVERY] 2466789725866867... 查询 open_orders 失败: PolyApiException[status_code=None, error_message=Request exception!]
2026-07-25 18:58:55,691 - ERROR - [py_clob_client_v2] request error: _ssl.c:983: The handshake operation timed out
2026-07-25 18:58:55,691 - ERROR - [PLACE RECOVERY] 9068810544620070... 查询 open_orders 失败: PolyApiException[status_code=None, error_message=Request exception!]
2026-07-25 18:58:58,137 - INFO - 收到停止信号，优雅退出...
2026-07-25 18:58:58,137 - ERROR - [POLL] 批量查询异常: HTTPSConnectionPool(host='clob.polymarket.com', port=443): Max retries exceeded with url: /books (Caused by SSLError(SSLEOFError(8, '[SSL: UNEXPECTED_EOF_WHILE_READING] EOF occurred in violation of protocol (_ssl.c:1000)')))
2026-07-25 18:58:58,137 - INFO - 开始优雅关闭...
2026-07-25 18:58:58,719 - ERROR - [USER WS ERR] [WinError 10060] 由于连接方在一段时间后没有正确答复或连接的主机没有反应，连接尝试失败。
2026-07-25 18:58:58,719 - ERROR - [WinError 10060] 由于连接方在一段时间后没有正确答复或连接的主机没有反应，连接尝试失败。 - goodbye
2026-07-25 18:58:58,719 - WARNING - [USER WS] close code=None reason=None
2026-07-25 18:58:58,720 - WARNING - [USER WS] 断开，5s 后重连...
2026-07-25 18:58:59,430 - ERROR - [py_clob_client_v2] request error: _ssl.c:983: The handshake operation timed out
2026-07-25 18:58:59,431 - ERROR - 获取订单簿失败: 73048979092597536193... | PolyApiException[status_code=None, error_message=Request exception!]
2026-07-25 18:58:59,680 - ERROR - [py_clob_client_v2] request error: _ssl.c:983: The handshake operation timed out
2026-07-25 18:58:59,680 - ERROR - 获取订单簿失败: 52789476393700065947... | PolyApiException[status_code=None, error_message=Request exception!]
2026-07-25 18:58:59,888 - ERROR - [py_clob_client_v2] request error: _ssl.c:983: The handshake operation timed out
2026-07-25 18:58:59,888 - ERROR - 获取订单簿失败: 10283359088126608231... | PolyApiException[status_code=None, error_message=Request exception!]
2026-07-25 18:58:59,917 - ERROR - [py_clob_client_v2] request error: _ssl.c:983: The handshake operation timed out
2026-07-25 18:58:59,918 - ERROR - 获取订单簿失败: 29180709972050455269... | PolyApiException[status_code=None, error_message=Request exception!]
2026-07-25 18:59:00,098 - ERROR - [py_clob_client_v2] request error: _ssl.c:983: The handshake operation timed out
2026-07-25 18:59:00,098 - ERROR - 获取订单簿失败: 60417084602800955697... | PolyApiException[status_code=None, error_message=Request exception!]
2026-07-25 18:59:00,124 - ERROR - [py_clob_client_v2] request error: _ssl.c:983: The handshake operation timed out
2026-07-25 18:59:00,125 - ERROR - 获取订单簿失败: 58759965288667484194... | PolyApiException[status_code=None, error_message=Request exception!]
2026-07-25 18:59:00,274 - ERROR - [py_clob_client_v2] request error: _ssl.c:983: The handshake operation timed out
2026-07-25 18:59:00,275 - ERROR - 获取订单簿失败: 84820952325379847402... | PolyApiException[status_code=None, error_message=Request exception!]
2026-07-25 18:59:00,321 - ERROR - [py_clob_client_v2] request error: _ssl.c:983: The handshake operation timed out
2026-07-25 18:59:00,322 - ERROR - 获取订单簿失败: 90582497135316698783... | PolyApiException[status_code=None, error_message=Request exception!]
2026-07-25 18:59:00,504 - ERROR - [py_clob_client_v2] request error: _ssl.c:983: The handshake operation timed out
2026-07-25 18:59:00,505 - ERROR - 获取订单簿失败: 41947485952472100017... | PolyApiException[status_code=None, error_message=Request exception!]
2026-07-25 18:59:00,709 - ERROR - [py_clob_client_v2] request error: _ssl.c:983: The handshake operation timed out
2026-07-25 18:59:00,709 - ERROR - 获取订单簿失败: 57178268800090085503... | PolyApiException[status_code=None, error_message=Request exception!]
2026-07-25 18:59:00,711 - ERROR - [HEARTBEAT] 失败 (连续 3 次): HTTPSConnectionPool(host='clob.polymarket.com', port=443): Max retries exceeded with url: /v1/heartbeats (Caused by SSLError(SSLEOFError(8, '[SSL: UNEXPECTED_EOF_WHILE_READING] EOF occurred in violation of protocol (_ssl.c:1000)')))
2026-07-25 18:59:00,711 - CRITICAL - [HEARTBEAT] 连续失败 3 次！订单将在 ~7 秒后被交易所自动取消！
2026-07-25 18:59:04,460 - ERROR - [py_clob_client_v2] request error: _ssl.c:983: The handshake operation timed out
2026-07-25 18:59:04,461 - ERROR - 获取订单簿失败: 49994759271576576326... | PolyApiException[status_code=None, error_message=Request exception!]
2026-07-25 18:59:04,709 - ERROR - [py_clob_client_v2] request error: _ssl.c:983: The handshake operation timed out
2026-07-25 18:59:04,709 - ERROR - 获取订单簿失败: 88885616826352852306... | PolyApiException[status_code=None, error_message=Request exception!]
2026-07-25 18:59:04,907 - ERROR - [py_clob_client_v2] request error: [SSL: UNEXPECTED_EOF_WHILE_READING] EOF occurred in violation of protocol (_ssl.c:1000)
2026-07-25 18:59:04,907 - ERROR - 获取订单簿失败: 43536533494879427732... | PolyApiException[status_code=None, error_message=Request exception!]
2026-07-25 18:59:08,146 - INFO - 收到停止信号，优雅退出...
2026-07-25 18:59:24,773 - ERROR - [USER WS ERR] [WinError 10060] 由于连接方在一段时间后没有正确答复或连接的主机没有反应，连接尝试失败。
2026-07-25 18:59:24,775 - ERROR - [WinError 10060] 由于连接方在一段时间后没有正确答复或连接的主机没有反应，连接尝试失败。 - goodbye
2026-07-25 18:59:24,775 - WARNING - [USER WS] close code=None reason=None
2026-07-25 18:59:27,666 - INFO - [CANCEL ALL] 0 已取消 | 系统关闭
2026-07-25 18:59:27,666 - INFO - 收到停止信号，优雅退出...
2026-07-25 18:59:32,412 - INFO - 收到停止信号，优雅退出...
2026-07-25 18:59:32,412 - INFO - [HEARTBEAT] 已停止
2026-07-25 18:59:32,412 - INFO - ============================================================
系统已停止
============================================================
2026-07-25 19:00:25,862 - INFO - ============================================================
2026-07-25 19:00:25,863 - INFO - Maker-only Guardian V7.0 启动
2026-07-25 19:00:25,863 - INFO - 地址: 0x304bf40e9e50c265f6dd86417707d5b41d8ea619 | 档: 2 | 量: 20 | 冷却: 120s | 心跳: 7.0s
2026-07-25 19:00:25,863 - INFO - ============================================================
2026-07-25 19:00:25,863 - INFO - [HEARTBEAT] 已启动 interval=7.0s
2026-07-25 19:00:44,954 - ERROR - [py_clob_client_v2] request error: Server disconnected
2026-07-25 19:00:44,954 - ERROR - [py_clob_client_v2] request error: Server disconnected
2026-07-25 19:00:44,954 - ERROR - [py_clob_client_v2] request error: Server disconnected
2026-07-25 19:00:44,954 - ERROR - [py_clob_client_v2] request error: Server disconnected
2026-07-25 19:00:44,955 - ERROR - [PLACE FAIL] 8334851116914900... price=0.67 attempt=1/2 | PolyApiException[status_code=None, error_message=Request exception!]
2026-07-25 19:00:44,955 - ERROR - [py_clob_client_v2] request error: Server disconnected
2026-07-25 19:00:44,956 - ERROR - [py_clob_client_v2] request error: Server disconnected
2026-07-25 19:00:44,956 - ERROR - [PLACE FAIL] 9501070122933866... price=0.67 attempt=1/2 | PolyApiException[status_code=None, error_message=Request exception!]
2026-07-25 19:00:44,957 - ERROR - 获取订单簿失败: 57586399158501642324... | PolyApiException[status_code=None, error_message=Request exception!]
2026-07-25 19:00:44,957 - ERROR - 获取订单簿失败: 92394352922214619764... | PolyApiException[status_code=None, error_message=Request exception!]
2026-07-25 19:00:44,958 - ERROR - [PLACE FAIL] 6483454204626439... price=0.32 attempt=1/2 | PolyApiException[status_code=None, error_message=Request exception!]
2026-07-25 19:00:44,958 - ERROR - 获取订单簿失败: 36299668869597017045... | PolyApiException[status_code=None, error_message=Request exception!]
2026-07-25 19:00:45,801 - WARNING - [RETRY] 5758639915850164 bids不足2档，10s后重试
2026-07-25 19:00:45,802 - WARNING - [RETRY] 9239435292221461 bids不足2档，10s后重试
2026-07-25 19:00:45,802 - WARNING - [RETRY] 3629966886959701 bids不足2档，10s后重试
2026-07-25 19:01:03,181 - ERROR - [py_clob_client_v2] request error: Server disconnected
2026-07-25 19:01:03,181 - ERROR - [py_clob_client_v2] request error: Server disconnected
2026-07-25 19:01:03,182 - ERROR - 获取订单簿失败: 91800783607697721845... | PolyApiException[status_code=None, error_message=Request exception!]
2026-07-25 19:01:03,182 - ERROR - [py_clob_client_v2] request error: Server disconnected
2026-07-25 19:01:03,182 - ERROR - [py_clob_client_v2] request error: Server disconnected
2026-07-25 19:01:03,182 - ERROR - [py_clob_client_v2] request error: Server disconnected
2026-07-25 19:01:03,183 - ERROR - [PLACE FAIL] 9068810544620070... price=0.19 attempt=1/2 | PolyApiException[status_code=None, error_message=Request exception!]
2026-07-25 19:01:03,185 - ERROR - 获取订单簿失败: 64429450392474645657... | PolyApiException[status_code=None, error_message=Request exception!]
2026-07-25 19:01:03,186 - ERROR - [PLACE FAIL] 5087450641573283... price=0.24 attempt=1/2 | PolyApiException[status_code=None, error_message=Request exception!]
2026-07-25 19:01:03,261 - WARNING - [RETRY] 9180078360769772 bids不足2档，10s后重试
2026-07-25 19:01:03,262 - WARNING - [RETRY] 6442945039247464 bids不足2档，10s后重试
2026-07-25 19:01:03,303 - ERROR - [py_clob_client_v2] request error: Server disconnected
2026-07-25 19:01:03,303 - ERROR - [py_clob_client_v2] request error: Server disconnected
2026-07-25 19:01:03,303 - ERROR - [py_clob_client_v2] request error: Server disconnected
2026-07-25 19:01:03,303 - ERROR - [PLACE FAIL] 6428215687061350... price=0.22 attempt=1/2 | PolyApiException[status_code=None, error_message=Request exception!]
2026-07-25 19:01:03,304 - ERROR - 获取订单簿失败: 55264607116615018828... | PolyApiException[status_code=None, error_message=Request exception!]
2026-07-25 19:01:03,304 - ERROR - [py_clob_client_v2] request error: Server disconnected
2026-07-25 19:01:03,303 - ERROR - 获取订单簿失败: 62672546777596519952... | PolyApiException[status_code=None, error_message=Request exception!]
2026-07-25 19:01:03,305 - ERROR - [PLACE FAIL] 4570853089162823... price=0.77 attempt=1/2 | PolyApiException[status_code=None, error_message=Request exception!]
2026-07-25 19:01:03,531 - ERROR - [HEARTBEAT] 失败 (连续 1 次): 401 Client Error: Unauthorized for url: https://clob.polymarket.com/v1/heartbeats
2026-07-25 19:01:04,262 - WARNING - [RETRY] 6267254677759651 bids不足2档，10s后重试
2026-07-25 19:01:04,262 - WARNING - [RETRY] 5526460711661501 bids不足2档，10s后重试
2026-07-25 19:01:04,794 - ERROR - [py_clob_client_v2] request error status=400 url=https://clob.polymarket.com/v1/heartbeats body={"heartbeat_id":"ee1be406-a394-46fe-8873-398fb83a86a4","error_msg":"Invalid Heartbeat ID"}
2026-07-25 19:01:04,796 - INFO - [HEARTBEAT] 从 SDK 错误恢复 heartbeat_id: ee1be406-a394-46 (旧: b1daebbf-e711-40)
2026-07-25 19:01:04,844 - ERROR - [py_clob_client_v2] request error: <ConnectionTerminated error_code:1, last_stream_id:35, additional_data:None>
2026-07-25 19:01:04,845 - ERROR - [py_clob_client_v2] request error: <ConnectionTerminated error_code:1, last_stream_id:35, additional_data:None>
2026-07-25 19:01:04,845 - ERROR - [py_clob_client_v2] request error: <ConnectionTerminated error_code:1, last_stream_id:35, additional_data:None>
2026-07-25 19:01:04,845 - ERROR - [PLACE FAIL] 2254605645195450... price=0.50 attempt=1/2 | PolyApiException[status_code=None, error_message=Request exception!]
2026-07-25 19:01:04,845 - ERROR - [PLACE FAIL] 9068810544620070... price=0.19 attempt=2/2 | PolyApiException[status_code=None, error_message=Request exception!]
2026-07-25 19:01:04,845 - ERROR - [py_clob_client_v2] request error: <ConnectionTerminated error_code:1, last_stream_id:35, additional_data:None>
2026-07-25 19:01:04,845 - ERROR - [PLACE FAIL] 6397512999190166... price=0.28 attempt=1/2 | PolyApiException[status_code=None, error_message=Request exception!]
2026-07-25 19:01:04,847 - ERROR - [PLACE FAIL] 5087450641573283... price=0.24 attempt=2/2 | PolyApiException[status_code=None, error_message=Request exception!]
2026-07-25 19:01:05,393 - INFO - [HEARTBEAT] OK (recovered) id=f6f6adac-b29a-49
2026-07-25 19:01:06,128 - ERROR - [py_clob_client_v2] request error: Server disconnected
2026-07-25 19:01:06,129 - ERROR - [py_clob_client_v2] request error: Server disconnected
2026-07-25 19:01:06,130 - ERROR - [PLACE FAIL] 4121860606184344... price=0.21 attempt=1/2 | PolyApiException[status_code=None, error_message=Request exception!]
2026-07-25 19:01:06,130 - ERROR - [py_clob_client_v2] request error: Server disconnected
2026-07-25 19:01:06,130 - ERROR - [py_clob_client_v2] request error: Server disconnected
2026-07-25 19:01:06,132 - ERROR - 获取订单簿失败: 64184404719393887857... | PolyApiException[status_code=None, error_message=Request exception!]
2026-07-25 19:01:06,135 - ERROR - 获取订单簿失败: 16870315452435464934... | PolyApiException[status_code=None, error_message=Request exception!]
2026-07-25 19:01:06,135 - ERROR - [PLACE FAIL] 2439328078499072... price=0.58 attempt=1/2 | PolyApiException[status_code=None, error_message=Request exception!]
2026-07-25 19:01:06,265 - ERROR - [PLACE FAIL] 5087450641573283 price=0.24
2026-07-25 19:01:06,265 - ERROR - [PLACE FAIL] 9068810544620070 price=0.19
2026-07-25 19:01:06,266 - WARNING - [RETRY] 1687031545243546 bids不足2档，10s后重试
2026-07-25 19:01:06,267 - WARNING - [RETRY] 6418440471939388 bids不足2档，10s后重试
2026-07-25 19:01:09,182 - ERROR - [py_clob_client_v2] request error: Server disconnected
2026-07-25 19:01:09,182 - ERROR - [py_clob_client_v2] request error: Server disconnected
2026-07-25 19:01:09,182 - ERROR - [PLACE FAIL] 1138605881558351... price=0.53 attempt=1/2 | PolyApiException[status_code=None, error_message=Request exception!]
2026-07-25 19:01:09,182 - ERROR - [py_clob_client_v2] request error: Server disconnected
2026-07-25 19:01:09,184 - ERROR - [PLACE FAIL] 8961271340370380... price=0.73 attempt=1/2 | PolyApiException[status_code=None, error_message=Request exception!]
2026-07-25 19:01:09,186 - ERROR - 获取订单簿失败: 40408361188249181188... | PolyApiException[status_code=None, error_message=Request exception!]
2026-07-25 19:01:09,755 - WARNING - [RETRY] 4040836118824918 bids不足2档，10s后重试
2026-07-25 19:01:31,550 - ERROR - [py_clob_client_v2] request error: The read operation timed out
2026-07-25 19:01:31,550 - ERROR - [py_clob_client_v2] request error: The read operation timed out
2026-07-25 19:01:31,550 - ERROR - [PLACE FAIL] 7071508948208866... price=0.16 attempt=1/2 | PolyApiException[status_code=None, error_message=Request exception!]
2026-07-25 19:01:31,550 - ERROR - [py_clob_client_v2] request error: The read operation timed out
2026-07-25 19:01:31,550 - ERROR - [PLACE FAIL] 1122290238846423... price=0.25 attempt=1/2 | PolyApiException[status_code=None, error_message=Request exception!]
2026-07-25 19:01:31,550 - ERROR - [py_clob_client_v2] request error: The read operation timed out
2026-07-25 19:01:31,550 - ERROR - [py_clob_client_v2] request error: The read operation timed out
2026-07-25 19:01:31,550 - ERROR - [py_clob_client_v2] request error: The read operation timed out
2026-07-25 19:01:31,550 - ERROR - [py_clob_client_v2] request error: The read operation timed out
2026-07-25 19:01:31,550 - ERROR - [py_clob_client_v2] request error: The read operation timed out
2026-07-25 19:01:31,550 - ERROR - [py_clob_client_v2] request error: The read operation timed out
2026-07-25 19:01:31,550 - ERROR - [PLACE FAIL] 4605340528812657... price=0.25 attempt=1/2 | PolyApiException[status_code=None, error_message=Request exception!]
2026-07-25 19:01:31,555 - ERROR - [py_clob_client_v2] request error: The read operation timed out
2026-07-25 19:01:31,555 - ERROR - [PLACE FAIL] 5628511346857065... price=0.27 attempt=1/2 | PolyApiException[status_code=None, error_message=Request exception!]
2026-07-25 19:01:31,555 - ERROR - [PLACE FAIL] 5313701344031252... price=0.22 attempt=1/2 | PolyApiException[status_code=None, error_message=Request exception!]
2026-07-25 19:01:31,555 - ERROR - [PLACE FAIL] 8010127249492345... price=0.19 attempt=1/2 | PolyApiException[status_code=None, error_message=Request exception!]
2026-07-25 19:01:31,556 - ERROR - [PLACE FAIL] 5758639915850164... price=0.52 attempt=1/2 | PolyApiException[status_code=None, error_message=Request exception!]
2026-07-25 19:01:31,556 - ERROR - [PLACE FAIL] 9239435292221461... price=0.50 attempt=1/2 | PolyApiException[status_code=None, error_message=Request exception!]
2026-07-25 19:01:31,556 - ERROR - 查询订单失败: PolyApiException[status_code=None, error_message=Request exception!]
2026-07-25 19:01:36,555 - ERROR - [py_clob_client_v2] request error: _ssl.c:983: The handshake operation timed out
2026-07-25 19:01:36,557 - ERROR - [PLACE FAIL] 3629966886959701... price=0.54 attempt=1/2 | PolyApiException[status_code=None, error_message=Request exception!]
2026-07-25 19:01:36,560 - ERROR - [HEARTBEAT] 失败 (连续 1 次): HTTPSConnectionPool(host='clob.polymarket.com', port=443): Max retries exceeded with url: /v1/heartbeats (Caused by SSLError(SSLEOFError(8, '[SSL: UNEXPECTED_EOF_WHILE_READING] EOF occurred in violation of protocol (_ssl.c:1000)')))
2026-07-25 19:01:36,561 - ERROR - [POLL] 批量查询异常: HTTPSConnectionPool(host='clob.polymarket.com', port=443): Max retries exceeded with url: /books (Caused by SSLError(SSLEOFError(8, '[SSL: UNEXPECTED_EOF_WHILE_READING] EOF occurred in violation of protocol (_ssl.c:1000)')))
2026-07-25 19:01:41,562 - ERROR - [py_clob_client_v2] request error: [SSL: UNEXPECTED_EOF_WHILE_READING] EOF occurred in violation of protocol (_ssl.c:1000)
2026-07-25 19:01:41,563 - ERROR - [PLACE FAIL] 8302484799998036... price=0.31 attempt=1/2 | PolyApiException[status_code=None, error_message=Request exception!]
2026-07-25 19:01:42,562 - ERROR - [py_clob_client_v2] request error: [SSL: UNEXPECTED_EOF_WHILE_READING] EOF occurred in violation of protocol (_ssl.c:1000)
2026-07-25 19:01:42,563 - ERROR - [PLACE FAIL] 3629966886959701... price=0.54 attempt=2/2 | PolyApiException[status_code=None, error_message=Request exception!]
2026-07-25 19:01:45,629 - ERROR - [py_clob_client_v2] request error: [SSL: UNEXPECTED_EOF_WHILE_READING] EOF occurred in violation of protocol (_ssl.c:1000)
2026-07-25 19:01:45,630 - ERROR - [PLACE RECOVERY] 3629966886959701... 查询 open_orders 失败: PolyApiException[status_code=None, error_message=Request exception!]
2026-07-25 19:01:45,630 - ERROR - [USER WS ERR] Connection to remote host was lost.
2026-07-25 19:01:45,630 - ERROR - [py_clob_client_v2] request error: [SSL: UNEXPECTED_EOF_WHILE_READING] EOF occurred in violation of protocol (_ssl.c:1000)
2026-07-25 19:01:45,631 - ERROR - [py_clob_client_v2] request error: [SSL: UNEXPECTED_EOF_WHILE_READING] EOF occurred in violation of protocol (_ssl.c:1000)
2026-07-25 19:01:45,632 - ERROR - Connection to remote host was lost. - goodbye
2026-07-25 19:01:45,633 - ERROR - [PLACE FAIL] 7071508948208866... price=0.16 attempt=2/2 | PolyApiException[status_code=None, error_message=Request exception!]
2026-07-25 19:01:45,633 - WARNING - [USER WS] close code=None reason=None
2026-07-25 19:01:45,635 - WARNING - [USER WS] 断开，5s 后重连...
2026-07-25 19:01:50,638 - ERROR - [py_clob_client_v2] request error: [SSL: UNEXPECTED_EOF_WHILE_READING] EOF occurred in violation of protocol (_ssl.c:1000)
2026-07-25 19:01:50,638 - ERROR - [py_clob_client_v2] request error: [SSL: UNEXPECTED_EOF_WHILE_READING] EOF occurred in violation of protocol (_ssl.c:1000)
2026-07-25 19:01:50,639 - ERROR - [HEARTBEAT] 失败 (连续 2 次): HTTPSConnectionPool(host='clob.polymarket.com', port=443): Max retries exceeded with url: /v1/heartbeats (Caused by SSLError(SSLEOFError(8, '[SSL: UNEXPECTED_EOF_WHILE_READING] EOF occurred in violation of protocol (_ssl.c:1000)')))
2026-07-25 19:01:50,639 - ERROR - [PLACE FAIL] 8302484799998036... price=0.31 attempt=2/2 | PolyApiException[status_code=None, error_message=Request exception!]
2026-07-25 19:01:50,639 - ERROR - [py_clob_client_v2] request error: [SSL: UNEXPECTED_EOF_WHILE_READING] EOF occurred in violation of protocol (_ssl.c:1000)
2026-07-25 19:01:50,640 - ERROR - [PLACE FAIL] 1443910807302832... price=0.42 attempt=1/2 | PolyApiException[status_code=None, error_message=Request exception!]
2026-07-25 19:01:50,641 - ERROR - [PLACE FAIL] 1122290238846423... price=0.25 attempt=2/2 | PolyApiException[status_code=None, error_message=Request exception!]
2026-07-25 19:01:51,572 - ERROR - [POLL] 批量查询异常: HTTPSConnectionPool(host='clob.polymarket.com', port=443): Max retries exceeded with url: /books (Caused by SSLError(SSLEOFError(8, '[SSL: UNEXPECTED_EOF_WHILE_READING] EOF occurred in violation of protocol (_ssl.c:1000)')))
2026-07-25 19:01:51,573 - ERROR - [PLACE FAIL] 3629966886959701 price=0.54
2026-07-25 19:01:55,659 - ERROR - [py_clob_client_v2] request error: _ssl.c:983: The handshake operation timed out
2026-07-25 19:01:55,660 - ERROR - [py_clob_client_v2] request error: _ssl.c:983: The handshake operation timed out
2026-07-25 19:01:55,660 - ERROR - [PLACE RECOVERY] 7071508948208866... 查询 open_orders 失败: PolyApiException[status_code=None, error_message=Request exception!]
2026-07-25 19:01:55,661 - ERROR - [PLACE FAIL] 5313701344031252... price=0.22 attempt=2/2 | PolyApiException[status_code=None, error_message=Request exception!]
2026-07-25 19:01:55,691 - ERROR - [py_clob_client_v2] request error: _ssl.c:983: The handshake operation timed out
2026-07-25 19:01:55,691 - ERROR - [PLACE RECOVERY] 8302484799998036... 查询 open_orders 失败: PolyApiException[status_code=None, error_message=Request exception!]
2026-07-25 19:01:56,576 - ERROR - [PLACE FAIL] 8302484799998036 price=0.31
2026-07-25 19:02:00,639 - ERROR - [USER WS ERR] [SSL: UNEXPECTED_EOF_WHILE_READING] EOF occurred in violation of protocol (_ssl.c:1000)
2026-07-25 19:02:00,639 - ERROR - [SSL: UNEXPECTED_EOF_WHILE_READING] EOF occurred in violation of protocol (_ssl.c:1000) - goodbye
2026-07-25 19:02:00,639 - WARNING - [USER WS] close code=None reason=None
2026-07-25 19:02:00,641 - WARNING - [USER WS] 断开，5s 后重连...
2026-07-25 19:02:00,682 - ERROR - [py_clob_client_v2] request error: _ssl.c:983: The handshake operation timed out
2026-07-25 19:02:00,682 - ERROR - [PLACE FAIL] 9239435292221461... price=0.50 attempt=2/2 | PolyApiException[status_code=None, error_message=Request exception!]
2026-07-25 19:02:00,698 - ERROR - [py_clob_client_v2] request error: _ssl.c:983: The handshake operation timed out
2026-07-25 19:02:00,698 - ERROR - [PLACE RECOVERY] 1122290238846423... 查询 open_orders 失败: PolyApiException[status_code=None, error_message=Request exception!]
2026-07-25 19:02:00,713 - ERROR - [py_clob_client_v2] request error: _ssl.c:983: The handshake operation timed out
2026-07-25 19:02:00,713 - ERROR - 获取订单簿失败: 64429450392474645657... | PolyApiException[status_code=None, error_message=Request exception!]
2026-07-25 19:02:05,688 - ERROR - [py_clob_client_v2] request error: _ssl.c:983: The handshake operation timed out
2026-07-25 19:02:05,688 - ERROR - [PLACE FAIL] 4605340528812657... price=0.25 attempt=2/2 | PolyApiException[status_code=None, error_message=Request exception!]
2026-07-25 19:02:05,700 - ERROR - [py_clob_client_v2] request error: _ssl.c:983: The handshake operation timed out
2026-07-25 19:02:05,716 - ERROR - [py_clob_client_v2] request error: [SSL: UNEXPECTED_EOF_WHILE_READING] EOF occurred in violation of protocol (_ssl.c:1000)
2026-07-25 19:02:05,717 - ERROR - [py_clob_client_v2] request error: [SSL: UNEXPECTED_EOF_WHILE_READING] EOF occurred in violation of protocol (_ssl.c:1000)
2026-07-25 19:02:05,717 - ERROR - [PLACE RECOVERY] 9239435292221461... 查询 open_orders 失败: PolyApiException[status_code=None, error_message=Request exception!]
2026-07-25 19:02:05,717 - ERROR - 获取订单簿失败: 55264607116615018828... | PolyApiException[status_code=None, error_message=Request exception!]
2026-07-25 19:02:06,662 - ERROR - [HEARTBEAT] 失败 (连续 3 次): 401 Client Error: Unauthorized for url: https://clob.polymarket.com/v1/heartbeats
2026-07-25 19:02:06,663 - CRITICAL - [HEARTBEAT] 连续失败 3 次！订单将在 ~7 秒后被交易所自动取消！
2026-07-25 19:02:07,382 - ERROR - [BATCH CANCEL FAIL] 0x8bea3b8c0b51873470... | order can't be found - already canceled or matched
2026-07-25 19:02:07,384 - ERROR - [BATCH CANCEL FAIL] 0x4e0c551b476855876f... | order can't be found - already canceled or matched
2026-07-25 19:02:07,385 - ERROR - [BATCH CANCEL FAIL] 0x529e078eae59bc3e97... | order can't be found - already canceled or matched
2026-07-25 19:02:07,385 - ERROR - [BATCH CANCEL FAIL] 0xce7abcb8574e40bf94... | order can't be found - already canceled or matched
2026-07-25 19:02:08,556 - ERROR - [PLACE FAIL] 1122290238846423 price=0.25
2026-07-25 19:02:08,556 - ERROR - [PLACE FAIL] 4605340528812657 price=0.25
2026-07-25 19:02:08,556 - ERROR - [PLACE FAIL] 5313701344031252 price=0.22
2026-07-25 19:02:08,557 - ERROR - [PLACE FAIL] 9239435292221461 price=0.50
2026-07-25 19:02:08,557 - WARNING - [RETRY] 6442945039247464 bids不足2档，10s后重试
2026-07-25 19:02:08,557 - WARNING - [RETRY] 5526460711661501 bids不足2档，10s后重试
2026-07-25 19:02:08,557 - ERROR - [BATCH CANCEL] 8748840406192342 取消失败，清空 active_id 进入冷却兜底
2026-07-25 19:02:08,557 - ERROR - [BATCH CANCEL] 5256162767719256 取消失败，清空 active_id 进入冷却兜底
2026-07-25 19:02:08,557 - ERROR - [BATCH CANCEL] 5924299156960732 取消失败，清空 active_id 进入冷却兜底
2026-07-25 19:02:08,557 - ERROR - [BATCH CANCEL] 7165755216496403 取消失败，清空 active_id 进入冷却兜底
2026-07-25 19:02:11,767 - ERROR - [BATCH CANCEL FAIL] 0x4b89991eae203f4a27... | order can't be found - already canceled or matched
2026-07-25 19:02:11,768 - ERROR - [BATCH CANCEL FAIL] 0xe0565b47ace46a11eb... | order can't be found - already canceled or matched
2026-07-25 19:02:11,768 - ERROR - [BATCH CANCEL FAIL] 0x7e9aac90ebb733a942... | order can't be found - already canceled or matched
2026-07-25 19:02:11,768 - ERROR - [BATCH CANCEL FAIL] 0xff1a8a8976cf6f1406... | order can't be found - already canceled or matched
2026-07-25 19:02:12,563 - ERROR - [BATCH CANCEL] 6302293983365457 取消失败，清空 active_id 进入冷却兜底
2026-07-25 19:02:12,564 - ERROR - [BATCH CANCEL] 9968799681150047 取消失败，清空 active_id 进入冷却兜底
2026-07-25 19:02:12,564 - ERROR - [BATCH CANCEL] 6949291133710961 取消失败，清空 active_id 进入冷却兜底
2026-07-25 19:02:12,565 - ERROR - [BATCH CANCEL] 1044742684502499 取消失败，清空 active_id 进入冷却兜底
2026-07-25 19:02:31,381 - ERROR - [BATCH CANCEL FAIL] 0x37579cf172be70837f... | order can't be found - already canceled or matched
2026-07-25 19:02:32,331 - WARNING - [AUDIT] 6176356165751296 订单丢失纠偏
2026-07-25 19:02:32,331 - WARNING - [AUDIT] 6439926295848397 订单丢失纠偏
2026-07-25 19:02:32,331 - WARNING - [AUDIT] 7825571548644762 订单丢失纠偏
2026-07-25 19:02:32,331 - WARNING - [AUDIT] 5759476752255591 订单丢失纠偏
2026-07-25 19:02:32,331 - WARNING - [AUDIT] 8524084866436584 订单丢失纠偏
2026-07-25 19:02:32,331 - WARNING - [AUDIT] 4359755877804142 订单丢失纠偏
2026-07-25 19:02:32,331 - WARNING - [AUDIT] 3462216451414013 订单丢失纠偏
2026-07-25 19:02:32,332 - WARNING - [AUDIT] 8433949543616107 订单丢失纠偏
2026-07-25 19:02:32,332 - WARNING - [AUDIT] 4415169284214064 订单丢失纠偏
2026-07-25 19:02:32,332 - WARNING - [AUDIT] 7502117612299445 订单丢失纠偏
2026-07-25 19:02:32,332 - WARNING - [AUDIT] 8719020715616755 订单丢失纠偏
2026-07-25 19:02:32,332 - WARNING - [AUDIT] 1721634031738384 订单丢失纠偏
2026-07-25 19:02:32,332 - WARNING - [AUDIT] 1142362348205364 订单丢失纠偏
2026-07-25 19:02:32,332 - WARNING - [AUDIT] 5672525364659942 订单丢失纠偏
2026-07-25 19:02:32,332 - WARNING - [AUDIT] 5717826880009008 订单丢失纠偏
2026-07-25 19:02:32,332 - WARNING - [AUDIT] 8961271340370380 订单丢失纠偏
2026-07-25 19:02:32,332 - WARNING - [AUDIT] 7132655406429082 订单丢失纠偏
2026-07-25 19:02:32,332 - WARNING - [AUDIT] 6272518235291799 订单丢失纠偏
2026-07-25 19:02:32,332 - WARNING - [AUDIT] 7352956550489752 订单丢失纠偏
2026-07-25 19:02:32,332 - WARNING - [AUDIT] 9058249713531669 订单丢失纠偏
2026-07-25 19:02:32,332 - WARNING - [AUDIT] 6891302762936227 订单丢失纠偏
2026-07-25 19:02:32,332 - WARNING - [AUDIT] 1028335908812660 订单丢失纠偏
2026-07-25 19:02:32,332 - WARNING - [AUDIT] 8746319190101175 订单丢失纠偏
2026-07-25 19:02:32,332 - WARNING - [AUDIT] 1014849120907911 订单丢失纠偏
2026-07-25 19:02:32,332 - WARNING - [AUDIT] 1155613935322376 订单丢失纠偏
2026-07-25 19:02:32,332 - WARNING - [AUDIT] 6457841727280752 订单丢失纠偏
2026-07-25 19:02:32,335 - WARNING - [AUDIT] 1405478334459835 订单丢失纠偏
2026-07-25 19:02:32,335 - WARNING - [AUDIT] 9142533662473380 订单丢失纠偏
2026-07-25 19:02:32,335 - WARNING - [AUDIT] 8536645317027328 订单丢失纠偏
2026-07-25 19:02:32,335 - WARNING - [AUDIT] 6757634624811326 订单丢失纠偏
2026-07-25 19:02:32,335 - WARNING - [AUDIT] 8966153070370760 订单丢失纠偏
2026-07-25 19:02:32,335 - WARNING - [AUDIT] 9720191017932273 订单丢失纠偏
2026-07-25 19:02:32,335 - WARNING - [AUDIT] 4395000465523214 订单丢失纠偏
2026-07-25 19:02:32,335 - WARNING - [AUDIT] 4194748595247210 订单丢失纠偏
2026-07-25 19:02:32,335 - WARNING - [AUDIT] 6932197239269969 订单丢失纠偏
2026-07-25 19:02:32,335 - WARNING - [AUDIT] 4860610278381234 订单丢失纠偏
2026-07-25 19:02:32,335 - WARNING - [AUDIT] 5278947639370006 订单丢失纠偏
2026-07-25 19:02:32,335 - WARNING - [AUDIT] 6370564337515667 订单丢失纠偏
2026-07-25 19:02:32,335 - WARNING - [AUDIT] 9235509151540838 订单丢失纠偏
2026-07-25 19:02:32,335 - WARNING - [AUDIT] 2390687987214933 订单丢失纠偏
2026-07-25 19:02:32,335 - WARNING - [AUDIT] 2376781814308162 订单丢失纠偏
2026-07-25 19:02:32,335 - WARNING - [AUDIT] 9618866153688452 订单丢失纠偏
2026-07-25 19:02:32,335 - WARNING - [AUDIT] 4353653349487942 订单丢失纠偏
2026-07-25 19:02:32,335 - WARNING - [AUDIT] 9411931090416541 订单丢失纠偏
2026-07-25 19:02:32,335 - WARNING - [AUDIT] 4173801144164046 订单丢失纠偏
2026-07-25 19:02:32,335 - WARNING - [AUDIT] 1083400045190283 订单丢失纠偏
2026-07-25 19:02:32,336 - WARNING - [AUDIT] 4999475927157657 订单丢失纠偏
2026-07-25 19:02:32,336 - WARNING - [AUDIT] 6298383352306390 订单丢失纠偏
2026-07-25 19:02:32,336 - WARNING - [AUDIT] 2731633857800405 订单丢失纠偏
2026-07-25 19:02:32,336 - WARNING - [AUDIT] 1066316183990326 订单丢失纠偏
2026-07-25 19:02:32,336 - WARNING - [AUDIT] 8004332154956267 订单丢失纠偏
2026-07-25 19:02:32,337 - WARNING - [AUDIT] 2127432728972959 订单丢失纠偏
2026-07-25 19:02:32,337 - WARNING - [AUDIT] 9142474180320462 订单丢失纠偏
2026-07-25 19:02:32,337 - WARNING - [AUDIT] 1042874532865923 订单丢失纠偏
2026-07-25 19:02:32,337 - WARNING - [AUDIT] 8342733004919931 订单丢失纠偏
2026-07-25 19:02:32,337 - WARNING - [AUDIT] 2884598020972178 订单丢失纠偏
2026-07-25 19:02:32,337 - WARNING - [AUDIT] 1656137732921489 订单丢失纠偏
2026-07-25 19:02:32,337 - WARNING - [AUDIT] 3468012421214440 订单丢失纠偏
2026-07-25 19:02:32,337 - WARNING - [AUDIT] 9827594619043403 订单丢失纠偏
2026-07-25 19:02:32,337 - WARNING - [AUDIT] 1140116103922284 订单丢失纠偏
2026-07-25 19:02:32,337 - WARNING - [AUDIT] 2277732718185747 订单丢失纠偏
2026-07-25 19:02:32,338 - WARNING - [AUDIT] 1831938952814165 订单丢失纠偏
2026-07-25 19:02:32,338 - WARNING - [AUDIT] 2918070997205045 订单丢失纠偏
2026-07-25 19:02:32,338 - WARNING - [AUDIT] 2466789725866867 订单丢失纠偏
2026-07-25 19:02:32,338 - WARNING - [AUDIT] 1049456907003046 订单丢失纠偏
2026-07-25 19:02:32,338 - WARNING - [AUDIT] 3058486331188800 订单丢失纠偏
2026-07-25 19:02:32,338 - WARNING - [AUDIT] 9126805221730386 订单丢失纠偏
2026-07-25 19:02:32,338 - WARNING - [AUDIT] 1016267218870771 订单丢失纠偏
2026-07-25 19:02:32,338 - WARNING - [AUDIT] 6874550136356778 订单丢失纠偏
2026-07-25 19:02:32,338 - WARNING - [AUDIT] 5830923912642057 订单丢失纠偏
2026-07-25 19:02:32,338 - WARNING - [AUDIT] 4121860606184344 订单丢失纠偏
2026-07-25 19:02:32,338 - WARNING - [AUDIT] 6483454204626439 订单丢失纠偏
2026-07-25 19:02:32,338 - WARNING - [AUDIT] 8888561682635285 订单丢失纠偏
2026-07-25 19:02:32,338 - WARNING - [AUDIT] 9331974597249395 订单丢失纠偏
2026-07-25 19:02:32,338 - WARNING - [AUDIT] 4848192208519159 订单丢失纠偏
2026-07-25 19:02:32,338 - WARNING - [AUDIT] 4182512170609485 订单丢失纠偏
2026-07-25 19:02:32,338 - WARNING - [AUDIT] 9881312425800713 订单丢失纠偏
2026-07-25 19:02:32,338 - WARNING - [AUDIT] 1134057312853136 订单丢失纠偏
2026-07-25 19:02:32,338 - WARNING - [AUDIT] 1541728443010015 订单丢失纠偏
2026-07-25 19:02:32,339 - WARNING - [AUDIT] 4695919801342087 订单丢失纠偏
2026-07-25 19:02:32,339 - WARNING - [AUDIT] 4838734030349730 订单丢失纠偏
2026-07-25 19:02:32,339 - WARNING - [AUDIT] 4152795695875633 订单丢失纠偏
2026-07-25 19:02:32,340 - WARNING - [AUDIT] 9905893644908516 订单丢失纠偏
2026-07-25 19:02:32,340 - WARNING - [AUDIT] 6308828062665821 订单丢失纠偏
2026-07-25 19:02:32,340 - WARNING - [AUDIT] 9800956662756219 订单丢失纠偏
2026-07-25 19:02:32,340 - WARNING - [AUDIT] 2029380564366485 订单丢失纠偏
2026-07-25 19:02:32,340 - WARNING - [AUDIT] 8547212287846837 订单丢失纠偏
2026-07-25 19:02:32,340 - WARNING - [AUDIT] 9519379843891666 订单丢失纠偏
2026-07-25 19:02:32,340 - WARNING - [AUDIT] 3710895557359617 订单丢失纠偏
2026-07-25 19:02:32,340 - WARNING - [AUDIT] 4545411805501352 订单丢失纠偏
2026-07-25 19:02:32,340 - WARNING - [AUDIT] 7082214828124471 订单丢失纠偏
2026-07-25 19:02:32,341 - WARNING - [AUDIT] 8492696844341031 订单丢失纠偏
2026-07-25 19:02:32,341 - WARNING - [AUDIT] 5866450385307346 订单丢失纠偏
2026-07-25 19:02:32,341 - WARNING - [AUDIT] 2995812971963878 订单丢失纠偏
2026-07-25 19:02:32,341 - WARNING - [AUDIT] 3995684955888039 订单丢失纠偏
2026-07-25 19:02:32,343 - WARNING - [AUDIT] 3289719908822273 订单丢失纠偏
2026-07-25 19:02:32,343 - WARNING - [AUDIT] 2924253112241084 订单丢失纠偏
2026-07-25 19:02:32,343 - WARNING - [AUDIT] 2208155127732861 订单丢失纠偏
2026-07-25 19:02:32,343 - WARNING - [AUDIT] 4570853089162823 订单丢失纠偏
2026-07-25 19:02:32,344 - WARNING - [AUDIT] 6428215687061350 订单丢失纠偏
2026-07-25 19:02:32,344 - WARNING - [AUDIT] 2967938633076166 订单丢失纠偏
2026-07-25 19:02:32,344 - WARNING - [AUDIT] 7695366298564708 订单丢失纠偏
2026-07-25 19:02:32,344 - WARNING - [AUDIT] 8901810389034394 订单丢失纠偏
2026-07-25 19:02:32,344 - WARNING - [AUDIT] 7005874744115631 订单丢失纠偏
2026-07-25 19:02:32,344 - WARNING - [AUDIT] 8715548327246153 订单丢失纠偏
2026-07-25 19:02:32,344 - WARNING - [AUDIT] 5400023606927064 订单丢失纠偏
2026-07-25 19:02:32,344 - WARNING - [AUDIT] 4077520573859932 订单丢失纠偏
2026-07-25 19:02:32,345 - WARNING - [AUDIT] 8610860968568011 订单丢失纠偏
2026-07-25 19:02:32,345 - WARNING - [AUDIT] 3287212552956663 订单丢失纠偏
2026-07-25 19:02:32,345 - WARNING - [AUDIT] 9066513400705791 订单丢失纠偏
2026-07-25 19:02:32,345 - WARNING - [AUDIT] 4938785652399717 订单丢失纠偏
2026-07-25 19:02:32,345 - WARNING - [AUDIT] 8334851116914900 订单丢失纠偏
2026-07-25 19:02:32,345 - WARNING - [AUDIT] 6897984076805261 订单丢失纠偏
2026-07-25 19:02:32,345 - WARNING - [AUDIT] 3928109796710302 订单丢失纠偏
2026-07-25 19:02:32,346 - WARNING - [AUDIT] 2430680518779041 订单丢失纠偏
2026-07-25 19:02:32,346 - WARNING - [AUDIT] 1098731795347363 订单丢失纠偏
2026-07-25 19:02:32,346 - WARNING - [AUDIT] 1119837095753961 订单丢失纠偏
2026-07-25 19:02:32,346 - WARNING - [AUDIT] 5957917823482246 订单丢失纠偏
2026-07-25 19:02:32,346 - WARNING - [AUDIT] 9270645344846574 订单丢失纠偏
2026-07-25 19:02:32,346 - WARNING - [AUDIT] 3867604012090545 订单丢失纠偏
2026-07-25 19:02:32,346 - WARNING - [AUDIT] 9432527639737248 订单丢失纠偏
2026-07-25 19:02:32,346 - WARNING - [AUDIT] 4032269341072449 订单丢失纠偏
2026-07-25 19:02:32,347 - WARNING - [AUDIT] 1097810232883151 订单丢失纠偏
2026-07-25 19:02:32,347 - WARNING - [AUDIT] 8564051131019144 订单丢失纠偏
2026-07-25 19:02:32,347 - WARNING - [AUDIT] 7441735254790693 订单丢失纠偏
2026-07-25 19:02:32,347 - WARNING - [AUDIT] 7859769022347643 订单丢失纠偏
2026-07-25 19:02:32,347 - WARNING - [AUDIT] 3819567267277004 订单丢失纠偏
2026-07-25 19:02:32,347 - WARNING - [AUDIT] 9501070122933866 订单丢失纠偏
2026-07-25 19:02:32,347 - WARNING - [AUDIT] 1128610682086962 订单丢失纠偏
2026-07-25 19:02:32,347 - WARNING - [AUDIT] 8877060676116056 订单丢失纠偏
2026-07-25 19:02:32,348 - WARNING - [AUDIT] 4417838101000094 订单丢失纠偏
2026-07-25 19:02:32,348 - WARNING - [AUDIT] 1321771576257595 订单丢失纠偏
2026-07-25 19:02:32,348 - WARNING - [AUDIT] 6569048117759605 订单丢失纠偏
2026-07-25 19:02:32,348 - WARNING - [AUDIT] 7397296944522975 订单丢失纠偏
2026-07-25 19:02:32,348 - WARNING - [AUDIT] 8173045341591020 订单丢失纠偏
2026-07-25 19:02:32,348 - WARNING - [AUDIT] 9837755118557191 订单丢失纠偏
2026-07-25 19:02:32,348 - WARNING - [AUDIT] 1559454102025990 订单丢失纠偏
2026-07-25 19:02:32,348 - WARNING - [AUDIT] 2384535189870790 订单丢失纠偏
2026-07-25 19:02:32,348 - WARNING - [AUDIT] 1038688357813816 订单丢失纠偏
2026-07-25 19:02:32,349 - WARNING - [AUDIT] 7771765134351852 订单丢失纠偏
2026-07-25 19:02:32,349 - WARNING - [AUDIT] 1205253927376409 订单丢失纠偏
2026-07-25 19:02:32,349 - WARNING - [AUDIT] 1004770125024061 订单丢失纠偏
2026-07-25 19:02:32,349 - WARNING - [AUDIT] 6573586217798659 订单丢失纠偏
2026-07-25 19:02:32,349 - WARNING - [AUDIT] 6397512999190166 订单丢失纠偏
2026-07-25 19:02:32,350 - WARNING - [AUDIT] 6077252654654845 订单丢失纠偏
2026-07-25 19:02:32,350 - WARNING - [AUDIT] 6498331982019577 订单丢失纠偏
2026-07-25 19:02:32,350 - WARNING - [AUDIT] 1007426797875212 订单丢失纠偏
2026-07-25 19:02:32,350 - WARNING - [AUDIT] 3880214381478715 订单丢失纠偏
2026-07-25 19:02:32,350 - WARNING - [AUDIT] 4407277563024776 订单丢失纠偏
2026-07-25 19:02:32,350 - WARNING - [AUDIT] 3489824195446315 订单丢失纠偏
2026-07-25 19:02:32,350 - WARNING - [AUDIT] 6813603846649476 订单丢失纠偏
2026-07-25 19:02:32,350 - WARNING - [AUDIT] 6779698626799914 订单丢失纠偏
2026-07-25 19:02:32,351 - WARNING - [AUDIT] 8693431785219453 订单丢失纠偏
2026-07-25 19:02:32,351 - WARNING - [AUDIT] 7064999730356872 订单丢失纠偏
2026-07-25 19:02:32,351 - WARNING - [AUDIT] 7904779464725106 订单丢失纠偏
2026-07-25 19:02:32,351 - WARNING - [AUDIT] 7470709482938827 订单丢失纠偏
2026-07-25 19:02:32,352 - WARNING - [AUDIT] 9578021709881541 订单丢失纠偏
2026-07-25 19:02:32,352 - WARNING - [AUDIT] 2025168460687585 订单丢失纠偏
2026-07-25 19:02:32,352 - WARNING - [AUDIT] 5244862430008117 订单丢失纠偏
2026-07-25 19:02:32,352 - WARNING - [AUDIT] 9770328264870137 订单丢失纠偏
2026-07-25 19:02:32,352 - WARNING - [AUDIT] 1188248644480192 订单丢失纠偏
2026-07-25 19:02:32,352 - WARNING - [AUDIT] 1034920250143109 订单丢失纠偏
2026-07-25 19:02:32,352 - WARNING - [AUDIT] 4971687397188110 订单丢失纠偏
2026-07-25 19:02:32,352 - WARNING - [AUDIT] 1902866552965814 订单丢失纠偏
2026-07-25 19:02:32,352 - WARNING - [AUDIT] 7678984103932412 订单丢失纠偏
2026-07-25 19:02:32,352 - WARNING - [AUDIT] 6932363798518602 订单丢失纠偏
2026-07-25 19:02:32,353 - WARNING - [AUDIT] 1086139484509472 订单丢失纠偏
2026-07-25 19:02:32,353 - WARNING - [AUDIT] 8638665715244095 订单丢失纠偏
2026-07-25 19:02:32,353 - WARNING - [AUDIT] 1019456511631288 订单丢失纠偏
2026-07-25 19:02:32,353 - WARNING - [AUDIT] 1115156244865748 订单丢失纠偏
2026-07-25 19:02:32,353 - WARNING - [AUDIT] 7144629818739335 订单丢失纠偏
2026-07-25 19:02:32,353 - WARNING - [AUDIT] 3316022003172428 订单丢失纠偏
2026-07-25 19:02:32,354 - WARNING - [AUDIT] 2254605645195450 订单丢失纠偏
2026-07-25 19:02:32,354 - WARNING - [AUDIT] 6297068221810872 订单丢失纠偏
2026-07-25 19:02:32,354 - WARNING - [AUDIT] 3494423647510251 订单丢失纠偏
2026-07-25 19:02:32,354 - WARNING - [AUDIT] 9098249032441021 订单丢失纠偏
2026-07-25 19:02:32,354 - WARNING - [AUDIT] 1105374499294776 订单丢失纠偏
2026-07-25 19:02:32,354 - WARNING - [AUDIT] 7307652131039737 订单丢失纠偏
2026-07-25 19:02:32,355 - WARNING - [AUDIT] 1917581357223089 订单丢失纠偏
2026-07-25 19:02:32,355 - WARNING - [AUDIT] 1907002193927246 订单丢失纠偏
2026-07-25 19:02:32,355 - WARNING - [AUDIT] 8499865568073522 订单丢失纠偏
2026-07-25 19:02:32,355 - WARNING - [AUDIT] 5733281042428566 订单丢失纠偏
2026-07-25 19:02:32,355 - WARNING - [AUDIT] 2695273901029107 订单丢失纠偏
2026-07-25 19:02:32,355 - WARNING - [AUDIT] 1278161378705403 订单丢失纠偏
2026-07-25 19:02:32,355 - WARNING - [AUDIT] 8820197432818969 订单丢失纠偏
2026-07-25 19:02:32,355 - WARNING - [AUDIT] 9856548766049528 订单丢失纠偏
2026-07-25 19:02:32,355 - WARNING - [AUDIT] 1821468958374676 订单丢失纠偏
2026-07-25 19:02:32,355 - WARNING - [AUDIT] 2992437546439813 订单丢失纠偏
2026-07-25 19:02:32,355 - WARNING - [AUDIT] 4178888341684015 订单丢失纠偏
2026-07-25 19:02:32,355 - WARNING - [AUDIT] 4384303999886560 订单丢失纠偏
2026-07-25 19:02:32,355 - WARNING - [AUDIT] 1155653862197823 订单丢失纠偏
2026-07-25 19:02:32,355 - WARNING - [AUDIT] 1039213162332695 订单丢失纠偏
2026-07-25 19:02:32,355 - WARNING - [AUDIT] 2655615363650516 订单丢失纠偏
2026-07-25 19:02:32,355 - WARNING - [AUDIT] 2439328078499072 订单丢失纠偏
2026-07-25 19:02:32,355 - WARNING - [AUDIT] 1432871245127252 订单丢失纠偏
2026-07-25 19:02:32,355 - WARNING - [AUDIT] 6537618029656924 订单丢失纠偏
2026-07-25 19:02:32,355 - WARNING - [AUDIT] 5345599300581705 订单丢失纠偏
2026-07-25 19:02:32,355 - WARNING - [AUDIT] 1030433503393094 订单丢失纠偏
2026-07-25 19:02:32,357 - WARNING - [AUDIT] 1138605881558351 订单丢失纠偏
2026-07-25 19:02:32,357 - WARNING - [AUDIT] 8530664565482826 订单丢失纠偏
2026-07-25 19:02:32,357 - WARNING - [AUDIT] 4129408680521332 订单丢失纠偏
2026-07-25 19:02:32,357 - WARNING - [AUDIT] 6605524220988181 订单丢失纠偏
2026-07-25 19:02:32,357 - WARNING - [AUDIT] 8586181509366869 订单丢失纠偏
2026-07-25 19:02:32,357 - WARNING - [AUDIT] 1122933762590464 订单丢失纠偏
2026-07-25 19:02:32,357 - WARNING - [AUDIT] 5232055306777190 订单丢失纠偏
2026-07-25 19:02:32,357 - WARNING - [AUDIT] 1052170469864914 订单丢失纠偏
2026-07-25 19:02:32,357 - WARNING - [AUDIT] 2602132848044533 订单丢失纠偏
2026-07-25 19:02:33,471 - ERROR - [BATCH CANCEL] 1079525784649832 取消失败，清空 active_id 进入冷却兜底
2026-07-25 19:05:32,357 - ERROR - [py_clob_client_v2] request error: Server disconnected
2026-07-25 19:05:32,357 - ERROR - [py_clob_client_v2] request error: Server disconnected
2026-07-25 19:05:32,358 - ERROR - [PLACE FAIL] 5733067864203292... price=0.22 attempt=1/2 | PolyApiException[status_code=None, error_message=Request exception!]
2026-07-25 19:05:32,358 - ERROR - [PLACE FAIL] 1561064967525995... price=0.20 attempt=1/2 | PolyApiException[status_code=None, error_message=Request exception!]
2026-07-25 19:09:05,475 - ERROR - [py_clob_client_v2] request error: Server disconnected
2026-07-25 19:09:05,475 - ERROR - [py_clob_client_v2] request error: Server disconnected
2026-07-25 19:09:05,475 - ERROR - [py_clob_client_v2] request error: Server disconnected
2026-07-25 19:09:05,475 - ERROR - 获取订单簿失败: 99687996811500471547... | PolyApiException[status_code=None, error_message=Request exception!]
2026-07-25 19:09:05,476 - ERROR - 获取订单簿失败: 11068551203073297739... | PolyApiException[status_code=None, error_message=Request exception!]
2026-07-25 19:09:05,476 - ERROR - 获取订单簿失败: 17620977598177071042... | PolyApiException[status_code=None, error_message=Request exception!]
2026-07-25 19:09:06,471 - WARNING - [RETRY] 9968799681150047 bids不足2档，10s后重试
2026-07-25 19:09:06,472 - WARNING - [RETRY] 1106855120307329 bids不足2档，10s后重试
2026-07-25 19:09:06,472 - WARNING - [RETRY] 1762097759817707 bids不足2档，10s后重试
2026-07-25 19:09:16,454 - ERROR - [py_clob_client_v2] request error: Server disconnected
2026-07-25 19:09:16,455 - ERROR - [py_clob_client_v2] request error: Server disconnected
2026-07-25 19:09:16,455 - ERROR - [py_clob_client_v2] request error: Server disconnected
2026-07-25 19:09:16,455 - ERROR - 获取订单簿失败: 11314077000348620777... | PolyApiException[status_code=None, error_message=Request exception!]
2026-07-25 19:09:16,455 - ERROR - 获取订单簿失败: 80101272494923451112... | PolyApiException[status_code=None, error_message=Request exception!]
2026-07-25 19:09:16,455 - ERROR - 获取订单簿失败: 41788883416840155359... | PolyApiException[status_code=None, error_message=Request exception!]
2026-07-25 19:09:17,453 - WARNING - [RETRY] 1131407700034862 bids不足2档，10s后重试
2026-07-25 19:09:17,455 - WARNING - [RETRY] 8010127249492345 bids不足2档，10s后重试
2026-07-25 19:09:17,455 - WARNING - [RETRY] 4178888341684015 bids不足2档，10s后重试
2026-07-25 19:19:12,506 - INFO - [BUY CONFIRMED] 未知 | Yes | size=20.0000 price=0.39
2026-07-25 19:19:50,832 - ERROR - [py_clob_client_v2] request error: The read operation timed out
2026-07-25 19:19:50,833 - ERROR - [py_clob_client_v2] request error: The read operation timed out
2026-07-25 19:19:50,834 - ERROR - 查询订单失败: PolyApiException[status_code=None, error_message=Request exception!]
2026-07-25 19:19:55,840 - ERROR - [HEARTBEAT] 失败 (连续 1 次): HTTPSConnectionPool(host='clob.polymarket.com', port=443): Max retries exceeded with url: /v1/heartbeats (Caused by SSLError(SSLEOFError(8, '[SSL: UNEXPECTED_EOF_WHILE_READING] EOF occurred in violation of protocol (_ssl.c:1000)')))
2026-07-25 19:19:55,841 - ERROR - [POLL] 批量查询异常: HTTPSConnectionPool(host='clob.polymarket.com', port=443): Max retries exceeded with url: /books (Caused by SSLError(SSLEOFError(8, '[SSL: UNEXPECTED_EOF_WHILE_READING] EOF occurred in violation of protocol (_ssl.c:1000)')))
2026-07-25 19:20:00,845 - ERROR - [py_clob_client_v2] request error: [SSL: UNEXPECTED_EOF_WHILE_READING] EOF occurred in violation of protocol (_ssl.c:1000)
2026-07-25 19:20:00,845 - ERROR - 获取订单簿失败: 52561627677192560298... | PolyApiException[status_code=None, error_message=Request exception!]
2026-07-25 19:20:01,844 - WARNING - [RETRY] 5256162767719256 bids不足2档，10s后重试
2026-07-25 19:20:05,061 - ERROR - [py_clob_client_v2] request error: [SSL: UNEXPECTED_EOF_WHILE_READING] EOF occurred in violation of protocol (_ssl.c:1000)
2026-07-25 19:20:05,062 - ERROR - 获取订单簿失败: 60417084602800955697... | PolyApiException[status_code=None, error_message=Request exception!]
2026-07-25 19:20:10,068 - ERROR - [py_clob_client_v2] request error: _ssl.c:983: The handshake operation timed out
2026-07-25 19:20:15,073 - ERROR - [POLL] 批量查询异常: HTTPSConnectionPool(host='clob.polymarket.com', port=443): Max retries exceeded with url: /books (Caused by SSLError(SSLEOFError(8, '[SSL: UNEXPECTED_EOF_WHILE_READING] EOF occurred in violation of protocol (_ssl.c:1000)')))
2026-07-25 19:20:15,074 - WARNING - [RETRY] 6041708460280095 bids不足2档，10s后重试
2026-07-25 19:20:15,086 - ERROR - [py_clob_client_v2] request error: _ssl.c:983: The handshake operation timed out
2026-07-25 19:20:15,086 - ERROR - 获取订单簿失败: 54781632312297414560... | PolyApiException[status_code=None, error_message=Request exception!]
2026-07-25 19:20:16,076 - WARNING - [RETRY] 5478163231229741 bids不足2档，10s后重试
2026-07-25 19:20:16,767 - ERROR - [HEARTBEAT] 失败 (连续 2 次): HTTPSConnectionPool(host='clob.polymarket.com', port=443): Max retries exceeded with url: /v1/heartbeats (Caused by SSLError(SSLEOFError(8, '[SSL: UNEXPECTED_EOF_WHILE_READING] EOF occurred in violation of protocol (_ssl.c:1000)')))
2026-07-25 19:20:28,252 - ERROR - [BATCH CANCEL FAIL] 0xdc17d7c989746df440... | order can't be found - already canceled or matched
2026-07-25 19:20:28,252 - ERROR - [BATCH CANCEL FAIL] 0xc9474f506ec2876ade... | order can't be found - already canceled or matched
2026-07-25 19:20:28,669 - ERROR - [BATCH CANCEL] 6690159720413963 取消失败，清空 active_id 进入冷却兜底
2026-07-25 19:20:28,669 - ERROR - [BATCH CANCEL] 1058272885184291 取消失败，清空 active_id 进入冷却兜底
2026-07-25 19:20:41,463 - ERROR - [BATCH CANCEL FAIL] 0x994c30865f9506eb6a... | order can't be found - already canceled or matched
2026-07-25 19:20:41,463 - ERROR - [BATCH CANCEL FAIL] 0x1d598193d5b1e43ca4... | order can't be found - already canceled or matched
2026-07-25 19:20:41,463 - ERROR - [BATCH CANCEL FAIL] 0x82793c472a44d675d9... | order can't be found - already canceled or matched
2026-07-25 19:20:41,463 - ERROR - [BATCH CANCEL FAIL] 0x349c22e6786c94c3e6... | order can't be found - already canceled or matched
2026-07-25 19:20:41,463 - ERROR - [BATCH CANCEL FAIL] 0xc7ceb6d839bca898fc... | order can't be found - already canceled or matched
2026-07-25 19:20:41,463 - ERROR - [BATCH CANCEL FAIL] 0xa9a00b0e66c14c103f... | order can't be found - already canceled or matched
2026-07-25 19:20:41,945 - ERROR - [BATCH CANCEL] 4605340528812657 取消失败，清空 active_id 进入冷却兜底
2026-07-25 19:20:41,945 - ERROR - [BATCH CANCEL] 3116151731689187 取消失败，清空 active_id 进入冷却兜底
2026-07-25 19:20:41,945 - ERROR - [BATCH CANCEL] 2731633857800405 取消失败，清空 active_id 进入冷却兜底
2026-07-25 19:20:41,946 - ERROR - [BATCH CANCEL] 8693431785219453 取消失败，清空 active_id 进入冷却兜底
2026-07-25 19:20:41,946 - ERROR - [BATCH CANCEL] 6418440471939388 取消失败，清空 active_id 进入冷却兜底
2026-07-25 19:20:41,947 - ERROR - [BATCH CANCEL] 1097810232883151 取消失败，清空 active_id 进入冷却兜底
2026-07-25 19:21:05,447 - ERROR - [BATCH CANCEL FAIL] 0x808eacfbd0ed87287a... | order can't be found - already canceled or matched
2026-07-25 19:21:06,661 - WARNING - [AUDIT] 7825571548644762 订单丢失纠偏
2026-07-25 19:21:06,662 - WARNING - [AUDIT] 8524084866436584 订单丢失纠偏
2026-07-25 19:21:06,662 - WARNING - [AUDIT] 8433949543616107 订单丢失纠偏
2026-07-25 19:21:06,663 - WARNING - [AUDIT] 4415169284214064 订单丢失纠偏
2026-07-25 19:21:06,663 - WARNING - [AUDIT] 7502117612299445 订单丢失纠偏
2026-07-25 19:21:06,663 - WARNING - [AUDIT] 8719020715616755 订单丢失纠偏
2026-07-25 19:21:06,664 - WARNING - [AUDIT] 1142362348205364 订单丢失纠偏
2026-07-25 19:21:06,664 - WARNING - [AUDIT] 5672525364659942 订单丢失纠偏
2026-07-25 19:21:06,664 - WARNING - [AUDIT] 5717826880009008 订单丢失纠偏
2026-07-25 19:21:06,664 - WARNING - [AUDIT] 7132655406429082 订单丢失纠偏
2026-07-25 19:21:06,665 - WARNING - [AUDIT] 7352956550489752 订单丢失纠偏
2026-07-25 19:21:06,665 - WARNING - [AUDIT] 9058249713531669 订单丢失纠偏
2026-07-25 19:21:06,665 - WARNING - [AUDIT] 6891302762936227 订单丢失纠偏
2026-07-25 19:21:06,665 - WARNING - [AUDIT] 1014849120907911 订单丢失纠偏
2026-07-25 19:21:06,665 - WARNING - [AUDIT] 1155613935322376 订单丢失纠偏
2026-07-25 19:21:06,665 - WARNING - [AUDIT] 6457841727280752 订单丢失纠偏
2026-07-25 19:21:06,665 - WARNING - [AUDIT] 6757634624811326 订单丢失纠偏
2026-07-25 19:21:06,665 - WARNING - [AUDIT] 8966153070370760 订单丢失纠偏
2026-07-25 19:21:06,666 - WARNING - [AUDIT] 4395000465523214 订单丢失纠偏
2026-07-25 19:21:06,666 - WARNING - [AUDIT] 4194748595247210 订单丢失纠偏
2026-07-25 19:21:06,666 - WARNING - [AUDIT] 5278947639370006 订单丢失纠偏
2026-07-25 19:21:06,666 - WARNING - [AUDIT] 6370564337515667 订单丢失纠偏
2026-07-25 19:21:06,666 - WARNING - [AUDIT] 9235509151540838 订单丢失纠偏
2026-07-25 19:21:06,666 - WARNING - [AUDIT] 2390687987214933 订单丢失纠偏
2026-07-25 19:21:06,666 - WARNING - [AUDIT] 1083400045190283 订单丢失纠偏
2026-07-25 19:21:06,666 - WARNING - [AUDIT] 1066316183990326 订单丢失纠偏
2026-07-25 19:21:06,666 - WARNING - [AUDIT] 9142474180320462 订单丢失纠偏
2026-07-25 19:21:06,666 - WARNING - [AUDIT] 1042874532865923 订单丢失纠偏
2026-07-25 19:21:06,666 - WARNING - [AUDIT] 8342733004919931 订单丢失纠偏
2026-07-25 19:21:06,666 - WARNING - [AUDIT] 2884598020972178 订单丢失纠偏
2026-07-25 19:21:06,667 - WARNING - [AUDIT] 1140116103922284 订单丢失纠偏
2026-07-25 19:21:06,667 - WARNING - [AUDIT] 2277732718185747 订单丢失纠偏
2026-07-25 19:21:06,667 - WARNING - [AUDIT] 1049456907003046 订单丢失纠偏
2026-07-25 19:21:06,667 - WARNING - [AUDIT] 6874550136356778 订单丢失纠偏
2026-07-25 19:21:06,667 - WARNING - [AUDIT] 5830923912642057 订单丢失纠偏
2026-07-25 19:21:06,667 - WARNING - [AUDIT] 4121860606184344 订单丢失纠偏
2026-07-25 19:21:06,667 - WARNING - [AUDIT] 8888561682635285 订单丢失纠偏
2026-07-25 19:21:06,667 - WARNING - [AUDIT] 9881312425800713 订单丢失纠偏
2026-07-25 19:21:06,667 - WARNING - [AUDIT] 1134057312853136 订单丢失纠偏
2026-07-25 19:21:06,667 - WARNING - [AUDIT] 1541728443010015 订单丢失纠偏
2026-07-25 19:21:06,668 - WARNING - [AUDIT] 1122290238846423 订单丢失纠偏
2026-07-25 19:21:06,668 - WARNING - [AUDIT] 4695919801342087 订单丢失纠偏
2026-07-25 19:21:06,669 - WARNING - [AUDIT] 4838734030349730 订单丢失纠偏
2026-07-25 19:21:06,669 - WARNING - [AUDIT] 6308828062665821 订单丢失纠偏
2026-07-25 19:21:06,669 - WARNING - [AUDIT] 9800956662756219 订单丢失纠偏
2026-07-25 19:21:06,669 - WARNING - [AUDIT] 2029380564366485 订单丢失纠偏
2026-07-25 19:21:06,669 - WARNING - [AUDIT] 2995812971963878 订单丢失纠偏
2026-07-25 19:21:06,669 - WARNING - [AUDIT] 3995684955888039 订单丢失纠偏
2026-07-25 19:21:06,669 - WARNING - [AUDIT] 3289719908822273 订单丢失纠偏
2026-07-25 19:21:06,669 - WARNING - [AUDIT] 2924253112241084 订单丢失纠偏
2026-07-25 19:21:06,669 - WARNING - [AUDIT] 9180078360769772 订单丢失纠偏
2026-07-25 19:21:06,669 - WARNING - [AUDIT] 2208155127732861 订单丢失纠偏
2026-07-25 19:21:06,670 - WARNING - [AUDIT] 4570853089162823 订单丢失纠偏
2026-07-25 19:21:06,670 - WARNING - [AUDIT] 7695366298564708 订单丢失纠偏
2026-07-25 19:21:06,670 - WARNING - [AUDIT] 7005874744115631 订单丢失纠偏
2026-07-25 19:21:06,671 - WARNING - [AUDIT] 5087450641573283 订单丢失纠偏
2026-07-25 19:21:06,671 - WARNING - [AUDIT] 6442945039247464 订单丢失纠偏
2026-07-25 19:21:06,671 - WARNING - [AUDIT] 4077520573859932 订单丢失纠偏
2026-07-25 19:21:06,671 - WARNING - [AUDIT] 3287212552956663 订单丢失纠偏
2026-07-25 19:21:06,671 - WARNING - [AUDIT] 9066513400705791 订单丢失纠偏
2026-07-25 19:21:06,671 - WARNING - [AUDIT] 4938785652399717 订单丢失纠偏
2026-07-25 19:21:06,671 - WARNING - [AUDIT] 8334851116914900 订单丢失纠偏
2026-07-25 19:21:06,671 - WARNING - [AUDIT] 5628511346857065 订单丢失纠偏
2026-07-25 19:21:06,671 - WARNING - [AUDIT] 3928109796710302 订单丢失纠偏
2026-07-25 19:21:06,672 - WARNING - [AUDIT] 1119837095753961 订单丢失纠偏
2026-07-25 19:21:06,672 - WARNING - [AUDIT] 5957917823482246 订单丢失纠偏
2026-07-25 19:21:06,672 - WARNING - [AUDIT] 9068810544620070 订单丢失纠偏
2026-07-25 19:21:06,672 - WARNING - [AUDIT] 4032269341072449 订单丢失纠偏
2026-07-25 19:21:06,672 - WARNING - [AUDIT] 8564051131019144 订单丢失纠偏
2026-07-25 19:21:06,672 - WARNING - [AUDIT] 7441735254790693 订单丢失纠偏
2026-07-25 19:21:06,672 - WARNING - [AUDIT] 7165755216496403 订单丢失纠偏
2026-07-25 19:21:06,672 - WARNING - [AUDIT] 7859769022347643 订单丢失纠偏
2026-07-25 19:21:06,672 - WARNING - [AUDIT] 1131407700034862 订单丢失纠偏
2026-07-25 19:21:06,673 - WARNING - [AUDIT] 8877060676116056 订单丢失纠偏
2026-07-25 19:21:06,673 - WARNING - [AUDIT] 4417838101000094 订单丢失纠偏
2026-07-25 19:21:06,673 - WARNING - [AUDIT] 1321771576257595 订单丢失纠偏
2026-07-25 19:21:06,673 - WARNING - [AUDIT] 6569048117759605 订单丢失纠偏
2026-07-25 19:21:06,673 - WARNING - [AUDIT] 7397296944522975 订单丢失纠偏
2026-07-25 19:21:06,673 - WARNING - [AUDIT] 8173045341591020 订单丢失纠偏
2026-07-25 19:21:06,673 - WARNING - [AUDIT] 9837755118557191 订单丢失纠偏
2026-07-25 19:21:06,673 - WARNING - [AUDIT] 1559454102025990 订单丢失纠偏
2026-07-25 19:21:06,673 - WARNING - [AUDIT] 2384535189870790 订单丢失纠偏
2026-07-25 19:21:06,673 - WARNING - [AUDIT] 1038688357813816 订单丢失纠偏
2026-07-25 19:21:06,673 - WARNING - [AUDIT] 7771765134351852 订单丢失纠偏
2026-07-25 19:21:06,673 - WARNING - [AUDIT] 1004770125024061 订单丢失纠偏
2026-07-25 19:21:06,673 - WARNING - [AUDIT] 6573586217798659 订单丢失纠偏
2026-07-25 19:21:06,673 - WARNING - [AUDIT] 6397512999190166 订单丢失纠偏
2026-07-25 19:21:06,673 - WARNING - [AUDIT] 6077252654654845 订单丢失纠偏
2026-07-25 19:21:06,673 - WARNING - [AUDIT] 6498331982019577 订单丢失纠偏
2026-07-25 19:21:06,673 - WARNING - [AUDIT] 3880214381478715 订单丢失纠偏
2026-07-25 19:21:06,673 - WARNING - [AUDIT] 4407277563024776 订单丢失纠偏
2026-07-25 19:21:06,675 - WARNING - [AUDIT] 3489824195446315 订单丢失纠偏
2026-07-25 19:21:06,675 - WARNING - [AUDIT] 6779698626799914 订单丢失纠偏
2026-07-25 19:21:06,676 - WARNING - [AUDIT] 7064999730356872 订单丢失纠偏
2026-07-25 19:21:06,676 - WARNING - [AUDIT] 7904779464725106 订单丢失纠偏
2026-07-25 19:21:06,676 - WARNING - [AUDIT] 7470709482938827 订单丢失纠偏
2026-07-25 19:21:06,676 - WARNING - [AUDIT] 9578021709881541 订单丢失纠偏
2026-07-25 19:21:06,676 - WARNING - [AUDIT] 5313701344031252 订单丢失纠偏
2026-07-25 19:21:06,676 - WARNING - [AUDIT] 5244862430008117 订单丢失纠偏
2026-07-25 19:21:06,676 - WARNING - [AUDIT] 8010127249492345 订单丢失纠偏
2026-07-25 19:21:06,676 - WARNING - [AUDIT] 9770328264870137 订单丢失纠偏
2026-07-25 19:21:06,676 - WARNING - [AUDIT] 1085611849418005 订单丢失纠偏
2026-07-25 19:21:06,676 - WARNING - [AUDIT] 6267254677759651 订单丢失纠偏
2026-07-25 19:21:06,676 - WARNING - [AUDIT] 1902866552965814 订单丢失纠偏
2026-07-25 19:21:06,676 - WARNING - [AUDIT] 7678984103932412 订单丢失纠偏
2026-07-25 19:21:06,676 - WARNING - [AUDIT] 4875798628952862 订单丢失纠偏
2026-07-25 19:21:06,676 - WARNING - [AUDIT] 6932363798518602 订单丢失纠偏
2026-07-25 19:21:06,677 - WARNING - [AUDIT] 1086139484509472 订单丢失纠偏
2026-07-25 19:21:06,677 - WARNING - [AUDIT] 8638665715244095 订单丢失纠偏
2026-07-25 19:21:06,677 - WARNING - [AUDIT] 1019456511631288 订单丢失纠偏
2026-07-25 19:21:06,677 - WARNING - [AUDIT] 1115156244865748 订单丢失纠偏
2026-07-25 19:21:06,678 - WARNING - [AUDIT] 7144629818739335 订单丢失纠偏
2026-07-25 19:21:06,678 - WARNING - [AUDIT] 3316022003172428 订单丢失纠偏
2026-07-25 19:21:06,678 - WARNING - [AUDIT] 5758639915850164 订单丢失纠偏
2026-07-25 19:21:06,678 - WARNING - [AUDIT] 2254605645195450 订单丢失纠偏
2026-07-25 19:21:06,678 - WARNING - [AUDIT] 6297068221810872 订单丢失纠偏
2026-07-25 19:21:06,678 - WARNING - [AUDIT] 1079525784649832 订单丢失纠偏
2026-07-25 19:21:06,678 - WARNING - [AUDIT] 6302293983365457 订单丢失纠偏
2026-07-25 19:21:06,678 - WARNING - [AUDIT] 9239435292221461 订单丢失纠偏
2026-07-25 19:21:06,678 - WARNING - [AUDIT] 3494423647510251 订单丢失纠偏
2026-07-25 19:21:06,679 - WARNING - [AUDIT] 9098249032441021 订单丢失纠偏
2026-07-25 19:21:06,679 - WARNING - [AUDIT] 7307652131039737 订单丢失纠偏
2026-07-25 19:21:06,679 - WARNING - [AUDIT] 1917581357223089 订单丢失纠偏
2026-07-25 19:21:06,679 - WARNING - [AUDIT] 1907002193927246 订单丢失纠偏
2026-07-25 19:21:06,679 - WARNING - [AUDIT] 8499865568073522 订单丢失纠偏
2026-07-25 19:21:06,679 - WARNING - [AUDIT] 5733281042428566 订单丢失纠偏
2026-07-25 19:21:06,679 - WARNING - [AUDIT] 2695273901029107 订单丢失纠偏
2026-07-25 19:21:06,679 - WARNING - [AUDIT] 1278161378705403 订单丢失纠偏
2026-07-25 19:21:06,679 - WARNING - [AUDIT] 3629966886959701 订单丢失纠偏
2026-07-25 19:21:06,679 - WARNING - [AUDIT] 1821468958374676 订单丢失纠偏
2026-07-25 19:21:06,680 - WARNING - [AUDIT] 1443910807302832 订单丢失纠偏
2026-07-25 19:21:06,680 - WARNING - [AUDIT] 4178888341684015 订单丢失纠偏
2026-07-25 19:21:06,680 - WARNING - [AUDIT] 4384303999886560 订单丢失纠偏
2026-07-25 19:21:06,680 - WARNING - [AUDIT] 2439328078499072 订单丢失纠偏
2026-07-25 19:21:06,680 - WARNING - [AUDIT] 5345599300581705 订单丢失纠偏
2026-07-25 19:21:06,680 - WARNING - [AUDIT] 1030433503393094 订单丢失纠偏
2026-07-25 19:21:06,680 - WARNING - [AUDIT] 1138605881558351 订单丢失纠偏
2026-07-25 19:21:06,680 - WARNING - [AUDIT] 8530664565482826 订单丢失纠偏
2026-07-25 19:21:06,680 - WARNING - [AUDIT] 4129408680521332 订单丢失纠偏
2026-07-25 19:21:06,680 - WARNING - [AUDIT] 6605524220988181 订单丢失纠偏
2026-07-25 19:21:06,680 - WARNING - [AUDIT] 8586181509366869 订单丢失纠偏
2026-07-25 19:21:06,680 - WARNING - [AUDIT] 6470697278022110 订单丢失纠偏
2026-07-25 19:21:06,680 - WARNING - [AUDIT] 7127692091126383 订单丢失纠偏
2026-07-25 19:21:06,680 - WARNING - [AUDIT] 3724553052717205 订单丢失纠偏
2026-07-25 19:21:06,680 - WARNING - [AUDIT] 5332948386801081 订单丢失纠偏
2026-07-25 19:21:06,682 - WARNING - [AUDIT] 4895471101225973 订单丢失纠偏
2026-07-25 19:21:06,682 - WARNING - [AUDIT] 5107027911457890 订单丢失纠偏
2026-07-25 19:21:06,683 - WARNING - [AUDIT] 5785921790795222 订单丢失纠偏
2026-07-25 19:21:06,683 - WARNING - [AUDIT] 4399342564087452 订单丢失纠偏
2026-07-25 19:21:06,684 - WARNING - [AUDIT] 1721634031738384 订单丢失纠偏
2026-07-25 19:21:06,684 - WARNING - [AUDIT] 5720854418760764 订单丢失纠偏
2026-07-25 19:21:06,684 - WARNING - [AUDIT] 3857549527125027 订单丢失纠偏
2026-07-25 19:21:06,685 - WARNING - [AUDIT] 1132729229586351 订单丢失纠偏
2026-07-25 19:21:06,685 - WARNING - [AUDIT] 1687031545243546 订单丢失纠偏
2026-07-25 19:21:06,685 - WARNING - [AUDIT] 2025168460687585 订单丢失纠偏
2026-07-25 19:21:06,686 - WARNING - [AUDIT] 1405478334459835 订单丢失纠偏
2026-07-25 19:21:06,686 - WARNING - [AUDIT] 9142533662473380 订单丢失纠偏
2026-07-25 19:21:06,686 - WARNING - [AUDIT] 6537618029656924 订单丢失纠偏
2026-07-25 19:21:06,686 - WARNING - [AUDIT] 1432871245127252 订单丢失纠偏
2026-07-25 19:21:06,686 - WARNING - [AUDIT] 1831938952814165 订单丢失纠偏
2026-07-25 19:21:06,686 - WARNING - [AUDIT] 1506475623836431 订单丢失纠偏
2026-07-25 19:21:06,686 - WARNING - [AUDIT] 7365154812882806 订单丢失纠偏
2026-07-25 19:21:06,686 - WARNING - [AUDIT] 5785027895614409 订单丢失纠偏
2026-07-25 19:21:06,686 - WARNING - [AUDIT] 1106821708248122 订单丢失纠偏
2026-07-25 19:21:06,686 - WARNING - [AUDIT] 3819567267277004 订单丢失纠偏
2026-07-25 19:21:06,686 - WARNING - [AUDIT] 5474328512051291 订单丢失纠偏
2026-07-25 19:21:06,687 - WARNING - [AUDIT] 8418389654420406 订单丢失纠偏
2026-07-25 19:21:06,687 - WARNING - [AUDIT] 7461642495735779 订单丢失纠偏
2026-07-25 19:21:06,687 - WARNING - [AUDIT] 5526460711661501 订单丢失纠偏
2026-07-25 19:21:06,687 - WARNING - [AUDIT] 8961271340370380 订单丢失纠偏
2026-07-25 19:21:06,687 - WARNING - [AUDIT] 1112729440735849 订单丢失纠偏
2026-07-25 19:21:06,687 - WARNING - [AUDIT] 7398456065489776 订单丢失纠偏
2026-07-25 19:21:06,687 - WARNING - [AUDIT] 9482311821669811 订单丢失纠偏
2026-07-25 19:21:06,687 - WARNING - [AUDIT] 8619052752728162 订单丢失纠偏
2026-07-25 19:21:06,687 - WARNING - [AUDIT] 9759153015208529 订单丢失纠偏
2026-07-25 19:21:06,687 - WARNING - [AUDIT] 7716660935691121 订单丢失纠偏
2026-07-25 19:21:06,687 - WARNING - [AUDIT] 4860610278381234 订单丢失纠偏
2026-07-25 19:21:06,687 - WARNING - [AUDIT] 5088748115057455 订单丢失纠偏
2026-07-25 19:21:06,687 - WARNING - [AUDIT] 1004745150683798 订单丢失纠偏
2026-07-25 19:21:06,687 - WARNING - [AUDIT] 1105374499294776 订单丢失纠偏
2026-07-25 19:21:06,687 - WARNING - [AUDIT] 9856548766049528 订单丢失纠偏
2026-07-25 19:21:06,689 - WARNING - [AUDIT] 6298913575646607 订单丢失纠偏
2026-07-25 19:21:06,689 - WARNING - [AUDIT] 6483454204626439 订单丢失纠偏
2026-07-25 19:21:06,689 - WARNING - [AUDIT] 9441556682430609 订单丢失纠偏
2026-07-25 19:21:06,689 - WARNING - [AUDIT] 4249356416804093 订单丢失纠偏
2026-07-25 19:21:06,690 - WARNING - [AUDIT] 4545411805501352 订单丢失纠偏
2026-07-25 19:21:06,691 - WARNING - [AUDIT] 1561064967525995 订单丢失纠偏
2026-07-25 19:21:06,691 - WARNING - [AUDIT] 4497653037851776 订单丢失纠偏
2026-07-25 19:21:06,691 - WARNING - [AUDIT] 6154424322535957 订单丢失纠偏
2026-07-25 19:21:06,691 - WARNING - [AUDIT] 6943652856552643 订单丢失纠偏
2026-07-25 19:21:06,691 - WARNING - [AUDIT] 2918070997205045 订单丢失纠偏
2026-07-25 19:21:06,691 - WARNING - [AUDIT] 1028335908812660 订单丢失纠偏
2026-07-25 19:21:06,692 - WARNING - [AUDIT] 8746319190101175 订单丢失纠偏
2026-07-25 19:21:06,693 - WARNING - [AUDIT] 4999475927157657 订单丢失纠偏
2026-07-25 19:21:06,693 - WARNING - [AUDIT] 8610860968568011 订单丢失纠偏
2026-07-25 19:21:06,693 - WARNING - [AUDIT] 8902540312599692 订单丢失纠偏
2026-07-25 19:21:06,694 - WARNING - [AUDIT] 3431219498393958 订单丢失纠偏
2026-07-25 19:21:06,694 - WARNING - [AUDIT] 2598340577166547 订单丢失纠偏
2026-07-25 19:21:06,694 - WARNING - [AUDIT] 1128610682086962 订单丢失纠偏
2026-07-25 19:21:06,694 - WARNING - [AUDIT] 1007426797875212 订单丢失纠偏
2026-07-25 19:21:06,694 - WARNING - [AUDIT] 6436067679250995 订单丢失纠偏
2026-07-25 19:21:06,694 - WARNING - [AUDIT] 2992437546439813 订单丢失纠偏
2026-07-25 19:21:06,695 - WARNING - [AUDIT] 8328805334901723 订单丢失纠偏
2026-07-25 19:21:06,695 - WARNING - [AUDIT] 6897984076805261 订单丢失纠偏
2026-07-25 19:21:06,695 - WARNING - [AUDIT] 2127432728972959 订单丢失纠偏
2026-07-25 19:21:06,696 - WARNING - [AUDIT] 9968799681150047 订单丢失纠偏
2026-07-25 19:21:06,696 - WARNING - [AUDIT] 3789780788929495 订单丢失纠偏
2026-07-25 19:21:06,696 - WARNING - [AUDIT] 6272518235291799 订单丢失纠偏
2026-07-25 19:21:06,697 - WARNING - [AUDIT] 7778409792511399 订单丢失纠偏
2026-07-25 19:21:06,697 - WARNING - [AUDIT] 7034589406495165 订单丢失纠偏
2026-07-25 19:21:06,697 - WARNING - [AUDIT] 1097855392136821 订单丢失纠偏
2026-07-25 19:21:06,698 - WARNING - [AUDIT] 2789483067096942 订单丢失纠偏
2026-07-25 19:21:06,698 - WARNING - [AUDIT] 8547212287846837 订单丢失纠偏
2026-07-25 19:21:06,698 - WARNING - [AUDIT] 3867604012090545 订单丢失纠偏
2026-07-25 19:21:06,698 - WARNING - [AUDIT] 1483748930642911 订单丢失纠偏
2026-07-25 19:21:06,699 - WARNING - [AUDIT] 7349080087738917 订单丢失纠偏
2026-07-25 19:21:06,699 - WARNING - [AUDIT] 3462216451414013 订单丢失纠偏
2026-07-25 19:21:06,699 - WARNING - [AUDIT] 3200257782952684 订单丢失纠偏
2026-07-25 19:21:06,699 - WARNING - [AUDIT] 2376781814308162 订单丢失纠偏
2026-07-25 19:21:06,699 - WARNING - [AUDIT] 2079356340111763 订单丢失纠偏
2026-07-25 19:21:06,700 - WARNING - [AUDIT] 8492696844341031 订单丢失纠偏
2026-07-25 19:21:06,700 - WARNING - [AUDIT] 8482095232537984 订单丢失纠偏
2026-07-25 19:21:06,700 - WARNING - [AUDIT] 3801414354749841 订单丢失纠偏
2026-07-25 19:21:06,701 - WARNING - [AUDIT] 4152795695875633 订单丢失纠偏
2026-07-25 19:21:06,702 - WARNING - [AUDIT] 8067334800834858 订单丢失纠偏
2026-07-25 19:21:06,702 - WARNING - [AUDIT] 5834733260052522 订单丢失纠偏
2026-07-25 19:21:06,702 - WARNING - [AUDIT] 7930629883146274 订单丢失纠偏
2026-07-25 19:21:06,702 - WARNING - [AUDIT] 9469923537802331 订单丢失纠偏
2026-07-25 19:21:06,703 - WARNING - [AUDIT] 9720191017932273 订单丢失纠偏
2026-07-25 19:21:11,304 - INFO - [MARKET SELL] Will the highest temperature in Busan be | 20.0000 shares @ market
2026-07-25 19:21:18,190 - INFO - [MARKET SELL FILLED] 48481922085191599225 id=0x0b1c51bd6828048a42
2026-07-25 19:21:18,491 - INFO - [POSITION] 市价卖出 1 个持仓
2026-07-25 19:21:18,491 - ERROR - [BATCH CANCEL] 8748840406192342 取消失败，清空 active_id 进入冷却兜底
2026-07-25 19:21:25,701 - INFO - [SELL CONFIRMED] 未知 | No | size=0.0000 price=0.58
2026-07-25 19:25:06,733 - ERROR - [BATCH CANCEL FAIL] 0xad30c87c848323b32d... | order can't be found - already canceled or matched
2026-07-25 19:25:06,733 - ERROR - [BATCH CANCEL FAIL] 0xd6c4c7499c6ad8a255... | order can't be found - already canceled or matched
2026-07-25 19:25:07,387 - ERROR - [BATCH CANCEL] 2439328078499072 取消失败，清空 active_id 进入冷却兜底
2026-07-25 19:25:07,388 - ERROR - [BATCH CANCEL] 1122290238846423 取消失败，清空 active_id 进入冷却兜底
2026-07-25 19:25:10,499 - INFO - [BUY CONFIRMED] 未知 | Yes | size=20.0000 price=0.43
2026-07-25 19:25:17,105 - INFO - [BUY CONFIRMED] 未知 | No | size=20.0000 price=0.75
2026-07-25 19:25:19,451 - INFO - [MARKET SELL] Will the highest temperature in Mexico C | 20.0000 shares @ market
2026-07-25 19:25:20,670 - INFO - [MARKET SELL FILLED] 11222902388464232480 id=0xd6421c5d5c65da00cf
2026-07-25 19:25:21,248 - INFO - [MARKET SELL] Will the highest temperature in Mexico C | 20.0000 shares @ market
2026-07-25 19:25:22,392 - INFO - [MARKET SELL FILLED] 24393280784990728169 id=0xd8adff8b7e699bcec5
2026-07-25 19:25:22,692 - INFO - [POSITION] 市价卖出 2 个持仓
2026-07-25 19:25:29,049 - INFO - [SELL CONFIRMED] 未知 | Yes | size=0.0000 price=0.24
2026-07-25 19:25:29,458 - INFO - [SELL CONFIRMED] 未知 | No | size=0.0000 price=0.48
2026-07-25 19:26:49,673 - INFO - [SELL CONFIRMED] 未知 | Yes | size=20.0000 price=0.22
2026-07-25 19:27:02,185 - ERROR - [BATCH CANCEL FAIL] 0x480afdbb257b863943... | order can't be found - already canceled or matched
2026-07-25 19:27:02,932 - ERROR - [BATCH CANCEL] 6436067679250995 取消失败，清空 active_id 进入冷却兜底
2026-07-25 19:27:25,846 - INFO - [MARKET SELL] Will the highest temperature in Qingdao  | 20.0000 shares @ market
2026-07-25 19:27:27,101 - INFO - [MARKET SELL FILLED] 64360676792509957185 id=0x2ce75cadefae7159f6
2026-07-25 19:27:27,402 - INFO - [POSITION] 市价卖出 1 个持仓
2026-07-25 19:27:34,475 - INFO - [SELL CONFIRMED] 未知 | Yes | size=0.0000 price=0.23
2026-07-25 19:28:35,134 - ERROR - [POLL] 批量查询异常: HTTPSConnectionPool(host='clob.polymarket.com', port=443): Max retries exceeded with url: /books (Caused by SSLError(SSLEOFError(8, '[SSL: UNEXPECTED_EOF_WHILE_READING] EOF occurred in violation of protocol (_ssl.c:1000)')))
2026-07-25 19:28:37,185 - ERROR - [py_clob_client_v2] request error: The read operation timed out
2026-07-25 19:28:40,191 - ERROR - [HEARTBEAT] 失败 (连续 1 次): HTTPSConnectionPool(host='clob.polymarket.com', port=443): Max retries exceeded with url: /v1/heartbeats (Caused by SSLError(SSLEOFError(8, '[SSL: UNEXPECTED_EOF_WHILE_READING] EOF occurred in violation of protocol (_ssl.c:1000)')))
2026-07-25 19:28:44,198 - ERROR - [py_clob_client_v2] request error: [SSL: UNEXPECTED_EOF_WHILE_READING] EOF occurred in violation of protocol (_ssl.c:1000)
2026-07-25 19:28:47,209 - ERROR - [HEARTBEAT] 失败 (连续 2 次): HTTPSConnectionPool(host='clob.polymarket.com', port=443): Max retries exceeded with url: /v1/heartbeats (Caused by SSLError(SSLEOFError(8, '[SSL: UNEXPECTED_EOF_WHILE_READING] EOF occurred in violation of protocol (_ssl.c:1000)')))
2026-07-25 19:28:48,146 - INFO - 收到停止信号，优雅退出...
2026-07-25 19:28:48,148 - ERROR - [POLL] 批量查询异常: HTTPSConnectionPool(host='clob.polymarket.com', port=443): Max retries exceeded with url: /books (Caused by SSLError(SSLEOFError(8, '[SSL: UNEXPECTED_EOF_WHILE_READING] EOF occurred in violation of protocol (_ssl.c:1000)')))
2026-07-25 19:28:48,148 - INFO - 开始优雅关闭...
2026-07-25 19:28:49,237 - ERROR - [py_clob_client_v2] request error: _ssl.c:983: The handshake operation timed out
2026-07-25 19:28:49,238 - ERROR - 获取订单簿失败: 11340573128531365656... | PolyApiException[status_code=None, error_message=Request exception!]
2026-07-25 19:28:51,154 - ERROR - [py_clob_client_v2] request error: [SSL: UNEXPECTED_EOF_WHILE_READING] EOF occurred in violation of protocol (_ssl.c:1000)
2026-07-25 19:28:51,155 - ERROR - [CANCEL ALL ERR] 系统关闭 | PolyApiException[status_code=None, error_message=Request exception!]
2026-07-25 19:28:51,707 - WARNING - [USER WS] close code=None reason=None
2026-07-25 19:28:54,160 - ERROR - [py_clob_client_v2] request error: [SSL: UNEXPECTED_EOF_WHILE_READING] EOF occurred in violation of protocol (_ssl.c:1000)
2026-07-25 19:28:54,252 - ERROR - [py_clob_client_v2] request error: _ssl.c:983: The handshake operation timed out
2026-07-25 19:28:54,253 - ERROR - 获取订单簿失败: 54743285120512912428... | PolyApiException[status_code=None, error_message=Request exception!]
2026-07-25 19:28:57,166 - ERROR - [HEARTBEAT] 失败 (连续 3 次): HTTPSConnectionPool(host='clob.polymarket.com', port=443): Max retries exceeded with url: /v1/heartbeats (Caused by SSLError(SSLEOFError(8, '[SSL: UNEXPECTED_EOF_WHILE_READING] EOF occurred in violation of protocol (_ssl.c:1000)')))
2026-07-25 19:28:57,166 - CRITICAL - [HEARTBEAT] 连续失败 3 次！订单将在 ~7 秒后被交易所自动取消！
2026-07-25 19:28:59,259 - INFO - [HEARTBEAT] 已停止
2026-07-25 19:28:59,259 - INFO - ============================================================
系统已停止
============================================================
2026-07-25 19:30:47,960 - INFO - ============================================================
2026-07-25 19:30:47,960 - INFO - Maker-only Guardian V7.0 启动
2026-07-25 19:30:47,960 - INFO - 地址: 0x304bf40e9e50c265f6dd86417707d5b41d8ea619 | 档: 2 | 量: 20 | 冷却: 120s | 心跳: 7.0s
2026-07-25 19:30:47,960 - INFO - ============================================================
2026-07-25 19:30:47,961 - INFO - [HEARTBEAT] 已启动 interval=7.0s
2026-07-25 19:31:31,012 - ERROR - [py_clob_client_v2] request error: Server disconnected
2026-07-25 19:31:31,012 - ERROR - [py_clob_client_v2] request error: Server disconnected
2026-07-25 19:31:31,012 - ERROR - [PLACE FAIL] 4938785652399717... price=0.28 attempt=1/2 | PolyApiException[status_code=None, error_message=Request exception!]
2026-07-25 19:31:31,012 - ERROR - [py_clob_client_v2] request error: Server disconnected
2026-07-25 19:31:31,012 - ERROR - [py_clob_client_v2] request error: Server disconnected
2026-07-25 19:31:31,013 - ERROR - [py_clob_client_v2] request error: Server disconnected
2026-07-25 19:31:31,013 - ERROR - 获取订单簿失败: 70058747441156319520... | PolyApiException[status_code=None, error_message=Request exception!]
2026-07-25 19:31:31,013 - ERROR - [py_clob_client_v2] request error: Server disconnected
2026-07-25 19:31:31,014 - ERROR - [py_clob_client_v2] request error: Server disconnected
2026-07-25 19:31:31,014 - ERROR - [PLACE FAIL] 2384535189870790... price=0.30 attempt=1/2 | PolyApiException[status_code=None, error_message=Request exception!]
2026-07-25 19:31:31,014 - ERROR - 获取订单簿失败: 90665134007057915281... | PolyApiException[status_code=None, error_message=Request exception!]
2026-07-25 19:31:31,014 - ERROR - [PLACE FAIL] 3819567267277004... price=0.28 attempt=1/2 | PolyApiException[status_code=None, error_message=Request exception!]
2026-07-25 19:31:31,014 - ERROR - 获取订单簿失败: 97703282648701376569... | PolyApiException[status_code=None, error_message=Request exception!]
2026-07-25 19:31:31,014 - ERROR - 获取订单簿失败: 73972969445229750961... | PolyApiException[status_code=None, error_message=Request exception!]
2026-07-25 19:31:31,080 - WARNING - [RETRY] 9770328264870137 bids不足2档，10s后重试
2026-07-25 19:31:31,080 - WARNING - [RETRY] 7397296944522975 bids不足2档，10s后重试
2026-07-25 19:31:31,080 - WARNING - [RETRY] 9066513400705791 bids不足2档，10s后重试
2026-07-25 19:31:31,080 - WARNING - [RETRY] 7005874744115631 bids不足2档，10s后重试
2026-07-25 19:32:19,369 - ERROR - [py_clob_client_v2] request error: Server disconnected
2026-07-25 19:32:19,369 - ERROR - [py_clob_client_v2] request error: Server disconnected
2026-07-25 19:32:19,369 - ERROR - [PLACE FAIL] 8482095232537984... price=0.72 attempt=1/2 | PolyApiException[status_code=None, error_message=Request exception!]
2026-07-25 19:32:19,369 - ERROR - [PLACE FAIL] 3058486331188800... price=0.29 attempt=1/2 | PolyApiException[status_code=None, error_message=Request exception!]
2026-07-25 19:33:15,849 - ERROR - [py_clob_client_v2] request error: Server disconnected
2026-07-25 19:33:15,849 - ERROR - [py_clob_client_v2] request error: Server disconnected
2026-07-25 19:33:15,850 - ERROR - 获取订单簿失败: 49994759271576576326... | PolyApiException[status_code=None, error_message=Request exception!]
2026-07-25 19:33:15,850 - ERROR - [PLACE FAIL] 5334420285762421... price=0.75 attempt=1/2 | PolyApiException[status_code=None, error_message=Request exception!]
2026-07-25 19:33:16,848 - WARNING - [RETRY] 4999475927157657 bids不足2档，10s后重试
2026-07-25 19:34:23,814 - ERROR - [py_clob_client_v2] request error: Server disconnected
2026-07-25 19:34:23,815 - ERROR - [py_clob_client_v2] request error: Server disconnected
2026-07-25 19:34:23,815 - ERROR - 获取订单簿失败: 52448624300081174135... | PolyApiException[status_code=None, error_message=Request exception!]
2026-07-25 19:34:23,815 - ERROR - 获取订单簿失败: 79306298831462744686... | PolyApiException[status_code=None, error_message=Request exception!]
2026-07-25 19:34:24,812 - WARNING - [RETRY] 5244862430008117 bids不足2档，10s后重试
2026-07-25 19:34:24,812 - WARNING - [RETRY] 7930629883146274 bids不足2档，10s后重试
2026-07-25 19:35:28,835 - ERROR - [py_clob_client_v2] request error status=400 url=https://clob.polymarket.com/order body={"error":"invalid post-only order: order crosses book"}
2026-07-25 19:35:28,836 - ERROR - [PLACE FAIL] 5232055306777190... price=0.62 attempt=1/2 | PolyApiException[status_code=400, error_message={'error': 'invalid post-only order: order crosses book'}]
2026-07-25 19:35:29,339 - ERROR - [PLACE FAIL] 5232055306777190 price=0.62
2026-07-25 19:40:26,336 - ERROR - [py_clob_client_v2] request error: Server disconnected
2026-07-25 19:40:26,336 - ERROR - [py_clob_client_v2] request error: Server disconnected
2026-07-25 19:40:26,336 - ERROR - [py_clob_client_v2] request error: Server disconnected
2026-07-25 19:40:26,336 - ERROR - 获取订单簿失败: 89685657885023166015... | PolyApiException[status_code=None, error_message=Request exception!]
2026-07-25 19:40:26,337 - ERROR - 获取订单簿失败: 78597690223476430848... | PolyApiException[status_code=None, error_message=Request exception!]
2026-07-25 19:40:26,337 - ERROR - [PLACE FAIL] 3603007358181083... price=0.75 attempt=1/2 | PolyApiException[status_code=None, error_message=Request exception!]
2026-07-25 19:40:27,331 - WARNING - [RETRY] 8968565788502316 bids不足2档，10s后重试
2026-07-25 19:40:27,333 - WARNING - [RETRY] 7859769022347643 bids不足2档，10s后重试
2026-07-25 19:44:52,972 - ERROR - [py_clob_client_v2] request error: Server disconnected
2026-07-25 19:44:52,972 - ERROR - [py_clob_client_v2] request error: Server disconnected
2026-07-25 19:44:52,973 - ERROR - 获取订单簿失败: 60772526546548450674... | PolyApiException[status_code=None, error_message=Request exception!]
2026-07-25 19:44:52,973 - ERROR - [py_clob_client_v2] request error: Server disconnected
2026-07-25 19:44:52,974 - ERROR - [py_clob_client_v2] request error: Server disconnected
2026-07-25 19:44:52,974 - ERROR - 获取订单簿失败: 84820952325379847402... | PolyApiException[status_code=None, error_message=Request exception!]
2026-07-25 19:44:52,974 - ERROR - 获取订单簿失败: 34622164514140131450... | PolyApiException[status_code=None, error_message=Request exception!]
2026-07-25 19:44:52,974 - ERROR - 获取订单簿失败: 65443307391901417179... | PolyApiException[status_code=None, error_message=Request exception!]
2026-07-25 19:44:53,967 - WARNING - [RETRY] 6077252654654845 bids不足2档，10s后重试
2026-07-25 19:44:53,967 - WARNING - [RETRY] 8482095232537984 bids不足2档，10s后重试
2026-07-25 19:44:53,968 - WARNING - [RETRY] 3462216451414013 bids不足2档，10s后重试
2026-07-25 19:44:53,968 - WARNING - [RETRY] 6544330739190141 bids不足2档，10s后重试
2026-07-25 19:46:21,179 - ERROR - [BATCH CANCEL FAIL] 0x55df156bc6a054bedb... | order can't be found - already canceled or matched
2026-07-25 19:46:21,802 - ERROR - [BATCH CANCEL] 6267254677759651 取消失败，清空 active_id 进入冷却兜底
2026-07-25 19:46:22,428 - INFO - [BUY CONFIRMED] 未知 | Yes | size=20.0000 price=0.33
2026-07-25 19:46:33,591 - ERROR - [py_clob_client_v2] request error: Server disconnected
2026-07-25 19:46:33,591 - ERROR - [py_clob_client_v2] request error: Server disconnected
2026-07-25 19:46:33,591 - ERROR - [py_clob_client_v2] request error: Server disconnected
2026-07-25 19:46:33,592 - ERROR - 获取订单簿失败: 91425336624733805471... | PolyApiException[status_code=None, error_message=Request exception!]
2026-07-25 19:46:33,592 - ERROR - 获取订单簿失败: 79047794647251067290... | PolyApiException[status_code=None, error_message=Request exception!]
2026-07-25 19:46:33,592 - ERROR - 获取订单簿失败: 36299668869597017045... | PolyApiException[status_code=None, error_message=Request exception!]
2026-07-25 19:46:34,586 - WARNING - [RETRY] 9142533662473380 bids不足2档，10s后重试
2026-07-25 19:46:34,586 - WARNING - [RETRY] 7904779464725106 bids不足2档，10s后重试
2026-07-25 19:46:34,586 - WARNING - [RETRY] 3629966886959701 bids不足2档，10s后重试
2026-07-25 19:47:28,184 - INFO - [MARKET SELL] Will the highest temperature in Jeddah b | 20.0000 shares @ market
2026-07-25 19:47:29,238 - INFO - [MARKET SELL FILLED] 62672546777596519952 id=0xca19781f1a93a77aaa
2026-07-25 19:47:29,539 - INFO - [POSITION] 市价卖出 1 个持仓
2026-07-25 19:47:38,842 - INFO - [SELL CONFIRMED] 未知 | No | size=0.0000 price=0.55
2026-07-25 19:47:56,578 - INFO - [BUY CONFIRMED] 未知 | Yes | size=20.0000 price=0.31
2026-07-25 19:49:09,284 - ERROR - [BATCH CANCEL FAIL] 0xc79cfa92f1274b12ba... | order can't be found - already canceled or matched
2026-07-25 19:49:09,710 - ERROR - [BATCH CANCEL] 9618866153688452 取消失败，清空 active_id 进入冷却兜底
2026-07-25 19:49:11,609 - INFO - [BUY CONFIRMED] 未知 | Yes | size=20.0000 price=0.44
2026-07-25 19:49:32,623 - INFO - [MARKET SELL] Will the highest temperature in Karachi  | 20.0000 shares @ market
2026-07-25 19:49:33,805 - INFO - [MARKET SELL FILLED] 78597690223476430848 id=0xb9b527e8745072d86f
2026-07-25 19:49:34,388 - INFO - [MARKET SELL] Will the highest temperature in Atlanta  | 20.0000 shares @ market
2026-07-25 19:49:35,546 - INFO - [MARKET SELL FILLED] 96188661536884521072 id=0x1d025ab04b96f3a3c4
2026-07-25 19:49:35,847 - INFO - [POSITION] 市价卖出 2 个持仓
2026-07-25 19:49:43,206 - INFO - [SELL CONFIRMED] 未知 | No | size=0.0000 price=0.63
2026-07-25 19:49:43,587 - INFO - [SELL CONFIRMED] 未知 | No | size=0.0000 price=0.51
2026-07-25 19:51:43,553 - INFO - [BUY CONFIRMED] 未知 | Yes | size=18.7500 price=0.32
2026-07-25 19:53:42,020 - INFO - [MARKET SELL] Will the highest temperature in Lucknow  | 18.7500 shares @ market
2026-07-25 19:53:43,120 - INFO - [MARKET SELL FILLED] 60772526546548450674 id=0x3f2ffc406e0f1b1a46
2026-07-25 19:53:43,422 - INFO - [POSITION] 市价卖出 1 个持仓
2026-07-25 19:53:51,064 - INFO - [SELL CONFIRMED] 未知 | No | size=0.0000 price=0.68
2026-07-25 19:55:56,602 - ERROR - [BATCH CANCEL FAIL] 0xc360bfc2fa749bd07f... | order can't be found - already canceled or matched
2026-07-25 19:55:56,602 - ERROR - [BATCH CANCEL FAIL] 0xeb97d6fd31bc11dfc4... | order can't be found - already canceled or matched
2026-07-25 19:55:57,318 - ERROR - [BATCH CANCEL] 1105374499294776 取消失败，清空 active_id 进入冷却兜底
2026-07-25 19:55:57,318 - ERROR - [BATCH CANCEL] 9411931090416541 取消失败，清空 active_id 进入冷却兜底
2026-07-25 19:56:02,496 - INFO - [BUY CONFIRMED] 未知 | No | size=5.1600 price=0.54
2026-07-25 19:56:03,993 - INFO - [BUY CONFIRMED] 未知 | Yes | size=20.0000 price=0.37
2026-07-25 19:56:03,994 - INFO - [BUY CONFIRMED] 未知 | No | size=10.0000 price=0.54
2026-07-25 19:56:04,519 - INFO - [BUY CONFIRMED] 未知 | No | size=4.8400 price=0.54
2026-07-25 19:56:40,564 - ERROR - [BATCH CANCEL FAIL] 0x27dd72c8071df5f294... | order can't be found - already canceled or matched
2026-07-25 19:56:41,114 - ERROR - [BATCH CANCEL] 6605524220988181 取消失败，清空 active_id 进入冷却兜底
2026-07-25 19:56:41,777 - INFO - [BUY CONFIRMED] 未知 | No | size=20.0000 price=0.6
2026-07-25 19:56:50,853 - INFO - 收到停止信号，优雅退出...
2026-07-25 19:56:51,422 - INFO - 开始优雅关闭...
2026-07-25 19:56:51,956 - INFO - [CANCEL ALL] 276 已取消 | 系统关闭
2026-07-25 19:56:51,968 - WARNING - [USER WS] close code=None reason=None
2026-07-25 19:56:57,093 - INFO - [HEARTBEAT] 已停止
2026-07-25 19:56:57,093 - INFO - ============================================================
系统已停止
============================================================
2026-07-25 20:01:07,410 - INFO - ============================================================
2026-07-25 20:01:07,410 - INFO - Maker-only Guardian V7.0 启动
2026-07-25 20:01:07,410 - INFO - 地址: 0x304bf40e9e50c265f6dd86417707d5b41d8ea619 | 档: 2 | 量: 50 | 冷却: 120s | 心跳: 7.0s
2026-07-25 20:01:07,410 - INFO - ============================================================
2026-07-25 20:01:07,411 - INFO - [HEARTBEAT] 已启动 interval=7.0s
2026-07-25 20:01:14,312 - ERROR - [py_clob_client_v2] request error: Server disconnected
2026-07-25 20:01:14,312 - ERROR - [py_clob_client_v2] request error: Server disconnected
2026-07-25 20:01:14,312 - ERROR - [PLACE FAIL] 1023968098943455... price=0.29 attempt=1/2 | PolyApiException[status_code=None, error_message=Request exception!]
2026-07-25 20:01:14,313 - ERROR - [PLACE FAIL] 9618866153688452... price=0.50 attempt=1/2 | PolyApiException[status_code=None, error_message=Request exception!]
2026-07-25 20:01:19,074 - ERROR - [py_clob_client_v2] request error: Server disconnected
2026-07-25 20:01:19,075 - ERROR - [py_clob_client_v2] request error: Server disconnected
2026-07-25 20:01:19,076 - ERROR - [PLACE FAIL] 1098731795347363... price=0.60 attempt=1/2 | PolyApiException[status_code=None, error_message=Request exception!]
2026-07-25 20:01:19,076 - ERROR - [py_clob_client_v2] request error: Server disconnected
2026-07-25 20:01:19,077 - ERROR - [py_clob_client_v2] request error: Server disconnected
2026-07-25 20:01:19,077 - ERROR - [PLACE FAIL] 7397296944522975... price=0.33 attempt=1/2 | PolyApiException[status_code=None, error_message=Request exception!]
2026-07-25 20:01:19,077 - ERROR - [PLACE FAIL] 1086139484509472... price=0.22 attempt=1/2 | PolyApiException[status_code=None, error_message=Request exception!]
2026-07-25 20:01:19,078 - ERROR - 获取订单簿失败: 48481922085191599225... | PolyApiException[status_code=None, error_message=Request exception!]
2026-07-25 20:01:19,578 - WARNING - [RETRY] 4848192208519159 bids不足2档，10s后重试
2026-07-25 20:01:24,288 - ERROR - [py_clob_client_v2] request error: Server disconnected
2026-07-25 20:01:24,288 - ERROR - [py_clob_client_v2] request error: Server disconnected
2026-07-25 20:01:24,288 - ERROR - [py_clob_client_v2] request error: Server disconnected
2026-07-25 20:01:24,288 - ERROR - [py_clob_client_v2] request error: Server disconnected
2026-07-25 20:01:24,288 - ERROR - [PLACE FAIL] 2995812971963878... price=0.23 attempt=1/2 | PolyApiException[status_code=None, error_message=Request exception!]
2026-07-25 20:01:24,288 - ERROR - 获取订单簿失败: 11556139353223769982... | PolyApiException[status_code=None, error_message=Request exception!]
2026-07-25 20:01:24,288 - ERROR - [py_clob_client_v2] request error: Server disconnected
2026-07-25 20:01:24,289 - ERROR - [py_clob_client_v2] request error: Server disconnected
2026-07-25 20:01:24,289 - ERROR - [PLACE FAIL] 1056932128893739... price=0.35 attempt=1/2 | PolyApiException[status_code=None, error_message=Request exception!]
2026-07-25 20:01:24,290 - ERROR - [PLACE FAIL] 5313701344031252... price=0.23 attempt=1/2 | PolyApiException[status_code=None, error_message=Request exception!]
2026-07-25 20:01:24,290 - ERROR - 获取订单簿失败: 10194565116312882638... | PolyApiException[status_code=None, error_message=Request exception!]
2026-07-25 20:01:24,291 - ERROR - [PLACE FAIL] 1278161378705403... price=0.48 attempt=1/2 | PolyApiException[status_code=None, error_message=Request exception!]
2026-07-25 20:01:24,584 - WARNING - [RETRY] 1155613935322376 bids不足2档，10s后重试
2026-07-25 20:01:24,585 - WARNING - [RETRY] 1019456511631288 bids不足2档，10s后重试
2026-07-25 20:01:31,242 - ERROR - [py_clob_client_v2] request error: Server disconnected
2026-07-25 20:01:31,242 - ERROR - [py_clob_client_v2] request error: Server disconnected
2026-07-25 20:01:31,243 - ERROR - [py_clob_client_v2] request error: Server disconnected
2026-07-25 20:01:31,243 - ERROR - [PLACE FAIL] 7398456065489776... price=0.22 attempt=1/2 | PolyApiException[status_code=None, error_message=Request exception!]
2026-07-25 20:01:31,244 - ERROR - [py_clob_client_v2] request error: Server disconnected
2026-07-25 20:01:31,244 - ERROR - [py_clob_client_v2] request error: Server disconnected
2026-07-25 20:01:31,244 - ERROR - [py_clob_client_v2] request error: Server disconnected
2026-07-25 20:01:31,244 - ERROR - [py_clob_client_v2] request error: Server disconnected
2026-07-25 20:01:31,244 - ERROR - [py_clob_client_v2] request error: Server disconnected
2026-07-25 20:01:31,244 - ERROR - [PLACE FAIL] 5107027911457890... price=0.75 attempt=1/2 | PolyApiException[status_code=None, error_message=Request exception!]
2026-07-25 20:01:31,244 - ERROR - [PLACE FAIL] 4152795695875633... price=0.21 attempt=1/2 | PolyApiException[status_code=None, error_message=Request exception!]
2026-07-25 20:01:31,244 - ERROR - [PLACE FAIL] 5388315108530926... price=0.48 attempt=1/2 | PolyApiException[status_code=None, error_message=Request exception!]
2026-07-25 20:01:31,244 - ERROR - 获取订单簿失败: 63088280626658214683... | PolyApiException[status_code=None, error_message=Request exception!]
2026-07-25 20:01:31,244 - ERROR - [PLACE FAIL] 9098249032441021... price=0.63 attempt=1/2 | PolyApiException[status_code=None, error_message=Request exception!]
2026-07-25 20:01:31,244 - ERROR - [PLACE FAIL] 4860610278381234... price=0.40 attempt=1/2 | PolyApiException[status_code=None, error_message=Request exception!]
2026-07-25 20:01:31,244 - ERROR - 获取订单簿失败: 24306805187790414764... | PolyApiException[status_code=None, error_message=Request exception!]
2026-07-25 20:01:31,341 - WARNING - [RETRY] 2430680518779041 bids不足2档，10s后重试
2026-07-25 20:01:31,342 - WARNING - [RETRY] 6308828062665821 bids不足2档，10s后重试
2026-07-25 20:01:35,755 - ERROR - [py_clob_client_v2] request error: Server disconnected
2026-07-25 20:01:35,755 - ERROR - [py_clob_client_v2] request error: Server disconnected
2026-07-25 20:01:35,755 - ERROR - [py_clob_client_v2] request error: Server disconnected
2026-07-25 20:01:35,756 - ERROR - [py_clob_client_v2] request error: Server disconnected
2026-07-25 20:01:35,756 - ERROR - [PLACE FAIL] 6457841727280752... price=0.26 attempt=1/2 | PolyApiException[status_code=None, error_message=Request exception!]
2026-07-25 20:01:35,757 - ERROR - [PLACE FAIL] 6586057276178522... price=0.58 attempt=1/2 | PolyApiException[status_code=None, error_message=Request exception!]
2026-07-25 20:01:35,757 - ERROR - [PLACE FAIL] 9142533662473380... price=0.59 attempt=1/2 | PolyApiException[status_code=None, error_message=Request exception!]
2026-07-25 20:01:35,757 - ERROR - [PLACE FAIL] 1049456907003046... price=0.32 attempt=1/2 | PolyApiException[status_code=None, error_message=Request exception!]
2026-07-25 20:01:36,112 - ERROR - [py_clob_client_v2] request error: Server disconnected
2026-07-25 20:01:36,112 - ERROR - [py_clob_client_v2] request error: Server disconnected
2026-07-25 20:01:36,112 - ERROR - [py_clob_client_v2] request error: Server disconnected
2026-07-25 20:01:36,112 - ERROR - [PLACE FAIL] 4417838101000094... price=0.67 attempt=1/2 | PolyApiException[status_code=None, error_message=Request exception!]
2026-07-25 20:01:36,112 - ERROR - [PLACE FAIL] 9180078360769772... price=0.20 attempt=1/2 | PolyApiException[status_code=None, error_message=Request exception!]
2026-07-25 20:01:36,113 - ERROR - 获取订单簿失败: 80673348008348581579... | PolyApiException[status_code=None, error_message=Request exception!]
2026-07-25 20:01:36,348 - WARNING - [RETRY] 8067334800834858 bids不足2档，10s后重试
2026-07-25 20:01:41,347 - ERROR - [py_clob_client_v2] request error: Server disconnected
2026-07-25 20:01:41,347 - ERROR - [py_clob_client_v2] request error: Server disconnected
2026-07-25 20:01:41,348 - ERROR - [PLACE FAIL] 1559454102025990... price=0.65 attempt=1/2 | PolyApiException[status_code=None, error_message=Request exception!]
2026-07-25 20:01:41,348 - ERROR - [py_clob_client_v2] request error: Server disconnected
2026-07-25 20:01:41,348 - ERROR - [py_clob_client_v2] request error: Server disconnected
2026-07-25 20:01:41,350 - ERROR - 获取订单簿失败: 64399262958483971463... | PolyApiException[status_code=None, error_message=Request exception!]
2026-07-25 20:01:41,352 - ERROR - [PLACE FAIL] 4182512170609485... price=0.33 attempt=1/2 | PolyApiException[status_code=None, error_message=Request exception!]
2026-07-25 20:01:41,353 - ERROR - [PLACE FAIL] 8418389654420406... price=0.43 attempt=1/2 | PolyApiException[status_code=None, error_message=Request exception!]
2026-07-25 20:01:41,570 - WARNING - [RETRY] 6439926295848397 bids不足2档，10s后重试
2026-07-25 20:01:42,659 - ERROR - [py_clob_client_v2] request error: Server disconnected
2026-07-25 20:01:42,660 - ERROR - [py_clob_client_v2] request error: Server disconnected
2026-07-25 20:01:42,660 - ERROR - [py_clob_client_v2] request error: Server disconnected
2026-07-25 20:01:42,660 - ERROR - [PLACE FAIL] 4178888341684015... price=0.54 attempt=1/2 | PolyApiException[status_code=None, error_message=Request exception!]
2026-07-25 20:01:42,660 - ERROR - [PLACE FAIL] 1559454102025990... price=0.65 attempt=2/2 | PolyApiException[status_code=None, error_message=Request exception!]
2026-07-25 20:01:42,660 - ERROR - [py_clob_client_v2] request error: Server disconnected
2026-07-25 20:01:42,660 - ERROR - [py_clob_client_v2] request error: Server disconnected
2026-07-25 20:01:42,660 - ERROR - [py_clob_client_v2] request error: Server disconnected
2026-07-25 20:01:42,660 - ERROR - [PLACE FAIL] 2695273901029107... price=0.53 attempt=1/2 | PolyApiException[status_code=None, error_message=Request exception!]
2026-07-25 20:01:42,662 - ERROR - [PLACE FAIL] 1917581357223089... price=0.47 attempt=1/2 | PolyApiException[status_code=None, error_message=Request exception!]
2026-07-25 20:01:42,663 - ERROR - 获取订单簿失败: 11401161039222847452... | PolyApiException[status_code=None, error_message=Request exception!]
2026-07-25 20:01:42,663 - ERROR - 获取订单簿失败: 11556139353223769982... | PolyApiException[status_code=None, error_message=Request exception!]
2026-07-25 20:01:43,044 - INFO - [PLACE RECOVERY] 1559454102025990... price=0.65 响应丢失但订单已挂 id=0x09b2d9148a426b7971
2026-07-25 20:01:43,571 - WARNING - [RETRY] 1140116103922284 bids不足2档，10s后重试
2026-07-25 20:01:43,571 - WARNING - [RETRY] 1155613935322376 bids不足2档，10s后重试
2026-07-25 20:01:54,001 - ERROR - [py_clob_client_v2] request error: Server disconnected
2026-07-25 20:01:54,001 - ERROR - [py_clob_client_v2] request error: Server disconnected
2026-07-25 20:01:54,001 - ERROR - [py_clob_client_v2] request error: Server disconnected
2026-07-25 20:01:54,001 - ERROR - [PLACE FAIL] 7716660935691121... price=0.71 attempt=1/2 | PolyApiException[status_code=None, error_message=Request exception!]
2026-07-25 20:01:54,002 - ERROR - [py_clob_client_v2] request error: Server disconnected
2026-07-25 20:01:54,002 - ERROR - 获取订单簿失败: 64399262958483971463... | PolyApiException[status_code=None, error_message=Request exception!]
2026-07-25 20:01:54,002 - ERROR - [py_clob_client_v2] request error: Server disconnected
2026-07-25 20:01:54,003 - ERROR - [PLACE FAIL] 6297068221810872... price=0.47 attempt=1/2 | PolyApiException[status_code=None, error_message=Request exception!]
2026-07-25 20:01:54,003 - ERROR - [PLACE FAIL] 9066513400705791... price=0.29 attempt=1/2 | PolyApiException[status_code=None, error_message=Request exception!]
2026-07-25 20:01:54,003 - ERROR - [PLACE FAIL] 4971687397188110... price=0.63 attempt=1/2 | PolyApiException[status_code=None, error_message=Request exception!]
2026-07-25 20:01:54,038 - WARNING - [RETRY] 6439926295848397 bids不足2档，10s后重试
2026-07-25 20:02:00,816 - INFO - [SELL CONFIRMED] 未知 | No | size=0.0000 price=0.6
2026-07-25 20:02:33,678 - INFO - 收到停止信号，优雅退出...
2026-07-25 20:02:34,461 - INFO - 开始优雅关闭...
2026-07-25 20:02:34,731 - INFO - [CANCEL ALL] 179 已取消 | 系统关闭
2026-07-25 20:02:34,739 - WARNING - [USER WS] close code=None reason=None
2026-07-25 20:02:35,463 - INFO - [HEARTBEAT] 已停止
2026-07-25 20:02:35,465 - INFO - ============================================================
系统已停止
============================================================
2026-07-25 21:02:18,735 - INFO - ============================================================
2026-07-25 21:02:18,738 - INFO - Maker-only Guardian V7.0 启动
2026-07-25 21:02:18,738 - INFO - 地址: 0x304bf40e9e50c265f6dd86417707d5b41d8ea619 | 档: 2 | 量: 50 | 冷却: 120s | 心跳: 7.0s
2026-07-25 21:02:18,738 - INFO - ============================================================
2026-07-25 21:02:18,738 - INFO - [HEARTBEAT] 已启动 interval=7.0s
2026-07-25 21:02:41,872 - ERROR - [py_clob_client_v2] request error: Server disconnected
2026-07-25 21:02:41,872 - ERROR - [py_clob_client_v2] request error: Server disconnected
2026-07-25 21:02:41,872 - ERROR - [PLACE FAIL] 4681756789329665... price=0.75 attempt=1/2 | PolyApiException[status_code=None, error_message=Request exception!]
2026-07-25 21:02:41,872 - ERROR - [py_clob_client_v2] request error: Server disconnected
2026-07-25 21:02:41,873 - ERROR - [py_clob_client_v2] request error: Server disconnected
2026-07-25 21:02:41,873 - ERROR - [py_clob_client_v2] request error: Server disconnected
2026-07-25 21:02:41,874 - ERROR - [PLACE FAIL] 7695366298564708... price=0.26 attempt=1/2 | PolyApiException[status_code=None, error_message=Request exception!]
2026-07-25 21:02:41,874 - ERROR - [py_clob_client_v2] request error: Server disconnected
2026-07-25 21:02:41,875 - ERROR - [py_clob_client_v2] request error: Server disconnected
2026-07-25 21:02:41,875 - ERROR - 获取订单簿失败: 63022939833654570612... | PolyApiException[status_code=None, error_message=Request exception!]
2026-07-25 21:02:41,875 - ERROR - 获取订单簿失败: 34312194983939581349... | PolyApiException[status_code=None, error_message=Request exception!]
2026-07-25 21:02:41,875 - ERROR - [PLACE FAIL] 1097810232883151... price=0.72 attempt=1/2 | PolyApiException[status_code=None, error_message=Request exception!]
2026-07-25 21:02:41,875 - ERROR - 获取订单簿失败: 24667897258668672272... | PolyApiException[status_code=None, error_message=Request exception!]
2026-07-25 21:02:41,875 - ERROR - [PLACE FAIL] 4284268933844100... price=0.27 attempt=1/2 | PolyApiException[status_code=None, error_message=Request exception!]
2026-07-25 21:02:42,489 - WARNING - [RETRY] 3431219498393958 bids不足2档，10s后重试
2026-07-25 21:02:42,489 - WARNING - [RETRY] 6302293983365457 bids不足2档，10s后重试
2026-07-25 21:02:42,490 - WARNING - [RETRY] 2466789725866867 bids不足2档，10s后重试
2026-07-25 21:02:56,193 - ERROR - [py_clob_client_v2] request error: Server disconnected
2026-07-25 21:02:56,194 - ERROR - [PLACE FAIL] 5957917823482246... price=0.21 attempt=1/2 | PolyApiException[status_code=None, error_message=Request exception!]
2026-07-25 21:02:56,194 - ERROR - [py_clob_client_v2] request error: Server disconnected
2026-07-25 21:02:56,195 - ERROR - [py_clob_client_v2] request error: Server disconnected
2026-07-25 21:02:56,195 - ERROR - [py_clob_client_v2] request error: Server disconnected
2026-07-25 21:02:56,196 - ERROR - [PLACE FAIL] 4425682531915888... price=0.67 attempt=1/2 | PolyApiException[status_code=None, error_message=Request exception!]
2026-07-25 21:02:56,196 - ERROR - [PLACE FAIL] 7562176890939311... price=0.29 attempt=1/2 | PolyApiException[status_code=None, error_message=Request exception!]
2026-07-25 21:02:56,197 - ERROR - [PLACE FAIL] 1113935572848191... price=0.31 attempt=1/2 | PolyApiException[status_code=None, error_message=Request exception!]
2026-07-25 21:04:24,914 - ERROR - [py_clob_client_v2] request error: Server disconnected
2026-07-25 21:04:24,914 - ERROR - [py_clob_client_v2] request error: Server disconnected
2026-07-25 21:04:24,914 - ERROR - 获取订单簿失败: 20793563401117637461... | PolyApiException[status_code=None, error_message=Request exception!]
2026-07-25 21:04:24,915 - ERROR - [py_clob_client_v2] request error: Server disconnected
2026-07-25 21:04:24,915 - ERROR - 获取订单簿失败: 14439108073028321259... | PolyApiException[status_code=None, error_message=Request exception!]
2026-07-25 21:04:24,915 - ERROR - 获取订单簿失败: 70345894064951658317... | PolyApiException[status_code=None, error_message=Request exception!]
2026-07-25 21:04:25,909 - WARNING - [RETRY] 2079356340111763 bids不足2档，10s后重试
2026-07-25 21:04:25,909 - WARNING - [RETRY] 1443910807302832 bids不足2档，10s后重试
2026-07-25 21:04:25,912 - WARNING - [RETRY] 7034589406495165 bids不足2档，10s后重试
2026-07-25 21:05:16,949 - ERROR - [py_clob_client_v2] request error: Server disconnected
2026-07-25 21:05:16,952 - ERROR - [py_clob_client_v2] request error: Server disconnected
2026-07-25 21:05:16,952 - ERROR - [PLACE FAIL] 1840215267171060... price=0.67 attempt=1/2 | PolyApiException[status_code=None, error_message=Request exception!]
2026-07-25 21:05:16,952 - ERROR - [PLACE FAIL] 4194748595247210... price=0.66 attempt=1/2 | PolyApiException[status_code=None, error_message=Request exception!]
2026-07-25 21:06:11,039 - INFO - [BUY CONFIRMED] 未知 | No | size=3.4096 price=0.78
2026-07-25 21:06:40,517 - INFO - [MARKET SELL] Will the highest temperature in Chongqin | 3.4096 shares @ market
2026-07-25 21:06:41,799 - INFO - [MARKET SELL FILLED] 10861394845094727980 id=0xfef1328d7d82af281b
2026-07-25 21:06:42,100 - INFO - [POSITION] 市价卖出 1 个持仓
2026-07-25 21:06:50,815 - INFO - [SELL CONFIRMED] 未知 | Yes | size=0.0000 price=0.16
2026-07-25 21:07:44,333 - ERROR - [py_clob_client_v2] request error: Server disconnected
2026-07-25 21:07:44,333 - ERROR - [PLACE FAIL] 3789780788929495... price=0.52 attempt=1/2 | PolyApiException[status_code=None, error_message=Request exception!]
2026-07-25 21:07:44,334 - ERROR - [py_clob_client_v2] request error: Server disconnected
2026-07-25 21:07:44,335 - ERROR - [PLACE FAIL] 6586057276178522... price=0.60 attempt=1/2 | PolyApiException[status_code=None, error_message=Request exception!]
2026-07-25 21:16:09,401 - ERROR - [py_clob_client_v2] request error: Server disconnected
2026-07-25 21:16:09,401 - ERROR - 获取订单簿失败: 10047451506837986268... | PolyApiException[status_code=None, error_message=Request exception!]
2026-07-25 21:16:09,401 - ERROR - [py_clob_client_v2] request error: Server disconnected
2026-07-25 21:16:09,401 - ERROR - [py_clob_client_v2] request error: Server disconnected
2026-07-25 21:16:09,406 - ERROR - 获取订单簿失败: 42359593813903652935... | PolyApiException[status_code=None, error_message=Request exception!]
2026-07-25 21:16:09,406 - ERROR - 获取订单簿失败: 69323637985186021005... | PolyApiException[status_code=None, error_message=Request exception!]
2026-07-25 21:16:10,399 - WARNING - [RETRY] 1004745150683798 bids不足2档，10s后重试
2026-07-25 21:16:10,401 - WARNING - [RETRY] 4235959381390365 bids不足2档，10s后重试
2026-07-25 21:16:10,402 - WARNING - [RETRY] 6932363798518602 bids不足2档，10s后重试
2026-07-25 21:17:09,904 - ERROR - [py_clob_client_v2] request error: Server disconnected
2026-07-25 21:17:09,906 - ERROR - [py_clob_client_v2] request error: Server disconnected
2026-07-25 21:17:09,906 - ERROR - 获取订单簿失败: 89685657885023166015... | PolyApiException[status_code=None, error_message=Request exception!]
2026-07-25 21:17:09,907 - ERROR - 获取订单簿失败: 56725253646599428002... | PolyApiException[status_code=None, error_message=Request exception!]
2026-07-25 21:17:13,065 - WARNING - [RETRY] 8968565788502316 bids不足2档，10s后重试
2026-07-25 21:17:13,069 - WARNING - [RETRY] 5672525364659942 bids不足2档，10s后重试
2026-07-25 21:23:44,843 - ERROR - [py_clob_client_v2] request error: Server disconnected
2026-07-25 21:23:44,843 - ERROR - [py_clob_client_v2] request error: Server disconnected
2026-07-25 21:23:44,843 - ERROR - 获取订单簿失败: 16870315452435464934... | PolyApiException[status_code=None, error_message=Request exception!]
2026-07-25 21:23:44,844 - ERROR - [PLACE FAIL] 2659015482746656... price=0.15 attempt=1/2 | PolyApiException[status_code=None, error_message=Request exception!]
2026-07-25 21:23:45,842 - WARNING - [RETRY] 1687031545243546 bids不足2档，10s后重试
2026-07-25 21:43:59,796 - ERROR - [py_clob_client_v2] request error: Server disconnected
2026-07-25 21:43:59,797 - ERROR - [py_clob_client_v2] request error: Server disconnected
2026-07-25 21:43:59,797 - ERROR - 获取订单簿失败: 77784097925113994302... | PolyApiException[status_code=None, error_message=Request exception!]
2026-07-25 21:43:59,797 - ERROR - 获取订单簿失败: 11423623482053647132... | PolyApiException[status_code=None, error_message=Request exception!]
2026-07-25 21:44:00,795 - WARNING - [RETRY] 7778409792511399 bids不足2档，10s后重试
2026-07-25 21:44:00,795 - WARNING - [RETRY] 1142362348205364 bids不足2档，10s后重试
2026-07-25 21:44:11,250 - ERROR - [py_clob_client_v2] request error: Server disconnected
2026-07-25 21:44:11,250 - ERROR - [py_clob_client_v2] request error: Server disconnected
2026-07-25 21:44:11,251 - ERROR - 获取订单簿失败: 77784097925113994302... | PolyApiException[status_code=None, error_message=Request exception!]
2026-07-25 21:44:11,252 - ERROR - 获取订单簿失败: 11423623482053647132... | PolyApiException[status_code=None, error_message=Request exception!]
2026-07-25 21:44:11,252 - ERROR - [py_clob_client_v2] request error: Server disconnected
2026-07-25 21:44:11,253 - ERROR - 获取订单簿失败: 44632990148637984870... | PolyApiException[status_code=None, error_message=Request exception!]
2026-07-25 21:44:12,247 - WARNING - [RETRY] 7778409792511399 bids不足2档，10s后重试
2026-07-25 21:44:12,247 - WARNING - [RETRY] 1142362348205364 bids不足2档，10s后重试
2026-07-25 21:44:12,247 - WARNING - [RETRY] 4463299014863798 bids不足2档，10s后重试
2026-07-25 21:48:13,152 - ERROR - [py_clob_client_v2] request error: Server disconnected
2026-07-25 21:48:13,153 - ERROR - [py_clob_client_v2] request error: Server disconnected
2026-07-25 21:48:13,153 - ERROR - 获取订单簿失败: 54781632312297414560... | PolyApiException[status_code=None, error_message=Request exception!]
2026-07-25 21:48:13,153 - ERROR - 获取订单簿失败: 95010701229338665104... | PolyApiException[status_code=None, error_message=Request exception!]
2026-07-25 21:48:14,147 - WARNING - [RETRY] 5478163231229741 bids不足2档，10s后重试
2026-07-25 21:48:14,147 - WARNING - [RETRY] 9501070122933866 bids不足2档，10s后重试
2026-07-25 21:51:43,771 - ERROR - [py_clob_client_v2] request error: Server disconnected
2026-07-25 21:51:43,771 - ERROR - [py_clob_client_v2] request error: Server disconnected
2026-07-25 21:51:43,771 - ERROR - [py_clob_client_v2] request error: Server disconnected
2026-07-25 21:51:43,771 - ERROR - 获取订单簿失败: 10978102328831514393... | PolyApiException[status_code=None, error_message=Request exception!]
2026-07-25 21:51:43,772 - ERROR - 获取订单簿失败: 13812052244601757430... | PolyApiException[status_code=None, error_message=Request exception!]
2026-07-25 21:51:43,772 - ERROR - 获取订单簿失败: 64184404719393887857... | PolyApiException[status_code=None, error_message=Request exception!]
2026-07-25 21:51:44,765 - WARNING - [RETRY] 1097810232883151 bids不足2档，10s后重试
2026-07-25 21:51:44,765 - WARNING - [RETRY] 1381205224460175 bids不足2档，10s后重试
2026-07-25 21:51:44,765 - WARNING - [RETRY] 6418440471939388 bids不足2档，10s后重试
2026-07-25 21:56:04,387 - ERROR - [py_clob_client_v2] request error: Server disconnected
2026-07-25 21:56:04,388 - ERROR - [py_clob_client_v2] request error: Server disconnected
2026-07-25 21:56:04,388 - ERROR - 获取订单簿失败: 99149618070743708964... | PolyApiException[status_code=None, error_message=Request exception!]
2026-07-25 21:56:04,388 - ERROR - 获取订单簿失败: 10239680989434550785... | PolyApiException[status_code=None, error_message=Request exception!]
2026-07-25 21:56:05,384 - WARNING - [RETRY] 9914961807074370 bids不足2档，10s后重试
2026-07-25 21:56:05,385 - WARNING - [RETRY] 1023968098943455 bids不足2档，10s后重试
2026-07-25 22:05:51,898 - INFO - [BUY CONFIRMED] 未知 | No | size=10.0000 price=0.78
2026-07-25 22:05:52,208 - INFO - [BUY CONFIRMED] 未知 | No | size=17.9000 price=0.78
2026-07-25 22:05:52,624 - INFO - [MARKET SELL] Will the highest temperature in London b | 40.8000 shares @ market
2026-07-25 22:05:53,865 - INFO - [MARKET SELL FILLED] 73984560654897767079 id=0xe58fcfba12a5329fce
2026-07-25 22:05:54,091 - INFO - [BUY CONFIRMED] 未知 | No | size=12.9000 price=0.78
2026-07-25 22:05:54,166 - INFO - [POSITION] 市价卖出 1 个持仓
2026-07-25 22:06:03,885 - INFO - [SELL CONFIRMED] 未知 | Yes | size=0.0000 price=0.22
2026-07-25 22:08:40,052 - INFO - [SELL CONFIRMED] 未知 | Yes | size=20.0000 price=0.26
2026-07-25 22:10:05,595 - INFO - [MARKET SELL] Will the highest temperature in Munich b | 20.0000 shares @ market
2026-07-25 22:10:06,706 - INFO - [MARKET SELL FILLED] 76953662985647082007 id=0x583e99b3079ae85f8e
2026-07-25 22:10:07,008 - INFO - [POSITION] 市价卖出 1 个持仓
2026-07-25 22:10:15,409 - INFO - [SELL CONFIRMED] 未知 | Yes | size=0.0000 price=0.25
2026-07-25 22:11:02,169 - INFO - [SELL CONFIRMED] 未知 | Yes | size=16.1400 price=0.45
2026-07-25 22:11:03,944 - INFO - [SELL CONFIRMED] 未知 | Yes | size=0.0100 price=0.45
2026-07-25 22:12:08,435 - INFO - [MARKET SELL] Will the highest temperature in Chongqin | 16.1500 shares @ market
2026-07-25 22:12:09,636 - INFO - [MARKET SELL FILLED] 22546056451954506413 id=0x3025903a5650d547c1
2026-07-25 22:12:09,936 - INFO - [POSITION] 市价卖出 1 个持仓
2026-07-25 22:12:17,581 - INFO - [SELL CONFIRMED] 未知 | Yes | size=0.0000 price=0.43
2026-07-25 22:13:28,077 - ERROR - [py_clob_client_v2] request error: Server disconnected
2026-07-25 22:13:28,077 - ERROR - [py_clob_client_v2] request error: Server disconnected
2026-07-25 22:13:28,077 - ERROR - 获取订单簿失败: 16561377329214896193... | PolyApiException[status_code=None, error_message=Request exception!]
2026-07-25 22:13:28,077 - ERROR - 获取订单簿失败: 69323637985186021005... | PolyApiException[status_code=None, error_message=Request exception!]
2026-07-25 22:13:29,076 - WARNING - [RETRY] 1656137732921489 bids不足2档，10s后重试
2026-07-25 22:13:29,076 - WARNING - [RETRY] 6932363798518602 bids不足2档，10s后重试
2026-07-25 22:16:33,881 - ERROR - [py_clob_client_v2] request error: Server disconnected
2026-07-25 22:16:33,882 - ERROR - [py_clob_client_v2] request error: Server disconnected
2026-07-25 22:16:33,882 - ERROR - 获取订单簿失败: 10119131722853829081... | PolyApiException[status_code=None, error_message=Request exception!]
2026-07-25 22:16:33,883 - ERROR - [PLACE FAIL] 6279331347159171... price=0.73 attempt=1/2 | PolyApiException[status_code=None, error_message=Request exception!]
2026-07-25 22:16:34,879 - WARNING - [RETRY] 1011913172285382 bids不足2档，10s后重试
2026-07-25 22:18:55,603 - ERROR - [BATCH CANCEL FAIL] 0x6e6835ce81c89542b1... | order can't be found - already canceled or matched
2026-07-25 22:18:56,124 - ERROR - [BATCH CANCEL] 1110817391831045 取消失败，清空 active_id 进入冷却兜底
2026-07-25 22:19:05,174 - INFO - [BUY CONFIRMED] 未知 | Yes | size=50.0000 price=0.45
2026-07-25 22:19:05,896 - ERROR - [BATCH CANCEL FAIL] 0x4da0a2fdbeb2226826... | order can't be found - already canceled or matched
2026-07-25 22:19:06,622 - ERROR - [BATCH CANCEL] 3462216451414013 取消失败，清空 active_id 进入冷却兜底
2026-07-25 22:19:07,222 - INFO - [BUY CONFIRMED] 未知 | No | size=32.1000 price=0.65
2026-07-25 22:19:07,449 - INFO - [BUY CONFIRMED] 未知 | No | size=10.0000 price=0.65
2026-07-25 22:19:11,692 - INFO - [BUY CONFIRMED] 未知 | No | size=7.9000 price=0.65
2026-07-25 22:20:12,110 - INFO - [MARKET SELL] Will the lowest temperature in Tokyo be  | 50.0000 shares @ market
2026-07-25 22:20:13,262 - INFO - [MARKET SELL FILLED] 11108173918310455461 id=0xdf53a712c5a7f15707
2026-07-25 22:20:13,831 - INFO - [MARKET SELL] Will the lowest temperature in Tokyo be  | 50.0000 shares @ market
2026-07-25 22:20:15,040 - INFO - [MARKET SELL FILLED] 34622164514140131450 id=0x93f1cbede064aabf09
2026-07-25 22:20:15,342 - INFO - [POSITION] 市价卖出 2 个持仓
2026-07-25 22:20:15,348 - ERROR - [py_clob_client_v2] request error: Server disconnected
2026-07-25 22:20:15,348 - ERROR - [py_clob_client_v2] request error: Server disconnected
2026-07-25 22:20:15,349 - ERROR - [py_clob_client_v2] request error: Server disconnected
2026-07-25 22:20:15,349 - ERROR - [py_clob_client_v2] request error: Server disconnected
2026-07-25 22:20:15,349 - ERROR - 获取订单簿失败: 69492911337109615557... | PolyApiException[status_code=None, error_message=Request exception!]
2026-07-25 22:20:15,350 - ERROR - 获取订单簿失败: 65860572761785225078... | PolyApiException[status_code=None, error_message=Request exception!]
2026-07-25 22:20:15,351 - ERROR - 获取订单簿失败: 14439108073028321259... | PolyApiException[status_code=None, error_message=Request exception!]
2026-07-25 22:20:15,351 - ERROR - 获取订单簿失败: 19028665529658146069... | PolyApiException[status_code=None, error_message=Request exception!]
2026-07-25 22:20:16,344 - WARNING - [RETRY] 6949291133710961 bids不足2档，10s后重试
2026-07-25 22:20:16,345 - WARNING - [RETRY] 6586057276178522 bids不足2档，10s后重试
2026-07-25 22:20:16,345 - WARNING - [RETRY] 1443910807302832 bids不足2档，10s后重试
2026-07-25 22:20:16,345 - WARNING - [RETRY] 1902866552965814 bids不足2档，10s后重试
2026-07-25 22:20:20,511 - INFO - [SELL CONFIRMED] 未知 | No | size=0.0000 price=0.41
2026-07-25 22:20:25,160 - INFO - [SELL CONFIRMED] 未知 | Yes | size=0.0000 price=0.24
2026-07-25 22:25:37,704 - ERROR - [py_clob_client_v2] request error: Server disconnected
2026-07-25 22:25:37,704 - ERROR - [py_clob_client_v2] request error: Server disconnected
2026-07-25 22:25:37,704 - ERROR - 获取订单簿失败: 24667897258668672272... | PolyApiException[status_code=None, error_message=Request exception!]
2026-07-25 22:25:37,705 - ERROR - 获取订单簿失败: 37245530527172055403... | PolyApiException[status_code=None, error_message=Request exception!]
2026-07-25 22:25:38,570 - WARNING - [RETRY] 2466789725866867 bids不足2档，10s后重试
2026-07-25 22:25:38,572 - WARNING - [RETRY] 3724553052717205 bids不足2档，10s后重试
2026-07-25 22:26:12,377 - INFO - 收到停止信号，优雅退出...
2026-07-25 22:26:12,514 - INFO - 开始优雅关闭...
2026-07-25 22:26:12,810 - INFO - [CANCEL ALL] 223 已取消 | 系统关闭
2026-07-25 22:26:13,002 - WARNING - [USER WS] close code=None reason=None
2026-07-25 22:26:19,912 - INFO - [HEARTBEAT] 已停止
2026-07-25 22:26:19,914 - INFO - ============================================================
系统已停止
============================================================
2026-07-25 22:42:42,420 - INFO - ============================================================
2026-07-25 22:42:42,420 - INFO - Maker-only Guardian V7.0 启动
2026-07-25 22:42:42,420 - INFO - 地址: 0x304bf40e9e50c265f6dd86417707d5b41d8ea619 | 档: 2 | 量: 50 | 冷却: 120s | 心跳: 7.0s
2026-07-25 22:42:42,420 - INFO - ============================================================
2026-07-25 22:42:42,420 - INFO - [HEARTBEAT] 已启动 interval=7.0s
2026-07-25 22:42:50,127 - ERROR - [py_clob_client_v2] request error: Server disconnected
2026-07-25 22:42:50,127 - ERROR - [py_clob_client_v2] request error: Server disconnected
2026-07-25 22:42:50,127 - ERROR - 获取订单簿失败: 73506326939892094780... | PolyApiException[status_code=None, error_message=Request exception!]
2026-07-25 22:42:50,128 - ERROR - [py_clob_client_v2] request error: Server disconnected
2026-07-25 22:42:50,128 - ERROR - [py_clob_client_v2] request error: Server disconnected
2026-07-25 22:42:50,128 - ERROR - [PLACE FAIL] 3489824195446315... price=0.25 attempt=1/2 | PolyApiException[status_code=None, error_message=Request exception!]
2026-07-25 22:42:50,129 - ERROR - [py_clob_client_v2] request error: Server disconnected
2026-07-25 22:42:50,129 - ERROR - [PLACE FAIL] 6436067679250995... price=0.23 attempt=1/2 | PolyApiException[status_code=None, error_message=Request exception!]
2026-07-25 22:42:50,129 - ERROR - 获取订单簿失败: 53455993005817050780... | PolyApiException[status_code=None, error_message=Request exception!]
2026-07-25 22:42:50,130 - ERROR - [PLACE FAIL] 7925817472392334... price=0.33 attempt=1/2 | PolyApiException[status_code=None, error_message=Request exception!]
2026-07-25 22:42:50,824 - WARNING - [RETRY] 5345599300581705 bids不足2档，10s后重试
2026-07-25 22:42:50,824 - WARNING - [RETRY] 7350632693989209 bids不足2档，10s后重试
2026-07-25 22:43:01,170 - ERROR - [py_clob_client_v2] request error: Server disconnected
2026-07-25 22:43:01,171 - ERROR - [py_clob_client_v2] request error: Server disconnected
2026-07-25 22:43:01,171 - ERROR - 获取订单簿失败: 14990144904732335091... | PolyApiException[status_code=None, error_message=Request exception!]
2026-07-25 22:43:01,172 - ERROR - 获取订单簿失败: 73972969445229750961... | PolyApiException[status_code=None, error_message=Request exception!]
2026-07-25 22:43:01,172 - ERROR - [py_clob_client_v2] request error: Server disconnected
2026-07-25 22:43:01,173 - ERROR - [py_clob_client_v2] request error: Server disconnected
2026-07-25 22:43:01,173 - ERROR - 获取订单簿失败: 40775205738599321023... | PolyApiException[status_code=None, error_message=Request exception!]
2026-07-25 22:43:01,173 - ERROR - [PLACE FAIL] 7782696110567681... price=0.62 attempt=1/2 | PolyApiException[status_code=None, error_message=Request exception!]
2026-07-25 22:43:01,447 - WARNING - [RETRY] 1499014490473233 bids不足2档，10s后重试
2026-07-25 22:43:01,447 - WARNING - [RETRY] 7397296944522975 bids不足2档，10s后重试
2026-07-25 22:43:01,447 - WARNING - [RETRY] 4077520573859932 bids不足2档，10s后重试
2026-07-25 22:43:01,559 - ERROR - [py_clob_client_v2] request error: Server disconnected
2026-07-25 22:43:01,561 - ERROR - 获取订单簿失败: 52561627677192560298... | PolyApiException[status_code=None, error_message=Request exception!]
2026-07-25 22:43:01,561 - ERROR - [py_clob_client_v2] request error: Server disconnected
2026-07-25 22:43:01,561 - ERROR - [py_clob_client_v2] request error: Server disconnected
2026-07-25 22:43:01,563 - ERROR - [PLACE FAIL] 8302484799998036... price=0.33 attempt=1/2 | PolyApiException[status_code=None, error_message=Request exception!]
2026-07-25 22:43:01,563 - ERROR - 获取订单簿失败: 10849791903507099884... | PolyApiException[status_code=None, error_message=Request exception!]
2026-07-25 22:43:02,449 - WARNING - [RETRY] 5256162767719256 bids不足2档，10s后重试
2026-07-25 22:43:02,450 - WARNING - [RETRY] 1084979190350709 bids不足2档，10s后重试
2026-07-25 22:43:07,933 - ERROR - [py_clob_client_v2] request error: Server disconnected
2026-07-25 22:43:07,933 - ERROR - [py_clob_client_v2] request error: Server disconnected
2026-07-25 22:43:07,934 - ERROR - [py_clob_client_v2] request error: Server disconnected
2026-07-25 22:43:07,934 - ERROR - [PLACE FAIL] 7165755216496403... price=0.38 attempt=1/2 | PolyApiException[status_code=None, error_message=Request exception!]
2026-07-25 22:43:07,934 - ERROR - [PLACE FAIL] 1907002193927246... price=0.49 attempt=1/2 | PolyApiException[status_code=None, error_message=Request exception!]
2026-07-25 22:43:07,934 - ERROR - [PLACE FAIL] 5866450385307346... price=0.63 attempt=1/2 | PolyApiException[status_code=None, error_message=Request exception!]
2026-07-25 22:43:24,799 - ERROR - [py_clob_client_v2] request error: Server disconnected
2026-07-25 22:43:24,799 - ERROR - [py_clob_client_v2] request error: Server disconnected
2026-07-25 22:43:24,799 - ERROR - [py_clob_client_v2] request error: Server disconnected
2026-07-25 22:43:24,799 - ERROR - [PLACE FAIL] 3253632378125878... price=0.65 attempt=1/2 | PolyApiException[status_code=None, error_message=Request exception!]
2026-07-25 22:43:24,800 - ERROR - [PLACE FAIL] 1058272885184291... price=0.30 attempt=1/2 | PolyApiException[status_code=None, error_message=Request exception!]
2026-07-25 22:43:24,800 - ERROR - [PLACE FAIL] 1039213162332695... price=0.61 attempt=1/2 | PolyApiException[status_code=None, error_message=Request exception!]
2026-07-25 22:43:30,448 - ERROR - [py_clob_client_v2] request error: Server disconnected
2026-07-25 22:43:30,450 - ERROR - [py_clob_client_v2] request error: Server disconnected
2026-07-25 22:43:30,450 - ERROR - [PLACE FAIL] 9142474180320462... price=0.30 attempt=1/2 | PolyApiException[status_code=None, error_message=Request exception!]
2026-07-25 22:43:30,450 - ERROR - [PLACE FAIL] 6272518235291799... price=0.32 attempt=1/2 | PolyApiException[status_code=None, error_message=Request exception!]
2026-07-25 22:45:19,820 - ERROR - [py_clob_client_v2] request error: Server disconnected
2026-07-25 22:45:19,820 - ERROR - [py_clob_client_v2] request error: Server disconnected
2026-07-25 22:45:19,821 - ERROR - [PLACE FAIL] 5474328512051291... price=0.74 attempt=1/2 | PolyApiException[status_code=None, error_message=Request exception!]
2026-07-25 22:45:19,821 - ERROR - [PLACE FAIL] 6689194476837619... price=0.78 attempt=1/2 | PolyApiException[status_code=None, error_message=Request exception!]
2026-07-25 22:46:27,940 - ERROR - [py_clob_client_v2] request error: Server disconnected
2026-07-25 22:46:27,940 - ERROR - [py_clob_client_v2] request error: Server disconnected
2026-07-25 22:46:27,941 - ERROR - [PLACE FAIL] 6943652856552643... price=0.30 attempt=1/2 | PolyApiException[status_code=None, error_message=Request exception!]
2026-07-25 22:46:27,941 - ERROR - [PLACE FAIL] 5785027895614409... price=0.35 attempt=1/2 | PolyApiException[status_code=None, error_message=Request exception!]
2026-07-25 22:54:24,325 - ERROR - [py_clob_client_v2] request error: Server disconnected
2026-07-25 22:54:24,326 - ERROR - [py_clob_client_v2] request error: Server disconnected
2026-07-25 22:54:24,326 - ERROR - 获取订单簿失败: 11068551203073297739... | PolyApiException[status_code=None, error_message=Request exception!]
2026-07-25 22:54:24,327 - ERROR - [PLACE FAIL] 1449142211072608... price=0.67 attempt=1/2 | PolyApiException[status_code=None, error_message=Request exception!]
2026-07-25 22:54:25,322 - WARNING - [RETRY] 1106855120307329 bids不足2档，10s后重试
2026-07-25 22:55:20,771 - ERROR - [py_clob_client_v2] request error: Server disconnected
2026-07-25 22:55:20,772 - ERROR - [py_clob_client_v2] request error: Server disconnected
2026-07-25 22:55:20,772 - ERROR - 获取订单簿失败: 57859217907952227247... | PolyApiException[status_code=None, error_message=Request exception!]
2026-07-25 22:55:20,772 - ERROR - [PLACE FAIL] 4399342564087452... price=0.39 attempt=1/2 | PolyApiException[status_code=None, error_message=Request exception!]
2026-07-25 22:55:21,506 - WARNING - [RETRY] 5785921790795222 bids不足2档，10s后重试
2026-07-25 22:57:36,741 - ERROR - [py_clob_client_v2] request error: Server disconnected
2026-07-25 22:57:36,741 - ERROR - [py_clob_client_v2] request error: Server disconnected
2026-07-25 22:57:36,741 - ERROR - 获取订单簿失败: 57859217907952227247... | PolyApiException[status_code=None, error_message=Request exception!]
2026-07-25 22:57:36,742 - ERROR - [py_clob_client_v2] request error: Server disconnected
2026-07-25 22:57:36,742 - ERROR - 获取订单簿失败: 38802143814787151133... | PolyApiException[status_code=None, error_message=Request exception!]
2026-07-25 22:57:36,743 - ERROR - [PLACE FAIL] 4996389132820629... price=0.73 attempt=1/2 | PolyApiException[status_code=None, error_message=Request exception!]
2026-07-25 22:57:37,738 - WARNING - [RETRY] 5785921790795222 bids不足2档，10s后重试
2026-07-25 22:57:37,738 - WARNING - [RETRY] 3880214381478715 bids不足2档，10s后重试
2026-07-25 22:58:31,725 - ERROR - [py_clob_client_v2] request error: Server disconnected
2026-07-25 22:58:31,726 - ERROR - [py_clob_client_v2] request error: Server disconnected
2026-07-25 22:58:31,726 - ERROR - 获取订单簿失败: 10494569070030466906... | PolyApiException[status_code=None, error_message=Request exception!]
2026-07-25 22:58:31,727 - ERROR - 获取订单簿失败: 57557225764572935433... | PolyApiException[status_code=None, error_message=Request exception!]
2026-07-25 22:58:32,722 - WARNING - [RETRY] 1049456907003046 bids不足2档，10s后重试
2026-07-25 22:58:32,722 - WARNING - [RETRY] 5755722576457293 bids不足2档，10s后重试
2026-07-25 23:00:37,033 - INFO - [BUY CONFIRMED] 未知 | Yes | size=6.4889 price=0.44
2026-07-25 23:01:56,737 - INFO - [MARKET SELL] Will the highest temperature in Amsterda | 6.4889 shares @ market
2026-07-25 23:01:57,962 - INFO - [MARKET SELL FILLED] 41788883416840155359 id=0x4cdd87b5c6b91241f3
2026-07-25 23:01:58,264 - INFO - [POSITION] 市价卖出 1 个持仓
2026-07-25 23:02:05,820 - INFO - [SELL CONFIRMED] 未知 | No | size=0.0000 price=0.53
2026-07-25 23:08:43,587 - INFO - [SELL CONFIRMED] 未知 | No | size=5.0000 price=0.6
2026-07-25 23:09:38,517 - ERROR - [py_clob_client_v2] request error: Server disconnected
2026-07-25 23:09:38,517 - ERROR - [py_clob_client_v2] request error: Server disconnected
2026-07-25 23:09:38,517 - ERROR - [py_clob_client_v2] request error: Server disconnected
2026-07-25 23:09:38,517 - ERROR - [py_clob_client_v2] request error: Server disconnected
2026-07-25 23:09:38,517 - ERROR - [py_clob_client_v2] request error: Server disconnected
2026-07-25 23:09:38,518 - ERROR - 获取订单簿失败: 90582497135316698783... | PolyApiException[status_code=None, error_message=Request exception!]
2026-07-25 23:09:38,518 - ERROR - 获取订单簿失败: 71276920911263836930... | PolyApiException[status_code=None, error_message=Request exception!]
2026-07-25 23:09:38,518 - ERROR - 获取订单簿失败: 62725182352917994662... | PolyApiException[status_code=None, error_message=Request exception!]
2026-07-25 23:09:38,518 - ERROR - 获取订单簿失败: 48954711012259739352... | PolyApiException[status_code=None, error_message=Request exception!]
2026-07-25 23:09:38,518 - ERROR - 获取订单簿失败: 10998645095301696813... | PolyApiException[status_code=None, error_message=Request exception!]
2026-07-25 23:09:39,515 - WARNING - [RETRY] 9058249713531669 bids不足2档，10s后重试
2026-07-25 23:09:39,515 - WARNING - [RETRY] 7127692091126383 bids不足2档，10s后重试
2026-07-25 23:09:39,515 - WARNING - [RETRY] 6272518235291799 bids不足2档，10s后重试
2026-07-25 23:09:39,515 - WARNING - [RETRY] 4895471101225973 bids不足2档，10s后重试
2026-07-25 23:09:39,515 - WARNING - [RETRY] 1099864509530169 bids不足2档，10s后重试
2026-07-25 23:10:10,978 - INFO - [MARKET SELL] Will the highest temperature in Amsterda | 5.0000 shares @ market
2026-07-25 23:10:12,119 - INFO - [MARKET SELL FILLED] 73506326939892094780 id=0x24ce1f9a227a3157c9
2026-07-25 23:10:12,421 - INFO - [POSITION] 市价卖出 1 个持仓
2026-07-25 23:10:20,699 - INFO - [SELL CONFIRMED] 未知 | No | size=0.0000 price=0.59
2026-07-25 23:13:29,477 - ERROR - [py_clob_client_v2] request error: Server disconnected
2026-07-25 23:13:29,477 - ERROR - [py_clob_client_v2] request error: Server disconnected
2026-07-25 23:13:29,477 - ERROR - 获取订单簿失败: 22546056451954506413... | PolyApiException[status_code=None, error_message=Request exception!]
2026-07-25 23:13:29,477 - ERROR - [PLACE FAIL] 5830923912642057... price=0.63 attempt=1/2 | PolyApiException[status_code=None, error_message=Request exception!]
2026-07-25 23:13:30,468 - WARNING - [RETRY] 2254605645195450 bids不足2档，10s后重试
2026-07-25 23:20:25,389 - ERROR - [py_clob_client_v2] request error: The read operation timed out
2026-07-25 23:20:25,389 - ERROR - [py_clob_client_v2] request error: The read operation timed out
2026-07-25 23:20:25,390 - ERROR - 获取订单簿失败: 40775205738599321023... | PolyApiException[status_code=None, error_message=Request exception!]
2026-07-25 23:20:26,384 - WARNING - [RETRY] 4077520573859932 bids不足2档，10s后重试
2026-07-25 23:20:32,530 - ERROR - [py_clob_client_v2] request error: The read operation timed out
2026-07-25 23:20:32,532 - ERROR - 查询订单失败: PolyApiException[status_code=None, error_message=Request exception!]
2026-07-25 23:20:35,492 - ERROR - [HEARTBEAT] 失败 (连续 1 次): HTTPSConnectionPool(host='clob.polymarket.com', port=443): Read timed out. (read timeout=10)
2026-07-25 23:20:37,543 - ERROR - [POLL] 批量查询异常: HTTPSConnectionPool(host='clob.polymarket.com', port=443): Max retries exceeded with url: /books (Caused by SSLError(SSLEOFError(8, '[SSL: UNEXPECTED_EOF_WHILE_READING] EOF occurred in violation of protocol (_ssl.c:1000)')))
2026-07-25 23:20:41,498 - ERROR - [py_clob_client_v2] request error: [SSL: UNEXPECTED_EOF_WHILE_READING] EOF occurred in violation of protocol (_ssl.c:1000)
2026-07-25 23:20:42,860 - ERROR - [USER WS ERR] Connection to remote host was lost.
2026-07-25 23:20:42,861 - ERROR - Connection to remote host was lost. - goodbye
2026-07-25 23:20:42,862 - WARNING - [USER WS] close code=None reason=None
2026-07-25 23:20:42,863 - WARNING - [USER WS] 断开，5s 后重连...
2026-07-25 23:20:43,387 - ERROR - [py_clob_client_v2] request error: [SSL: UNEXPECTED_EOF_WHILE_READING] EOF occurred in violation of protocol (_ssl.c:1000)
2026-07-25 23:20:43,388 - ERROR - 查询订单失败: PolyApiException[status_code=None, error_message=Request exception!]
2026-07-25 23:20:43,389 - WARNING - [AUDIT] 5896499963024458 订单丢失纠偏
2026-07-25 23:20:43,390 - WARNING - [AUDIT] 8418389654420406 订单丢失纠偏
2026-07-25 23:20:43,390 - WARNING - [AUDIT] 1133121430728494 订单丢失纠偏
2026-07-25 23:20:43,390 - WARNING - [AUDIT] 6308828062665821 订单丢失纠偏
2026-07-25 23:20:43,391 - WARNING - [AUDIT] 1049456907003046 订单丢失纠偏
2026-07-25 23:20:43,391 - WARNING - [AUDIT] 7082214828124471 订单丢失纠偏
2026-07-25 23:20:43,392 - WARNING - [AUDIT] 1519812376367222 订单丢失纠偏
2026-07-25 23:20:43,392 - WARNING - [AUDIT] 9058249713531669 订单丢失纠偏
2026-07-25 23:20:43,392 - WARNING - [AUDIT] 1821468958374676 订单丢失纠偏
2026-07-25 23:20:43,392 - WARNING - [AUDIT] 1119837095753961 订单丢失纠偏
2026-07-25 23:20:43,393 - WARNING - [AUDIT] 6436067679250995 订单丢失纠偏
2026-07-25 23:20:43,393 - WARNING - [AUDIT] 9578021709881541 订单丢失纠偏
2026-07-25 23:20:43,393 - WARNING - [AUDIT] 8302484799998036 订单丢失纠偏
2026-07-25 23:20:43,393 - WARNING - [AUDIT] 8619052752728162 订单丢失纠偏
2026-07-25 23:20:43,393 - WARNING - [AUDIT] 1132729229586351 订单丢失纠偏
2026-07-25 23:20:43,393 - WARNING - [AUDIT] 2208155127732861 订单丢失纠偏
2026-07-25 23:20:43,394 - WARNING - [AUDIT] 9180078360769772 订单丢失纠偏
2026-07-25 23:20:43,394 - WARNING - [AUDIT] 7925817472392334 订单丢失纠偏
2026-07-25 23:20:43,394 - WARNING - [AUDIT] 8586181509366869 订单丢失纠偏
2026-07-25 23:20:43,394 - WARNING - [AUDIT] 3253632378125878 订单丢失纠偏
2026-07-25 23:20:43,394 - WARNING - [AUDIT] 8530664565482826 订单丢失纠偏
2026-07-25 23:20:43,395 - WARNING - [AUDIT] 4129408680521332 订单丢失纠偏
2026-07-25 23:20:43,395 - WARNING - [AUDIT] 4995299999097439 订单丢失纠偏
2026-07-25 23:20:43,395 - WARNING - [AUDIT] 5628511346857065 订单丢失纠偏
2026-07-25 23:20:43,395 - WARNING - [AUDIT] 3928109796710302 订单丢失纠偏
2026-07-25 23:20:43,395 - WARNING - [AUDIT] 4395000465523214 订单丢失纠偏
2026-07-25 23:20:43,395 - WARNING - [AUDIT] 5733067864203292 订单丢失纠偏
2026-07-25 23:20:43,395 - WARNING - [AUDIT] 1140116103922284 订单丢失纠偏
2026-07-25 23:20:43,395 - WARNING - [AUDIT] 1917581357223089 订单丢失纠偏
2026-07-25 23:20:43,395 - WARNING - [AUDIT] 9720191017932273 订单丢失纠偏
2026-07-25 23:20:43,396 - WARNING - [AUDIT] 5004393279665237 订单丢失纠偏
2026-07-25 23:20:43,396 - WARNING - [AUDIT] 3824333764256695 订单丢失纠偏
2026-07-25 23:20:43,396 - WARNING - [AUDIT] 6298913575646607 订单丢失纠偏
2026-07-25 23:20:43,396 - WARNING - [AUDIT] 7144629818739335 订单丢失纠偏
2026-07-25 23:20:43,396 - WARNING - [AUDIT] 3118971474587360 订单丢失纠偏
2026-07-25 23:20:43,396 - WARNING - [AUDIT] 3200257782952684 订单丢失纠偏
2026-07-25 23:20:43,396 - WARNING - [AUDIT] 6857490566110892 订单丢失纠偏
2026-07-25 23:20:43,396 - WARNING - [AUDIT] 3819567267277004 订单丢失纠偏
2026-07-25 23:20:43,396 - WARNING - [AUDIT] 6605524220988181 订单丢失纠偏
2026-07-25 23:20:43,396 - WARNING - [AUDIT] 1084979190350709 订单丢失纠偏
2026-07-25 23:20:43,396 - WARNING - [AUDIT] 6397512999190166 订单丢失纠偏
2026-07-25 23:20:43,396 - WARNING - [AUDIT] 9968799681150047 订单丢失纠偏
2026-07-25 23:20:43,396 - WARNING - [AUDIT] 7397296944522975 订单丢失纠偏
2026-07-25 23:20:43,396 - WARNING - [AUDIT] 8173045341591020 订单丢失纠偏
2026-07-25 23:20:43,396 - WARNING - [AUDIT] 2079356340111763 订单丢失纠偏
2026-07-25 23:20:43,396 - WARNING - [AUDIT] 5709548470503200 订单丢失纠偏
2026-07-25 23:20:43,396 - WARNING - [AUDIT] 2598495301689239 订单丢失纠偏
2026-07-25 23:20:43,396 - WARNING - [AUDIT] 5717826880009008 订单丢失纠偏
2026-07-25 23:20:43,396 - WARNING - [AUDIT] 1128610682086962 订单丢失纠偏
2026-07-25 23:20:43,396 - WARNING - [AUDIT] 1106821708248122 订单丢失纠偏
2026-07-25 23:20:43,397 - WARNING - [AUDIT] 3724553052717205 订单丢失纠偏
2026-07-25 23:20:43,397 - WARNING - [AUDIT] 6891302762936227 订单丢失纠偏
2026-07-25 23:20:43,397 - WARNING - [AUDIT] 8877060676116056 订单丢失纠偏
2026-07-25 23:20:43,397 - WARNING - [AUDIT] 9066513400705791 订单丢失纠偏
2026-07-25 23:20:43,397 - WARNING - [AUDIT] 5957917823482246 订单丢失纠偏
2026-07-25 23:20:43,397 - WARNING - [AUDIT] 8328805334901723 订单丢失纠偏
2026-07-25 23:20:43,397 - WARNING - [AUDIT] 8492696844341031 订单丢失纠偏
2026-07-25 23:20:43,397 - WARNING - [AUDIT] 5866450385307346 订单丢失纠偏
2026-07-25 23:20:43,398 - WARNING - [AUDIT] 6233174879687829 订单丢失纠偏
2026-07-25 23:20:43,398 - WARNING - [AUDIT] 4497653037851776 订单丢失纠偏
2026-07-25 23:20:43,398 - WARNING - [AUDIT] 1721634031738384 订单丢失纠偏
2026-07-25 23:20:43,398 - WARNING - [AUDIT] 9356245449424102 订单丢失纠偏
2026-07-25 23:20:43,398 - WARNING - [AUDIT] 5908527933595275 订单丢失纠偏
2026-07-25 23:20:43,399 - WARNING - [AUDIT] 1004745150683798 订单丢失纠偏
2026-07-25 23:20:43,399 - WARNING - [AUDIT] 9142474180320462 订单丢失纠偏
2026-07-25 23:20:43,399 - WARNING - [AUDIT] 1483748930642911 订单丢失纠偏
2026-07-25 23:20:43,399 - WARNING - [AUDIT] 6544330739190141 订单丢失纠偏
2026-07-25 23:20:43,399 - WARNING - [AUDIT] 7461642495735779 订单丢失纠偏
2026-07-25 23:20:43,399 - WARNING - [AUDIT] 3468012421214440 订单丢失纠偏
2026-07-25 23:20:43,399 - WARNING - [AUDIT] 9827594619043403 订单丢失纠偏
2026-07-25 23:20:43,399 - WARNING - [AUDIT] 1687031545243546 订单丢失纠偏
2026-07-25 23:20:43,400 - WARNING - [AUDIT] 5107027911457890 订单丢失纠偏
2026-07-25 23:20:43,400 - WARNING - [AUDIT] 6483454204626439 订单丢失纠偏
2026-07-25 23:20:43,400 - WARNING - [AUDIT] 8863667208686160 订单丢失纠偏
2026-07-25 23:20:43,400 - WARNING - [AUDIT] 7562176890939311 订单丢失纠偏
2026-07-25 23:20:43,400 - WARNING - [AUDIT] 4425682531915888 订单丢失纠偏
2026-07-25 23:20:43,400 - WARNING - [AUDIT] 8610860968568011 订单丢失纠偏
2026-07-25 23:20:43,400 - WARNING - [AUDIT] 3287212552956663 订单丢失纠偏
2026-07-25 23:20:43,400 - WARNING - [AUDIT] 1902866552965814 订单丢失纠偏
2026-07-25 23:20:43,400 - WARNING - [AUDIT] 1113935572848191 订单丢失纠偏
2026-07-25 23:20:43,400 - WARNING - [AUDIT] 9531838600516783 订单丢失纠偏
2026-07-25 23:20:43,400 - WARNING - [AUDIT] 9837755118557191 订单丢失纠偏
2026-07-25 23:20:43,400 - WARNING - [AUDIT] 5733281042428566 订单丢失纠偏
2026-07-25 23:20:43,400 - WARNING - [AUDIT] 2695273901029107 订单丢失纠偏
2026-07-25 23:20:43,400 - WARNING - [AUDIT] 1205253927376409 订单丢失纠偏
2026-07-25 23:20:43,401 - WARNING - [AUDIT] 1004770125024061 订单丢失纠偏
2026-07-25 23:20:43,401 - WARNING - [AUDIT] 9079494270449832 订单丢失纠偏
2026-07-25 23:20:43,401 - WARNING - [AUDIT] 2995812971963878 订单丢失纠偏
2026-07-25 23:20:43,401 - WARNING - [AUDIT] 9441556682430609 订单丢失纠偏
2026-07-25 23:20:43,401 - WARNING - [AUDIT] 2029380564366485 订单丢失纠偏
2026-07-25 23:20:43,401 - WARNING - [AUDIT] 1097810232883151 订单丢失纠偏
2026-07-25 23:20:43,401 - WARNING - [AUDIT] 1019456511631288 订单丢失纠偏
2026-07-25 23:20:43,401 - WARNING - [AUDIT] 1115156244865748 订单丢失纠偏
2026-07-25 23:20:43,401 - WARNING - [AUDIT] 9770328264870137 订单丢失纠偏
2026-07-25 23:20:43,401 - WARNING - [AUDIT] 1188248644480192 订单丢失纠偏
2026-07-25 23:20:43,401 - WARNING - [AUDIT] 7005874744115631 订单丢失纠偏
2026-07-25 23:20:43,401 - WARNING - [AUDIT] 8715548327246153 订单丢失纠偏
2026-07-25 23:20:43,401 - WARNING - [AUDIT] 4758197707972875 订单丢失纠偏
2026-07-25 23:20:43,401 - WARNING - [AUDIT] 4182512170609485 订单丢失纠偏
2026-07-25 23:20:43,401 - WARNING - [AUDIT] 4249356416804093 订单丢失纠偏
2026-07-25 23:20:43,402 - WARNING - [AUDIT] 5146491718425298 订单丢失纠偏
2026-07-25 23:20:43,402 - WARNING - [AUDIT] 3494423647510251 订单丢失纠偏
2026-07-25 23:20:43,402 - WARNING - [AUDIT] 9098249032441021 订单丢失纠偏
2026-07-25 23:20:43,402 - WARNING - [AUDIT] 1079525784649832 订单丢失纠偏
2026-07-25 23:20:43,402 - WARNING - [AUDIT] 5758639915850164 订单丢失纠偏
2026-07-25 23:20:43,402 - WARNING - [AUDIT] 5345599300581705 订单丢失纠偏
2026-07-25 23:20:43,402 - WARNING - [AUDIT] 9331974597249395 订单丢失纠偏
2026-07-25 23:20:43,402 - WARNING - [AUDIT] 4848192208519159 订单丢失纠偏
2026-07-25 23:20:43,403 - WARNING - [AUDIT] 1044742684502499 订单丢失纠偏
2026-07-25 23:20:43,403 - WARNING - [AUDIT] 4895471101225973 订单丢失纠偏
2026-07-25 23:20:43,403 - WARNING - [AUDIT] 5875996528866748 订单丢失纠偏
2026-07-25 23:20:43,403 - WARNING - [AUDIT] 8619831558910695 订单丢失纠偏
2026-07-25 23:20:43,403 - WARNING - [AUDIT] 6779698626799914 订单丢失纠偏
2026-07-25 23:20:43,404 - WARNING - [AUDIT] 6041708460280095 订单丢失纠偏
2026-07-25 23:20:43,404 - WARNING - [AUDIT] 7991897754437606 订单丢失纠偏
2026-07-25 23:20:43,404 - WARNING - [AUDIT] 5474328512051291 订单丢失纠偏
2026-07-25 23:20:43,404 - WARNING - [AUDIT] 5830923912642057 订单丢失纠偏
2026-07-25 23:20:43,404 - WARNING - [AUDIT] 6943652856552643 订单丢失纠偏
2026-07-25 23:20:43,404 - WARNING - [AUDIT] 8719020715616755 订单丢失纠偏
2026-07-25 23:20:43,404 - WARNING - [AUDIT] 6689194476837619 订单丢失纠偏
2026-07-25 23:20:43,404 - WARNING - [AUDIT] 8901810389034394 订单丢失纠偏
2026-07-25 23:20:43,404 - WARNING - [AUDIT] 2127432728972959 订单丢失纠偏
2026-07-25 23:20:43,404 - WARNING - [AUDIT] 5388315108530926 订单丢失纠偏
2026-07-25 23:20:43,405 - WARNING - [AUDIT] 6874550136356778 订单丢失纠偏
2026-07-25 23:20:43,405 - WARNING - [AUDIT] 8547212287846837 订单丢失纠偏
2026-07-25 23:20:43,405 - WARNING - [AUDIT] 2666987346792001 订单丢失纠偏
2026-07-25 23:20:43,405 - WARNING - [AUDIT] 8400377926127907 订单丢失纠偏
2026-07-25 23:20:43,405 - WARNING - [AUDIT] 8888561682635285 订单丢失纠偏
2026-07-25 23:20:43,405 - WARNING - [AUDIT] 4838734030349730 订单丢失纠偏
2026-07-25 23:20:43,405 - WARNING - [AUDIT] 6573586217798659 订单丢失纠偏
2026-07-25 23:20:43,405 - WARNING - [AUDIT] 4417838101000094 订单丢失纠偏
2026-07-25 23:20:43,405 - WARNING - [AUDIT] 7771765134351852 订单丢失纠偏
2026-07-25 23:20:43,405 - WARNING - [AUDIT] 6470697278022110 订单丢失纠偏
2026-07-25 23:20:43,405 - WARNING - [AUDIT] 3489824195446315 订单丢失纠偏
2026-07-25 23:20:43,406 - WARNING - [AUDIT] 2390687987214933 订单丢失纠偏
2026-07-25 23:20:43,406 - WARNING - [AUDIT] 4377215191961699 订单丢失纠偏
2026-07-25 23:20:43,406 - WARNING - [AUDIT] 1066316183990326 订单丢失纠偏
2026-07-25 23:20:43,406 - WARNING - [AUDIT] 3880214381478715 订单丢失纠偏
2026-07-25 23:20:43,406 - WARNING - [AUDIT] 4407277563024776 订单丢失纠偏
2026-07-25 23:20:43,407 - WARNING - [AUDIT] 1155653862197823 订单丢失纠偏
2026-07-25 23:20:43,407 - WARNING - [AUDIT] 1039213162332695 订单丢失纠偏
2026-07-25 23:20:43,407 - WARNING - [AUDIT] 1056932128893739 订单丢失纠偏
2026-07-25 23:20:43,407 - WARNING - [AUDIT] 2439328078499072 订单丢失纠偏
2026-07-25 23:20:43,407 - WARNING - [AUDIT] 7502117612299445 订单丢失纠偏
2026-07-25 23:20:43,407 - WARNING - [AUDIT] 5334420285762421 订单丢失纠偏
2026-07-25 23:20:43,407 - WARNING - [AUDIT] 1058272885184291 订单丢失纠偏
2026-07-25 23:20:43,407 - WARNING - [AUDIT] 5332948386801081 订单丢失纠偏
2026-07-25 23:20:43,407 - WARNING - [AUDIT] 5087450641573283 订单丢失纠偏
2026-07-25 23:20:43,408 - WARNING - [AUDIT] 6442945039247464 订单丢失纠偏
2026-07-25 23:20:43,408 - WARNING - [AUDIT] 6997436341435893 订单丢失纠偏
2026-07-25 23:20:43,408 - WARNING - [AUDIT] 5755722576457293 订单丢失纠偏
2026-07-25 23:20:43,408 - WARNING - [AUDIT] 8524084866436584 订单丢失纠偏
2026-07-25 23:20:43,408 - WARNING - [AUDIT] 4284268933844100 订单丢失纠偏
2026-07-25 23:20:43,408 - WARNING - [AUDIT] 4328682906409765 订单丢失纠偏
2026-07-25 23:20:43,408 - WARNING - [AUDIT] 6298383352306390 订单丢失纠偏
2026-07-25 23:20:43,408 - WARNING - [AUDIT] 4860610278381234 订单丢失纠偏
2026-07-25 23:20:43,409 - WARNING - [AUDIT] 1499014490473233 订单丢失纠偏
2026-07-25 23:20:43,409 - WARNING - [AUDIT] 4971687397188110 订单丢失纠偏
2026-07-25 23:20:43,409 - WARNING - [AUDIT] 1449142211072608 订单丢失纠偏
2026-07-25 23:20:43,409 - WARNING - [AUDIT] 1083400045190283 订单丢失纠偏
2026-07-25 23:20:43,409 - WARNING - [AUDIT] 8966153070370760 订单丢失纠偏
2026-07-25 23:20:43,409 - WARNING - [AUDIT] 6370564337515667 订单丢失纠偏
2026-07-25 23:20:43,409 - WARNING - [AUDIT] 9432527639737248 订单丢失纠偏
2026-07-25 23:20:43,409 - WARNING - [AUDIT] 1106855120307329 订单丢失纠偏
2026-07-25 23:20:43,409 - WARNING - [AUDIT] 7732765153400893 订单丢失纠偏
2026-07-25 23:20:43,409 - WARNING - [AUDIT] 4128400254445842 订单丢失纠偏
2026-07-25 23:20:43,409 - WARNING - [AUDIT] 1559454102025990 订单丢失纠偏
2026-07-25 23:20:43,409 - WARNING - [AUDIT] 9856548766049528 订单丢失纠偏
2026-07-25 23:20:43,409 - WARNING - [AUDIT] 3629966886959701 订单丢失纠偏
2026-07-25 23:20:43,409 - WARNING - [AUDIT] 5670123115378669 订单丢失纠偏
2026-07-25 23:20:43,409 - WARNING - [AUDIT] 8004332154956267 订单丢失纠偏
2026-07-25 23:20:43,409 - WARNING - [AUDIT] 3603007358181083 订单丢失纠偏
2026-07-25 23:20:43,409 - WARNING - [AUDIT] 7678984103932412 订单丢失纠偏
2026-07-25 23:20:43,409 - WARNING - [AUDIT] 3789780788929495 订单丢失纠偏
2026-07-25 23:20:43,409 - WARNING - [AUDIT] 7940351914361487 订单丢失纠偏
2026-07-25 23:20:43,410 - WARNING - [AUDIT] 1023968098943455 订单丢失纠偏
2026-07-25 23:20:43,410 - WARNING - [AUDIT] 4999475927157657 订单丢失纠偏
2026-07-25 23:20:43,410 - WARNING - [AUDIT] 1034920250143109 订单丢失纠偏
2026-07-25 23:20:43,410 - WARNING - [AUDIT] 3575514000129505 订单丢失纠偏
2026-07-25 23:20:43,410 - WARNING - [AUDIT] 2384535189870790 订单丢失纠偏
2026-07-25 23:20:43,410 - WARNING - [AUDIT] 3316022003172428 订单丢失纠偏
2026-07-25 23:20:43,410 - WARNING - [AUDIT] 2949610620480626 订单丢失纠偏
2026-07-25 23:20:43,411 - WARNING - [AUDIT] 1443910807302832 订单丢失纠偏
2026-07-25 23:20:43,411 - WARNING - [AUDIT] 4178888341684015 订单丢失纠偏
2026-07-25 23:20:43,411 - WARNING - [AUDIT] 1098382073035848 订单丢失纠偏
2026-07-25 23:20:43,411 - WARNING - [AUDIT] 8005902705451174 订单丢失纠偏
2026-07-25 23:20:43,411 - WARNING - [AUDIT] 7398456065489776 订单丢失纠偏
2026-07-25 23:20:43,411 - WARNING - [AUDIT] 1278161378705403 订单丢失纠偏
2026-07-25 23:20:43,411 - WARNING - [AUDIT] 5672525364659942 订单丢失纠偏
2026-07-25 23:20:43,411 - WARNING - [AUDIT] 9800956662756219 订单丢失纠偏
2026-07-25 23:20:43,411 - WARNING - [AUDIT] 1321771576257595 订单丢失纠偏
2026-07-25 23:20:43,411 - WARNING - [AUDIT] 8564051131019144 订单丢失纠偏
2026-07-25 23:20:43,411 - WARNING - [AUDIT] 8334851116914900 订单丢失纠偏
2026-07-25 23:20:43,411 - WARNING - [AUDIT] 3058486331188800 订单丢失纠偏
2026-07-25 23:20:43,411 - WARNING - [AUDIT] 2992437546439813 订单丢失纠偏
2026-07-25 23:20:43,411 - WARNING - [AUDIT] 8904532322090447 订单丢失纠偏
2026-07-25 23:20:43,412 - WARNING - [AUDIT] 1656137732921489 订单丢失纠偏
2026-07-25 23:20:43,412 - WARNING - [AUDIT] 1155613935322376 订单丢失纠偏
2026-07-25 23:20:43,412 - WARNING - [AUDIT] 1037410930957769 订单丢失纠偏
2026-07-25 23:20:43,412 - WARNING - [AUDIT] 6302293983365457 订单丢失纠偏
2026-07-25 23:20:43,412 - WARNING - [AUDIT] 7165755216496403 订单丢失纠偏
2026-07-25 23:20:43,412 - WARNING - [AUDIT] 4938785652399717 订单丢失纠偏
2026-07-25 23:20:43,412 - WARNING - [AUDIT] 5478163231229741 订单丢失纠偏
2026-07-25 23:20:43,412 - WARNING - [AUDIT] 2630980086723223 订单丢失纠偏
2026-07-25 23:20:43,412 - WARNING - [AUDIT] 7859769022347643 订单丢失纠偏
2026-07-25 23:20:43,412 - WARNING - [AUDIT] 8820197432818969 订单丢失纠偏
2026-07-25 23:20:43,412 - WARNING - [AUDIT] 7904779464725106 订单丢失纠偏
2026-07-25 23:20:43,412 - WARNING - [AUDIT] 7470709482938827 订单丢失纠偏
2026-07-25 23:20:43,412 - WARNING - [AUDIT] 1506475623836431 订单丢失纠偏
2026-07-25 23:20:43,412 - WARNING - [AUDIT] 8693431785219453 订单丢失纠偏
2026-07-25 23:20:43,412 - WARNING - [AUDIT] 2696001886368504 订单丢失纠偏
2026-07-25 23:20:43,412 - WARNING - [AUDIT] 9519379843891666 订单丢失纠偏
2026-07-25 23:20:43,412 - WARNING - [AUDIT] 1134057312853136 订单丢失纠偏
2026-07-25 23:20:43,412 - WARNING - [AUDIT] 1038688357813816 订单丢失纠偏
2026-07-25 23:20:43,412 - WARNING - [AUDIT] 6630694680591675 订单丢失纠偏
2026-07-25 23:20:43,412 - WARNING - [AUDIT] 6272518235291799 订单丢失纠偏
2026-07-25 23:20:43,412 - WARNING - [AUDIT] 1142362348205364 订单丢失纠偏
2026-07-25 23:20:43,412 - WARNING - [AUDIT] 4700602299327930 订单丢失纠偏
2026-07-25 23:20:43,412 - WARNING - [AUDIT] 6586057276178522 订单丢失纠偏
2026-07-25 23:20:43,412 - WARNING - [AUDIT] 6418440471939388 订单丢失纠偏
2026-07-25 23:20:43,412 - WARNING - [AUDIT] 5027353382864542 订单丢失纠偏
2026-07-25 23:20:43,413 - WARNING - [AUDIT] 3262980752594011 订单丢失纠偏
2026-07-25 23:20:43,413 - WARNING - [AUDIT] 4040836118824918 订单丢失纠偏
2026-07-25 23:20:43,413 - WARNING - [AUDIT] 3801414354749841 订单丢失纠偏
2026-07-25 23:20:43,413 - WARNING - [AUDIT] 1011913172285382 订单丢失纠偏
2026-07-25 23:20:43,413 - WARNING - [AUDIT] 5400023606927064 订单丢失纠偏
2026-07-25 23:20:43,413 - WARNING - [AUDIT] 7127692091126383 订单丢失纠偏
2026-07-25 23:20:43,413 - WARNING - [AUDIT] 9628897735193601 订单丢失纠偏
2026-07-25 23:20:43,413 - WARNING - [AUDIT] 3289719908822273 订单丢失纠偏
2026-07-25 23:20:43,413 - WARNING - [AUDIT] 1762097759817707 订单丢失纠偏
2026-07-25 23:20:43,414 - WARNING - [AUDIT] 2655615363650516 订单丢失纠偏
2026-07-25 23:20:44,797 - ERROR - 查询持仓失败: HTTPSConnectionPool(host='data-api.polymarket.com', port=443): Max retries exceeded with url: /positions?user=0x304bf40e9e50c265f6dd86417707d5b41d8ea619&sizeThreshold=1.0 (Caused by SSLError(SSLEOFError(8, '[SSL: UNEXPECTED_EOF_WHILE_READING] EOF occurred in violation of protocol (_ssl.c:1000)')))
2026-07-25 23:20:46,505 - ERROR - [HEARTBEAT] 失败 (连续 2 次): HTTPSConnectionPool(host='clob.polymarket.com', port=443): Max retries exceeded with url: /v1/heartbeats (Caused by SSLError(SSLEOFError(8, '[SSL: UNEXPECTED_EOF_WHILE_READING] EOF occurred in violation of protocol (_ssl.c:1000)')))
2026-07-25 23:20:46,754 - ERROR - [py_clob_client_v2] request error: [SSL: UNEXPECTED_EOF_WHILE_READING] EOF occurred in violation of protocol (_ssl.c:1000)
2026-07-25 23:20:46,755 - ERROR - 获取订单簿失败: 94378227605235812324... | PolyApiException[status_code=None, error_message=Request exception!]
2026-07-25 23:20:46,799 - WARNING - [RETRY] 9437822760523581 bids不足2档，10s后重试
2026-07-25 23:21:21,357 - ERROR - [POLL] 批量查询异常: HTTPSConnectionPool(host='clob.polymarket.com', port=443): Max retries exceeded with url: /books (Caused by SSLError(SSLEOFError(8, '[SSL: UNEXPECTED_EOF_WHILE_READING] EOF occurred in violation of protocol (_ssl.c:1000)')))
2026-07-25 23:22:19,233 - ERROR - [py_clob_client_v2] request error: [SSL: UNEXPECTED_EOF_WHILE_READING] EOF occurred in violation of protocol (_ssl.c:1000)
2026-07-25 23:22:19,234 - ERROR - 查询订单失败: PolyApiException[status_code=None, error_message=Request exception!]
2026-07-25 23:22:24,238 - ERROR - [py_clob_client_v2] request error: [SSL: UNEXPECTED_EOF_WHILE_READING] EOF occurred in violation of protocol (_ssl.c:1000)
2026-07-25 23:22:24,241 - ERROR - [py_clob_client_v2] request error: [SSL: UNEXPECTED_EOF_WHILE_READING] EOF occurred in violation of protocol (_ssl.c:1000)
2026-07-25 23:22:24,241 - ERROR - [POLL] 批量查询异常: HTTPSConnectionPool(host='clob.polymarket.com', port=443): Max retries exceeded with url: /books (Caused by SSLError(SSLEOFError(8, '[SSL: UNEXPECTED_EOF_WHILE_READING] EOF occurred in violation of protocol (_ssl.c:1000)')))
2026-07-25 23:22:24,241 - ERROR - [CANCEL FAIL] 0x064f592b39bf79cdb6... | PolyApiException[status_code=None, error_message=Request exception!]
2026-07-25 23:22:29,246 - ERROR - [py_clob_client_v2] request error: _ssl.c:983: The handshake operation timed out
2026-07-25 23:22:29,246 - ERROR - 获取订单簿失败: 46053405288126572072... | PolyApiException[status_code=None, error_message=Request exception!]
2026-07-25 23:22:29,247 - ERROR - [HEARTBEAT] 失败 (连续 1 次): HTTPSConnectionPool(host='clob.polymarket.com', port=443): Max retries exceeded with url: /v1/heartbeats (Caused by SSLError(SSLEOFError(8, '[SSL: UNEXPECTED_EOF_WHILE_READING] EOF occurred in violation of protocol (_ssl.c:1000)')))
2026-07-25 23:22:29,247 - ERROR - [py_clob_client_v2] request error: [SSL: UNEXPECTED_EOF_WHILE_READING] EOF occurred in violation of protocol (_ssl.c:1000)
2026-07-25 23:22:29,248 - ERROR - [CANCEL FAIL] 0xa5d82b093af9bd1798... | PolyApiException[status_code=None, error_message=Request exception!]
2026-07-25 23:22:30,245 - WARNING - [RETRY] 4605340528812657 bids不足2档，10s后重试
2026-07-25 23:22:34,252 - ERROR - [py_clob_client_v2] request error: [SSL: UNEXPECTED_EOF_WHILE_READING] EOF occurred in violation of protocol (_ssl.c:1000)
2026-07-25 23:22:34,253 - ERROR - [py_clob_client_v2] request error: [SSL: UNEXPECTED_EOF_WHILE_READING] EOF occurred in violation of protocol (_ssl.c:1000)
2026-07-25 23:22:34,253 - ERROR - [CANCEL FAIL] 0x24ddab80990404d650... | PolyApiException[status_code=None, error_message=Request exception!]
2026-07-25 23:22:34,253 - ERROR - 获取订单簿失败: 11749076130699034246... | PolyApiException[status_code=None, error_message=Request exception!]
2026-07-25 23:22:35,253 - ERROR - [py_clob_client_v2] request error: [SSL: UNEXPECTED_EOF_WHILE_READING] EOF occurred in violation of protocol (_ssl.c:1000)
2026-07-25 23:22:39,252 - ERROR - [POLL] 批量查询异常: HTTPSConnectionPool(host='clob.polymarket.com', port=443): Max retries exceeded with url: /books (Caused by SSLError(SSLEOFError(8, '[SSL: UNEXPECTED_EOF_WHILE_READING] EOF occurred in violation of protocol (_ssl.c:1000)')))
2026-07-25 23:22:39,256 - ERROR - [py_clob_client_v2] request error: [SSL: UNEXPECTED_EOF_WHILE_READING] EOF occurred in violation of protocol (_ssl.c:1000)
2026-07-25 23:22:39,256 - ERROR - [CANCEL FAIL] 0x85340fc21744c02cf9... | PolyApiException[status_code=None, error_message=Request exception!]
2026-07-25 23:22:39,256 - ERROR - [py_clob_client_v2] request error: [SSL: UNEXPECTED_EOF_WHILE_READING] EOF occurred in violation of protocol (_ssl.c:1000)
2026-07-25 23:22:39,256 - ERROR - 获取订单簿失败: 77826961105676816538... | PolyApiException[status_code=None, error_message=Request exception!]
2026-07-25 23:22:40,258 - ERROR - [py_clob_client_v2] request error: _ssl.c:983: The handshake operation timed out
2026-07-25 23:22:40,258 - ERROR - [HEARTBEAT] 失败 (连续 2 次): HTTPSConnectionPool(host='clob.polymarket.com', port=443): Max retries exceeded with url: /v1/heartbeats (Caused by SSLError(SSLEOFError(8, '[SSL: UNEXPECTED_EOF_WHILE_READING] EOF occurred in violation of protocol (_ssl.c:1000)')))
2026-07-25 23:22:40,259 - ERROR - 获取订单簿失败: 10283359088126608231... | PolyApiException[status_code=None, error_message=Request exception!]
2026-07-25 23:22:44,256 - ERROR - [py_clob_client_v2] request error: [SSL: UNEXPECTED_EOF_WHILE_READING] EOF occurred in violation of protocol (_ssl.c:1000)
2026-07-25 23:22:44,257 - ERROR - 查询订单失败: PolyApiException[status_code=None, error_message=Request exception!]
2026-07-25 23:22:44,257 - WARNING - [AUDIT] 2062547209558914 订单丢失纠偏
2026-07-25 23:22:44,257 - WARNING - [AUDIT] 9881312425800713 订单丢失纠偏
2026-07-25 23:22:44,257 - WARNING - [AUDIT] 2924253112241084 订单丢失纠偏
2026-07-25 23:22:44,257 - WARNING - [AUDIT] 1099864509530169 订单丢失纠偏
2026-07-25 23:22:44,257 - WARNING - [AUDIT] 3116151731689187 订单丢失纠偏
2026-07-25 23:22:44,257 - WARNING - [AUDIT] 6897984076805261 订单丢失纠偏
2026-07-25 23:22:44,258 - WARNING - [AUDIT] 4077520573859932 订单丢失纠偏
2026-07-25 23:22:44,258 - WARNING - [AUDIT] 5720854418760764 订单丢失纠偏
2026-07-25 23:22:44,258 - WARNING - [AUDIT] 7825571548644762 订单丢失纠偏
2026-07-25 23:22:44,258 - WARNING - [AUDIT] 6569048117759605 订单丢失纠偏
2026-07-25 23:22:44,258 - WARNING - [AUDIT] 2430680518779041 订单丢失纠偏
2026-07-25 23:22:44,258 - WARNING - [AUDIT] 9759153015208529 订单丢失纠偏
2026-07-25 23:22:44,258 - WARNING - [AUDIT] 6498331982019577 订单丢失纠偏
2026-07-25 23:22:44,258 - WARNING - [AUDIT] 7064999730356872 订单丢失纠偏
2026-07-25 23:22:44,258 - WARNING - [AUDIT] 7716660935691121 订单丢失纠偏
2026-07-25 23:22:44,260 - ERROR - [py_clob_client_v2] request error: [SSL: UNEXPECTED_EOF_WHILE_READING] EOF occurred in violation of protocol (_ssl.c:1000)
2026-07-25 23:22:44,260 - ERROR - [CANCEL FAIL] 0x3c7e77863e333062c7... | PolyApiException[status_code=None, error_message=Request exception!]
2026-07-25 23:22:49,262 - ERROR - 查询持仓失败: HTTPSConnectionPool(host='data-api.polymarket.com', port=443): Max retries exceeded with url: /positions?user=0x304bf40e9e50c265f6dd86417707d5b41d8ea619&sizeThreshold=1.0 (Caused by SSLError(SSLEOFError(8, '[SSL: UNEXPECTED_EOF_WHILE_READING] EOF occurred in violation of protocol (_ssl.c:1000)')))
2026-07-25 23:22:49,266 - WARNING - [RETRY] 1174907613069903 bids不足2档，10s后重试
2026-07-25 23:22:49,267 - WARNING - [RETRY] 7782696110567681 bids不足2档，10s后重试
2026-07-25 23:22:49,269 - WARNING - [RETRY] 1028335908812660 bids不足2档，10s后重试
2026-07-25 23:22:54,271 - ERROR - [py_clob_client_v2] request error: [SSL: UNEXPECTED_EOF_WHILE_READING] EOF occurred in violation of protocol (_ssl.c:1000)
2026-07-25 23:22:54,271 - ERROR - 获取订单簿失败: 58964999630244589867... | PolyApiException[status_code=None, error_message=Request exception!]
2026-07-25 23:22:54,273 - WARNING - [RETRY] 5896499963024458 bids不足2档，10s后重试
2026-07-25 23:22:59,276 - ERROR - [py_clob_client_v2] request error: [SSL: UNEXPECTED_EOF_WHILE_READING] EOF occurred in violation of protocol (_ssl.c:1000)
2026-07-25 23:22:59,276 - ERROR - [py_clob_client_v2] request error: [SSL: UNEXPECTED_EOF_WHILE_READING] EOF occurred in violation of protocol (_ssl.c:1000)
2026-07-25 23:22:59,277 - ERROR - 获取订单簿失败: 83024847999980369221... | PolyApiException[status_code=None, error_message=Request exception!]
2026-07-25 23:22:59,277 - ERROR - 获取订单簿失败: 84183896544204064907... | PolyApiException[status_code=None, error_message=Request exception!]
2026-07-25 23:23:04,283 - ERROR - [py_clob_client_v2] request error: [SSL: UNEXPECTED_EOF_WHILE_READING] EOF occurred in violation of protocol (_ssl.c:1000)
2026-07-25 23:23:04,284 - ERROR - 查询订单失败: PolyApiException[status_code=None, error_message=Request exception!]
2026-07-25 23:23:04,284 - ERROR - [py_clob_client_v2] request error: [SSL: UNEXPECTED_EOF_WHILE_READING] EOF occurred in violation of protocol (_ssl.c:1000)
2026-07-25 23:23:04,285 - ERROR - 获取订单簿失败: 11331214307284945506... | PolyApiException[status_code=None, error_message=Request exception!]
2026-07-25 23:23:09,621 - ERROR - [py_clob_client_v2] request error: The read operation timed out
2026-07-25 23:23:09,621 - ERROR - [py_clob_client_v2] request error: The read operation timed out
2026-07-25 23:23:09,621 - ERROR - [py_clob_client_v2] request error: The read operation timed out
2026-07-25 23:23:09,622 - ERROR - [py_clob_client_v2] request error: The read operation timed out
2026-07-25 23:23:09,622 - ERROR - [py_clob_client_v2] request error: The read operation timed out
2026-07-25 23:23:09,622 - ERROR - [py_clob_client_v2] request error: The read operation timed out
2026-07-25 23:23:09,622 - ERROR - 获取订单簿失败: 18214689583746764725... | PolyApiException[status_code=None, error_message=Request exception!]
2026-07-25 23:23:09,622 - ERROR - [py_clob_client_v2] request error: The read operation timed out
2026-07-25 23:23:09,623 - ERROR - [py_clob_client_v2] request error: The read operation timed out
2026-07-25 23:23:09,623 - ERROR - 获取订单簿失败: 91800783607697721845... | PolyApiException[status_code=None, error_message=Request exception!]
2026-07-25 23:23:09,624 - ERROR - 获取订单簿失败: 70822148281244710444... | PolyApiException[status_code=None, error_message=Request exception!]
2026-07-25 23:23:09,624 - ERROR - 获取订单簿失败: 11198370957539610016... | PolyApiException[status_code=None, error_message=Request exception!]
2026-07-25 23:23:09,624 - ERROR - 获取订单簿失败: 79258174723923340494... | PolyApiException[status_code=None, error_message=Request exception!]
2026-07-25 23:23:09,624 - ERROR - [py_clob_client_v2] request error: The read operation timed out
2026-07-25 23:23:09,624 - ERROR - 获取订单簿失败: 10494569070030466906... | PolyApiException[status_code=None, error_message=Request exception!]
2026-07-25 23:23:09,625 - ERROR - 获取订单簿失败: 95780217098815412127... | PolyApiException[status_code=None, error_message=Request exception!]
2026-07-25 23:23:09,628 - ERROR - 获取订单簿失败: 64360676792509957185... | PolyApiException[status_code=None, error_message=Request exception!]
2026-07-25 23:23:09,636 - ERROR - [py_clob_client_v2] request error: The read operation timed out
2026-07-25 23:23:09,636 - ERROR - 获取订单簿失败: 11327292295863517831... | PolyApiException[status_code=None, error_message=Request exception!]
2026-07-25 23:23:14,376 - ERROR - [POLL] 批量查询异常: HTTPSConnectionPool(host='clob.polymarket.com', port=443): Read timed out. (read timeout=10)
2026-07-25 23:23:14,377 - WARNING - [RETRY] 8418389654420406 bids不足2档，10s后重试
2026-07-25 23:23:14,378 - WARNING - [RETRY] 1133121430728494 bids不足2档，10s后重试
2026-07-25 23:23:14,378 - WARNING - [RETRY] 1049456907003046 bids不足2档，10s后重试
2026-07-25 23:23:14,378 - WARNING - [RETRY] 7082214828124471 bids不足2档，10s后重试
2026-07-25 23:23:14,378 - WARNING - [RETRY] 1821468958374676 bids不足2档，10s后重试
2026-07-25 23:23:14,379 - WARNING - [RETRY] 1119837095753961 bids不足2档，10s后重试
2026-07-25 23:23:14,379 - WARNING - [RETRY] 6436067679250995 bids不足2档，10s后重试
2026-07-25 23:23:14,379 - WARNING - [RETRY] 9578021709881541 bids不足2档，10s后重试
2026-07-25 23:23:14,379 - WARNING - [RETRY] 8302484799998036 bids不足2档，10s后重试
2026-07-25 23:23:14,379 - WARNING - [RETRY] 1132729229586351 bids不足2档，10s后重试
2026-07-25 23:23:14,379 - WARNING - [RETRY] 9180078360769772 bids不足2档，10s后重试
2026-07-25 23:23:14,380 - WARNING - [RETRY] 7925817472392334 bids不足2档，10s后重试
2026-07-25 23:23:14,627 - ERROR - [py_clob_client_v2] request error: _ssl.c:983: The handshake operation timed out
2026-07-25 23:23:14,628 - ERROR - 获取订单簿失败: 85861815093668692315... | PolyApiException[status_code=None, error_message=Request exception!]
2026-07-25 23:23:14,629 - ERROR - [HEARTBEAT] 失败 (连续 1 次): HTTPSConnectionPool(host='clob.polymarket.com', port=443): Max retries exceeded with url: /v1/heartbeats (Caused by SSLError(SSLEOFError(8, '[SSL: UNEXPECTED_EOF_WHILE_READING] EOF occurred in violation of protocol (_ssl.c:1000)')))
2026-07-25 23:23:15,380 - WARNING - [RETRY] 8586181509366869 bids不足2档，10s后重试
2026-07-25 23:23:19,632 - ERROR - [py_clob_client_v2] request error: [SSL: UNEXPECTED_EOF_WHILE_READING] EOF occurred in violation of protocol (_ssl.c:1000)
2026-07-25 23:23:19,632 - ERROR - [py_clob_client_v2] request error: [SSL: UNEXPECTED_EOF_WHILE_READING] EOF occurred in violation of protocol (_ssl.c:1000)
2026-07-25 23:23:19,632 - ERROR - 获取订单簿失败: 32536323781258784969... | PolyApiException[status_code=None, error_message=Request exception!]
2026-07-25 23:23:19,633 - ERROR - 获取订单簿失败: 19175813572230892517... | PolyApiException[status_code=None, error_message=Request exception!]
2026-07-25 23:23:20,384 - WARNING - [RETRY] 3253632378125878 bids不足2档，10s后重试
2026-07-25 23:23:20,385 - WARNING - [RETRY] 1917581357223089 bids不足2档，10s后重试
2026-07-25 23:23:26,000 - ERROR - [py_clob_client_v2] request error: The read operation timed out
2026-07-25 23:23:26,000 - ERROR - [py_clob_client_v2] request error: The read operation timed out
2026-07-25 23:23:26,001 - ERROR - [py_clob_client_v2] request error: The read operation timed out
2026-07-25 23:23:26,001 - ERROR - [py_clob_client_v2] request error: The read operation timed out
2026-07-25 23:23:26,001 - ERROR - [py_clob_client_v2] request error: The read operation timed out
2026-07-25 23:23:26,001 - ERROR - 获取订单簿失败: 59085279335952758991... | PolyApiException[status_code=None, error_message=Request exception!]
2026-07-25 23:23:26,001 - ERROR - [py_clob_client_v2] request error: The read operation timed out
2026-07-25 23:23:26,001 - ERROR - [py_clob_client_v2] request error: The read operation timed out
2026-07-25 23:23:26,001 - ERROR - [py_clob_client_v2] request error: The read operation timed out
2026-07-25 23:23:26,001 - ERROR - [py_clob_client_v2] request error: The read operation timed out
2026-07-25 23:23:26,001 - ERROR - 获取订单簿失败: 10047451506837986268... | PolyApiException[status_code=None, error_message=Request exception!]
2026-07-25 23:23:26,001 - ERROR - [py_clob_client_v2] request error: The read operation timed out
2026-07-25 23:23:26,002 - ERROR - 获取订单簿失败: 65443307391901417179... | PolyApiException[status_code=None, error_message=Request exception!]
2026-07-25 23:23:26,002 - ERROR - 获取订单簿失败: 91424741803204629470... | PolyApiException[status_code=None, error_message=Request exception!]
2026-07-25 23:23:26,002 - ERROR - 获取订单簿失败: 74616424957357790694... | PolyApiException[status_code=None, error_message=Request exception!]
2026-07-25 23:23:26,003 - ERROR - 获取订单簿失败: 14837489306429114743... | PolyApiException[status_code=None, error_message=Request exception!]
2026-07-25 23:23:26,003 - ERROR - 获取订单簿失败: 34680124212144407496... | PolyApiException[status_code=None, error_message=Request exception!]
2026-07-25 23:23:26,003 - ERROR - 获取订单簿失败: 98275946190434031349... | PolyApiException[status_code=None, error_message=Request exception!]
2026-07-25 23:23:26,003 - ERROR - 获取订单簿失败: 16870315452435464934... | PolyApiException[status_code=None, error_message=Request exception!]
2026-07-25 23:23:26,004 - ERROR - 获取订单簿失败: 51070279114578903738... | PolyApiException[status_code=None, error_message=Request exception!]
2026-07-25 23:23:29,393 - ERROR - [POLL] 批量查询异常: HTTPSConnectionPool(host='clob.polymarket.com', port=443): Max retries exceeded with url: /books (Caused by SSLError(SSLEOFError(8, '[SSL: UNEXPECTED_EOF_WHILE_READING] EOF occurred in violation of protocol (_ssl.c:1000)')))
2026-07-25 23:23:29,393 - WARNING - [RETRY] 5908527933595275 bids不足2档，10s后重试
2026-07-25 23:23:29,393 - WARNING - [RETRY] 1004745150683798 bids不足2档，10s后重试
2026-07-25 23:23:29,394 - WARNING - [RETRY] 9142474180320462 bids不足2档，10s后重试
2026-07-25 23:23:29,394 - WARNING - [RETRY] 1483748930642911 bids不足2档，10s后重试
2026-07-25 23:23:29,394 - WARNING - [RETRY] 6544330739190141 bids不足2档，10s后重试
2026-07-25 23:23:29,394 - WARNING - [RETRY] 7461642495735779 bids不足2档，10s后重试
2026-07-25 23:23:29,395 - WARNING - [RETRY] 3468012421214440 bids不足2档，10s后重试
2026-07-25 23:23:29,395 - WARNING - [RETRY] 9827594619043403 bids不足2档，10s后重试
2026-07-25 23:23:29,395 - WARNING - [RETRY] 1687031545243546 bids不足2档，10s后重试
2026-07-25 23:23:29,395 - WARNING - [RETRY] 5107027911457890 bids不足2档，10s后重试
2026-07-25 23:23:31,007 - ERROR - [py_clob_client_v2] request error: [SSL: UNEXPECTED_EOF_WHILE_READING] EOF occurred in violation of protocol (_ssl.c:1000)
2026-07-25 23:23:31,008 - ERROR - 获取订单簿失败: 64834542046264395233... | PolyApiException[status_code=None, error_message=Request exception!]
2026-07-25 23:23:31,397 - WARNING - [RETRY] 6483454204626439 bids不足2档，10s后重试
2026-07-25 23:23:36,012 - ERROR - [py_clob_client_v2] request error: [SSL: UNEXPECTED_EOF_WHILE_READING] EOF occurred in violation of protocol (_ssl.c:1000)
2026-07-25 23:23:36,012 - ERROR - [py_clob_client_v2] request error: [SSL: UNEXPECTED_EOF_WHILE_READING] EOF occurred in violation of protocol (_ssl.c:1000)
2026-07-25 23:23:36,012 - ERROR - 获取订单簿失败: 88636672086861600627... | PolyApiException[status_code=None, error_message=Request exception!]
2026-07-25 23:23:36,012 - ERROR - 获取订单簿失败: 57332810424285666518... | PolyApiException[status_code=None, error_message=Request exception!]
2026-07-25 23:23:36,401 - WARNING - [RETRY] 8863667208686160 bids不足2档，10s后重试
2026-07-25 23:23:36,402 - WARNING - [RETRY] 5733281042428566 bids不足2档，10s后重试
2026-07-25 23:23:57,217 - INFO - 收到停止信号，优雅退出...
2026-07-25 23:23:57,543 - INFO - 开始优雅关闭...
2026-07-25 23:24:07,687 - WARNING - [USER WS] close code=None reason=None
2026-07-25 23:24:20,737 - INFO - 收到停止信号，优雅退出...
2026-07-25 23:24:21,163 - INFO - [CANCEL ALL] 200 已取消 | 系统关闭
2026-07-25 23:24:26,171 - INFO - [HEARTBEAT] 已停止
2026-07-25 23:24:26,171 - INFO - ============================================================
系统已停止
============================================================
2026-07-25 23:30:19,289 - INFO - ============================================================
2026-07-25 23:30:19,289 - INFO - Maker-only Guardian V7.0 启动
2026-07-25 23:30:19,289 - INFO - 地址: 0x304bf40e9e50c265f6dd86417707d5b41d8ea619 | 档: 2 | 量: 50 | 冷却: 120s | 心跳: 7.0s
2026-07-25 23:30:19,289 - INFO - ============================================================
2026-07-25 23:30:19,290 - INFO - [HEARTBEAT] 已启动 interval=7.0s
2026-07-25 23:30:29,783 - ERROR - [py_clob_client_v2] request error: Server disconnected
2026-07-25 23:30:29,784 - ERROR - [py_clob_client_v2] request error: Server disconnected
2026-07-25 23:30:29,784 - ERROR - [py_clob_client_v2] request error: Server disconnected
2026-07-25 23:30:29,785 - ERROR - [py_clob_client_v2] request error: Server disconnected
2026-07-25 23:30:29,785 - ERROR - [PLACE FAIL] 4407277563024776... price=0.71 attempt=1/2 | PolyApiException[status_code=None, error_message=Request exception!]
2026-07-25 23:30:29,785 - ERROR - [py_clob_client_v2] request error: Server disconnected
2026-07-25 23:30:29,786 - ERROR - 获取订单簿失败: 68574905661108922741... | PolyApiException[status_code=None, error_message=Request exception!]
2026-07-25 23:30:29,786 - ERROR - 获取订单簿失败: 66891944768376197520... | PolyApiException[status_code=None, error_message=Request exception!]
2026-07-25 23:30:29,787 - ERROR - 获取订单簿失败: 73972969445229750961... | PolyApiException[status_code=None, error_message=Request exception!]
2026-07-25 23:30:29,787 - ERROR - [PLACE FAIL] 9770328264870137... price=0.28 attempt=1/2 | PolyApiException[status_code=None, error_message=Request exception!]
2026-07-25 23:30:30,194 - WARNING - [RETRY] 7397296944522975 bids不足2档，10s后重试
2026-07-25 23:30:30,195 - WARNING - [RETRY] 6857490566110892 bids不足2档，10s后重试
2026-07-25 23:30:30,195 - WARNING - [RETRY] 6689194476837619 bids不足2档，10s后重试
2026-07-25 23:30:40,949 - ERROR - [py_clob_client_v2] request error: Server disconnected
2026-07-25 23:30:40,949 - ERROR - [py_clob_client_v2] request error: Server disconnected
2026-07-25 23:30:40,949 - ERROR - [py_clob_client_v2] request error: Server disconnected
2026-07-25 23:30:40,949 - ERROR - [PLACE FAIL] 4182512170609485... price=0.32 attempt=1/2 | PolyApiException[status_code=None, error_message=Request exception!]
2026-07-25 23:30:40,950 - ERROR - [PLACE FAIL] 6418440471939388... price=0.18 attempt=1/2 | PolyApiException[status_code=None, error_message=Request exception!]
2026-07-25 23:30:40,953 - ERROR - [PLACE FAIL] 7034589406495165... price=0.59 attempt=1/2 | PolyApiException[status_code=None, error_message=Request exception!]
2026-07-25 23:30:44,622 - ERROR - [py_clob_client_v2] request error: Server disconnected
2026-07-25 23:30:44,623 - ERROR - [py_clob_client_v2] request error: Server disconnected
2026-07-25 23:30:44,624 - ERROR - [PLACE FAIL] 1155653862197823... price=0.36 attempt=1/2 | PolyApiException[status_code=None, error_message=Request exception!]
2026-07-25 23:30:44,624 - ERROR - [py_clob_client_v2] request error: Server disconnected
2026-07-25 23:30:44,624 - ERROR - [PLACE FAIL] 9720191017932273... price=0.57 attempt=1/2 | PolyApiException[status_code=None, error_message=Request exception!]
2026-07-25 23:30:44,627 - ERROR - 获取订单簿失败: 20793563401117637461... | PolyApiException[status_code=None, error_message=Request exception!]
2026-07-25 23:30:44,687 - WARNING - [RETRY] 2079356340111763 bids不足2档，10s后重试
2026-07-25 23:32:44,626 - ERROR - [py_clob_client_v2] request error: Server disconnected
2026-07-25 23:32:44,626 - ERROR - [py_clob_client_v2] request error: Server disconnected
2026-07-25 23:32:44,627 - ERROR - [PLACE FAIL] 6498331982019577... price=0.24 attempt=1/2 | PolyApiException[status_code=None, error_message=Request exception!]
2026-07-25 23:32:44,627 - ERROR - [PLACE FAIL] 1122290238846423... price=0.22 attempt=1/2 | PolyApiException[status_code=None, error_message=Request exception!]
2026-07-25 23:36:59,812 - ERROR - [py_clob_client_v2] request error: Server disconnected
2026-07-25 23:36:59,812 - ERROR - [py_clob_client_v2] request error: Server disconnected
2026-07-25 23:36:59,813 - ERROR - [PLACE FAIL] 7991897754437606... price=0.62 attempt=1/2 | PolyApiException[status_code=None, error_message=Request exception!]
2026-07-25 23:36:59,813 - ERROR - [PLACE FAIL] 1214185190704317... price=0.21 attempt=1/2 | PolyApiException[status_code=None, error_message=Request exception!]
2026-07-25 23:37:13,042 - ERROR - [py_clob_client_v2] request error: The read operation timed out
2026-07-25 23:37:13,043 - ERROR - [py_clob_client_v2] request error: The read operation timed out
2026-07-25 23:37:13,045 - ERROR - [PLACE FAIL] 1831938952814165... price=0.76 attempt=1/2 | PolyApiException[status_code=None, error_message=Request exception!]
2026-07-25 23:37:13,681 - ERROR - [HEARTBEAT] 失败 (连续 1 次): 401 Client Error: Unauthorized for url: https://clob.polymarket.com/v1/heartbeats
2026-07-25 23:37:19,052 - ERROR - [py_clob_client_v2] request error: [SSL: UNEXPECTED_EOF_WHILE_READING] EOF occurred in violation of protocol (_ssl.c:1000)
2026-07-25 23:37:19,053 - ERROR - [PLACE FAIL] 1831938952814165... price=0.76 attempt=2/2 | PolyApiException[status_code=None, error_message=Request exception!]
2026-07-25 23:37:25,540 - ERROR - [PLACE FAIL] 1831938952814165 price=0.76
2026-07-25 23:37:25,806 - ERROR - [BATCH CANCEL FAIL] 0xae63e6eee7bba594b9... | order can't be found - already canceled or matched
2026-07-25 23:37:25,807 - ERROR - [BATCH CANCEL FAIL] 0x5fdae43bd54086510c... | order can't be found - already canceled or matched
2026-07-25 23:37:25,808 - ERROR - [BATCH CANCEL FAIL] 0x760e6573027b49c753... | order can't be found - already canceled or matched
2026-07-25 23:37:26,542 - ERROR - [BATCH CANCEL] 1721634031738384 取消失败，清空 active_id 进入冷却兜底
2026-07-25 23:37:26,542 - ERROR - [BATCH CANCEL] 3867604012090545 取消失败，清空 active_id 进入冷却兜底
2026-07-25 23:37:26,543 - ERROR - [BATCH CANCEL] 1443910807302832 取消失败，清空 active_id 进入冷却兜底
2026-07-25 23:38:29,397 - ERROR - [BATCH CANCEL FAIL] 0x9c5807938af1464b92... | order can't be found - already canceled or matched
2026-07-25 23:38:29,915 - ERROR - [BATCH CANCEL] 6457841727280752 取消失败，清空 active_id 进入冷却兜底
2026-07-25 23:38:50,403 - ERROR - [BATCH CANCEL FAIL] 0x9525a32c20fc7c757d... | order can't be found - already canceled or matched
2026-07-25 23:38:50,403 - ERROR - [BATCH CANCEL FAIL] 0xd198ea950f6aad5492... | order can't be found - already canceled or matched
2026-07-25 23:38:50,772 - WARNING - [AUDIT] 2545525519858496 订单丢失纠偏
2026-07-25 23:38:50,772 - WARNING - [AUDIT] 9142474180320462 订单丢失纠偏
2026-07-25 23:38:50,773 - WARNING - [AUDIT] 9618866153688452 订单丢失纠偏
2026-07-25 23:38:50,773 - WARNING - [AUDIT] 7082214828124471 订单丢失纠偏
2026-07-25 23:38:50,774 - WARNING - [AUDIT] 5256162767719256 订单丢失纠偏
2026-07-25 23:38:50,774 - WARNING - [AUDIT] 5896499963024458 订单丢失纠偏
2026-07-25 23:38:50,775 - WARNING - [AUDIT] 8334851116914900 订单丢失纠偏
2026-07-25 23:38:50,775 - WARNING - [AUDIT] 4182512170609485 订单丢失纠偏
2026-07-25 23:38:50,776 - WARNING - [AUDIT] 9881312425800713 订单丢失纠偏
2026-07-25 23:38:50,776 - WARNING - [AUDIT] 8067334800834858 订单丢失纠偏
2026-07-25 23:38:50,777 - WARNING - [AUDIT] 9058249713531669 订单丢失纠偏
2026-07-25 23:38:50,777 - WARNING - [AUDIT] 1058272885184291 订单丢失纠偏
2026-07-25 23:38:50,777 - WARNING - [AUDIT] 3253632378125878 订单丢失纠偏
2026-07-25 23:38:50,778 - WARNING - [AUDIT] 4545411805501352 订单丢失纠偏
2026-07-25 23:38:50,778 - WARNING - [AUDIT] 2079356340111763 订单丢失纠偏
2026-07-25 23:38:50,778 - WARNING - [AUDIT] 5908527933595275 订单丢失纠偏
2026-07-25 23:38:50,779 - WARNING - [AUDIT] 3431219498393958 订单丢失纠偏
2026-07-25 23:38:50,779 - WARNING - [AUDIT] 2666987346792001 订单丢失纠偏
2026-07-25 23:38:50,780 - WARNING - [AUDIT] 1128610682086962 订单丢失纠偏
2026-07-25 23:38:50,780 - WARNING - [AUDIT] 7962467130749822 订单丢失纠偏
2026-07-25 23:38:50,780 - WARNING - [AUDIT] 5244862430008117 订单丢失纠偏
2026-07-25 23:38:50,781 - WARNING - [AUDIT] 8586181509366869 订单丢失纠偏
2026-07-25 23:38:50,781 - WARNING - [AUDIT] 8619052752728162 订单丢失纠偏
2026-07-25 23:38:50,781 - WARNING - [AUDIT] 9759153015208529 订单丢失纠偏
2026-07-25 23:38:50,781 - WARNING - [AUDIT] 5628511346857065 订单丢失纠偏
2026-07-25 23:38:50,782 - WARNING - [AUDIT] 3928109796710302 订单丢失纠偏
2026-07-25 23:38:50,782 - WARNING - [AUDIT] 3724553052717205 订单丢失纠偏
2026-07-25 23:38:50,782 - WARNING - [AUDIT] 3819567267277004 订单丢失纠偏
2026-07-25 23:38:50,782 - WARNING - [AUDIT] 1119837095753961 订单丢失纠偏
2026-07-25 23:38:50,782 - WARNING - [AUDIT] 6874550136356778 订单丢失纠偏
2026-07-25 23:38:50,782 - WARNING - [AUDIT] 7144629818739335 订单丢失纠偏
2026-07-25 23:38:50,782 - WARNING - [AUDIT] 3316022003172428 订单丢失纠偏
2026-07-25 23:38:50,782 - WARNING - [AUDIT] 3118971474587360 订单丢失纠偏
2026-07-25 23:38:50,783 - WARNING - [AUDIT] 3575514000129505 订单丢失纠偏
2026-07-25 23:38:50,783 - WARNING - [AUDIT] 8418389654420406 订单丢失纠偏
2026-07-25 23:38:50,783 - WARNING - [AUDIT] 1133121430728494 订单丢失纠偏
2026-07-25 23:38:50,784 - WARNING - [AUDIT] 1028335908812660 订单丢失纠偏
2026-07-25 23:38:50,784 - WARNING - [AUDIT] 8746319190101175 订单丢失纠偏
2026-07-25 23:38:50,784 - WARNING - [AUDIT] 1140116103922284 订单丢失纠偏
2026-07-25 23:38:50,784 - WARNING - [AUDIT] 5334420285762421 订单丢失纠偏
2026-07-25 23:38:50,784 - WARNING - [AUDIT] 8901810389034394 订单丢失纠偏
2026-07-25 23:38:50,784 - WARNING - [AUDIT] 6397512999190166 订单丢失纠偏
2026-07-25 23:38:50,784 - WARNING - [AUDIT] 4395000465523214 订单丢失纠偏
2026-07-25 23:38:50,784 - WARNING - [AUDIT] 8904532322090447 订单丢失纠偏
2026-07-25 23:38:50,784 - WARNING - [AUDIT] 8328805334901723 订单丢失纠偏
2026-07-25 23:38:50,784 - WARNING - [AUDIT] 3824333764256695 订单丢失纠偏
2026-07-25 23:38:50,784 - WARNING - [AUDIT] 9948584951858184 订单丢失纠偏
2026-07-25 23:38:50,784 - WARNING - [AUDIT] 4284268933844100 订单丢失纠偏
2026-07-25 23:38:50,784 - WARNING - [AUDIT] 5027353382864542 订单丢失纠偏
2026-07-25 23:38:50,785 - WARNING - [AUDIT] 3494423647510251 订单丢失纠偏
2026-07-25 23:38:50,785 - WARNING - [AUDIT] 9098249032441021 订单丢失纠偏
2026-07-25 23:38:50,785 - WARNING - [AUDIT] 6418440471939388 订单丢失纠偏
2026-07-25 23:38:50,785 - WARNING - [AUDIT] 1066316183990326 订单丢失纠偏
2026-07-25 23:38:50,785 - WARNING - [AUDIT] 8492696844341031 订单丢失纠偏
2026-07-25 23:38:50,785 - WARNING - [AUDIT] 3880214381478715 订单丢失纠偏
2026-07-25 23:38:50,785 - WARNING - [AUDIT] 4407277563024776 订单丢失纠偏
2026-07-25 23:38:50,785 - WARNING - [AUDIT] 7397296944522975 订单丢失纠偏
2026-07-25 23:38:50,785 - WARNING - [AUDIT] 8173045341591020 订单丢失纠偏
2026-07-25 23:38:50,785 - WARNING - [AUDIT] 6370564337515667 订单丢失纠偏
2026-07-25 23:38:50,785 - WARNING - [AUDIT] 7732765153400893 订单丢失纠偏
2026-07-25 23:38:50,785 - WARNING - [AUDIT] 3603007358181083 订单丢失纠偏
2026-07-25 23:38:50,785 - WARNING - [AUDIT] 5087450641573283 订单丢失纠偏
2026-07-25 23:38:50,785 - WARNING - [AUDIT] 6442945039247464 订单丢失纠偏
2026-07-25 23:38:50,786 - WARNING - [AUDIT] 9837755118557191 订单丢失纠偏
2026-07-25 23:38:50,786 - WARNING - [AUDIT] 5733067864203292 订单丢失纠偏
2026-07-25 23:38:50,786 - WARNING - [AUDIT] 9066513400705791 订单丢失纠偏
2026-07-25 23:38:50,786 - WARNING - [AUDIT] 5717826880009008 订单丢失纠偏
2026-07-25 23:38:50,786 - WARNING - [AUDIT] 1106821708248122 订单丢失纠偏
2026-07-25 23:38:50,786 - WARNING - [AUDIT] 3629966886959701 订单丢失纠偏
2026-07-25 23:38:50,786 - WARNING - [AUDIT] 8888561682635285 订单丢失纠偏
2026-07-25 23:38:50,786 - WARNING - [AUDIT] 3200257782952684 订单丢失纠偏
2026-07-25 23:38:50,786 - WARNING - [AUDIT] 6857490566110892 订单丢失纠偏
2026-07-25 23:38:50,786 - WARNING - [AUDIT] 8400377926127907 订单丢失纠偏
2026-07-25 23:38:50,786 - WARNING - [AUDIT] 4700602299327930 订单丢失纠偏
2026-07-25 23:38:50,786 - WARNING - [AUDIT] 1113935572848191 订单丢失纠偏
2026-07-25 23:38:50,786 - WARNING - [AUDIT] 5332948386801081 订单丢失纠偏
2026-07-25 23:38:50,787 - WARNING - [AUDIT] 1004745150683798 订单丢失纠偏
2026-07-25 23:38:50,787 - WARNING - [AUDIT] 1687031545243546 订单丢失纠偏
2026-07-25 23:38:50,787 - WARNING - [AUDIT] 5107027911457890 订单丢失纠偏
2026-07-25 23:38:50,787 - WARNING - [AUDIT] 6233174879687829 订单丢失纠偏
2026-07-25 23:38:50,787 - WARNING - [AUDIT] 5670123115378669 订单丢失纠偏
2026-07-25 23:38:50,787 - WARNING - [AUDIT] 1132729229586351 订单丢失纠偏
2026-07-25 23:38:50,788 - WARNING - [AUDIT] 2208155127732861 订单丢失纠偏
2026-07-25 23:38:50,788 - WARNING - [AUDIT] 8610860968568011 订单丢失纠偏
2026-07-25 23:38:50,788 - WARNING - [AUDIT] 3287212552956663 订单丢失纠偏
2026-07-25 23:38:50,788 - WARNING - [AUDIT] 7461642495735779 订单丢失纠偏
2026-07-25 23:38:50,788 - WARNING - [AUDIT] 2127432728972959 订单丢失纠偏
2026-07-25 23:38:50,788 - WARNING - [AUDIT] 9180078360769772 订单丢失纠偏
2026-07-25 23:38:50,788 - WARNING - [AUDIT] 5474328512051291 订单丢失纠偏
2026-07-25 23:38:50,788 - WARNING - [AUDIT] 1106855120307329 订单丢失纠偏
2026-07-25 23:38:50,788 - WARNING - [AUDIT] 9432527639737248 订单丢失纠偏
2026-07-25 23:38:50,789 - WARNING - [AUDIT] 5957917823482246 订单丢失纠偏
2026-07-25 23:38:50,789 - WARNING - [AUDIT] 1902866552965814 订单丢失纠偏
2026-07-25 23:38:50,789 - WARNING - [AUDIT] 4497653037851776 订单丢失纠偏
2026-07-25 23:38:50,789 - WARNING - [AUDIT] 8877060676116056 订单丢失纠偏
2026-07-25 23:38:50,789 - WARNING - [AUDIT] 4417838101000094 订单丢失纠偏
2026-07-25 23:38:50,789 - WARNING - [AUDIT] 6483454204626439 订单丢失纠偏
2026-07-25 23:38:50,789 - WARNING - [AUDIT] 8863667208686160 订单丢失纠偏
2026-07-25 23:38:50,789 - WARNING - [AUDIT] 5755722576457293 订单丢失纠偏
2026-07-25 23:38:50,789 - WARNING - [AUDIT] 3468012421214440 订单丢失纠偏
2026-07-25 23:38:50,789 - WARNING - [AUDIT] 9827594619043403 订单丢失纠偏
2026-07-25 23:38:50,789 - WARNING - [AUDIT] 7925817472392334 订单丢失纠偏
2026-07-25 23:38:50,789 - WARNING - [AUDIT] 6298383352306390 订单丢失纠偏
2026-07-25 23:38:50,790 - WARNING - [AUDIT] 1097810232883151 订单丢失纠偏
2026-07-25 23:38:50,790 - WARNING - [AUDIT] 7562176890939311 订单丢失纠偏
2026-07-25 23:38:50,790 - WARNING - [AUDIT] 4425682531915888 订单丢失纠偏
2026-07-25 23:38:50,790 - WARNING - [AUDIT] 6544330739190141 订单丢失纠偏
2026-07-25 23:38:50,790 - WARNING - [AUDIT] 4328682906409765 订单丢失纠偏
2026-07-25 23:38:50,790 - WARNING - [AUDIT] 1019456511631288 订单丢失纠偏
2026-07-25 23:38:50,790 - WARNING - [AUDIT] 1115156244865748 订单丢失纠偏
2026-07-25 23:38:50,790 - WARNING - [AUDIT] 2390687987214933 订单丢失纠偏
2026-07-25 23:38:50,790 - WARNING - [AUDIT] 4377215191961699 订单丢失纠偏
2026-07-25 23:38:50,790 - WARNING - [AUDIT] 2995812971963878 订单丢失纠偏
2026-07-25 23:38:50,791 - WARNING - [AUDIT] 9441556682430609 订单丢失纠偏
2026-07-25 23:38:50,791 - WARNING - [AUDIT] 5709548470503200 订单丢失纠偏
2026-07-25 23:38:50,791 - WARNING - [AUDIT] 2598495301689239 订单丢失纠偏
2026-07-25 23:38:50,791 - WARNING - [AUDIT] 6605524220988181 订单丢失纠偏
2026-07-25 23:38:50,791 - WARNING - [AUDIT] 1084979190350709 订单丢失纠偏
2026-07-25 23:38:50,791 - WARNING - [AUDIT] 5733281042428566 订单丢失纠偏
2026-07-25 23:38:50,791 - WARNING - [AUDIT] 2695273901029107 订单丢失纠偏
2026-07-25 23:38:50,791 - WARNING - [AUDIT] 9770328264870137 订单丢失纠偏
2026-07-25 23:38:50,791 - WARNING - [AUDIT] 1188248644480192 订单丢失纠偏
2026-07-25 23:38:50,791 - WARNING - [AUDIT] 6573586217798659 订单丢失纠偏
2026-07-25 23:38:50,791 - WARNING - [AUDIT] 5004393279665237 订单丢失纠偏
2026-07-25 23:38:50,791 - WARNING - [AUDIT] 7771765134351852 订单丢失纠偏
2026-07-25 23:38:50,791 - WARNING - [AUDIT] 1205253927376409 订单丢失纠偏
2026-07-25 23:38:50,792 - WARNING - [AUDIT] 1004770125024061 订单丢失纠偏
2026-07-25 23:38:50,792 - WARNING - [AUDIT] 9079494270449832 订单丢失纠偏
2026-07-25 23:38:50,792 - WARNING - [AUDIT] 7005874744115631 订单丢失纠偏
2026-07-25 23:38:50,792 - WARNING - [AUDIT] 8715548327246153 订单丢失纠偏
2026-07-25 23:38:50,792 - WARNING - [AUDIT] 4758197707972875 订单丢失纠偏
2026-07-25 23:38:50,792 - WARNING - [AUDIT] 1056932128893739 订单丢失纠偏
2026-07-25 23:38:50,792 - WARNING - [AUDIT] 4249356416804093 订单丢失纠偏
2026-07-25 23:38:50,792 - WARNING - [AUDIT] 5146491718425298 订单丢失纠偏
2026-07-25 23:38:50,792 - WARNING - [AUDIT] 5758639915850164 订单丢失纠偏
2026-07-25 23:38:50,793 - WARNING - [AUDIT] 1917581357223089 订单丢失纠偏
2026-07-25 23:38:50,793 - WARNING - [AUDIT] 5388315108530926 订单丢失纠偏
2026-07-25 23:38:50,793 - WARNING - [AUDIT] 2655615363650516 订单丢失纠偏
2026-07-25 23:38:50,793 - WARNING - [AUDIT] 2439328078499072 订单丢失纠偏
2026-07-25 23:38:50,793 - WARNING - [AUDIT] 8966153070370760 订单丢失纠偏
2026-07-25 23:38:50,793 - WARNING - [AUDIT] 9720191017932273 订单丢失纠偏
2026-07-25 23:38:50,794 - WARNING - [AUDIT] 5345599300581705 订单丢失纠偏
2026-07-25 23:38:50,794 - WARNING - [AUDIT] 1044742684502499 订单丢失纠偏
2026-07-25 23:38:50,794 - WARNING - [AUDIT] 7034589406495165 订单丢失纠偏
2026-07-25 23:38:50,794 - WARNING - [AUDIT] 9578021709881541 订单丢失纠偏
2026-07-25 23:38:50,794 - WARNING - [AUDIT] 6041708460280095 订单丢失纠偏
2026-07-25 23:38:50,794 - WARNING - [AUDIT] 1155653862197823 订单丢失纠偏
2026-07-25 23:38:50,794 - WARNING - [AUDIT] 1039213162332695 订单丢失纠偏
2026-07-25 23:38:50,794 - WARNING - [AUDIT] 5875996528866748 订单丢失纠偏
2026-07-25 23:38:50,794 - WARNING - [AUDIT] 8619831558910695 订单丢失纠偏
2026-07-25 23:38:50,794 - WARNING - [AUDIT] 6779698626799914 订单丢失纠偏
2026-07-25 23:38:50,795 - WARNING - [AUDIT] 4129408680521332 订单丢失纠偏
2026-07-25 23:38:50,795 - WARNING - [AUDIT] 5478163231229741 订单丢失纠偏
2026-07-25 23:38:50,795 - WARNING - [AUDIT] 1381205224460175 订单丢失纠偏
2026-07-25 23:38:50,795 - WARNING - [AUDIT] 2466789725866867 订单丢失纠偏
2026-07-25 23:38:50,795 - WARNING - [AUDIT] 6308828062665821 订单丢失纠偏
2026-07-25 23:38:50,795 - WARNING - [AUDIT] 1122290238846423 订单丢失纠偏
2026-07-25 23:38:50,795 - WARNING - [AUDIT] 7859769022347643 订单丢失纠偏
2026-07-25 23:38:50,795 - WARNING - [AUDIT] 5400023606927064 订单丢失纠偏
2026-07-25 23:38:50,795 - WARNING - [AUDIT] 1762097759817707 订单丢失纠偏
2026-07-25 23:38:50,795 - WARNING - [AUDIT] 9856548766049528 订单丢失纠偏
2026-07-25 23:38:50,795 - WARNING - [AUDIT] 4235959381390365 订单丢失纠偏
2026-07-25 23:38:50,795 - WARNING - [AUDIT] 1432871245127252 订单丢失纠偏
2026-07-25 23:38:50,795 - WARNING - [AUDIT] 1214185190704317 订单丢失纠偏
2026-07-25 23:38:50,795 - WARNING - [AUDIT] 2924253112241084 订单丢失纠偏
2026-07-25 23:38:51,217 - ERROR - [BATCH CANCEL] 4895471101225973 取消失败，清空 active_id 进入冷却兜底
2026-07-25 23:38:51,217 - ERROR - [BATCH CANCEL] 6997436341435893 取消失败，清空 active_id 进入冷却兜底
2026-07-25 23:39:34,741 - ERROR - [py_clob_client_v2] request error: Server disconnected
2026-07-25 23:39:34,741 - ERROR - [py_clob_client_v2] request error: Server disconnected
2026-07-25 23:39:34,742 - ERROR - [PLACE FAIL] 1174907613069903... price=0.78 attempt=1/2 | PolyApiException[status_code=None, error_message=Request exception!]
2026-07-25 23:39:34,743 - ERROR - [PLACE FAIL] 6943652856552643... price=0.30 attempt=1/2 | PolyApiException[status_code=None, error_message=Request exception!]
2026-07-25 23:39:42,880 - ERROR - [py_clob_client_v2] request error: Server disconnected
2026-07-25 23:39:42,880 - ERROR - [py_clob_client_v2] request error: Server disconnected
2026-07-25 23:39:42,880 - ERROR - 获取订单簿失败: 37108955573596171518... | PolyApiException[status_code=None, error_message=Request exception!]
2026-07-25 23:39:42,881 - ERROR - [PLACE FAIL] 1321771576257595... price=0.26 attempt=1/2 | PolyApiException[status_code=None, error_message=Request exception!]
2026-07-25 23:39:44,649 - WARNING - [RETRY] 3710895557359617 bids不足2档，10s后重试
2026-07-26 00:01:34,830 - INFO - [BUY CONFIRMED] 未知 | Yes | size=29.4118 price=0.34
2026-07-26 00:02:07,852 - INFO - [MARKET SELL] Will the highest temperature in Paris be | 29.4118 shares @ market
2026-07-26 00:02:08,979 - INFO - [MARKET SELL FILLED] 61544243225359577800 id=0x3a2020162f20fac1a1
2026-07-26 00:02:09,280 - INFO - [POSITION] 市价卖出 1 个持仓
2026-07-26 00:02:16,417 - INFO - [SELL CONFIRMED] 未知 | No | size=0.0000 price=0.66
2026-07-26 00:21:38,712 - ERROR - [py_clob_client_v2] request error: Server disconnected
2026-07-26 00:21:38,712 - ERROR - [py_clob_client_v2] request error: Server disconnected
2026-07-26 00:21:38,713 - ERROR - 获取订单簿失败: 66891944768376197520... | PolyApiException[status_code=None, error_message=Request exception!]
2026-07-26 00:21:38,713 - ERROR - 获取订单簿失败: 57178268800090085503... | PolyApiException[status_code=None, error_message=Request exception!]
2026-07-26 00:21:39,710 - WARNING - [RETRY] 6689194476837619 bids不足2档，10s后重试
2026-07-26 00:21:39,710 - WARNING - [RETRY] 5717826880009008 bids不足2档，10s后重试
2026-07-26 00:25:52,150 - ERROR - [BATCH CANCEL FAIL] 0xa8f47598e8400cc9f6... | order can't be found - already canceled or matched
2026-07-26 00:25:52,891 - ERROR - [BATCH CANCEL] 1721634031738384 取消失败，清空 active_id 进入冷却兜底
2026-07-26 00:25:58,736 - INFO - [SELL CONFIRMED] 未知 | Yes | size=50.0000 price=0.28
2026-07-26 00:27:41,529 - WARNING - [POSITION] 1721634031738384 best_bid=0.22 < 成本0.2800-0.05=0.2300，跳过卖出
2026-07-26 00:29:52,581 - WARNING - [POSITION] 1721634031738384 best_bid=0.22 < 成本0.2800-0.05=0.2300，跳过卖出
2026-07-26 00:31:52,639 - WARNING - [POSITION] 1721634031738384 best_bid=0.21 < 成本0.2800-0.05=0.2300，跳过卖出
2026-07-26 00:33:53,193 - WARNING - [POSITION] 1721634031738384 best_bid=0.21 < 成本0.2800-0.05=0.2300，跳过卖出
2026-07-26 00:34:14,926 - ERROR - [BATCH CANCEL FAIL] 0x7be0090d74c55f48b0... | order can't be found - already canceled or matched
2026-07-26 00:34:15,637 - ERROR - [BATCH CANCEL] 1115156244865748 取消失败，清空 active_id 进入冷却兜底
2026-07-26 00:34:20,954 - INFO - [BUY CONFIRMED] 未知 | Yes | size=50.0000 price=0.25
2026-07-26 00:34:21,799 - INFO - [BUY CONFIRMED] 未知 | No | size=33.1000 price=0.62
2026-07-26 00:36:02,884 - WARNING - [POSITION] 1115156244865748 best_bid=0.69 < 成本0.7500-0.05=0.7000，跳过卖出
2026-07-26 00:36:02,884 - WARNING - [POSITION] 1721634031738384 best_bid=0.21 < 成本0.2800-0.05=0.2300，跳过卖出
2026-07-26 00:36:03,153 - INFO - [MARKET SELL] Will the highest temperature in Miami be | 33.1000 shares @ market
2026-07-26 00:36:04,329 - INFO - [MARKET SELL FILLED] 37108955573596171518 id=0xea7fbb5ea8b5f384cf
2026-07-26 00:36:04,631 - INFO - [POSITION] 市价卖出 1 个持仓
2026-07-26 00:36:13,190 - INFO - [SELL CONFIRMED] 未知 | Yes | size=0.0000 price=0.38
2026-07-26 00:37:19,184 - ERROR - [py_clob_client_v2] request error: Server disconnected
2026-07-26 00:37:19,185 - ERROR - [py_clob_client_v2] request error: Server disconnected
2026-07-26 00:37:19,185 - ERROR - 获取订单簿失败: 57178268800090085503... | PolyApiException[status_code=None, error_message=Request exception!]
2026-07-26 00:37:19,185 - ERROR - 获取订单簿失败: 40322693410724495461... | PolyApiException[status_code=None, error_message=Request exception!]
2026-07-26 00:37:20,183 - WARNING - [RETRY] 5717826880009008 bids不足2档，10s后重试
2026-07-26 00:37:20,186 - WARNING - [RETRY] 4032269341072449 bids不足2档，10s后重试
2026-07-26 00:37:20,323 - ERROR - [py_clob_client_v2] request error: Server disconnected
2026-07-26 00:37:20,323 - ERROR - [py_clob_client_v2] request error: Server disconnected
2026-07-26 00:37:20,324 - ERROR - 获取订单簿失败: 11401161039222847452... | PolyApiException[status_code=None, error_message=Request exception!]
2026-07-26 00:37:20,325 - ERROR - 获取订单簿失败: 26960018863685046737... | PolyApiException[status_code=None, error_message=Request exception!]
2026-07-26 00:37:21,188 - WARNING - [RETRY] 1140116103922284 bids不足2档，10s后重试
2026-07-26 00:37:21,188 - WARNING - [RETRY] 2696001886368504 bids不足2档，10s后重试
2026-07-26 00:38:03,980 - WARNING - [POSITION] 1115156244865748 best_bid=0.69 < 成本0.7500-0.05=0.7000，跳过卖出
2026-07-26 00:38:03,981 - WARNING - [POSITION] 1721634031738384 best_bid=0.21 < 成本0.2800-0.05=0.2300，跳过卖出
2026-07-26 00:40:04,142 - WARNING - [POSITION] 1115156244865748 best_bid=0.69 < 成本0.7500-0.05=0.7000，跳过卖出
2026-07-26 00:40:04,144 - WARNING - [POSITION] 1721634031738384 best_bid=0.21 < 成本0.2800-0.05=0.2300，跳过卖出
2026-07-26 00:42:13,936 - WARNING - [POSITION] 1115156244865748 best_bid=0.69 < 成本0.7500-0.05=0.7000，跳过卖出
2026-07-26 00:42:13,937 - WARNING - [POSITION] 1721634031738384 best_bid=0.21 < 成本0.2800-0.05=0.2300，跳过卖出
2026-07-26 00:44:24,249 - WARNING - [POSITION] 1115156244865748 best_bid=0.69 < 成本0.7500-0.05=0.7000，跳过卖出
2026-07-26 00:44:24,250 - WARNING - [POSITION] 1721634031738384 best_bid=0.21 < 成本0.2800-0.05=0.2300，跳过卖出
2026-07-26 00:44:36,038 - ERROR - [BATCH CANCEL FAIL] 0xffb49aabc8f7d5f6f5... | order can't be found - already canceled or matched
2026-07-26 00:44:37,034 - ERROR - [BATCH CANCEL] 4417838101000094 取消失败，清空 active_id 进入冷却兜底
2026-07-26 00:44:42,999 - INFO - [BUY CONFIRMED] 未知 | Yes | size=50.0000 price=0.32
2026-07-26 00:44:51,521 - ERROR - [py_clob_client_v2] request error: Server disconnected
2026-07-26 00:44:51,521 - ERROR - [py_clob_client_v2] request error: Server disconnected
2026-07-26 00:44:51,522 - ERROR - 获取订单簿失败: 11529423872600995244... | PolyApiException[status_code=None, error_message=Request exception!]
2026-07-26 00:44:51,522 - ERROR - 获取订单簿失败: 13217715762575958875... | PolyApiException[status_code=None, error_message=Request exception!]
2026-07-26 00:44:52,517 - WARNING - [RETRY] 1152942387260099 bids不足2档，10s后重试
2026-07-26 00:44:52,517 - WARNING - [RETRY] 1321771576257595 bids不足2档，10s后重试
2026-07-26 00:45:46,646 - INFO - [BUY CONFIRMED] 未知 | No | size=50.0000 price=0.83
2026-07-26 00:46:34,422 - WARNING - [POSITION] 1115156244865748 best_bid=0.69 < 成本0.7500-0.05=0.7000，跳过卖出
2026-07-26 00:46:34,422 - WARNING - [POSITION] 1721634031738384 best_bid=0.21 < 成本0.2800-0.05=0.2300，跳过卖出
2026-07-26 00:46:34,423 - WARNING - [POSITION] 4417838101000094 best_bid=0.62 < 成本0.6800-0.05=0.6300，跳过卖出
2026-07-26 00:46:34,887 - INFO - [MARKET SELL] Will the highest temperature in San Fran | 50.0000 shares @ market
2026-07-26 00:46:36,082 - INFO - [MARKET SELL FILLED] 64128361173642723913 id=0xc6e0fb5925da19d5a8
2026-07-26 00:46:36,383 - INFO - [POSITION] 市价卖出 1 个持仓
2026-07-26 00:46:45,929 - INFO - [SELL CONFIRMED] 未知 | Yes | size=0.0000 price=0.16
2026-07-26 00:48:37,166 - WARNING - [POSITION] 1115156244865748 best_bid=0.69 < 成本0.7500-0.05=0.7000，跳过卖出
2026-07-26 00:48:37,167 - WARNING - [POSITION] 1721634031738384 best_bid=0.21 < 成本0.2800-0.05=0.2300，跳过卖出
2026-07-26 00:48:37,167 - WARNING - [POSITION] 4417838101000094 best_bid=0.62 < 成本0.6800-0.05=0.6300，跳过卖出
2026-07-26 00:50:46,629 - WARNING - [POSITION] 1115156244865748 best_bid=0.69 < 成本0.7500-0.05=0.7000，跳过卖出
2026-07-26 00:50:46,629 - WARNING - [POSITION] 1721634031738384 best_bid=0.21 < 成本0.2800-0.05=0.2300，跳过卖出
2026-07-26 00:50:46,630 - WARNING - [POSITION] 4417838101000094 best_bid=0.62 < 成本0.6800-0.05=0.6300，跳过卖出
2026-07-26 00:52:19,729 - INFO - [SELL CONFIRMED] 未知 | Yes | size=1.8500 price=0.29
2026-07-26 00:52:23,859 - INFO - [BUY CONFIRMED] 未知 | No | size=10.2817 price=0.71
2026-07-26 00:52:57,593 - WARNING - [POSITION] 1115156244865748 best_bid=0.69 < 成本0.7500-0.05=0.7000，跳过卖出
2026-07-26 00:52:57,594 - WARNING - [POSITION] 1721634031738384 best_bid=0.21 < 成本0.2800-0.05=0.2300，跳过卖出
2026-07-26 00:52:57,594 - WARNING - [POSITION] 4417838101000094 best_bid=0.62 < 成本0.6800-0.05=0.6300，跳过卖出
2026-07-26 00:52:57,861 - INFO - [MARKET SELL] Will the highest temperature in Lucknow  | 12.1317 shares @ market
2026-07-26 00:52:59,018 - INFO - [MARKET SELL FILLED] 63975129991901669833 id=0xc97b27f585563432da
2026-07-26 00:52:59,320 - INFO - [POSITION] 市价卖出 1 个持仓
2026-07-26 00:53:07,741 - INFO - [SELL CONFIRMED] 未知 | Yes | size=0.0000 price=0.29
2026-07-26 00:54:59,257 - WARNING - [POSITION] 1115156244865748 best_bid=0.69 < 成本0.7500-0.05=0.7000，跳过卖出
2026-07-26 00:54:59,257 - WARNING - [POSITION] 1721634031738384 best_bid=0.21 < 成本0.2800-0.05=0.2300，跳过卖出
2026-07-26 00:54:59,258 - WARNING - [POSITION] 4417838101000094 best_bid=0.62 < 成本0.6800-0.05=0.6300，跳过卖出
2026-07-26 00:57:09,455 - WARNING - [POSITION] 1115156244865748 best_bid=0.69 < 成本0.7500-0.05=0.7000，跳过卖出
2026-07-26 00:57:09,457 - WARNING - [POSITION] 1721634031738384 best_bid=0.21 < 成本0.2800-0.05=0.2300，跳过卖出
2026-07-26 00:57:09,457 - WARNING - [POSITION] 4417838101000094 best_bid=0.62 < 成本0.6800-0.05=0.6300，跳过卖出
2026-07-26 00:59:19,035 - WARNING - [POSITION] 1115156244865748 best_bid=0.69 < 成本0.7500-0.05=0.7000，跳过卖出
2026-07-26 00:59:19,035 - WARNING - [POSITION] 1721634031738384 best_bid=0.21 < 成本0.2800-0.05=0.2300，跳过卖出
2026-07-26 00:59:19,036 - WARNING - [POSITION] 4417838101000094 best_bid=0.62 < 成本0.6800-0.05=0.6300，跳过卖出
2026-07-26 00:59:34,126 - INFO - [BUY CONFIRMED] 未知 | Yes | size=50.0000 price=0.63
2026-07-26 01:00:12,098 - ERROR - [BATCH CANCEL FAIL] 0xc1b112bf52421c26ab... | order can't be found - already canceled or matched
2026-07-26 01:00:12,842 - ERROR - [BATCH CANCEL] 6302293983365457 取消失败，清空 active_id 进入冷却兜底
2026-07-26 01:00:17,081 - INFO - [BUY CONFIRMED] 未知 | Yes | size=50.0000 price=0.56
2026-07-26 01:00:33,356 - ERROR - [BATCH CANCEL FAIL] 0x35536ac20a3bf5cd29... | order can't be found - already canceled or matched
2026-07-26 01:00:34,079 - ERROR - [BATCH CANCEL] 9058249713531669 取消失败，清空 active_id 进入冷却兜底
2026-07-26 01:01:28,657 - WARNING - [POSITION] 1115156244865748 best_bid=0.69 < 成本0.7500-0.05=0.7000，跳过卖出
2026-07-26 01:01:28,658 - WARNING - [POSITION] 1721634031738384 best_bid=0.21 < 成本0.2800-0.05=0.2300，跳过卖出
2026-07-26 01:01:28,658 - WARNING - [POSITION] 4417838101000094 best_bid=0.62 < 成本0.6800-0.05=0.6300，跳过卖出
2026-07-26 01:01:28,928 - INFO - [MARKET SELL] Will the highest temperature in Denver b | 50.0000 shares @ market
2026-07-26 01:01:30,084 - INFO - [MARKET SELL FILLED] 63022939833654570612 id=0x17f1771e7a507e6df3
2026-07-26 01:01:30,661 - INFO - [MARKET SELL] Will the highest temperature in Tel Aviv | 50.0000 shares @ market
2026-07-26 01:01:31,849 - INFO - [MARKET SELL FILLED] 90582497135316698783 id=0x9cfc2692ccb4270618
2026-07-26 01:01:32,150 - INFO - [POSITION] 市价卖出 2 个持仓
2026-07-26 01:01:38,028 - INFO - [SELL CONFIRMED] 未知 | No | size=0.0000 price=0.38
2026-07-26 01:01:40,329 - INFO - [SELL CONFIRMED] 未知 | No | size=0.0000 price=0.37
2026-07-26 01:03:16,766 - ERROR - [py_clob_client_v2] request error: Server disconnected
2026-07-26 01:03:16,767 - ERROR - [py_clob_client_v2] request error: Server disconnected
2026-07-26 01:03:16,767 - ERROR - 获取订单簿失败: 73076521310397373968... | PolyApiException[status_code=None, error_message=Request exception!]
2026-07-26 01:03:16,767 - ERROR - 获取订单簿失败: 73651548128828061518... | PolyApiException[status_code=None, error_message=Request exception!]
2026-07-26 01:03:18,219 - WARNING - [RETRY] 7307652131039737 bids不足2档，10s后重试
2026-07-26 01:03:18,219 - WARNING - [RETRY] 7365154812882806 bids不足2档，10s后重试
2026-07-26 01:03:30,441 - WARNING - [POSITION] 1115156244865748 best_bid=0.69 < 成本0.7500-0.05=0.7000，跳过卖出
2026-07-26 01:03:30,441 - WARNING - [POSITION] 1721634031738384 best_bid=0.21 < 成本0.2800-0.05=0.2300，跳过卖出
2026-07-26 01:03:30,712 - INFO - [MARKET SELL] Will the highest temperature in San Fran | 50.0000 shares @ market
2026-07-26 01:03:31,766 - INFO - [MARKET SELL FILLED] 44178381010000947850 id=0x9ecc522bf9b6cf44a2
2026-07-26 01:03:32,068 - INFO - [POSITION] 市价卖出 1 个持仓
2026-07-26 01:03:40,832 - INFO - [SELL CONFIRMED] 未知 | No | size=0.0000 price=0.62
2026-07-26 01:05:31,557 - WARNING - [POSITION] 1115156244865748 best_bid=0.69 < 成本0.7500-0.05=0.7000，跳过卖出
2026-07-26 01:05:31,557 - WARNING - [POSITION] 1721634031738384 best_bid=0.21 < 成本0.2800-0.05=0.2300，跳过卖出
2026-07-26 01:07:41,181 - WARNING - [POSITION] 1115156244865748 best_bid=0.69 < 成本0.7500-0.05=0.7000，跳过卖出
2026-07-26 01:07:41,181 - WARNING - [POSITION] 1721634031738384 best_bid=0.21 < 成本0.2800-0.05=0.2300，跳过卖出
2026-07-26 01:08:17,513 - ERROR - [py_clob_client_v2] request error: Server disconnected
2026-07-26 01:08:17,514 - ERROR - [py_clob_client_v2] request error: Server disconnected
2026-07-26 01:08:17,515 - ERROR - [PLACE FAIL] 5334420285762421... price=0.78 attempt=1/2 | PolyApiException[status_code=None, error_message=Request exception!]
2026-07-26 01:08:17,515 - ERROR - [PLACE FAIL] 7100609936433562... price=0.68 attempt=1/2 | PolyApiException[status_code=None, error_message=Request exception!]
2026-07-26 01:09:52,080 - WARNING - [POSITION] 1115156244865748 best_bid=0.69 < 成本0.7500-0.05=0.7000，跳过卖出
2026-07-26 01:09:52,081 - WARNING - [POSITION] 1721634031738384 best_bid=0.21 < 成本0.2800-0.05=0.2300，跳过卖出
2026-07-26 01:11:44,156 - ERROR - [py_clob_client_v2] request error: Server disconnected
2026-07-26 01:11:44,156 - ERROR - [py_clob_client_v2] request error: Server disconnected
2026-07-26 01:11:44,156 - ERROR - 获取订单簿失败: 78944550857055117129... | PolyApiException[status_code=None, error_message=Request exception!]
2026-07-26 01:11:44,157 - ERROR - 获取订单簿失败: 62989135756466073777... | PolyApiException[status_code=None, error_message=Request exception!]
2026-07-26 01:11:45,152 - WARNING - [RETRY] 7894455085705511 bids不足2档，10s后重试
2026-07-26 01:11:45,154 - WARNING - [RETRY] 6298913575646607 bids不足2档，10s后重试
2026-07-26 01:12:02,366 - WARNING - [POSITION] 1115156244865748 best_bid=0.69 < 成本0.7500-0.05=0.7000，跳过卖出
2026-07-26 01:12:02,366 - WARNING - [POSITION] 1721634031738384 best_bid=0.21 < 成本0.2800-0.05=0.2300，跳过卖出
2026-07-26 01:14:13,485 - WARNING - [POSITION] 1115156244865748 best_bid=0.69 < 成本0.7500-0.05=0.7000，跳过卖出
2026-07-26 01:14:13,486 - WARNING - [POSITION] 1721634031738384 best_bid=0.21 < 成本0.2800-0.05=0.2300，跳过卖出
2026-07-26 01:16:22,932 - WARNING - [POSITION] 1115156244865748 best_bid=0.69 < 成本0.7500-0.05=0.7000，跳过卖出
2026-07-26 01:16:22,933 - WARNING - [POSITION] 1721634031738384 best_bid=0.21 < 成本0.2800-0.05=0.2300，跳过卖出
2026-07-26 01:17:16,980 - INFO - [BUY CONFIRMED] 未知 | No | size=1.8468 price=0.76
2026-07-26 01:18:23,099 - INFO - [BUY CONFIRMED] 未知 | No | size=18.9286 price=0.55
2026-07-26 01:18:31,884 - INFO - [BUY CONFIRMED] 未知 | No | size=18.9286 price=0.55
2026-07-26 01:18:33,189 - WARNING - [POSITION] 1115156244865748 best_bid=0.69 < 成本0.7500-0.05=0.7000，跳过卖出
2026-07-26 01:18:33,189 - WARNING - [POSITION] 1721634031738384 best_bid=0.21 < 成本0.2800-0.05=0.2300，跳过卖出
2026-07-26 01:18:33,463 - INFO - [MARKET SELL] Will the highest temperature in Madrid b | 37.8571 shares @ market
2026-07-26 01:18:34,631 - INFO - [MARKET SELL FILLED] 94699235378023318700 id=0x9de5dc0cbef9006009
2026-07-26 01:18:35,224 - INFO - [MARKET SELL] Will the highest temperature in Moscow b | 1.8468 shares @ market
2026-07-26 01:18:36,412 - INFO - [MARKET SELL FILLED] 50874506415732836120 id=0x5f8cbcb5fc50699965
2026-07-26 01:18:36,715 - INFO - [POSITION] 市价卖出 2 个持仓
2026-07-26 01:18:42,765 - INFO - [SELL CONFIRMED] 未知 | Yes | size=0.0000 price=0.45
2026-07-26 01:18:44,550 - INFO - [SELL CONFIRMED] 未知 | Yes | size=0.0000 price=0.24
2026-07-26 01:20:36,009 - WARNING - [POSITION] 1115156244865748 best_bid=0.69 < 成本0.7500-0.05=0.7000，跳过卖出
2026-07-26 01:20:36,010 - WARNING - [POSITION] 1721634031738384 best_bid=0.21 < 成本0.2800-0.05=0.2300，跳过卖出
2026-07-26 01:22:11,958 - ERROR - [BATCH CANCEL FAIL] 0xaeb0e9f385b3189b50... | order can't be found - already canceled or matched
2026-07-26 01:22:12,711 - ERROR - [BATCH CANCEL] 4178888341684015 取消失败，清空 active_id 进入冷却兜底
2026-07-26 01:22:13,770 - INFO - [BUY CONFIRMED] 未知 | Yes | size=50.0000 price=0.48
2026-07-26 01:22:45,936 - INFO - [MARKET SELL] Will the highest temperature in Amsterda | 50.0089 shares @ market
2026-07-26 01:22:47,077 - INFO - [MARKET SELL FILLED] 41788883416840155359 id=0x56130a47f30eb7b09a
2026-07-26 01:22:47,661 - INFO - [MARKET SELL] Will the highest temperature in Cape Tow | 50.0000 shares @ market
2026-07-26 01:22:48,826 - INFO - [MARKET SELL FILLED] 11151562448657487092 id=0x5a2e61f3e2abc008cc
2026-07-26 01:22:49,127 - WARNING - [POSITION] 1721634031738384 best_bid=0.21 < 成本0.2800-0.05=0.2300，跳过卖出
2026-07-26 01:22:49,127 - INFO - [POSITION] 市价卖出 2 个持仓
2026-07-26 01:22:56,107 - INFO - [SELL CONFIRMED] 未知 | No | size=0.0000 price=0.46
2026-07-26 01:22:57,369 - INFO - [SELL CONFIRMED] 未知 | No | size=0.0000 price=0.69
2026-07-26 01:24:25,568 - ERROR - [BATCH CANCEL FAIL] 0x56100b7052bc9c9d9c... | order can't be found - already canceled or matched
2026-07-26 01:24:26,296 - ERROR - [BATCH CANCEL] 8505070480005357 取消失败，清空 active_id 进入冷却兜底
2026-07-26 01:24:28,026 - INFO - [BUY CONFIRMED] 未知 | Yes | size=50.0000 price=0.54
2026-07-26 01:24:48,307 - WARNING - [POSITION] 1721634031738384 best_bid=0.21 < 成本0.2800-0.05=0.2300，跳过卖出
2026-07-26 01:24:48,592 - INFO - [MARKET SELL] Will the highest temperature in Wellingt | 50.0000 shares @ market
2026-07-26 01:24:49,816 - INFO - [MARKET SELL FILLED] 85050704800053571204 id=0x93beaab23512fe4297
2026-07-26 01:24:50,117 - INFO - [POSITION] 市价卖出 1 个持仓
2026-07-26 01:24:59,858 - INFO - [SELL CONFIRMED] 未知 | No | size=0.0000 price=0.41
2026-07-26 01:25:08,039 - ERROR - [py_clob_client_v2] request error: Server disconnected
2026-07-26 01:25:08,040 - ERROR - [py_clob_client_v2] request error: Server disconnected
2026-07-26 01:25:08,040 - ERROR - 获取订单簿失败: 90582497135316698783... | PolyApiException[status_code=None, error_message=Request exception!]
2026-07-26 01:25:08,041 - ERROR - 获取订单簿失败: 43598481828520894636... | PolyApiException[status_code=None, error_message=Request exception!]
2026-07-26 01:25:09,036 - WARNING - [RETRY] 9058249713531669 bids不足2档，10s后重试
2026-07-26 01:25:09,037 - WARNING - [RETRY] 4359848182852089 bids不足2档，10s后重试
2026-07-26 01:26:49,649 - WARNING - [POSITION] 1721634031738384 best_bid=0.21 < 成本0.2800-0.05=0.2300，跳过卖出
2026-07-26 01:28:58,461 - WARNING - [POSITION] 1721634031738384 best_bid=0.21 < 成本0.2800-0.05=0.2300，跳过卖出
2026-07-26 01:31:08,718 - WARNING - [POSITION] 1721634031738384 best_bid=0.21 < 成本0.2800-0.05=0.2300，跳过卖出
2026-07-26 01:31:38,791 - INFO - [SELL CONFIRMED] 未知 | No | size=20.0000 price=0.75
2026-07-26 01:33:18,167 - WARNING - [POSITION] 1721634031738384 best_bid=0.21 < 成本0.2800-0.05=0.2300，跳过卖出
2026-07-26 01:33:18,463 - INFO - [MARKET SELL] Will the highest temperature in Moscow b | 20.0000 shares @ market
2026-07-26 01:33:19,624 - INFO - [MARKET SELL FILLED] 36030073581810836986 id=0x07bfca6660908d55a9
2026-07-26 01:33:19,926 - INFO - [POSITION] 市价卖出 1 个持仓
2026-07-26 01:33:28,720 - INFO - [SELL CONFIRMED] 未知 | No | size=0.0000 price=0.75
2026-07-26 01:35:19,719 - WARNING - [POSITION] 1721634031738384 best_bid=0.21 < 成本0.2800-0.05=0.2300，跳过卖出
2026-07-26 01:37:29,400 - WARNING - [POSITION] 1721634031738384 best_bid=0.21 < 成本0.2800-0.05=0.2300，跳过卖出
2026-07-26 01:39:39,301 - WARNING - [POSITION] 1721634031738384 best_bid=0.22 < 成本0.2800-0.05=0.2300，跳过卖出
2026-07-26 01:41:39,304 - WARNING - [POSITION] 1721634031738384 best_bid=0.21 < 成本0.2800-0.05=0.2300，跳过卖出
2026-07-26 01:43:39,589 - WARNING - [POSITION] 1721634031738384 best_bid=0.22 < 成本0.2800-0.05=0.2300，跳过卖出
2026-07-26 01:45:49,321 - WARNING - [POSITION] 1721634031738384 best_bid=0.21 < 成本0.2800-0.05=0.2300，跳过卖出
2026-07-26 01:47:16,622 - ERROR - [py_clob_client_v2] request error: Server disconnected
2026-07-26 01:47:16,623 - ERROR - [py_clob_client_v2] request error: Server disconnected
2026-07-26 01:47:16,623 - ERROR - 获取订单簿失败: 50887481150574554451... | PolyApiException[status_code=None, error_message=Request exception!]
2026-07-26 01:47:16,623 - ERROR - 获取订单簿失败: 53329483868010818359... | PolyApiException[status_code=None, error_message=Request exception!]
2026-07-26 01:47:17,618 - WARNING - [RETRY] 5088748115057455 bids不足2档，10s后重试
2026-07-26 01:47:17,620 - WARNING - [RETRY] 5332948386801081 bids不足2档，10s后重试
2026-07-26 01:47:59,691 - WARNING - [POSITION] 1721634031738384 best_bid=0.21 < 成本0.2800-0.05=0.2300，跳过卖出
2026-07-26 01:49:26,068 - INFO - [BUY CONFIRMED] 未知 | No | size=1.2900 price=0.6
2026-07-26 01:49:29,880 - INFO - [BUY CONFIRMED] 未知 | No | size=1.7377 price=0.61
2026-07-26 01:49:30,644 - INFO - [BUY CONFIRMED] 未知 | No | size=17.4098 price=0.61
2026-07-26 01:50:10,022 - ERROR - [BATCH CANCEL FAIL] 0x2ad7d7a4dae4a7441a... | order can't be found - already canceled or matched
2026-07-26 01:50:10,264 - INFO - [BUY CONFIRMED] 未知 | Yes | size=50.0000 price=0.18
2026-07-26 01:50:11,915 - INFO - [MARKET SELL] Will the highest temperature in Chicago  | 50.0000 shares @ market
2026-07-26 01:50:13,081 - INFO - [MARKET SELL FILLED] 11749076130699034246 id=0xdad9e73cda621b0c52
2026-07-26 01:50:13,383 - WARNING - [POSITION] 1721634031738384 best_bid=0.21 < 成本0.2800-0.05=0.2300，跳过卖出
2026-07-26 01:50:13,658 - INFO - [MARKET SELL] Will the highest temperature in Kuala Lu | 20.4375 shares @ market
2026-07-26 01:50:14,758 - INFO - [MARKET SELL FILLED] 10494569070030466906 id=0x76efd3118d16ef36bb
2026-07-26 01:50:15,061 - INFO - [POSITION] 市价卖出 2 个持仓
2026-07-26 01:50:15,062 - ERROR - [BATCH CANCEL] 1174907613069903 取消失败，清空 active_id 进入冷却兜底
2026-07-26 01:50:20,784 - INFO - [SELL CONFIRMED] 未知 | No | size=0.0000 price=0.81
2026-07-26 01:50:22,850 - INFO - [SELL CONFIRMED] 未知 | Yes | size=0.0000 price=0.4
2026-07-26 01:50:26,227 - INFO - [SELL CONFIRMED] 未知 | Yes | size=28.8600 price=0.44
2026-07-26 01:52:14,240 - WARNING - [POSITION] 1721634031738384 best_bid=0.21 < 成本0.2800-0.05=0.2300，跳过卖出
2026-07-26 01:52:14,510 - INFO - [MARKET SELL] Will the highest temperature in Paris be | 28.8600 shares @ market
2026-07-26 01:52:15,655 - INFO - [MARKET SELL FILLED] 53455993005817050780 id=0x13d4bfe3d1f84294c3
2026-07-26 01:52:15,958 - INFO - [POSITION] 市价卖出 1 个持仓
2026-07-26 01:52:24,570 - INFO - [SELL CONFIRMED] 未知 | Yes | size=0.0000 price=0.44
2026-07-26 01:54:14,339 - WARNING - [POSITION] 1721634031738384 best_bid=0.21 < 成本0.2800-0.05=0.2300，跳过卖出
2026-07-26 01:54:29,195 - ERROR - [PLACE FAIL] 7771765134351852 price=0.33
2026-07-26 01:56:24,277 - WARNING - [POSITION] 1721634031738384 best_bid=0.21 < 成本0.2800-0.05=0.2300，跳过卖出
2026-07-26 01:56:58,260 - INFO - [BUY CONFIRMED] 未知 | Yes | size=23.3303 price=0.33
2026-07-26 01:58:34,703 - WARNING - [POSITION] 1721634031738384 best_bid=0.21 < 成本0.2800-0.05=0.2300，跳过卖出
2026-07-26 01:58:34,975 - INFO - [MARKET SELL] Will the highest temperature in Wellingt | 23.3303 shares @ market
2026-07-26 01:58:36,061 - INFO - [MARKET SELL FILLED] 38243337642566951496 id=0x0dea11bf515be2bee8
2026-07-26 01:58:36,363 - INFO - [POSITION] 市价卖出 1 个持仓
2026-07-26 01:58:46,200 - INFO - [SELL CONFIRMED] 未知 | No | size=0.0000 price=0.66
2026-07-26 02:00:35,341 - WARNING - [POSITION] 1721634031738384 best_bid=0.21 < 成本0.2800-0.05=0.2300，跳过卖出
2026-07-26 02:02:45,153 - WARNING - [POSITION] 1721634031738384 best_bid=0.21 < 成本0.2800-0.05=0.2300，跳过卖出
2026-07-26 02:04:54,668 - WARNING - [POSITION] 1721634031738384 best_bid=0.21 < 成本0.2800-0.05=0.2300，跳过卖出
2026-07-26 02:07:04,879 - WARNING - [POSITION] 1721634031738384 best_bid=0.21 < 成本0.2800-0.05=0.2300，跳过卖出
2026-07-26 02:09:15,996 - WARNING - [POSITION] 1721634031738384 best_bid=0.21 < 成本0.2800-0.05=0.2300，跳过卖出
2026-07-26 02:11:25,602 - WARNING - [POSITION] 1721634031738384 best_bid=0.21 < 成本0.2800-0.05=0.2300，跳过卖出
2026-07-26 02:13:35,478 - WARNING - [POSITION] 1721634031738384 best_bid=0.21 < 成本0.2800-0.05=0.2300，跳过卖出
2026-07-26 02:15:45,858 - WARNING - [POSITION] 1721634031738384 best_bid=0.21 < 成本0.2800-0.05=0.2300，跳过卖出
2026-07-26 02:17:55,316 - WARNING - [POSITION] 1721634031738384 best_bid=0.21 < 成本0.2800-0.05=0.2300，跳过卖出
2026-07-26 02:17:58,324 - ERROR - [py_clob_client_v2] request error: Server disconnected
2026-07-26 02:17:58,325 - ERROR - [py_clob_client_v2] request error: Server disconnected
2026-07-26 02:17:58,325 - ERROR - 获取订单簿失败: 24306805187790414764... | PolyApiException[status_code=None, error_message=Request exception!]
2026-07-26 02:17:58,326 - ERROR - 获取订单簿失败: 10987317953473631346... | PolyApiException[status_code=None, error_message=Request exception!]
2026-07-26 02:17:59,320 - WARNING - [RETRY] 2430680518779041 bids不足2档，10s后重试
2026-07-26 02:17:59,321 - WARNING - [RETRY] 1098731795347363 bids不足2档，10s后重试
2026-07-26 02:18:49,370 - INFO - [BUY CONFIRMED] 未知 | No | size=1.4100 price=0.75
2026-07-26 02:19:49,392 - INFO - [SELL CONFIRMED] 未知 | Yes | size=3.6000 price=0.36
2026-07-26 02:20:05,035 - WARNING - [POSITION] 1721634031738384 best_bid=0.21 < 成本0.2800-0.05=0.2300，跳过卖出
2026-07-26 02:20:05,314 - INFO - [MARKET SELL] Will the highest temperature in Cape Tow | 3.6000 shares @ market
2026-07-26 02:20:06,421 - INFO - [MARKET SELL FILLED] 31189714745873609345 id=0xd56143bef849aa2102
2026-07-26 02:20:06,996 - INFO - [MARKET SELL] Will the highest temperature in Chengdu  | 1.4100 shares @ market
2026-07-26 02:20:08,160 - INFO - [MARKET SELL FILLED] 10148491209079119399 id=0xa5bef704ee68ad056f
2026-07-26 02:20:08,461 - INFO - [POSITION] 市价卖出 2 个持仓
2026-07-26 02:20:14,439 - INFO - [SELL CONFIRMED] 未知 | Yes | size=0.0000 price=0.36
2026-07-26 02:20:17,744 - INFO - [SELL CONFIRMED] 未知 | Yes | size=0.0000 price=0.24
2026-07-26 02:22:07,833 - WARNING - [POSITION] 1721634031738384 best_bid=0.21 < 成本0.2800-0.05=0.2300，跳过卖出
2026-07-26 02:22:41,387 - ERROR - [BATCH CANCEL FAIL] 0x46bda6942166cda000... | order can't be found - already canceled or matched
2026-07-26 02:22:41,917 - ERROR - [BATCH CANCEL] 1128610682086962 取消失败，清空 active_id 进入冷却兜底
2026-07-26 02:22:45,622 - INFO - [BUY CONFIRMED] 未知 | No | size=1.3900 price=0.69
2026-07-26 02:22:45,740 - INFO - [BUY CONFIRMED] 未知 | No | size=10.0000 price=0.69
2026-07-26 02:22:46,777 - INFO - [SELL CONFIRMED] 未知 | Yes | size=17.7300 price=0.31
2026-07-26 02:22:46,778 - INFO - [BUY CONFIRMED] 未知 | No | size=5.8800 price=0.69
2026-07-26 02:22:46,807 - INFO - [BUY CONFIRMED] 未知 | No | size=15.0000 price=0.69
2026-07-26 02:24:18,372 - WARNING - [POSITION] 1128610682086962 best_bid=0.25 < 成本0.3100-0.05=0.2600，跳过卖出
2026-07-26 02:24:18,372 - WARNING - [POSITION] 1721634031738384 best_bid=0.21 < 成本0.2800-0.05=0.2300，跳过卖出
2026-07-26 02:26:28,165 - INFO - [MARKET SELL] Will the highest temperature in Munich b | 50.0000 shares @ market
2026-07-26 02:26:29,294 - INFO - [MARKET SELL FILLED] 11286106820869621711 id=0x4ac11e463d2088677f
2026-07-26 02:26:29,596 - WARNING - [POSITION] 1721634031738384 best_bid=0.21 < 成本0.2800-0.05=0.2300，跳过卖出
2026-07-26 02:26:29,596 - INFO - [POSITION] 市价卖出 1 个持仓
2026-07-26 02:26:37,432 - INFO - [SELL CONFIRMED] 未知 | Yes | size=0.0000 price=0.3
2026-07-26 02:28:28,331 - WARNING - [POSITION] 1721634031738384 best_bid=0.21 < 成本0.2800-0.05=0.2300，跳过卖出
2026-07-26 02:30:37,849 - WARNING - [POSITION] 1721634031738384 best_bid=0.21 < 成本0.2800-0.05=0.2300，跳过卖出
2026-07-26 02:31:16,113 - INFO - [SELL CONFIRMED] 未知 | No | size=11.5600 price=0.68
2026-07-26 02:31:17,534 - INFO - [BUY CONFIRMED] 未知 | Yes | size=3.1250 price=0.32
2026-07-26 02:32:47,029 - WARNING - [POSITION] 1721634031738384 best_bid=0.21 < 成本0.2800-0.05=0.2300，跳过卖出
2026-07-26 02:32:47,290 - INFO - [MARKET SELL] Will the highest temperature in Chongqin | 14.6850 shares @ market
2026-07-26 02:32:48,505 - INFO - [MARKET SELL FILLED] 95318386005167830347 id=0x93633d676f60c2dfbf
2026-07-26 02:32:48,807 - INFO - [POSITION] 市价卖出 1 个持仓
2026-07-26 02:32:58,034 - INFO - [SELL CONFIRMED] 未知 | No | size=0.0000 price=0.66
2026-07-26 02:33:28,992 - ERROR - [py_clob_client_v2] request error: Server disconnected
2026-07-26 02:33:28,992 - ERROR - [py_clob_client_v2] request error: Server disconnected
2026-07-26 02:33:28,993 - ERROR - 获取订单簿失败: 13217715762575958875... | PolyApiException[status_code=None, error_message=Request exception!]
2026-07-26 02:33:28,993 - ERROR - 获取订单簿失败: 73651548128828061518... | PolyApiException[status_code=None, error_message=Request exception!]
2026-07-26 02:33:29,987 - WARNING - [RETRY] 1321771576257595 bids不足2档，10s后重试
2026-07-26 02:33:29,987 - WARNING - [RETRY] 7365154812882806 bids不足2档，10s后重试
2026-07-26 02:34:48,910 - WARNING - [POSITION] 1721634031738384 best_bid=0.21 < 成本0.2800-0.05=0.2300，跳过卖出
2026-07-26 02:36:59,466 - WARNING - [POSITION] 1721634031738384 best_bid=0.21 < 成本0.2800-0.05=0.2300，跳过卖出
2026-07-26 02:37:16,320 - INFO - [BUY CONFIRMED] 未知 | No | size=4.1613 price=0.62
2026-07-26 02:37:43,674 - ERROR - [py_clob_client_v2] request error: Server disconnected
2026-07-26 02:37:43,674 - ERROR - [py_clob_client_v2] request error: Server disconnected
2026-07-26 02:37:43,674 - ERROR - 获取订单簿失败: 41825121706094852220... | PolyApiException[status_code=None, error_message=Request exception!]
2026-07-26 02:37:43,675 - ERROR - 获取订单簿失败: 87155483272461532228... | PolyApiException[status_code=None, error_message=Request exception!]
2026-07-26 02:37:44,669 - WARNING - [RETRY] 4182512170609485 bids不足2档，10s后重试
2026-07-26 02:37:44,670 - WARNING - [RETRY] 8715548327246153 bids不足2档，10s后重试
2026-07-26 02:39:08,873 - WARNING - [POSITION] 1721634031738384 best_bid=0.21 < 成本0.2800-0.05=0.2300，跳过卖出
2026-07-26 02:39:09,136 - INFO - [MARKET SELL] Will the highest temperature in Tokyo be | 4.1613 shares @ market
2026-07-26 02:39:10,223 - INFO - [MARKET SELL FILLED] 86190527527281628535 id=0xfc6361851be26b8981
2026-07-26 02:39:10,524 - INFO - [POSITION] 市价卖出 1 个持仓
2026-07-26 02:39:19,696 - INFO - [SELL CONFIRMED] 未知 | Yes | size=0.0000 price=0.38
2026-07-26 02:39:53,047 - ERROR - [py_clob_client_v2] request error: Server disconnected
2026-07-26 02:39:53,048 - ERROR - [py_clob_client_v2] request error: Server disconnected
2026-07-26 02:39:53,048 - ERROR - 获取订单簿失败: 43598481828520894636... | PolyApiException[status_code=None, error_message=Request exception!]
2026-07-26 02:39:53,053 - ERROR - 获取订单簿失败: 62472299953955431518... | PolyApiException[status_code=None, error_message=Request exception!]
2026-07-26 02:39:54,046 - WARNING - [RETRY] 4359848182852089 bids不足2档，10s后重试
2026-07-26 02:39:54,052 - WARNING - [RETRY] 6247229995395543 bids不足2档，10s后重试
2026-07-26 02:41:09,460 - WARNING - [POSITION] 1721634031738384 best_bid=0.21 < 成本0.2800-0.05=0.2300，跳过卖出
2026-07-26 02:41:47,337 - INFO - [BUY CONFIRMED] 未知 | No | size=5.0000 price=0.64
2026-07-26 02:43:17,384 - ERROR - [py_clob_client_v2] request error: Server disconnected
2026-07-26 02:43:17,384 - ERROR - [py_clob_client_v2] request error: Server disconnected
2026-07-26 02:43:17,384 - ERROR - [BATCH CANCEL ERR] 1 条 | PolyApiException[status_code=None, error_message=Request exception!]
2026-07-26 02:43:17,385 - ERROR - 查询订单失败: PolyApiException[status_code=None, error_message=Request exception!]
2026-07-26 02:43:17,386 - WARNING - [AUDIT] 1119837095753961 订单丢失纠偏
2026-07-26 02:43:17,386 - WARNING - [AUDIT] 6874550136356778 订单丢失纠偏
2026-07-26 02:43:17,386 - WARNING - [AUDIT] 1066316183990326 订单丢失纠偏
2026-07-26 02:43:17,386 - WARNING - [AUDIT] 7397296944522975 订单丢失纠偏
2026-07-26 02:43:17,386 - WARNING - [AUDIT] 9837755118557191 订单丢失纠偏
2026-07-26 02:43:17,386 - WARNING - [AUDIT] 9066513400705791 订单丢失纠偏
2026-07-26 02:43:17,386 - WARNING - [AUDIT] 1106821708248122 订单丢失纠偏
2026-07-26 02:43:17,386 - WARNING - [AUDIT] 6483454204626439 订单丢失纠偏
2026-07-26 02:43:17,386 - WARNING - [AUDIT] 2390687987214933 订单丢失纠偏
2026-07-26 02:43:17,387 - WARNING - [AUDIT] 7005874744115631 订单丢失纠偏
2026-07-26 02:43:17,387 - WARNING - [AUDIT] 4249356416804093 订单丢失纠偏
2026-07-26 02:43:17,387 - WARNING - [AUDIT] 5146491718425298 订单丢失纠偏
2026-07-26 02:43:17,387 - WARNING - [AUDIT] 5758639915850164 订单丢失纠偏
2026-07-26 02:43:17,387 - WARNING - [AUDIT] 8966153070370760 订单丢失纠偏
2026-07-26 02:43:17,387 - WARNING - [AUDIT] 9720191017932273 订单丢失纠偏
2026-07-26 02:43:17,387 - WARNING - [AUDIT] 1044742684502499 订单丢失纠偏
2026-07-26 02:43:17,387 - WARNING - [AUDIT] 1105374499294776 订单丢失纠偏
2026-07-26 02:43:17,388 - WARNING - [AUDIT] 8005902705451174 订单丢失纠偏
2026-07-26 02:43:17,388 - WARNING - [AUDIT] 6557498400099348 订单丢失纠偏
2026-07-26 02:43:17,388 - WARNING - [AUDIT] 1024682307942098 订单丢失纠偏
2026-07-26 02:43:17,388 - WARNING - [AUDIT] 2079356340111763 订单丢失纠偏
2026-07-26 02:43:17,389 - WARNING - [AUDIT] 2430680518779041 订单丢失纠偏
2026-07-26 02:43:17,389 - WARNING - [AUDIT] 5717826880009008 订单丢失纠偏
2026-07-26 02:43:17,389 - WARNING - [AUDIT] 6544330739190141 订单丢失纠偏
2026-07-26 02:43:17,389 - WARNING - [AUDIT] 2995812971963878 订单丢失纠偏
2026-07-26 02:43:17,390 - WARNING - [AUDIT] 1085611849418005 订单丢失纠偏
2026-07-26 02:43:17,390 - WARNING - [AUDIT] 8863667208686160 订单丢失纠偏
2026-07-26 02:43:17,390 - WARNING - [AUDIT] 4284268933844100 订单丢失纠偏
2026-07-26 02:43:17,390 - WARNING - [AUDIT] 1056932128893739 订单丢失纠偏
2026-07-26 02:43:17,390 - WARNING - [AUDIT] 1381205224460175 订单丢失纠偏
2026-07-26 02:43:17,391 - WARNING - [AUDIT] 6233174879687829 订单丢失纠偏
2026-07-26 02:43:17,391 - WARNING - [AUDIT] 5334420285762421 订单丢失纠偏
2026-07-26 02:43:17,391 - WARNING - [AUDIT] 1278161378705403 订单丢失纠偏
2026-07-26 02:43:17,391 - WARNING - [AUDIT] 6267254677759651 订单丢失纠偏
2026-07-26 02:43:17,392 - WARNING - [AUDIT] 1656137732921489 订单丢失纠偏
2026-07-26 02:43:17,392 - WARNING - [AUDIT] 4235959381390365 订单丢失纠偏
2026-07-26 02:43:17,392 - WARNING - [AUDIT] 5478163231229741 订单丢失纠偏
2026-07-26 02:43:17,392 - WARNING - [AUDIT] 1120239099657398 订单丢失纠偏
2026-07-26 02:43:17,393 - WARNING - [AUDIT] 8904532322090447 订单丢失纠偏
2026-07-26 02:43:17,393 - WARNING - [AUDIT] 3819567267277004 订单丢失纠偏
2026-07-26 02:43:17,393 - WARNING - [AUDIT] 5332948386801081 订单丢失纠偏
2026-07-26 02:43:17,394 - WARNING - [AUDIT] 6757634624811326 订单丢失纠偏
2026-07-26 02:43:17,394 - WARNING - [AUDIT] 6470697278022110 订单丢失纠偏
2026-07-26 02:43:17,395 - WARNING - [AUDIT] 6041708460280095 订单丢失纠偏
2026-07-26 02:43:17,395 - WARNING - [AUDIT] 3710895557359617 订单丢失纠偏
2026-07-26 02:43:17,395 - WARNING - [AUDIT] 4328682906409765 订单丢失纠偏
2026-07-26 02:43:17,395 - WARNING - [AUDIT] 9437822760523581 订单丢失纠偏
2026-07-26 02:43:17,395 - WARNING - [AUDIT] 6779698626799914 订单丢失纠偏
2026-07-26 02:43:17,395 - WARNING - [AUDIT] 7562176890939311 订单丢失纠偏
2026-07-26 02:43:17,395 - WARNING - [AUDIT] 7782696110567681 订单丢失纠偏
2026-07-26 02:43:17,395 - WARNING - [AUDIT] 7127692091126383 订单丢失纠偏
2026-07-26 02:43:17,395 - WARNING - [AUDIT] 9180078360769772 订单丢失纠偏
2026-07-26 02:43:17,395 - WARNING - [AUDIT] 8586181509366869 订单丢失纠偏
2026-07-26 02:43:17,397 - WARNING - [AUDIT] 2208155127732861 订单丢失纠偏
2026-07-26 02:43:17,397 - WARNING - [AUDIT] 1132729229586351 订单丢失纠偏
2026-07-26 02:43:17,397 - WARNING - [AUDIT] 1483748930642911 订单丢失纠偏
2026-07-26 02:43:17,397 - WARNING - [AUDIT] 2655615363650516 订单丢失纠偏
2026-07-26 02:43:17,397 - WARNING - [AUDIT] 1083400045190283 订单丢失纠偏
2026-07-26 02:43:17,398 - WARNING - [AUDIT] 9759153015208529 订单丢失纠偏
2026-07-26 02:43:17,398 - WARNING - [AUDIT] 9482311821669811 订单丢失纠偏
2026-07-26 02:43:17,398 - WARNING - [AUDIT] 9856548766049528 订单丢失纠偏
2026-07-26 02:43:17,398 - WARNING - [AUDIT] 3629966886959701 订单丢失纠偏
2026-07-26 02:43:17,398 - WARNING - [AUDIT] 2949610620480626 订单丢失纠偏
2026-07-26 02:43:17,399 - WARNING - [AUDIT] 6891302762936227 订单丢失纠偏
2026-07-26 02:43:17,399 - WARNING - [AUDIT] 5474328512051291 订单丢失纠偏
2026-07-26 02:43:17,399 - WARNING - [AUDIT] 6370564337515667 订单丢失纠偏
2026-07-26 02:43:17,399 - WARNING - [AUDIT] 1122290238846423 订单丢失纠偏
2026-07-26 02:43:17,399 - WARNING - [AUDIT] 1142362348205364 订单丢失纠偏
2026-07-26 02:43:17,399 - WARNING - [AUDIT] 6298913575646607 订单丢失纠偏
2026-07-26 02:43:17,399 - WARNING - [AUDIT] 5908527933595275 订单丢失纠偏
2026-07-26 02:43:17,399 - WARNING - [AUDIT] 1023968098943455 订单丢失纠偏
2026-07-26 02:43:17,399 - WARNING - [AUDIT] 9235509151540838 订单丢失纠偏
2026-07-26 02:43:17,399 - WARNING - [AUDIT] 7716660935691121 订单丢失纠偏
2026-07-26 02:43:17,399 - WARNING - [AUDIT] 3928109796710302 订单丢失纠偏
2026-07-26 02:43:17,399 - WARNING - [AUDIT] 3200257782952684 订单丢失纠偏
2026-07-26 02:43:17,399 - WARNING - [AUDIT] 6857490566110892 订单丢失纠偏
2026-07-26 02:43:17,399 - WARNING - [AUDIT] 5628511346857065 订单丢失纠偏
2026-07-26 02:43:17,403 - WARNING - [AUDIT] 5400023606927064 订单丢失纠偏
2026-07-26 02:43:17,403 - WARNING - [AUDIT] 4077520573859932 订单丢失纠偏
2026-07-26 02:43:17,403 - WARNING - [AUDIT] 9142474180320462 订单丢失纠偏
2026-07-26 02:43:17,403 - WARNING - [AUDIT] 7034589406495165 订单丢失纠偏
2026-07-26 02:43:17,403 - WARNING - [AUDIT] 9827594619043403 订单丢失纠偏
2026-07-26 02:43:17,403 - WARNING - [AUDIT] 8418389654420406 订单丢失纠偏
2026-07-26 02:43:17,403 - WARNING - [AUDIT] 9058249713531669 订单丢失纠偏
2026-07-26 02:43:17,403 - WARNING - [AUDIT] 7307652131039737 订单丢失纠偏
2026-07-26 02:43:17,403 - WARNING - [AUDIT] 1506475623836431 订单丢失纠偏
2026-07-26 02:43:17,403 - WARNING - [AUDIT] 2598495301689239 订单丢失纠偏
2026-07-26 02:43:17,403 - WARNING - [AUDIT] 3118971474587360 订单丢失纠偏
2026-07-26 02:43:17,404 - WARNING - [AUDIT] 7859769022347643 订单丢失纠偏
2026-07-26 02:43:17,404 - WARNING - [AUDIT] 1014849120907911 订单丢失纠偏
2026-07-26 02:43:17,404 - WARNING - [AUDIT] 4700602299327930 订单丢失纠偏
2026-07-26 02:43:17,404 - WARNING - [AUDIT] 6605524220988181 订单丢失纠偏
2026-07-26 02:43:17,404 - WARNING - [AUDIT] 3468012421214440 订单丢失纠偏
2026-07-26 02:43:17,404 - WARNING - [AUDIT] 1028335908812660 订单丢失纠偏
2026-07-26 02:43:17,404 - WARNING - [AUDIT] 8173045341591020 订单丢失纠偏
2026-07-26 02:43:17,404 - WARNING - [AUDIT] 8400377926127907 订单丢失纠偏
2026-07-26 02:43:17,404 - WARNING - [AUDIT] 8901810389034394 订单丢失纠偏
2026-07-26 02:43:17,404 - WARNING - [AUDIT] 5087450641573283 订单丢失纠偏
2026-07-26 02:43:17,404 - WARNING - [AUDIT] 1155613935322376 订单丢失纠偏
2026-07-26 02:43:17,404 - WARNING - [AUDIT] 8004332154956267 订单丢失纠偏
2026-07-26 02:43:17,404 - WARNING - [AUDIT] 1212357990904605 订单丢失纠偏
2026-07-26 02:43:17,404 - WARNING - [AUDIT] 4425682531915888 订单丢失纠偏
2026-07-26 02:43:17,404 - WARNING - [AUDIT] 9432527639737248 订单丢失纠偏
2026-07-26 02:43:17,404 - WARNING - [AUDIT] 2696001886368504 订单丢失纠偏
2026-07-26 02:43:17,404 - WARNING - [AUDIT] 7365154812882806 订单丢失纠偏
2026-07-26 02:43:17,407 - WARNING - [AUDIT] 1122933762590464 订单丢失纠偏
2026-07-26 02:43:17,407 - WARNING - [AUDIT] 7962467130749822 订单丢失纠偏
2026-07-26 02:43:17,407 - WARNING - [AUDIT] 1098731795347363 订单丢失纠偏
2026-07-26 02:43:17,407 - WARNING - [AUDIT] 1113935572848191 订单丢失纠偏
2026-07-26 02:43:17,408 - WARNING - [AUDIT] 1140189237725090 订单丢失纠偏
2026-07-26 02:43:17,408 - WARNING - [AUDIT] 2127432728972959 订单丢失纠偏
2026-07-26 02:43:17,408 - WARNING - [AUDIT] 5755722576457293 订单丢失纠偏
2026-07-26 02:43:17,408 - WARNING - [AUDIT] 8505070480005357 订单丢失纠偏
2026-07-26 02:43:17,408 - WARNING - [AUDIT] 4182512170609485 订单丢失纠偏
2026-07-26 02:43:17,409 - WARNING - [AUDIT] 8715548327246153 订单丢失纠偏
2026-07-26 02:43:17,409 - WARNING - [AUDIT] 7732765153400893 订单丢失纠偏
2026-07-26 02:43:17,409 - WARNING - [AUDIT] 3603007358181083 订单丢失纠偏
2026-07-26 02:43:17,409 - WARNING - [AUDIT] 4497653037851776 订单丢失纠偏
2026-07-26 02:43:17,409 - WARNING - [AUDIT] 8067334800834858 订单丢失纠偏
2026-07-26 02:43:17,409 - WARNING - [AUDIT] 1004745150683798 订单丢失纠偏
2026-07-26 02:43:17,410 - WARNING - [AUDIT] 1004770125024061 订单丢失纠偏
2026-07-26 02:43:17,410 - WARNING - [AUDIT] 2786227705698093 订单丢失纠偏
2026-07-26 02:43:17,410 - WARNING - [AUDIT] 4359848182852089 订单丢失纠偏
2026-07-26 02:43:17,410 - WARNING - [AUDIT] 1106855120307329 订单丢失纠偏
2026-07-26 02:43:17,410 - WARNING - [AUDIT] 7461642495735779 订单丢失纠偏
2026-07-26 02:43:17,410 - WARNING - [AUDIT] 1559454102025990 订单丢失纠偏
2026-07-26 02:43:17,410 - WARNING - [AUDIT] 2062547209558914 订单丢失纠偏
2026-07-26 02:43:17,410 - WARNING - [AUDIT] 3880214381478715 订单丢失纠偏
2026-07-26 02:43:17,410 - WARNING - [AUDIT] 2072705868575509 订单丢失纠偏
2026-07-26 02:43:17,410 - WARNING - [AUDIT] 1321771576257595 订单丢失纠偏
2026-07-26 02:43:17,411 - WARNING - [AUDIT] 6569048117759605 订单丢失纠偏
2026-07-26 02:43:17,411 - WARNING - [AUDIT] 1840215267171060 订单丢失纠偏
2026-07-26 02:43:17,411 - WARNING - [AUDIT] 7699935234554420 订单丢失纠偏
2026-07-26 02:43:17,411 - WARNING - [AUDIT] 1094523539368479 订单丢失纠偏
2026-07-26 02:43:17,411 - WARNING - [AUDIT] 1084979190350709 订单丢失纠偏
2026-07-26 02:43:17,411 - WARNING - [AUDIT] 7991897754437606 订单丢失纠偏
2026-07-26 02:43:17,411 - WARNING - [AUDIT] 3575514000129505 订单丢失纠偏
2026-07-26 02:43:17,411 - WARNING - [AUDIT] 5807189845978002 订单丢失纠偏
2026-07-26 02:43:17,411 - WARNING - [AUDIT] 6247229995395543 订单丢失纠偏
2026-07-26 02:43:17,411 - WARNING - [AUDIT] 1058272885184291 订单丢失纠偏
2026-07-26 02:43:17,411 - WARNING - [AUDIT] 8619052752728162 订单丢失纠偏
2026-07-26 02:43:17,411 - WARNING - [AUDIT] 1019456511631288 订单丢失纠偏
2026-07-26 02:43:17,411 - WARNING - [AUDIT] 5388315108530926 订单丢失纠偏
2026-07-26 02:43:17,411 - WARNING - [AUDIT] 3789780788929495 订单丢失纠偏
2026-07-26 02:43:17,411 - WARNING - [AUDIT] 3489824195446315 订单丢失纠偏
2026-07-26 02:43:17,411 - WARNING - [AUDIT] 1128610682086962 订单丢失纠偏
2026-07-26 02:43:17,411 - WARNING - [AUDIT] 4152795695875633 订单丢失纠偏
2026-07-26 02:43:17,411 - WARNING - [AUDIT] 6498331982019577 订单丢失纠偏
2026-07-26 02:43:17,411 - WARNING - [AUDIT] 1152942387260099 订单丢失纠偏
2026-07-26 02:43:17,413 - WARNING - [AUDIT] 3824333764256695 订单丢失纠偏
2026-07-26 02:43:17,413 - WARNING - [AUDIT] 5232055306777190 订单丢失纠偏
2026-07-26 02:43:17,413 - WARNING - [AUDIT] 6442945039247464 订单丢失纠偏
2026-07-26 02:43:17,413 - WARNING - [AUDIT] 4838734030349730 订单丢失纠偏
2026-07-26 02:43:17,413 - WARNING - [AUDIT] 4377215191961699 订单丢失纠偏
2026-07-26 02:43:17,413 - WARNING - [AUDIT] 1098777813009269 订单丢失纠偏
2026-07-26 02:43:17,413 - WARNING - [AUDIT] 8388103973897560 订单丢失纠偏
2026-07-26 02:43:17,413 - WARNING - [AUDIT] 1049456907003046 订单丢失纠偏
2026-07-26 02:43:18,483 - WARNING - [POSITION] 1721634031738384 best_bid=0.21 < 成本0.2800-0.05=0.2300，跳过卖出
2026-07-26 02:43:18,748 - INFO - [MARKET SELL] Will the highest temperature in Istanbul | 5.0000 shares @ market
2026-07-26 02:43:19,810 - INFO - [MARKET SELL FILLED] 58759965288667484194 id=0x2267220ebd8fe34c4a
2026-07-26 02:43:20,111 - INFO - [POSITION] 市价卖出 1 个持仓
2026-07-26 02:43:20,112 - ERROR - [BATCH CANCEL] 5672525364659942 取消失败，清空 active_id 进入冷却兜底
2026-07-26 02:43:28,930 - INFO - [SELL CONFIRMED] 未知 | Yes | size=0.0000 price=0.34
2026-07-26 02:45:19,281 - WARNING - [POSITION] 1721634031738384 best_bid=0.21 < 成本0.2800-0.05=0.2300，跳过卖出
2026-07-26 02:45:19,544 - ERROR - [py_clob_client_v2] request error: Server disconnected
2026-07-26 02:45:19,544 - ERROR - [py_clob_client_v2] request error: Server disconnected
2026-07-26 02:45:19,544 - ERROR - 获取订单簿失败: 51464917184252980059... | PolyApiException[status_code=None, error_message=Request exception!]
2026-07-26 02:45:19,545 - ERROR - [py_clob_client_v2] request error: Server disconnected
2026-07-26 02:45:19,545 - ERROR - 获取订单簿失败: 89661530703707604856... | PolyApiException[status_code=None, error_message=Request exception!]
2026-07-26 02:45:19,545 - ERROR - [py_clob_client_v2] request error: Server disconnected
2026-07-26 02:45:19,546 - ERROR - [py_clob_client_v2] request error: Server disconnected
2026-07-26 02:45:19,546 - ERROR - [py_clob_client_v2] request error: Server disconnected
2026-07-26 02:45:19,546 - ERROR - 获取订单簿失败: 97201910179322738348... | PolyApiException[status_code=None, error_message=Request exception!]
2026-07-26 02:45:19,546 - ERROR - [py_clob_client_v2] request error: Server disconnected
2026-07-26 02:45:19,547 - ERROR - 获取订单簿失败: 70058747441156319520... | PolyApiException[status_code=None, error_message=Request exception!]
2026-07-26 02:45:19,547 - ERROR - 获取订单簿失败: 57586399158501642324... | PolyApiException[status_code=None, error_message=Request exception!]
2026-07-26 02:45:19,548 - ERROR - 获取订单簿失败: 42493564168040937104... | PolyApiException[status_code=None, error_message=Request exception!]
2026-07-26 02:45:19,549 - ERROR - 获取订单簿失败: 10447426845024993146... | PolyApiException[status_code=None, error_message=Request exception!]
2026-07-26 02:45:20,285 - WARNING - [RETRY] 7005874744115631 bids不足2档，10s后重试
2026-07-26 02:45:20,287 - WARNING - [RETRY] 4249356416804093 bids不足2档，10s后重试
2026-07-26 02:45:20,287 - WARNING - [RETRY] 5146491718425298 bids不足2档，10s后重试
2026-07-26 02:45:20,288 - WARNING - [RETRY] 5758639915850164 bids不足2档，10s后重试
2026-07-26 02:45:20,288 - WARNING - [RETRY] 8966153070370760 bids不足2档，10s后重试
2026-07-26 02:45:20,288 - WARNING - [RETRY] 9720191017932273 bids不足2档，10s后重试
2026-07-26 02:45:20,289 - WARNING - [RETRY] 1044742684502499 bids不足2档，10s后重试
2026-07-26 02:47:20,078 - WARNING - [POSITION] 1721634031738384 best_bid=0.21 < 成本0.2800-0.05=0.2300，跳过卖出
2026-07-26 02:49:30,481 - WARNING - [POSITION] 1721634031738384 best_bid=0.21 < 成本0.2800-0.05=0.2300，跳过卖出
2026-07-26 02:51:40,471 - WARNING - [POSITION] 1721634031738384 best_bid=0.21 < 成本0.2800-0.05=0.2300，跳过卖出
2026-07-26 02:51:56,395 - INFO - [BUY CONFIRMED] 未知 | No | size=50.0000 price=0.63
2026-07-26 02:53:51,063 - WARNING - [POSITION] 1721634031738384 best_bid=0.21 < 成本0.2800-0.05=0.2300，跳过卖出
2026-07-26 02:53:51,065 - WARNING - [POSITION] 3710895557359617 best_bid=0.3 < 成本0.3700-0.05=0.3200，跳过卖出
2026-07-26 02:56:01,240 - WARNING - [POSITION] 1721634031738384 best_bid=0.21 < 成本0.2800-0.05=0.2300，跳过卖出
2026-07-26 02:56:01,484 - INFO - [MARKET SELL] Will the highest temperature in Miami be | 50.0000 shares @ market
2026-07-26 02:56:02,139 - INFO - [MARKET SELL FILLED] 37108955573596171518 id=0xe63deea4d0587e23c4
2026-07-26 02:56:02,441 - INFO - [POSITION] 市价卖出 1 个持仓
2026-07-26 02:56:11,054 - INFO - [SELL CONFIRMED] 未知 | Yes | size=0.0000 price=0.33
2026-07-26 02:58:02,324 - WARNING - [POSITION] 1721634031738384 best_bid=0.21 < 成本0.2800-0.05=0.2300，跳过卖出
2026-07-26 03:00:02,565 - WARNING - [POSITION] 1721634031738384 best_bid=0.21 < 成本0.2800-0.05=0.2300，跳过卖出
2026-07-26 03:02:12,683 - WARNING - [POSITION] 1721634031738384 best_bid=0.21 < 成本0.2800-0.05=0.2300，跳过卖出
2026-07-26 03:03:04,883 - INFO - [BUY CONFIRMED] 未知 | No | size=16.8485 price=0.65
2026-07-26 03:04:13,087 - WARNING - [POSITION] 1721634031738384 best_bid=0.21 < 成本0.2800-0.05=0.2300，跳过卖出
2026-07-26 03:04:13,352 - INFO - [MARKET SELL] Will the highest temperature in London b | 16.8485 shares @ market
2026-07-26 03:04:14,436 - INFO - [MARKET SELL FILLED] 59085279335952758991 id=0xc79987c2173c0b19a9
2026-07-26 03:04:14,737 - INFO - [POSITION] 市价卖出 1 个持仓
2026-07-26 03:04:21,891 - INFO - [SELL CONFIRMED] 未知 | Yes | size=0.0000 price=0.35
2026-07-26 03:06:14,968 - WARNING - [POSITION] 1721634031738384 best_bid=0.21 < 成本0.2800-0.05=0.2300，跳过卖出
2026-07-26 03:07:29,322 - INFO - [BUY CONFIRMED] 未知 | No | size=3.3800 price=0.65
2026-07-26 03:07:29,924 - INFO - [BUY CONFIRMED] 未知 | No | size=14.7846 price=0.65
2026-07-26 03:08:13,835 - WARNING - [POSITION] 1721634031738384 best_bid=0.21 < 成本0.2800-0.05=0.2300，跳过卖出
2026-07-26 03:08:14,109 - INFO - [MARKET SELL] Will the highest temperature in Milan be | 18.1646 shares @ market
2026-07-26 03:08:15,178 - INFO - [MARKET SELL FILLED] 44976530378517765462 id=0x8e03eb0f09fe7c0e0d
2026-07-26 03:08:15,479 - INFO - [POSITION] 市价卖出 1 个持仓
2026-07-26 03:08:23,670 - INFO - [SELL CONFIRMED] 未知 | Yes | size=0.0000 price=0.4
2026-07-26 03:08:37,011 - ERROR - [py_clob_client_v2] request error: Server disconnected
2026-07-26 03:08:37,012 - ERROR - [py_clob_client_v2] request error: Server disconnected
2026-07-26 03:08:37,013 - ERROR - [BATCH CANCEL ERR] 4 条 | PolyApiException[status_code=None, error_message=Request exception!]
2026-07-26 03:08:37,013 - ERROR - 获取订单簿失败: 54000236069270640100... | PolyApiException[status_code=None, error_message=Request exception!]
2026-07-26 03:08:37,883 - ERROR - [BATCH CANCEL] 6418440471939388 取消失败，清空 active_id 进入冷却兜底
2026-07-26 03:08:37,883 - ERROR - [BATCH CANCEL] 8505070480005357 取消失败，清空 active_id 进入冷却兜底
2026-07-26 03:08:37,884 - ERROR - [BATCH CANCEL] 3824333764256695 取消失败，清空 active_id 进入冷却兜底
2026-07-26 03:08:37,884 - ERROR - [BATCH CANCEL] 1023968098943455 取消失败，清空 active_id 进入冷却兜底
2026-07-26 03:08:37,884 - WARNING - [RETRY] 5400023606927064 bids不足2档，10s后重试
2026-07-26 03:09:44,420 - INFO - [SELL CONFIRMED] 未知 | No | size=2.7300 price=0.76
2026-07-26 03:09:45,883 - INFO - [SELL CONFIRMED] 未知 | No | size=20.0000 price=0.76
2026-07-26 03:10:14,175 - WARNING - [POSITION] 1721634031738384 best_bid=0.21 < 成本0.2800-0.05=0.2300，跳过卖出
2026-07-26 03:10:14,438 - INFO - [MARKET SELL] Will the highest temperature in Madrid b | 22.7300 shares @ market
2026-07-26 03:10:15,533 - INFO - [MARKET SELL FILLED] 32872125529566634328 id=0xfea9116a3550beb78d
2026-07-26 03:10:15,834 - INFO - [POSITION] 市价卖出 1 个持仓
2026-07-26 03:10:24,844 - INFO - [SELL CONFIRMED] 未知 | No | size=0.0000 price=0.76
2026-07-26 03:10:38,205 - ERROR - [py_clob_client_v2] request error: Server disconnected
2026-07-26 03:10:38,205 - ERROR - [py_clob_client_v2] request error: Server disconnected
2026-07-26 03:10:38,205 - ERROR - 获取订单簿失败: 10239680989434550785... | PolyApiException[status_code=None, error_message=Request exception!]
2026-07-26 03:10:38,206 - ERROR - 获取订单簿失败: 38243337642566951496... | PolyApiException[status_code=None, error_message=Request exception!]
2026-07-26 03:10:39,201 - WARNING - [RETRY] 1023968098943455 bids不足2档，10s后重试
2026-07-26 03:10:39,201 - WARNING - [RETRY] 3824333764256695 bids不足2档，10s后重试
2026-07-26 03:12:15,067 - WARNING - [POSITION] 1721634031738384 best_bid=0.21 < 成本0.2800-0.05=0.2300，跳过卖出
2026-07-26 03:14:14,939 - WARNING - [POSITION] 1721634031738384 best_bid=0.21 < 成本0.2800-0.05=0.2300，跳过卖出
2026-07-26 03:16:24,254 - WARNING - [POSITION] 1721634031738384 best_bid=0.21 < 成本0.2800-0.05=0.2300，跳过卖出
2026-07-26 03:18:33,766 - WARNING - [POSITION] 1721634031738384 best_bid=0.21 < 成本0.2800-0.05=0.2300，跳过卖出
2026-07-26 03:20:22,408 - INFO - [BUY CONFIRMED] 未知 | No | size=12.9800 price=0.69
2026-07-26 03:20:42,932 - WARNING - [POSITION] 1721634031738384 best_bid=0.21 < 成本0.2800-0.05=0.2300，跳过卖出
2026-07-26 03:20:43,196 - INFO - [MARKET SELL] Will the highest temperature in Qingdao  | 12.9800 shares @ market
2026-07-26 03:20:44,241 - INFO - [MARKET SELL FILLED] 70058747441156319520 id=0x9cef5e5ee5c0520643
2026-07-26 03:20:44,544 - INFO - [POSITION] 市价卖出 1 个持仓
2026-07-26 03:20:51,990 - INFO - [SELL CONFIRMED] 未知 | Yes | size=0.0000 price=0.31
2026-07-26 03:22:43,269 - WARNING - [POSITION] 1721634031738384 best_bid=0.21 < 成本0.2800-0.05=0.2300，跳过卖出
2026-07-26 03:24:52,645 - WARNING - [POSITION] 1721634031738384 best_bid=0.21 < 成本0.2800-0.05=0.2300，跳过卖出
2026-07-26 03:26:24,818 - INFO - [BUY CONFIRMED] 未知 | No | size=10.0000 price=0.7
2026-07-26 03:26:25,916 - INFO - [SELL CONFIRMED] 未知 | Yes | size=15.0000 price=0.3
2026-07-26 03:26:51,824 - INFO - [SELL CONFIRMED] 未知 | Yes | size=5.0000 price=0.3
2026-07-26 03:27:01,821 - WARNING - [POSITION] 1721634031738384 best_bid=0.21 < 成本0.2800-0.05=0.2300，跳过卖出
2026-07-26 03:27:02,082 - INFO - [MARKET SELL] Will the highest temperature in Kuala Lu | 30.0000 shares @ market
2026-07-26 03:27:03,279 - INFO - [MARKET SELL FILLED] 98377551185571911788 id=0x6a4e6b2e7d8d2c5b46
2026-07-26 03:27:03,581 - INFO - [POSITION] 市价卖出 1 个持仓
2026-07-26 03:27:12,832 - INFO - [SELL CONFIRMED] 未知 | Yes | size=0.0000 price=0.3
2026-07-26 03:29:12,505 - WARNING - [POSITION] 1721634031738384 best_bid=0.21 < 成本0.2800-0.05=0.2300，跳过卖出
2026-07-26 03:31:22,634 - WARNING - [POSITION] 1721634031738384 best_bid=0.21 < 成本0.2800-0.05=0.2300，跳过卖出
2026-07-26 03:33:33,103 - WARNING - [POSITION] 1721634031738384 best_bid=0.21 < 成本0.2800-0.05=0.2300，跳过卖出
2026-07-26 03:34:35,458 - ERROR - [py_clob_client_v2] request error: Server disconnected
2026-07-26 03:34:35,458 - ERROR - [py_clob_client_v2] request error: Server disconnected
2026-07-26 03:34:35,459 - ERROR - 获取订单簿失败: 11229337625904642033... | PolyApiException[status_code=None, error_message=Request exception!]
2026-07-26 03:34:35,459 - ERROR - 获取订单簿失败: 23845351898707905237... | PolyApiException[status_code=None, error_message=Request exception!]
2026-07-26 03:34:36,940 - WARNING - [RETRY] 1122933762590464 bids不足2档，10s后重试
2026-07-26 03:34:36,941 - WARNING - [RETRY] 2384535189870790 bids不足2档，10s后重试
2026-07-26 03:35:43,198 - WARNING - [POSITION] 1721634031738384 best_bid=0.21 < 成本0.2800-0.05=0.2300，跳过卖出
2026-07-26 03:37:09,227 - INFO - [BUY CONFIRMED] 未知 | No | size=50.0000 price=0.73
2026-07-26 03:37:52,500 - WARNING - [POSITION] 1721634031738384 best_bid=0.21 < 成本0.2800-0.05=0.2300，跳过卖出
2026-07-26 03:37:52,764 - INFO - [MARKET SELL] Will the highest temperature in Taipei b | 50.0000 shares @ market
2026-07-26 03:37:53,922 - INFO - [MARKET SELL FILLED] 57178268800090085503 id=0x200597f40ae73d1c66
2026-07-26 03:37:54,223 - INFO - [POSITION] 市价卖出 1 个持仓
2026-07-26 03:38:04,264 - INFO - [SELL CONFIRMED] 未知 | Yes | size=0.0000 price=0.26
2026-07-26 03:39:53,647 - WARNING - [POSITION] 1721634031738384 best_bid=0.21 < 成本0.2800-0.05=0.2300，跳过卖出
2026-07-26 03:39:53,784 - INFO - [BUY CONFIRMED] 未知 | No | size=50.0000 price=0.69
2026-07-26 03:39:53,921 - INFO - [MARKET SELL] Will the highest temperature in Singapor | 50.0000 shares @ market
2026-07-26 03:39:55,059 - INFO - [MARKET SELL FILLED] 75621768909393115282 id=0xcc19c90041565d7e4b
2026-07-26 03:39:55,360 - INFO - [POSITION] 市价卖出 1 个持仓
2026-07-26 03:40:04,487 - INFO - [SELL CONFIRMED] 未知 | Yes | size=0.0000 price=0.31
2026-07-26 03:41:53,679 - WARNING - [POSITION] 1721634031738384 best_bid=0.21 < 成本0.2800-0.05=0.2300，跳过卖出
2026-07-26 03:44:03,464 - WARNING - [POSITION] 1721634031738384 best_bid=0.21 < 成本0.2800-0.05=0.2300，跳过卖出
2026-07-26 03:44:45,657 - INFO - [BUY CONFIRMED] 未知 | No | size=50.0000 price=0.75
2026-07-26 03:44:48,802 - INFO - [SELL CONFIRMED] 未知 | Yes | size=8.3000 price=0.25
2026-07-26 03:44:49,240 - INFO - [BUY CONFIRMED] 未知 | No | size=19.5067 price=0.75
2026-07-26 03:46:13,649 - INFO - [MARKET SELL] Will the highest temperature in Milan be | 77.8067 shares @ market
2026-07-26 03:46:14,700 - INFO - [MARKET SELL FILLED] 34680124212144407496 id=0x8abf93106e1cad7f54
2026-07-26 03:46:15,002 - WARNING - [POSITION] 1721634031738384 best_bid=0.21 < 成本0.2800-0.05=0.2300，跳过卖出
2026-07-26 03:46:15,002 - INFO - [POSITION] 市价卖出 1 个持仓
2026-07-26 03:46:20,100 - INFO - [SELL CONFIRMED] 未知 | Yes | size=13.8000 price=0.3
2026-07-26 03:46:21,704 - INFO - [SELL CONFIRMED] 未知 | Yes | size=0.0000 price=0.25
2026-07-26 03:46:21,920 - INFO - [BUY CONFIRMED] 未知 | No | size=6.2000 price=0.7
2026-07-26 03:48:15,460 - WARNING - [POSITION] 1721634031738384 best_bid=0.21 < 成本0.2800-0.05=0.2300，跳过卖出
2026-07-26 03:48:15,702 - INFO - [MARKET SELL] Will the highest temperature in Kuala Lu | 20.0000 shares @ market
2026-07-26 03:48:16,276 - INFO - [MARKET SELL FILLED] 98377551185571911788 id=0x40e6e03dcc79e8d58b
2026-07-26 03:48:16,578 - INFO - [POSITION] 市价卖出 1 个持仓
2026-07-26 03:48:23,990 - INFO - [SELL CONFIRMED] 未知 | Yes | size=0.0000 price=0.3
2026-07-26 03:50:29,497 - WARNING - [POSITION] 1721634031738384 best_bid=0.21 < 成本0.2800-0.05=0.2300，跳过卖出
2026-07-26 03:52:30,962 - WARNING - [POSITION] 1721634031738384 best_bid=0.21 < 成本0.2800-0.05=0.2300，跳过卖出
2026-07-26 03:54:30,926 - WARNING - [POSITION] 1721634031738384 best_bid=0.21 < 成本0.2800-0.05=0.2300，跳过卖出
2026-07-26 03:56:41,928 - WARNING - [POSITION] 1721634031738384 best_bid=0.21 < 成本0.2800-0.05=0.2300，跳过卖出
2026-07-26 03:58:37,080 - INFO - [SELL CONFIRMED] 未知 | Yes | size=7.9000 price=0.38
2026-07-26 03:58:52,122 - WARNING - [POSITION] 1721634031738384 best_bid=0.21 < 成本0.2800-0.05=0.2300，跳过卖出
2026-07-26 03:58:52,123 - WARNING - [POSITION] 5807189845978002 best_bid=0.31 < 成本0.3800-0.05=0.3300，跳过卖出
2026-07-26 03:58:54,129 - ERROR - [py_clob_client_v2] request error: Server disconnected
2026-07-26 03:58:54,129 - ERROR - [py_clob_client_v2] request error: Server disconnected
2026-07-26 03:58:54,130 - ERROR - 获取订单簿失败: 54781632312297414560... | PolyApiException[status_code=None, error_message=Request exception!]
2026-07-26 03:58:54,130 - ERROR - 获取订单簿失败: 57095484705032008756... | PolyApiException[status_code=None, error_message=Request exception!]
2026-07-26 03:58:55,126 - WARNING - [RETRY] 5478163231229741 bids不足2档，10s后重试
2026-07-26 03:58:55,128 - WARNING - [RETRY] 5709548470503200 bids不足2档，10s后重试
2026-07-26 03:59:14,233 - INFO - [BUY CONFIRMED] 未知 | No | size=20.0000 price=0.68
2026-07-26 03:59:14,605 - INFO - [BUY CONFIRMED] 未知 | No | size=30.0000 price=0.67
2026-07-26 04:00:52,527 - WARNING - [POSITION] 5908527933595275 best_bid=0.26 < 成本0.3300-0.05=0.2800，跳过卖出
2026-07-26 04:00:52,528 - WARNING - [POSITION] 1721634031738384 best_bid=0.21 < 成本0.2800-0.05=0.2300，跳过卖出
2026-07-26 04:00:52,529 - WARNING - [POSITION] 5807189845978002 best_bid=0.32 < 成本0.3800-0.05=0.3300，跳过卖出
2026-07-26 04:02:53,122 - WARNING - [POSITION] 5908527933595275 best_bid=0.26 < 成本0.3300-0.05=0.2800，跳过卖出
2026-07-26 04:02:53,123 - WARNING - [POSITION] 1721634031738384 best_bid=0.21 < 成本0.2800-0.05=0.2300，跳过卖出
2026-07-26 04:02:53,123 - WARNING - [POSITION] 5807189845978002 best_bid=0.31 < 成本0.3800-0.05=0.3300，跳过卖出
2026-07-26 04:04:53,141 - WARNING - [POSITION] 5908527933595275 best_bid=0.27 < 成本0.3300-0.05=0.2800，跳过卖出
2026-07-26 04:04:53,141 - WARNING - [POSITION] 1721634031738384 best_bid=0.21 < 成本0.2800-0.05=0.2300，跳过卖出
2026-07-26 04:04:53,141 - WARNING - [POSITION] 5807189845978002 best_bid=0.31 < 成本0.3800-0.05=0.3300，跳过卖出
2026-07-26 04:05:41,536 - INFO - [BUY CONFIRMED] 未知 | Yes | size=2.4390 price=0.41
2026-07-26 04:06:53,996 - WARNING - [POSITION] 5908527933595275 best_bid=0.27 < 成本0.3300-0.05=0.2800，跳过卖出
2026-07-26 04:06:53,996 - WARNING - [POSITION] 1721634031738384 best_bid=0.21 < 成本0.2800-0.05=0.2300，跳过卖出
2026-07-26 04:06:53,997 - WARNING - [POSITION] 5807189845978002 best_bid=0.31 < 成本0.3800-0.05=0.3300，跳过卖出
2026-07-26 04:06:54,277 - INFO - [MARKET SELL] Will the highest temperature in Karachi  | 2.4390 shares @ market
2026-07-26 04:06:55,520 - INFO - [MARKET SELL FILLED] 62989135756466073777 id=0x24897b02a711d1bd27
2026-07-26 04:06:55,821 - INFO - [POSITION] 市价卖出 1 个持仓
2026-07-26 04:07:03,672 - INFO - [SELL CONFIRMED] 未知 | No | size=0.0000 price=0.59
2026-07-26 04:08:56,287 - WARNING - [POSITION] 5908527933595275 best_bid=0.27 < 成本0.3300-0.05=0.2800，跳过卖出
2026-07-26 04:08:56,288 - WARNING - [POSITION] 1721634031738384 best_bid=0.21 < 成本0.2800-0.05=0.2300，跳过卖出
2026-07-26 04:08:56,289 - WARNING - [POSITION] 5807189845978002 best_bid=0.31 < 成本0.3800-0.05=0.3300，跳过卖出
2026-07-26 04:09:43,774 - ERROR - [py_clob_client_v2] request error: Server disconnected
2026-07-26 04:09:43,774 - ERROR - [py_clob_client_v2] request error: Server disconnected
2026-07-26 04:09:43,775 - ERROR - 获取订单簿失败: 45454118055013528065... | PolyApiException[status_code=None, error_message=Request exception!]
2026-07-26 04:09:43,775 - ERROR - 获取订单簿失败: 51070279114578903738... | PolyApiException[status_code=None, error_message=Request exception!]
2026-07-26 04:09:44,770 - WARNING - [RETRY] 4545411805501352 bids不足2档，10s后重试
2026-07-26 04:09:44,772 - WARNING - [RETRY] 5107027911457890 bids不足2档，10s后重试
2026-07-26 04:10:02,396 - INFO - [BUY CONFIRMED] 未知 | Yes | size=2.5641 price=0.39
2026-07-26 04:10:16,350 - INFO - [BUY CONFIRMED] 未知 | Yes | size=4.6857 price=0.35
2026-07-26 04:10:57,587 - WARNING - [POSITION] 5908527933595275 best_bid=0.27 < 成本0.3300-0.05=0.2800，跳过卖出
2026-07-26 04:10:57,588 - WARNING - [POSITION] 1721634031738384 best_bid=0.21 < 成本0.2800-0.05=0.2300，跳过卖出
2026-07-26 04:10:57,588 - WARNING - [POSITION] 5807189845978002 best_bid=0.31 < 成本0.3800-0.05=0.3300，跳过卖出
2026-07-26 04:10:57,864 - INFO - [MARKET SELL] Will the highest temperature in Jeddah b | 4.6857 shares @ market
2026-07-26 04:10:59,162 - INFO - [MARKET SELL FILLED] 76789841039324121669 id=0xd77e0597d7b213ad9a
2026-07-26 04:10:59,766 - INFO - [MARKET SELL] Will the highest temperature in Ankara b | 2.5641 shares @ market
2026-07-26 04:11:00,962 - INFO - [MARKET SELL FILLED] 81730453415910201346 id=0x89ce4bbb3b3730b09a
2026-07-26 04:11:01,266 - INFO - [POSITION] 市价卖出 2 个持仓
2026-07-26 04:11:08,615 - INFO - [SELL CONFIRMED] 未知 | No | size=0.0000 price=0.64
2026-07-26 04:11:09,230 - INFO - [SELL CONFIRMED] 未知 | No | size=0.0000 price=0.61
2026-07-26 04:13:02,229 - WARNING - [POSITION] 5908527933595275 best_bid=0.27 < 成本0.3300-0.05=0.2800，跳过卖出
2026-07-26 04:13:02,230 - WARNING - [POSITION] 1721634031738384 best_bid=0.21 < 成本0.2800-0.05=0.2300，跳过卖出
2026-07-26 04:13:02,230 - WARNING - [POSITION] 5807189845978002 best_bid=0.31 < 成本0.3800-0.05=0.3300，跳过卖出
2026-07-26 04:13:11,240 - ERROR - [py_clob_client_v2] request error: Server disconnected
2026-07-26 04:13:11,241 - ERROR - [py_clob_client_v2] request error: Server disconnected
2026-07-26 04:13:11,241 - ERROR - [py_clob_client_v2] request error: Server disconnected
2026-07-26 04:13:11,241 - ERROR - 获取订单簿失败: 85861815093668692315... | PolyApiException[status_code=None, error_message=Request exception!]
2026-07-26 04:13:11,241 - ERROR - [py_clob_client_v2] request error: Server disconnected
2026-07-26 04:13:11,241 - ERROR - 获取订单簿失败: 53455993005817050780... | PolyApiException[status_code=None, error_message=Request exception!]
2026-07-26 04:13:11,241 - ERROR - 获取订单簿失败: 65690481177596055547... | PolyApiException[status_code=None, error_message=Request exception!]
2026-07-26 04:13:11,242 - ERROR - 获取订单簿失败: 87463191901011759979... | PolyApiException[status_code=None, error_message=Request exception!]
2026-07-26 04:13:13,001 - WARNING - [RETRY] 8586181509366869 bids不足2档，10s后重试
2026-07-26 04:13:13,003 - WARNING - [RETRY] 5345599300581705 bids不足2档，10s后重试
2026-07-26 04:13:13,003 - WARNING - [RETRY] 6569048117759605 bids不足2档，10s后重试
2026-07-26 04:13:13,003 - WARNING - [RETRY] 8746319190101175 bids不足2档，10s后重试
2026-07-26 04:15:02,865 - WARNING - [POSITION] 5908527933595275 best_bid=0.27 < 成本0.3300-0.05=0.2800，跳过卖出
2026-07-26 04:15:02,866 - WARNING - [POSITION] 1721634031738384 best_bid=0.21 < 成本0.2800-0.05=0.2300，跳过卖出
2026-07-26 04:15:02,866 - WARNING - [POSITION] 5807189845978002 best_bid=0.31 < 成本0.3800-0.05=0.3300，跳过卖出
2026-07-26 04:17:03,810 - WARNING - [POSITION] 5908527933595275 best_bid=0.27 < 成本0.3300-0.05=0.2800，跳过卖出
2026-07-26 04:17:03,811 - WARNING - [POSITION] 1721634031738384 best_bid=0.21 < 成本0.2800-0.05=0.2300，跳过卖出
2026-07-26 04:17:03,811 - WARNING - [POSITION] 5807189845978002 best_bid=0.31 < 成本0.3800-0.05=0.3300，跳过卖出
2026-07-26 04:19:05,307 - WARNING - [POSITION] 5908527933595275 best_bid=0.27 < 成本0.3300-0.05=0.2800，跳过卖出
2026-07-26 04:19:05,309 - WARNING - [POSITION] 1721634031738384 best_bid=0.21 < 成本0.2800-0.05=0.2300，跳过卖出
2026-07-26 04:19:05,309 - WARNING - [POSITION] 5807189845978002 best_bid=0.31 < 成本0.3800-0.05=0.3300，跳过卖出
2026-07-26 04:21:06,949 - WARNING - [POSITION] 5908527933595275 best_bid=0.27 < 成本0.3300-0.05=0.2800，跳过卖出
2026-07-26 04:21:06,950 - WARNING - [POSITION] 1721634031738384 best_bid=0.21 < 成本0.2800-0.05=0.2300，跳过卖出
2026-07-26 04:21:06,951 - WARNING - [POSITION] 5807189845978002 best_bid=0.31 < 成本0.3800-0.05=0.3300，跳过卖出
2026-07-26 04:23:08,185 - INFO - [MARKET SELL] Will the highest temperature in London b | 50.0085 shares @ market
2026-07-26 04:23:08,885 - INFO - [MARKET SELL FILLED] 59085279335952758991 id=0xce114c1ebed31e2977
2026-07-26 04:23:09,188 - WARNING - [POSITION] 1721634031738384 best_bid=0.21 < 成本0.2800-0.05=0.2300，跳过卖出
2026-07-26 04:23:09,188 - WARNING - [POSITION] 5807189845978002 best_bid=0.31 < 成本0.3800-0.05=0.3300，跳过卖出
2026-07-26 04:23:09,188 - INFO - [POSITION] 市价卖出 1 个持仓
2026-07-26 04:23:15,899 - INFO - [SELL CONFIRMED] 未知 | Yes | size=0.0000 price=0.27
2026-07-26 04:24:05,361 - INFO - [BUY CONFIRMED] 未知 | Yes | size=5.0000 price=0.41
2026-07-26 04:25:10,048 - WARNING - [POSITION] 1721634031738384 best_bid=0.21 < 成本0.2800-0.05=0.2300，跳过卖出
2026-07-26 04:25:10,049 - WARNING - [POSITION] 5807189845978002 best_bid=0.31 < 成本0.3800-0.05=0.3300，跳过卖出
2026-07-26 04:25:10,310 - INFO - [MARKET SELL] Will the highest temperature in Karachi  | 5.0090 shares @ market
2026-07-26 04:25:10,944 - INFO - [MARKET SELL FILLED] 62989135756466073777 id=0x51b003cfb31e41e1ab
2026-07-26 04:25:11,245 - INFO - [POSITION] 市价卖出 1 个持仓
2026-07-26 04:25:20,360 - INFO - [SELL CONFIRMED] 未知 | No | size=0.0000 price=0.59
2026-07-26 04:26:10,229 - INFO - [SELL CONFIRMED] 未知 | Yes | size=1.6800 price=0.33
2026-07-26 04:27:12,682 - WARNING - [POSITION] 1721634031738384 best_bid=0.21 < 成本0.2800-0.05=0.2300，跳过卖出
2026-07-26 04:27:12,682 - WARNING - [POSITION] 5807189845978002 best_bid=0.31 < 成本0.3800-0.05=0.3300，跳过卖出
2026-07-26 04:27:12,956 - INFO - [MARKET SELL] Will the highest temperature in Panama C | 1.6800 shares @ market
2026-07-26 04:27:14,089 - INFO - [MARKET SELL FILLED] 56285113468570657372 id=0xac005138422b5e6333
2026-07-26 04:27:14,391 - INFO - [POSITION] 市价卖出 1 个持仓
2026-07-26 04:27:22,281 - INFO - [SELL CONFIRMED] 未知 | Yes | size=0.0000 price=0.35
2026-07-26 04:29:10,134 - INFO - [BUY CONFIRMED] 未知 | No | size=14.3125 price=0.79
2026-07-26 04:29:10,137 - INFO - [BUY CONFIRMED] 未知 | No | size=3.9000 price=0.8
2026-07-26 04:29:14,692 - WARNING - [POSITION] 1721634031738384 best_bid=0.21 < 成本0.2800-0.05=0.2300，跳过卖出
2026-07-26 04:29:15,062 - INFO - [MARKET SELL] Will the highest temperature in Chicago  | 18.2125 shares @ market
2026-07-26 04:29:16,208 - INFO - [MARKET SELL FILLED] 12141851907043179397 id=0xe56d7261213fe5cf5b
2026-07-26 04:29:16,509 - WARNING - [POSITION] 5807189845978002 best_bid=0.31 < 成本0.3800-0.05=0.3300，跳过卖出
2026-07-26 04:29:16,510 - INFO - [POSITION] 市价卖出 1 个持仓
2026-07-26 04:29:25,173 - INFO - [SELL CONFIRMED] 未知 | Yes | size=0.0000 price=0.2
2026-07-26 04:29:57,003 - INFO - [BUY CONFIRMED] 未知 | No | size=50.0000 price=0.69
2026-07-26 04:31:17,321 - INFO - [MARKET SELL] Will the highest temperature in Karachi  | 50.0000 shares @ market
2026-07-26 04:31:19,036 - INFO - [MARKET SELL FILLED] 10569321288937397897 id=0xf6a479cf5d81b89559
2026-07-26 04:31:19,337 - WARNING - [POSITION] 1721634031738384 best_bid=0.21 < 成本0.2800-0.05=0.2300，跳过卖出
2026-07-26 04:31:19,337 - WARNING - [POSITION] 5807189845978002 best_bid=0.31 < 成本0.3800-0.05=0.3300，跳过卖出
2026-07-26 04:31:19,337 - INFO - [POSITION] 市价卖出 1 个持仓
2026-07-26 04:31:26,514 - INFO - [SELL CONFIRMED] 未知 | Yes | size=0.0000 price=0.3
2026-07-26 04:33:18,809 - WARNING - [POSITION] 1721634031738384 best_bid=0.21 < 成本0.2800-0.05=0.2300，跳过卖出
2026-07-26 04:33:18,809 - WARNING - [POSITION] 5807189845978002 best_bid=0.31 < 成本0.3800-0.05=0.3300，跳过卖出
2026-07-26 04:35:19,031 - WARNING - [POSITION] 1721634031738384 best_bid=0.21 < 成本0.2800-0.05=0.2300，跳过卖出
2026-07-26 04:35:19,031 - WARNING - [POSITION] 5807189845978002 best_bid=0.31 < 成本0.3800-0.05=0.3300，跳过卖出
2026-07-26 04:37:20,319 - WARNING - [POSITION] 1721634031738384 best_bid=0.21 < 成本0.2800-0.05=0.2300，跳过卖出
2026-07-26 04:37:20,320 - WARNING - [POSITION] 5807189845978002 best_bid=0.31 < 成本0.3800-0.05=0.3300，跳过卖出
2026-07-26 04:38:22,565 - INFO - [SELL CONFIRMED] 未知 | No | size=0.0100 price=0.59
2026-07-26 04:39:20,306 - WARNING - [POSITION] 1721634031738384 best_bid=0.21 < 成本0.2800-0.05=0.2300，跳过卖出
2026-07-26 04:39:20,307 - WARNING - [POSITION] 5807189845978002 best_bid=0.3 < 成本0.3800-0.05=0.3300，跳过卖出
2026-07-26 04:41:20,502 - WARNING - [POSITION] 1721634031738384 best_bid=0.21 < 成本0.2800-0.05=0.2300，跳过卖出
2026-07-26 04:41:20,502 - WARNING - [POSITION] 5807189845978002 best_bid=0.31 < 成本0.3800-0.05=0.3300，跳过卖出
2026-07-26 04:43:21,364 - WARNING - [POSITION] 1721634031738384 best_bid=0.21 < 成本0.2800-0.05=0.2300，跳过卖出
2026-07-26 04:43:21,364 - WARNING - [POSITION] 5807189845978002 best_bid=0.31 < 成本0.3800-0.05=0.3300，跳过卖出
2026-07-26 04:45:21,421 - WARNING - [POSITION] 1721634031738384 best_bid=0.21 < 成本0.2800-0.05=0.2300，跳过卖出
2026-07-26 04:45:21,422 - WARNING - [POSITION] 5807189845978002 best_bid=0.31 < 成本0.3800-0.05=0.3300，跳过卖出
2026-07-26 04:47:23,347 - WARNING - [POSITION] 1721634031738384 best_bid=0.21 < 成本0.2800-0.05=0.2300，跳过卖出
2026-07-26 04:47:23,348 - WARNING - [POSITION] 5807189845978002 best_bid=0.31 < 成本0.3800-0.05=0.3300，跳过卖出
2026-07-26 04:49:25,253 - WARNING - [POSITION] 1721634031738384 best_bid=0.21 < 成本0.2800-0.05=0.2300，跳过卖出
2026-07-26 04:49:25,253 - WARNING - [POSITION] 5807189845978002 best_bid=0.31 < 成本0.3800-0.05=0.3300，跳过卖出
2026-07-26 04:51:36,193 - WARNING - [POSITION] 1721634031738384 best_bid=0.21 < 成本0.2800-0.05=0.2300，跳过卖出
2026-07-26 04:51:36,194 - WARNING - [POSITION] 5807189845978002 best_bid=0.31 < 成本0.3800-0.05=0.3300，跳过卖出
2026-07-26 04:52:13,761 - INFO - [BUY CONFIRMED] 未知 | Yes | size=2.4390 price=0.41
2026-07-26 04:53:35,803 - WARNING - [POSITION] 1721634031738384 best_bid=0.21 < 成本0.2800-0.05=0.2300，跳过卖出
2026-07-26 04:53:35,804 - WARNING - [POSITION] 5807189845978002 best_bid=0.31 < 成本0.3800-0.05=0.3300，跳过卖出
2026-07-26 04:53:36,061 - INFO - [MARKET SELL] Will the highest temperature in Karachi  | 2.4480 shares @ market
2026-07-26 04:53:36,623 - INFO - [MARKET SELL FILLED] 62989135756466073777 id=0x6ed84ae2108b7461f9
2026-07-26 04:53:36,924 - INFO - [POSITION] 市价卖出 1 个持仓
2026-07-26 04:53:46,402 - INFO - [SELL CONFIRMED] 未知 | No | size=0.0000 price=0.59
2026-07-26 04:55:38,101 - WARNING - [POSITION] 1721634031738384 best_bid=0.21 < 成本0.2800-0.05=0.2300，跳过卖出
2026-07-26 04:55:38,102 - WARNING - [POSITION] 5807189845978002 best_bid=0.31 < 成本0.3800-0.05=0.3300，跳过卖出
2026-07-26 04:56:03,373 - INFO - [BUY CONFIRMED] 未知 | Yes | size=2.5641 price=0.39
2026-07-26 04:57:38,655 - WARNING - [POSITION] 1721634031738384 best_bid=0.21 < 成本0.2800-0.05=0.2300，跳过卖出
2026-07-26 04:57:38,655 - WARNING - [POSITION] 5807189845978002 best_bid=0.31 < 成本0.3800-0.05=0.3300，跳过卖出
2026-07-26 04:57:38,911 - INFO - [MARKET SELL] Will the highest temperature in Ankara b | 2.5682 shares @ market
2026-07-26 04:57:39,506 - INFO - [MARKET SELL FILLED] 81730453415910201346 id=0x57bd82492da59e84ab
2026-07-26 04:57:39,807 - INFO - [POSITION] 市价卖出 1 个持仓
2026-07-26 04:57:47,015 - INFO - [SELL CONFIRMED] 未知 | No | size=0.0000 price=0.61
2026-07-26 04:59:40,450 - WARNING - [POSITION] 1721634031738384 best_bid=0.21 < 成本0.2800-0.05=0.2300，跳过卖出
2026-07-26 04:59:40,451 - WARNING - [POSITION] 5807189845978002 best_bid=0.31 < 成本0.3800-0.05=0.3300，跳过卖出
2026-07-26 04:59:44,158 - INFO - [BUY CONFIRMED] 未知 | No | size=37.0200 price=0.69
2026-07-26 05:00:25,067 - INFO - [BUY CONFIRMED] 未知 | Yes | size=30.4000 price=0.5
2026-07-26 05:00:29,858 - INFO - [BUY CONFIRMED] 未知 | No | size=7.6792 price=0.53
2026-07-26 05:00:30,183 - INFO - [BUY CONFIRMED] 未知 | Yes | size=19.6000 price=0.5
2026-07-26 05:00:33,852 - INFO - [BUY CONFIRMED] 未知 | No | size=6.0377 price=0.53
2026-07-26 05:00:43,543 - INFO - [BUY CONFIRMED] 未知 | No | size=20.3774 price=0.53
2026-07-26 05:00:43,781 - INFO - [BUY CONFIRMED] 未知 | No | size=5.8868 price=0.53
2026-07-26 05:00:44,039 - INFO - [BUY CONFIRMED] 未知 | No | size=2.4528 price=0.53
2026-07-26 05:00:44,548 - INFO - [BUY CONFIRMED] 未知 | No | size=7.5500 price=0.53
2026-07-26 05:01:13,705 - ERROR - [py_clob_client_v2] request error: Server disconnected
2026-07-26 05:01:13,705 - ERROR - [py_clob_client_v2] request error: Server disconnected
2026-07-26 05:01:13,705 - ERROR - 获取订单簿失败: 88201974328189693875... | PolyApiException[status_code=None, error_message=Request exception!]
2026-07-26 05:01:13,706 - ERROR - 获取订单簿失败: 16870315452435464934... | PolyApiException[status_code=None, error_message=Request exception!]
2026-07-26 05:01:14,701 - WARNING - [RETRY] 8820197432818969 bids不足2档，10s后重试
2026-07-26 05:01:14,702 - WARNING - [RETRY] 1687031545243546 bids不足2档，10s后重试
2026-07-26 05:01:17,799 - ERROR - [BATCH CANCEL FAIL] 0xdd5e7b56b235e28cda... | order can't be found - already canceled or matched
2026-07-26 05:01:18,316 - ERROR - [BATCH CANCEL] 5478163231229741 取消失败，清空 active_id 进入冷却兜底
2026-07-26 05:01:40,689 - WARNING - [POSITION] 1721634031738384 best_bid=0.21 < 成本0.2800-0.05=0.2300，跳过卖出
2026-07-26 05:01:40,966 - INFO - [MARKET SELL] Will the highest temperature in Istanbul | 50.0000 shares @ market
2026-07-26 05:01:42,115 - INFO - [MARKET SELL FILLED] 54781632312297414560 id=0x753f5e80407db605f7
2026-07-26 05:01:42,702 - INFO - [MARKET SELL] Will the highest temperature in Istanbul | 49.9840 shares @ market
2026-07-26 05:01:43,359 - INFO - [MARKET SELL FILLED] 12781613787054033214 id=0x2678a3c62394f3cf65
2026-07-26 05:01:43,915 - INFO - [MARKET SELL] Will the highest temperature in Qingdao  | 37.0200 shares @ market
2026-07-26 05:01:44,578 - INFO - [MARKET SELL FILLED] 70058747441156319520 id=0x2b4a3799ddced1938e
2026-07-26 05:01:44,878 - WARNING - [POSITION] 5807189845978002 best_bid=0.31 < 成本0.3800-0.05=0.3300，跳过卖出
2026-07-26 05:01:44,879 - INFO - [POSITION] 市价卖出 3 个持仓
2026-07-26 05:01:50,272 - INFO - [SELL CONFIRMED] 未知 | Yes | size=0.0000 price=0.48
2026-07-26 05:01:51,835 - INFO - [SELL CONFIRMED] 未知 | Yes | size=0.0000 price=0.3
2026-07-26 05:01:51,837 - INFO - [SELL CONFIRMED] 未知 | No | size=0.0000 price=0.49
2026-07-26 05:01:51,839 - INFO - [SELL CONFIRMED] 未知 | No | size=48.1100 price=0.49
2026-07-26 05:03:45,762 - WARNING - [POSITION] 1721634031738384 best_bid=0.21 < 成本0.2800-0.05=0.2300，跳过卖出
2026-07-26 05:03:46,017 - INFO - [MARKET SELL] Will the highest temperature in Istanbul | 48.1100 shares @ market
2026-07-26 05:03:46,777 - INFO - [MARKET SELL FILLED] 54781632312297414560 id=0x75090bd0d432fa001c
2026-07-26 05:03:47,081 - WARNING - [POSITION] 5807189845978002 best_bid=0.31 < 成本0.3800-0.05=0.3300，跳过卖出
2026-07-26 05:03:47,081 - INFO - [POSITION] 市价卖出 1 个持仓
2026-07-26 05:03:55,702 - INFO - [SELL CONFIRMED] 未知 | No | size=0.0000 price=0.49
2026-07-26 05:05:47,529 - WARNING - [POSITION] 1721634031738384 best_bid=0.21 < 成本0.2800-0.05=0.2300，跳过卖出
2026-07-26 05:05:47,530 - WARNING - [POSITION] 5807189845978002 best_bid=0.3 < 成本0.3800-0.05=0.3300，跳过卖出
2026-07-26 05:07:08,536 - ERROR - [py_clob_client_v2] request error: Server disconnected
2026-07-26 05:07:08,537 - ERROR - [py_clob_client_v2] request error: Server disconnected
2026-07-26 05:07:08,538 - ERROR - 获取订单簿失败: 23845351898707905237... | PolyApiException[status_code=None, error_message=Request exception!]
2026-07-26 05:07:08,538 - ERROR - 获取订单簿失败: 11565493683356768311... | PolyApiException[status_code=None, error_message=Request exception!]
2026-07-26 05:07:09,533 - WARNING - [RETRY] 2384535189870790 bids不足2档，10s后重试
2026-07-26 05:07:09,533 - WARNING - [RETRY] 1156549368335676 bids不足2档，10s后重试
2026-07-26 05:07:48,325 - WARNING - [POSITION] 1721634031738384 best_bid=0.16 < 成本0.2800-0.05=0.2300，跳过卖出
2026-07-26 05:07:48,325 - WARNING - [POSITION] 5807189845978002 best_bid=0.3 < 成本0.3800-0.05=0.3300，跳过卖出
2026-07-26 05:09:37,113 - ERROR - [py_clob_client_v2] request error: Server disconnected
2026-07-26 05:09:37,114 - ERROR - [py_clob_client_v2] request error: Server disconnected
2026-07-26 05:09:37,114 - ERROR - 获取订单簿失败: 86198315589106954341... | PolyApiException[status_code=None, error_message=Request exception!]
2026-07-26 05:09:37,115 - ERROR - 获取订单簿失败: 50043932796652379679... | PolyApiException[status_code=None, error_message=Request exception!]
2026-07-26 05:09:38,109 - WARNING - [RETRY] 8619831558910695 bids不足2档，10s后重试
2026-07-26 05:09:38,109 - WARNING - [RETRY] 5004393279665237 bids不足2档，10s后重试
2026-07-26 05:09:48,941 - WARNING - [POSITION] 1721634031738384 best_bid=0.16 < 成本0.2800-0.05=0.2300，跳过卖出
2026-07-26 05:09:48,942 - WARNING - [POSITION] 5807189845978002 best_bid=0.3 < 成本0.3800-0.05=0.3300，跳过卖出
2026-07-26 05:10:17,744 - INFO - [BUY CONFIRMED] 未知 | No | size=3.4448 price=0.54
2026-07-26 05:11:59,456 - WARNING - [POSITION] 1721634031738384 best_bid=0.16 < 成本0.2800-0.05=0.2300，跳过卖出
2026-07-26 05:11:59,457 - WARNING - [POSITION] 5807189845978002 best_bid=0.3 < 成本0.3800-0.05=0.3300，跳过卖出
2026-07-26 05:11:59,733 - INFO - [MARKET SELL] Will the highest temperature in Madrid b | 3.4448 shares @ market
2026-07-26 05:12:00,887 - INFO - [MARKET SELL FILLED] 99149618070743708964 id=0x1cc2e08a3f17aaf35a
2026-07-26 05:12:01,188 - INFO - [POSITION] 市价卖出 1 个持仓
2026-07-26 05:12:10,527 - INFO - [SELL CONFIRMED] 未知 | Yes | size=0.0000 price=0.45
2026-07-26 05:14:01,717 - WARNING - [POSITION] 1721634031738384 best_bid=0.16 < 成本0.2800-0.05=0.2300，跳过卖出
2026-07-26 05:14:01,718 - WARNING - [POSITION] 5807189845978002 best_bid=0.3 < 成本0.3800-0.05=0.3300，跳过卖出
2026-07-26 05:14:48,523 - INFO - [BUY CONFIRMED] 未知 | Yes | size=1.6700 price=0.3
2026-07-26 05:16:04,017 - WARNING - [POSITION] 1721634031738384 best_bid=0.16 < 成本0.2800-0.05=0.2300，跳过卖出
2026-07-26 05:16:04,018 - WARNING - [POSITION] 5807189845978002 best_bid=0.3 < 成本0.3800-0.05=0.3300，跳过卖出
2026-07-26 05:16:04,290 - INFO - [MARKET SELL] Will the highest temperature in Ankara b | 1.6700 shares @ market
2026-07-26 05:16:05,703 - INFO - [MARKET SELL FILLED] 10849791903507099884 id=0x373f8f913e59181ebe
2026-07-26 05:16:06,005 - INFO - [POSITION] 市价卖出 1 个持仓
2026-07-26 05:16:12,924 - INFO - [SELL CONFIRMED] 未知 | No | size=0.0000 price=0.7
2026-07-26 05:18:10,470 - WARNING - [POSITION] 1721634031738384 best_bid=0.16 < 成本0.2800-0.05=0.2300，跳过卖出
2026-07-26 05:18:10,470 - WARNING - [POSITION] 5807189845978002 best_bid=0.3 < 成本0.3800-0.05=0.3300，跳过卖出
2026-07-26 05:20:11,080 - WARNING - [POSITION] 1721634031738384 best_bid=0.18 < 成本0.2800-0.05=0.2300，跳过卖出
2026-07-26 05:20:11,080 - WARNING - [POSITION] 5807189845978002 best_bid=0.29 < 成本0.3800-0.05=0.3300，跳过卖出
2026-07-26 05:22:12,308 - WARNING - [POSITION] 1721634031738384 best_bid=0.18 < 成本0.2800-0.05=0.2300，跳过卖出
2026-07-26 05:22:12,309 - WARNING - [POSITION] 5807189845978002 best_bid=0.29 < 成本0.3800-0.05=0.3300，跳过卖出
2026-07-26 05:24:12,450 - WARNING - [POSITION] 1721634031738384 best_bid=0.18 < 成本0.2800-0.05=0.2300，跳过卖出
2026-07-26 05:24:12,450 - WARNING - [POSITION] 5807189845978002 best_bid=0.28 < 成本0.3800-0.05=0.3300，跳过卖出
2026-07-26 05:24:25,864 - INFO - [BUY CONFIRMED] 未知 | Yes | size=50.0000 price=0.17
2026-07-26 05:26:23,712 - WARNING - [POSITION] 1721634031738384 best_bid=0.16 < 成本0.2800-0.05=0.2300，跳过卖出
2026-07-26 05:26:23,991 - INFO - [MARKET SELL] Will the highest temperature in Cape Tow | 50.0000 shares @ market
2026-07-26 05:26:25,251 - INFO - [MARKET SELL FILLED] 53344202857624210114 id=0x66b741ab2c74ecf429
2026-07-26 05:26:25,552 - WARNING - [POSITION] 5807189845978002 best_bid=0.27 < 成本0.3800-0.05=0.3300，跳过卖出
2026-07-26 05:26:25,553 - INFO - [POSITION] 市价卖出 1 个持仓
2026-07-26 05:26:34,001 - INFO - [SELL CONFIRMED] 未知 | No | size=0.0000 price=0.79
2026-07-26 05:28:25,286 - WARNING - [POSITION] 1721634031738384 best_bid=0.16 < 成本0.2800-0.05=0.2300，跳过卖出
2026-07-26 05:28:25,286 - WARNING - [POSITION] 5807189845978002 best_bid=0.26 < 成本0.3800-0.05=0.3300，跳过卖出
2026-07-26 05:30:26,426 - WARNING - [POSITION] 1721634031738384 best_bid=0.18 < 成本0.2800-0.05=0.2300，跳过卖出
2026-07-26 05:30:26,427 - WARNING - [POSITION] 5807189845978002 best_bid=0.26 < 成本0.3800-0.05=0.3300，跳过卖出
2026-07-26 05:32:20,228 - ERROR - [py_clob_client_v2] request error: Server disconnected
2026-07-26 05:32:20,229 - ERROR - [py_clob_client_v2] request error: Server disconnected
2026-07-26 05:32:20,229 - ERROR - 获取订单簿失败: 37108955573596171518... | PolyApiException[status_code=None, error_message=Request exception!]
2026-07-26 05:32:20,229 - ERROR - 获取订单簿失败: 45454118055013528065... | PolyApiException[status_code=None, error_message=Request exception!]
2026-07-26 05:32:21,225 - WARNING - [RETRY] 3710895557359617 bids不足2档，10s后重试
2026-07-26 05:32:21,226 - WARNING - [RETRY] 4545411805501352 bids不足2档，10s后重试
2026-07-26 05:32:27,179 - WARNING - [POSITION] 1721634031738384 best_bid=0.18 < 成本0.2800-0.05=0.2300，跳过卖出
2026-07-26 05:32:27,179 - WARNING - [POSITION] 5807189845978002 best_bid=0.26 < 成本0.3800-0.05=0.3300，跳过卖出
2026-07-26 05:34:27,323 - WARNING - [POSITION] 1721634031738384 best_bid=0.18 < 成本0.2800-0.05=0.2300，跳过卖出
2026-07-26 05:34:27,324 - WARNING - [POSITION] 5807189845978002 best_bid=0.26 < 成本0.3800-0.05=0.3300，跳过卖出
2026-07-26 05:36:27,438 - WARNING - [POSITION] 1721634031738384 best_bid=0.18 < 成本0.2800-0.05=0.2300，跳过卖出
2026-07-26 05:36:27,439 - WARNING - [POSITION] 5807189845978002 best_bid=0.26 < 成本0.3800-0.05=0.3300，跳过卖出
2026-07-26 05:37:19,195 - INFO - [BUY CONFIRMED] 未知 | No | size=7.0200 price=0.65
2026-07-26 05:37:20,297 - INFO - [BUY CONFIRMED] 未知 | Yes | size=2.4390 price=0.41
2026-07-26 05:38:38,275 - WARNING - [POSITION] 1721634031738384 best_bid=0.16 < 成本0.2800-0.05=0.2300，跳过卖出
2026-07-26 05:38:38,276 - WARNING - [POSITION] 5807189845978002 best_bid=0.26 < 成本0.3800-0.05=0.3300，跳过卖出
2026-07-26 05:38:38,559 - INFO - [MARKET SELL] Will the highest temperature in New York | 7.0200 shares @ market
2026-07-26 05:38:39,788 - INFO - [MARKET SELL FILLED] 70822148281244710444 id=0x528c13ba222fe39ba9
2026-07-26 05:38:40,350 - INFO - [MARKET SELL] Will the highest temperature in Karachi  | 2.4471 shares @ market
2026-07-26 05:38:40,947 - INFO - [MARKET SELL FILLED] 62989135756466073777 id=0x7b2719f3aafb947025
2026-07-26 05:38:41,248 - INFO - [POSITION] 市价卖出 2 个持仓
2026-07-26 05:38:48,544 - INFO - [SELL CONFIRMED] 未知 | Yes | size=0.0000 price=0.32
2026-07-26 05:38:49,753 - INFO - [SELL CONFIRMED] 未知 | No | size=0.0000 price=0.59
2026-07-26 05:40:41,085 - WARNING - [POSITION] 1721634031738384 best_bid=0.16 < 成本0.2800-0.05=0.2300，跳过卖出
2026-07-26 05:40:41,086 - WARNING - [POSITION] 5807189845978002 best_bid=0.26 < 成本0.3800-0.05=0.3300，跳过卖出
2026-07-26 05:41:06,063 - INFO - [BUY CONFIRMED] 未知 | Yes | size=2.5641 price=0.39
2026-07-26 05:42:41,836 - WARNING - [POSITION] 1721634031738384 best_bid=0.16 < 成本0.2800-0.05=0.2300，跳过卖出
2026-07-26 05:42:41,837 - WARNING - [POSITION] 5807189845978002 best_bid=0.26 < 成本0.3800-0.05=0.3300，跳过卖出
2026-07-26 05:42:42,111 - INFO - [MARKET SELL] Will the highest temperature in Ankara b | 2.5723 shares @ market
2026-07-26 05:42:42,863 - INFO - [MARKET SELL FILLED] 81730453415910201346 id=0x6b69552ec7724415ed
2026-07-26 05:42:43,163 - INFO - [POSITION] 市价卖出 1 个持仓
2026-07-26 05:42:51,678 - INFO - [SELL CONFIRMED] 未知 | No | size=0.0000 price=0.61
2026-07-26 05:44:43,859 - WARNING - [POSITION] 1721634031738384 best_bid=0.16 < 成本0.2800-0.05=0.2300，跳过卖出
2026-07-26 05:44:43,860 - WARNING - [POSITION] 5807189845978002 best_bid=0.26 < 成本0.3800-0.05=0.3300，跳过卖出
2026-07-26 05:44:55,238 - INFO - [BUY CONFIRMED] 未知 | Yes | size=1.6200 price=0.36
2026-07-26 05:45:04,252 - INFO - [SELL CONFIRMED] 未知 | No | size=10.0000 price=0.53
2026-07-26 05:46:54,553 - WARNING - [POSITION] 1721634031738384 best_bid=0.16 < 成本0.2800-0.05=0.2300，跳过卖出
2026-07-26 05:46:54,835 - INFO - [MARKET SELL] Will the highest temperature in Karachi  | 10.0000 shares @ market
2026-07-26 05:46:56,027 - INFO - [MARKET SELL FILLED] 78597690223476430848 id=0x0750784eb2d4acc2c0
2026-07-26 05:46:56,328 - WARNING - [POSITION] 5807189845978002 best_bid=0.25 < 成本0.3800-0.05=0.3300，跳过卖出
2026-07-26 05:46:56,606 - INFO - [MARKET SELL] Will the highest temperature in Shanghai | 1.6200 shares @ market
2026-07-26 05:46:57,812 - INFO - [MARKET SELL FILLED] 12052539273764098403 id=0xa8c77d2534ca527069
2026-07-26 05:46:58,113 - INFO - [POSITION] 市价卖出 2 个持仓
2026-07-26 05:47:05,158 - INFO - [SELL CONFIRMED] 未知 | No | size=0.0000 price=0.52
2026-07-26 05:47:06,933 - INFO - [SELL CONFIRMED] 未知 | No | size=0.0000 price=0.62
2026-07-26 05:48:59,235 - WARNING - [POSITION] 1721634031738384 best_bid=0.16 < 成本0.2800-0.05=0.2300，跳过卖出
2026-07-26 05:48:59,235 - WARNING - [POSITION] 5807189845978002 best_bid=0.25 < 成本0.3800-0.05=0.3300，跳过卖出
2026-07-26 05:50:59,471 - WARNING - [POSITION] 1721634031738384 best_bid=0.16 < 成本0.2800-0.05=0.2300，跳过卖出
2026-07-26 05:50:59,472 - WARNING - [POSITION] 5807189845978002 best_bid=0.24 < 成本0.3800-0.05=0.3300，跳过卖出
2026-07-26 05:53:00,051 - WARNING - [POSITION] 1721634031738384 best_bid=0.16 < 成本0.2800-0.05=0.2300，跳过卖出
2026-07-26 05:53:00,051 - WARNING - [POSITION] 5807189845978002 best_bid=0.23 < 成本0.3800-0.05=0.3300，跳过卖出
2026-07-26 05:55:10,792 - WARNING - [POSITION] 1721634031738384 best_bid=0.19 < 成本0.2800-0.05=0.2300，跳过卖出
2026-07-26 05:55:10,793 - WARNING - [POSITION] 5807189845978002 best_bid=0.22 < 成本0.3800-0.05=0.3300，跳过卖出
2026-07-26 05:56:45,728 - INFO - [BUY CONFIRMED] 未知 | Yes | size=18.3214 price=0.28
2026-07-26 05:57:21,651 - WARNING - [POSITION] 1721634031738384 best_bid=0.19 < 成本0.2800-0.05=0.2300，跳过卖出
2026-07-26 05:57:21,931 - INFO - [MARKET SELL] Will the highest temperature in Toronto  | 18.3214 shares @ market
2026-07-26 05:57:23,071 - INFO - [MARKET SELL FILLED] 40775205738599321023 id=0x3cc337cf51c3744dcd
2026-07-26 05:57:23,372 - WARNING - [POSITION] 5807189845978002 best_bid=0.22 < 成本0.3800-0.05=0.3300，跳过卖出
2026-07-26 05:57:23,373 - INFO - [POSITION] 市价卖出 1 个持仓
2026-07-26 05:57:32,332 - INFO - [SELL CONFIRMED] 未知 | No | size=0.0000 price=0.72
2026-07-26 05:59:23,829 - WARNING - [POSITION] 1721634031738384 best_bid=0.19 < 成本0.2800-0.05=0.2300，跳过卖出
2026-07-26 05:59:23,830 - WARNING - [POSITION] 5807189845978002 best_bid=0.22 < 成本0.3800-0.05=0.3300，跳过卖出
2026-07-26 06:01:23,047 - WARNING - [POSITION] 1721634031738384 best_bid=0.19 < 成本0.2800-0.05=0.2300，跳过卖出
2026-07-26 06:01:23,048 - WARNING - [POSITION] 5807189845978002 best_bid=0.22 < 成本0.3800-0.05=0.3300，跳过卖出
2026-07-26 06:02:28,084 - ERROR - [BATCH CANCEL FAIL] 0x18f2e4ade452d8c1df... | order can't be found - already canceled or matched
2026-07-26 06:02:28,738 - ERROR - [BATCH CANCEL] 6470697278022110 取消失败，清空 active_id 进入冷却兜底
2026-07-26 06:02:31,386 - INFO - [BUY CONFIRMED] 未知 | Yes | size=50.0000 price=0.51
2026-07-26 06:03:23,892 - WARNING - [POSITION] 1721634031738384 best_bid=0.19 < 成本0.2800-0.05=0.2300，跳过卖出
2026-07-26 06:03:24,167 - INFO - [MARKET SELL] Will the highest temperature in Los Ange | 50.0000 shares @ market
2026-07-26 06:03:25,316 - INFO - [MARKET SELL FILLED] 64706972780221107061 id=0x9818dbbec16970a40f
2026-07-26 06:03:25,619 - WARNING - [POSITION] 5807189845978002 best_bid=0.22 < 成本0.3800-0.05=0.3300，跳过卖出
2026-07-26 06:03:25,620 - INFO - [POSITION] 市价卖出 1 个持仓
2026-07-26 06:03:34,074 - INFO - [SELL CONFIRMED] 未知 | No | size=0.0000 price=0.48
2026-07-26 06:03:40,901 - INFO - [SELL CONFIRMED] 未知 | No | size=2.4700 price=0.41
2026-07-26 06:05:25,276 - WARNING - [POSITION] 1721634031738384 best_bid=0.19 < 成本0.2800-0.05=0.2300，跳过卖出
2026-07-26 06:05:25,528 - INFO - [MARKET SELL] Will the highest temperature in Karachi  | 17.9300 shares @ market
2026-07-26 06:05:25,649 - INFO - [SELL CONFIRMED] 未知 | No | size=17.9300 price=0.52
2026-07-26 06:05:26,103 - INFO - [MARKET SELL FILLED] 78597690223476430848 id=0x841e853c9352a950be
2026-07-26 06:05:26,404 - WARNING - [POSITION] 5807189845978002 best_bid=0.22 < 成本0.3800-0.05=0.3300，跳过卖出
2026-07-26 06:05:26,737 - INFO - [MARKET SELL] Will the highest temperature in Madrid b | 2.4700 shares @ market
2026-07-26 06:05:27,817 - INFO - [MARKET SELL FILLED] 15064756238364318838 id=0xf593f48ba5f620563b
2026-07-26 06:05:28,119 - INFO - [POSITION] 市价卖出 2 个持仓
2026-07-26 06:05:35,503 - INFO - [SELL CONFIRMED] 未知 | No | size=0.0000 price=0.52
2026-07-26 06:05:36,119 - INFO - [SELL CONFIRMED] 未知 | No | size=0.0000 price=0.41
2026-07-26 06:05:37,130 - ERROR - [py_clob_client_v2] request error: Server disconnected
2026-07-26 06:05:37,130 - ERROR - [py_clob_client_v2] request error: Server disconnected
2026-07-26 06:05:37,131 - ERROR - 获取订单簿失败: 15064756238364318838... | PolyApiException[status_code=None, error_message=Request exception!]
2026-07-26 06:05:37,132 - ERROR - 获取订单簿失败: 11053744992947765619... | PolyApiException[status_code=None, error_message=Request exception!]
2026-07-26 06:05:38,606 - WARNING - [RETRY] 1506475623836431 bids不足2档，10s后重试
2026-07-26 06:05:38,606 - WARNING - [RETRY] 1105374499294776 bids不足2档，10s后重试
2026-07-26 06:07:27,847 - WARNING - [POSITION] 1721634031738384 best_bid=0.2 < 成本0.2800-0.05=0.2300，跳过卖出
2026-07-26 06:07:27,848 - WARNING - [POSITION] 5807189845978002 best_bid=0.22 < 成本0.3800-0.05=0.3300，跳过卖出
2026-07-26 06:08:13,176 - INFO - [BUY CONFIRMED] 未知 | Yes | size=50.0000 price=0.47
2026-07-26 06:09:12,633 - ERROR - [py_clob_client_v2] request error: Server disconnected
2026-07-26 06:09:12,634 - ERROR - [py_clob_client_v2] request error: Server disconnected
2026-07-26 06:09:12,635 - ERROR - 获取订单簿失败: 57178268800090085503... | PolyApiException[status_code=None, error_message=Request exception!]
2026-07-26 06:09:12,638 - ERROR - 获取订单簿失败: 95318386005167830347... | PolyApiException[status_code=None, error_message=Request exception!]
2026-07-26 06:09:13,629 - WARNING - [RETRY] 5717826880009008 bids不足2档，10s后重试
2026-07-26 06:09:13,632 - WARNING - [RETRY] 9531838600516783 bids不足2档，10s后重试
2026-07-26 06:09:29,463 - WARNING - [POSITION] 1721634031738384 best_bid=0.2 < 成本0.2800-0.05=0.2300，跳过卖出
2026-07-26 06:09:29,757 - INFO - [MARKET SELL] Will the highest temperature in Austin b | 50.0000 shares @ market
2026-07-26 06:09:30,944 - INFO - [MARKET SELL FILLED] 73076521310397373968 id=0x87ddeb99ead63dbe61
2026-07-26 06:09:31,245 - WARNING - [POSITION] 5807189845978002 best_bid=0.22 < 成本0.3800-0.05=0.3300，跳过卖出
2026-07-26 06:09:31,246 - INFO - [POSITION] 市价卖出 1 个持仓
2026-07-26 06:09:39,482 - INFO - [SELL CONFIRMED] 未知 | No | size=0.0000 price=0.52
2026-07-26 06:11:32,360 - WARNING - [POSITION] 1721634031738384 best_bid=0.2 < 成本0.2800-0.05=0.2300，跳过卖出
2026-07-26 06:11:32,360 - WARNING - [POSITION] 5807189845978002 best_bid=0.22 < 成本0.3800-0.05=0.3300，跳过卖出
2026-07-26 06:13:32,395 - WARNING - [POSITION] 1721634031738384 best_bid=0.2 < 成本0.2800-0.05=0.2300，跳过卖出
2026-07-26 06:13:32,395 - WARNING - [POSITION] 5807189845978002 best_bid=0.22 < 成本0.3800-0.05=0.3300，跳过卖出
2026-07-26 06:15:32,818 - WARNING - [POSITION] 1721634031738384 best_bid=0.19 < 成本0.2800-0.05=0.2300，跳过卖出
2026-07-26 06:15:32,818 - WARNING - [POSITION] 5807189845978002 best_bid=0.22 < 成本0.3800-0.05=0.3300，跳过卖出
2026-07-26 06:17:33,025 - WARNING - [POSITION] 1721634031738384 best_bid=0.19 < 成本0.2800-0.05=0.2300，跳过卖出
2026-07-26 06:17:33,026 - WARNING - [POSITION] 5807189845978002 best_bid=0.22 < 成本0.3800-0.05=0.3300，跳过卖出
2026-07-26 06:19:33,718 - WARNING - [POSITION] 1721634031738384 best_bid=0.19 < 成本0.2800-0.05=0.2300，跳过卖出
2026-07-26 06:19:33,719 - WARNING - [POSITION] 5807189845978002 best_bid=0.22 < 成本0.3800-0.05=0.3300，跳过卖出
2026-07-26 06:21:34,771 - WARNING - [POSITION] 1721634031738384 best_bid=0.19 < 成本0.2800-0.05=0.2300，跳过卖出
2026-07-26 06:21:34,771 - WARNING - [POSITION] 5807189845978002 best_bid=0.18 < 成本0.3800-0.05=0.3300，跳过卖出
2026-07-26 06:23:35,850 - WARNING - [POSITION] 1721634031738384 best_bid=0.19 < 成本0.2800-0.05=0.2300，跳过卖出
2026-07-26 06:23:35,851 - WARNING - [POSITION] 5807189845978002 best_bid=0.18 < 成本0.3800-0.05=0.3300，跳过卖出
2026-07-26 06:25:36,657 - WARNING - [POSITION] 1721634031738384 best_bid=0.19 < 成本0.2800-0.05=0.2300，跳过卖出
2026-07-26 06:25:36,658 - WARNING - [POSITION] 5807189845978002 best_bid=0.18 < 成本0.3800-0.05=0.3300，跳过卖出
2026-07-26 06:26:09,971 - INFO - [BUY CONFIRMED] 未知 | Yes | size=2.4390 price=0.41
2026-07-26 06:27:36,694 - WARNING - [POSITION] 1721634031738384 best_bid=0.19 < 成本0.2800-0.05=0.2300，跳过卖出
2026-07-26 06:27:36,694 - WARNING - [POSITION] 5807189845978002 best_bid=0.16 < 成本0.3800-0.05=0.3300，跳过卖出
2026-07-26 06:27:36,949 - INFO - [MARKET SELL] Will the highest temperature in Karachi  | 2.4461 shares @ market
2026-07-26 06:27:37,645 - INFO - [MARKET SELL FILLED] 62989135756466073777 id=0xf74ec93072b77bb65f
2026-07-26 06:27:37,946 - INFO - [POSITION] 市价卖出 1 个持仓
2026-07-26 06:27:46,947 - INFO - [SELL CONFIRMED] 未知 | No | size=0.0000 price=0.59
2026-07-26 06:28:54,317 - INFO - [BUY CONFIRMED] 未知 | Yes | size=35.2400 price=0.41
2026-07-26 06:29:04,617 - ERROR - [BATCH CANCEL FAIL] 0x055264cf8c593af5e4... | order can't be found - already canceled or matched
2026-07-26 06:29:05,352 - ERROR - [BATCH CANCEL] 6298913575646607 取消失败，清空 active_id 进入冷却兜底
2026-07-26 06:29:08,648 - INFO - [SELL CONFIRMED] 未知 | No | size=10.0000 price=0.58
2026-07-26 06:29:09,031 - INFO - [SELL CONFIRMED] 未知 | No | size=40.0000 price=0.58
2026-07-26 06:29:39,270 - INFO - [MARKET SELL] Will the highest temperature in Karachi  | 85.2461 shares @ market
2026-07-26 06:29:39,921 - INFO - [MARKET SELL FILLED] 62989135756466073777 id=0xb753b9b6182cbae61b
2026-07-26 06:29:40,222 - WARNING - [POSITION] 1721634031738384 best_bid=0.19 < 成本0.2800-0.05=0.2300，跳过卖出
2026-07-26 06:29:40,222 - WARNING - [POSITION] 5807189845978002 best_bid=0.16 < 成本0.3800-0.05=0.3300，跳过卖出
2026-07-26 06:29:40,222 - INFO - [POSITION] 市价卖出 1 个持仓
2026-07-26 06:29:47,822 - INFO - [SELL CONFIRMED] 未知 | No | size=0.0000 price=0.57
2026-07-26 06:29:54,568 - INFO - [BUY CONFIRMED] 未知 | Yes | size=2.5641 price=0.39
2026-07-26 06:30:27,146 - ERROR - [py_clob_client_v2] request error: Server disconnected
2026-07-26 06:30:27,147 - ERROR - [py_clob_client_v2] request error: Server disconnected
2026-07-26 06:30:27,147 - ERROR - 获取订单簿失败: 71276920911263836930... | PolyApiException[status_code=None, error_message=Request exception!]
2026-07-26 06:30:27,147 - ERROR - 获取订单簿失败: 12141851907043179397... | PolyApiException[status_code=None, error_message=Request exception!]
2026-07-26 06:30:28,142 - WARNING - [RETRY] 7127692091126383 bids不足2档，10s后重试
2026-07-26 06:30:28,144 - WARNING - [RETRY] 1214185190704317 bids不足2档，10s后重试
2026-07-26 06:31:39,987 - WARNING - [POSITION] 1721634031738384 best_bid=0.19 < 成本0.2800-0.05=0.2300，跳过卖出
2026-07-26 06:31:39,987 - WARNING - [POSITION] 5807189845978002 best_bid=0.17 < 成本0.3800-0.05=0.3300，跳过卖出
2026-07-26 06:31:40,257 - INFO - [MARKET SELL] Will the highest temperature in Ankara b | 2.5664 shares @ market
2026-07-26 06:31:40,959 - INFO - [MARKET SELL FILLED] 81730453415910201346 id=0x95429f463655b9fc8d
2026-07-26 06:31:41,260 - INFO - [POSITION] 市价卖出 1 个持仓
2026-07-26 06:31:50,290 - INFO - [SELL CONFIRMED] 未知 | No | size=0.0000 price=0.61
2026-07-26 06:33:41,489 - WARNING - [POSITION] 1721634031738384 best_bid=0.19 < 成本0.2800-0.05=0.2300，跳过卖出
2026-07-26 06:33:41,490 - WARNING - [POSITION] 5807189845978002 best_bid=0.16 < 成本0.3800-0.05=0.3300，跳过卖出
2026-07-26 06:35:52,795 - WARNING - [POSITION] 1721634031738384 best_bid=0.2 < 成本0.2800-0.05=0.2300，跳过卖出
2026-07-26 06:35:52,796 - WARNING - [POSITION] 5807189845978002 best_bid=0.16 < 成本0.3800-0.05=0.3300，跳过卖出
2026-07-26 06:37:52,949 - WARNING - [POSITION] 1721634031738384 best_bid=0.2 < 成本0.2800-0.05=0.2300，跳过卖出
2026-07-26 06:37:52,949 - WARNING - [POSITION] 5807189845978002 best_bid=0.16 < 成本0.3800-0.05=0.3300，跳过卖出
2026-07-26 06:39:48,710 - INFO - [SELL CONFIRMED] 未知 | Yes | size=5.0500 price=0.31
2026-07-26 06:39:49,490 - INFO - [BUY CONFIRMED] 未知 | No | size=5.0000 price=0.7
2026-07-26 06:39:51,911 - WARNING - [AUDIT] 9239435292221461 订单丢失纠偏
2026-07-26 06:39:51,911 - WARNING - [AUDIT] 3995684955888039 订单丢失纠偏
2026-07-26 06:39:52,955 - WARNING - [POSITION] 1721634031738384 best_bid=0.2 < 成本0.2800-0.05=0.2300，跳过卖出
2026-07-26 06:39:53,234 - INFO - [MARKET SELL] Will the highest temperature in Hong Kon | 10.0500 shares @ market
2026-07-26 06:39:54,394 - INFO - [MARKET SELL FILLED] 41825121706094852220 id=0x74a76b7bd69ce0970e
2026-07-26 06:39:54,696 - WARNING - [POSITION] 5807189845978002 best_bid=0.16 < 成本0.3800-0.05=0.3300，跳过卖出
2026-07-26 06:39:54,696 - INFO - [POSITION] 市价卖出 1 个持仓
2026-07-26 06:40:03,809 - INFO - [SELL CONFIRMED] 未知 | Yes | size=0.0000 price=0.3
2026-07-26 06:41:54,969 - WARNING - [POSITION] 1721634031738384 best_bid=0.2 < 成本0.2800-0.05=0.2300，跳过卖出
2026-07-26 06:41:54,970 - WARNING - [POSITION] 5807189845978002 best_bid=0.16 < 成本0.3800-0.05=0.3300，跳过卖出
2026-07-26 06:43:57,062 - WARNING - [POSITION] 1721634031738384 best_bid=0.2 < 成本0.2800-0.05=0.2300，跳过卖出
2026-07-26 06:43:57,063 - WARNING - [POSITION] 5807189845978002 best_bid=0.16 < 成本0.3800-0.05=0.3300，跳过卖出
2026-07-26 06:45:57,315 - WARNING - [POSITION] 1721634031738384 best_bid=0.2 < 成本0.2800-0.05=0.2300，跳过卖出
2026-07-26 06:45:57,315 - WARNING - [POSITION] 5807189845978002 best_bid=0.16 < 成本0.3800-0.05=0.3300，跳过卖出
2026-07-26 06:47:11,333 - INFO - [BUY CONFIRMED] 未知 | Yes | size=50.0000 price=0.29
2026-07-26 06:47:13,929 - ERROR - [BATCH CANCEL FAIL] 0xc7e9d7b5c3f49fbaf9... | order can't be found - already canceled or matched
2026-07-26 06:47:14,367 - ERROR - [BATCH CANCEL] 9881312425800713 取消失败，清空 active_id 进入冷却兜底
2026-07-26 06:47:58,118 - WARNING - [POSITION] 1721634031738384 best_bid=0.2 < 成本0.2800-0.05=0.2300，跳过卖出
2026-07-26 06:47:58,405 - INFO - [MARKET SELL] Will the highest temperature in Hong Kon | 50.0000 shares @ market
2026-07-26 06:47:58,953 - INFO - [MARKET SELL FILLED] 98813124258007134778 id=0xfc77fe75e4fb5dc48d
2026-07-26 06:47:59,254 - WARNING - [POSITION] 5807189845978002 best_bid=0.16 < 成本0.3800-0.05=0.3300，跳过卖出
2026-07-26 06:47:59,254 - INFO - [POSITION] 市价卖出 1 个持仓
2026-07-26 06:48:07,045 - INFO - [SELL CONFIRMED] 未知 | No | size=0.0000 price=0.65
2026-07-26 06:50:00,447 - WARNING - [POSITION] 1721634031738384 best_bid=0.2 < 成本0.2800-0.05=0.2300，跳过卖出
2026-07-26 06:50:00,447 - WARNING - [POSITION] 5807189845978002 best_bid=0.16 < 成本0.3800-0.05=0.3300，跳过卖出
2026-07-26 06:52:00,500 - WARNING - [POSITION] 1721634031738384 best_bid=0.2 < 成本0.2800-0.05=0.2300，跳过卖出
2026-07-26 06:52:00,500 - WARNING - [POSITION] 5807189845978002 best_bid=0.16 < 成本0.3800-0.05=0.3300，跳过卖出
2026-07-26 06:53:05,469 - ERROR - [BATCH CANCEL FAIL] 0x80b9f59126d9972719... | order can't be found - already canceled or matched
2026-07-26 06:53:06,202 - ERROR - [BATCH CANCEL] 9356245449424102 取消失败，清空 active_id 进入冷却兜底
2026-07-26 06:53:10,757 - INFO - [BUY CONFIRMED] 未知 | Yes | size=50.0000 price=0.22
2026-07-26 06:54:00,982 - WARNING - [POSITION] 1721634031738384 best_bid=0.21 < 成本0.2800-0.05=0.2300，跳过卖出
2026-07-26 06:54:01,251 - INFO - [MARKET SELL] Will the highest temperature in Moscow b | 50.0000 shares @ market
2026-07-26 06:54:02,399 - INFO - [MARKET SELL FILLED] 93562454494241020819 id=0x87f807d0f8498fa015
2026-07-26 06:54:02,700 - WARNING - [POSITION] 5807189845978002 best_bid=0.16 < 成本0.3800-0.05=0.3300，跳过卖出
2026-07-26 06:54:02,700 - INFO - [POSITION] 市价卖出 1 个持仓
2026-07-26 06:54:11,175 - INFO - [SELL CONFIRMED] 未知 | No | size=0.0000 price=0.76
2026-07-26 06:56:02,886 - WARNING - [POSITION] 1721634031738384 best_bid=0.2 < 成本0.2800-0.05=0.2300，跳过卖出
2026-07-26 06:56:02,886 - WARNING - [POSITION] 5807189845978002 best_bid=0.16 < 成本0.3800-0.05=0.3300，跳过卖出
2026-07-26 06:58:13,488 - WARNING - [POSITION] 1721634031738384 best_bid=0.2 < 成本0.2800-0.05=0.2300，跳过卖出
2026-07-26 06:58:13,489 - WARNING - [POSITION] 5807189845978002 best_bid=0.16 < 成本0.3800-0.05=0.3300，跳过卖出
2026-07-26 07:00:13,558 - WARNING - [POSITION] 1721634031738384 best_bid=0.2 < 成本0.2800-0.05=0.2300，跳过卖出
2026-07-26 07:00:13,558 - WARNING - [POSITION] 5807189845978002 best_bid=0.16 < 成本0.3800-0.05=0.3300，跳过卖出
2026-07-26 07:02:14,296 - WARNING - [POSITION] 1721634031738384 best_bid=0.21 < 成本0.2800-0.05=0.2300，跳过卖出
2026-07-26 07:02:14,296 - WARNING - [POSITION] 5807189845978002 best_bid=0.16 < 成本0.3800-0.05=0.3300，跳过卖出
2026-07-26 07:04:24,396 - WARNING - [POSITION] 1721634031738384 best_bid=0.21 < 成本0.2800-0.05=0.2300，跳过卖出
2026-07-26 07:04:24,397 - WARNING - [POSITION] 5807189845978002 best_bid=0.16 < 成本0.3800-0.05=0.3300，跳过卖出
2026-07-26 07:06:25,628 - WARNING - [POSITION] 1721634031738384 best_bid=0.21 < 成本0.2800-0.05=0.2300，跳过卖出
2026-07-26 07:06:25,628 - WARNING - [POSITION] 5807189845978002 best_bid=0.16 < 成本0.3800-0.05=0.3300，跳过卖出
2026-07-26 07:08:13,831 - ERROR - [BATCH CANCEL FAIL] 0xd09f3938db25e0e95f... | order can't be found - already canceled or matched
2026-07-26 07:08:14,486 - ERROR - [BATCH CANCEL] 3824333764256695 取消失败，清空 active_id 进入冷却兜底
2026-07-26 07:08:14,806 - INFO - [BUY CONFIRMED] 未知 | Yes | size=50.0000 price=0.32
2026-07-26 07:08:26,109 - INFO - [MARKET SELL] Will the highest temperature in Wellingt | 50.0003 shares @ market
2026-07-26 07:08:26,717 - INFO - [MARKET SELL FILLED] 38243337642566951496 id=0x31941793a853f3e17b
2026-07-26 07:08:27,018 - WARNING - [POSITION] 1721634031738384 best_bid=0.21 < 成本0.2800-0.05=0.2300，跳过卖出
2026-07-26 07:08:27,018 - WARNING - [POSITION] 5807189845978002 best_bid=0.16 < 成本0.3800-0.05=0.3300，跳过卖出
2026-07-26 07:08:27,019 - INFO - [POSITION] 市价卖出 1 个持仓
2026-07-26 07:08:36,827 - INFO - [SELL CONFIRMED] 未知 | No | size=0.0000 price=0.68
2026-07-26 07:10:27,050 - WARNING - [POSITION] 1721634031738384 best_bid=0.2 < 成本0.2800-0.05=0.2300，跳过卖出
2026-07-26 07:10:27,050 - WARNING - [POSITION] 5807189845978002 best_bid=0.16 < 成本0.3800-0.05=0.3300，跳过卖出
2026-07-26 07:12:37,255 - WARNING - [POSITION] 1721634031738384 best_bid=0.21 < 成本0.2800-0.05=0.2300，跳过卖出
2026-07-26 07:12:37,255 - WARNING - [POSITION] 5807189845978002 best_bid=0.16 < 成本0.3800-0.05=0.3300，跳过卖出
2026-07-26 07:14:48,100 - WARNING - [POSITION] 1721634031738384 best_bid=0.21 < 成本0.2800-0.05=0.2300，跳过卖出
2026-07-26 07:14:48,100 - WARNING - [POSITION] 5807189845978002 best_bid=0.16 < 成本0.3800-0.05=0.3300，跳过卖出
2026-07-26 07:16:58,190 - WARNING - [POSITION] 1721634031738384 best_bid=0.2 < 成本0.2800-0.05=0.2300，跳过卖出
2026-07-26 07:16:58,190 - WARNING - [POSITION] 5807189845978002 best_bid=0.17 < 成本0.3800-0.05=0.3300，跳过卖出
2026-07-26 07:17:43,261 - INFO - 收到停止信号，优雅退出...
2026-07-26 07:17:43,753 - INFO - 开始优雅关闭...
2026-07-26 07:17:44,032 - INFO - [CANCEL ALL] 155 已取消 | 系统关闭
2026-07-26 07:17:44,034 - WARNING - [USER WS] close code=None reason=None
2026-07-26 07:17:49,990 - INFO - [HEARTBEAT] 已停止
2026-07-26 07:17:49,990 - INFO - ============================================================
系统已停止
============================================================
